{"sectionId":102,"sectionIdLiteral":"102","humanId":"chap-6-sect-5","volumeId":"text","locale":"en","titleInfo":{"title":"The Lessons of the Holy Spirit","inlineNumber":"V."},"annotation":"T-6.V","bodyHtml":"<div class=\"acim-text chap-6-sect-5\"> <div data-paragraph-id=\"102#1\"><p class=\"p-normal\"><span class=\"pnr\">1.</span> <span data-sentence-id=\"102#1:1\"><span class=\"snr noprint\">1</span>Like any good teacher, the Holy Spirit knows more than you do now, but He teaches only to make you equal with Him.</span> <span data-sentence-id=\"102#1:2\"><span class=\"snr\">2</span>You had already taught yourself wrongly, having believed what was not true.</span> <span data-sentence-id=\"102#1:3\"><span class=\"snr\">3</span>You did not believe in your own perfection.</span> <span data-sentence-id=\"102#1:4\"><span class=\"snr\">4</span>Would God teach you that you had made a split mind, when He knows your mind only as whole?</span> <span data-sentence-id=\"102#1:5\"><span class=\"snr\">5</span>What God does know is that His communication channels are not open to Him, so that He cannot impart His joy and know that His children are wholly joyous.</span> <span data-sentence-id=\"102#1:6\"><span class=\"snr\">6</span>Giving His joy is an ongoing process, not in time but in eternity.</span> <span data-sentence-id=\"102#1:7\"><span class=\"snr\">7</span>God’s extending outward, though not His completeness, is blocked when the Sonship does not communicate with Him as one.</span> <span data-sentence-id=\"102#1:8\"><span class=\"snr\">8</span>So He thought, “My children sleep and must be awakened.”</span></p></div> <div data-paragraph-id=\"102#2\"><p class=\"p-normal\"><span class=\"pnr\">2.</span> <span data-sentence-id=\"102#2:1\"><span class=\"snr noprint\">1</span>How can you wake children in a more kindly way than by a gentle Voice that will not frighten them, but will merely remind them that the night is over and the light has come?</span> <span data-sentence-id=\"102#2:2\"><span class=\"snr\">2</span>You do not inform them that the nightmares that frightened them so badly are not real, because children believe in magic.</span> <span data-sentence-id=\"102#2:3\"><span class=\"snr\">3</span>You merely reassure them that they are safe <i>now.</i></span> <span data-sentence-id=\"102#2:4\"><span class=\"snr\">4</span>Then you train them to recognize the difference between sleeping and waking, so they will understand they need not be afraid of dreams.</span> <span data-sentence-id=\"102#2:5\"><span class=\"snr\">5</span>And so when bad dreams come, they will themselves call on the light to dispel them.</span></p></div> <div data-paragraph-id=\"102#3\"><p class=\"p-normal\"><span class=\"pnr\">3.</span> <span data-sentence-id=\"102#3:1\"><span class=\"snr noprint\">1</span>A wise teacher teaches through approach, not avoidance.</span> <span data-sentence-id=\"102#3:2\"><span class=\"snr\">2</span>He does not emphasize what you must avoid to escape from harm, but what you need to learn to have joy.</span> <span data-sentence-id=\"102#3:3\"><span class=\"snr\">3</span>Consider the fear and confusion a child would experience if he were told, “Do not do this because it will hurt you and make you unsafe; but if you do that instead, you will escape from harm and be safe, and then you will not be afraid.”</span> <span data-sentence-id=\"102#3:4\"><span class=\"snr\">4</span>It is surely better to use only three words: “Do only that!”</span> <span data-sentence-id=\"102#3:5\"><span class=\"snr\">5</span>This simple statement is perfectly clear, easily understood and very easily remembered.</span></p></div> <div data-paragraph-id=\"102#4\"><p class=\"p-normal\"><span class=\"pnr\">4.</span> <span data-sentence-id=\"102#4:1\"><span class=\"snr noprint\">1</span>The Holy Spirit never itemizes errors because He does not frighten children, and those who lack wisdom <i>are</i> children.</span> <span data-sentence-id=\"102#4:2\"><span class=\"snr\">2</span>Yet He always answers their call, and His dependability makes them more certain.</span> <span data-sentence-id=\"102#4:3\"><span class=\"snr\">3</span>Children <i>do</i> confuse fantasy and reality, and they are frightened because they do not recognize the difference.</span> <span data-sentence-id=\"102#4:4\"><span class=\"snr\">4</span>The Holy Spirit makes no distinction among dreams.</span> <span data-sentence-id=\"102#4:5\"><span class=\"snr\">5</span>He merely shines them away.</span> <span data-sentence-id=\"102#4:6\"><span class=\"snr\">6</span>His light is always the Call to awaken, whatever you have been dreaming.</span> <span data-sentence-id=\"102#4:7\"><span class=\"snr\">7</span>Nothing lasting lies in dreams, and the Holy Spirit, shining with the light from God Himself, speaks only for what lasts forever.</span></p></div> </div>","firstWords":"Like any good teacher, the Holy Spirit knows more than you do now, but He teaches only to make you equal with Him. You had already taught yourself wrongly, having believed what was not true. You did","contentType":"acim-content","seoTitle":"Chapter 6.V: The Lessons of the Holy Spirit | ACIM","seoDescription":"✨ A Course in Miracles, read the complete Chapter 6.V “The Lessons of the Holy Spirit”: Like any good teacher, the Holy Spirit knows more than you do now, but He teaches only to make you…","desktopBreadcrumbs":[{"label":"Text","leadsTo":{"locale":"en","sectionId":51,"slugs":["text","introduction"],"forceToc":true}},{"label":"Chapter 6: The Lessons of Love","leadsTo":{"locale":"en","sectionId":97,"slugs":["chapter-6","introduction"],"forceToc":true}},{"label":"V. The Lessons of the Holy Spirit","leadsTo":{"locale":"en","sectionId":102,"slugs":["chapter-6","the-lessons-of-the-holy-spirit"]}}],"mobileBreadcrumbs":[{"label":"Text","leadsTo":{"locale":"en","sectionId":51,"slugs":["text","introduction"],"forceToc":true}},{"label":"Chapter 6: The Lessons of Love","leadsTo":{"locale":"en","sectionId":97,"slugs":["chapter-6","introduction"],"forceToc":true}},{"label":"V. The Lessons of the Holy Spirit","leadsTo":{"locale":"en","sectionId":102,"slugs":["chapter-6","the-lessons-of-the-holy-spirit"]}}],"seoBreadcrumbs":[{"label":"A Course in Miracles","leadsTo":"dashboard"},{"label":"Text","leadsTo":{"locale":"en","sectionId":51,"slugs":["text","introduction"],"forceToc":true}},{"label":"Chapter 6","leadsTo":{"locale":"en","sectionId":97,"slugs":["chapter-6","introduction"],"forceToc":true}},{"label":"V. The Lessons of the Holy Spirit","leadsTo":{"locale":"en","sectionId":102,"slugs":["chapter-6","the-lessons-of-the-holy-spirit"]}}],"slugs":["chapter-6","the-lessons-of-the-holy-spirit"],"canonicalLink":"https://acim.org/acim/chapter-6/the-lessons-of-the-holy-spirit/en/s/102","link":"https://acim.org/acim/chapter-6/the-lessons-of-the-holy-spirit/en/s/102","shortLink":"https://acim.org/acim/en/s/102","previousSectionId":101,"previousSectionSlugs":["chapter-6","the-only-answer"],"previousSectionLink":"https://acim.org/acim/chapter-6/the-only-answer/en/s/101","nextSectionId":103,"nextSectionSlugs":["chapter-6","to-have-give-all-to-all"],"nextSectionLink":"https://acim.org/acim/chapter-6/to-have-give-all-to-all/en/s/103","hreflangLinks":[{"hrefLang":"en","link":"https://acim.org/acim/en/s/102"}]}