{"sectionId":138,"sectionIdLiteral":"138","humanId":"chap-10-intro","volumeId":"text","locale":"en","titleInfo":{"chapterTitle":{"ownlineNumber":"Chapter 10","title":"The Idols of Sickness"},"title":"Introduction"},"annotation":"T-10.in","bodyHtml":"<div class=\"acim-text chap-10-intro\"> <div data-paragraph-id=\"138#1\"><p class=\"p-normal\"><span class=\"pnr\">1.</span> <span data-sentence-id=\"138#1:1\"><span class=\"snr noprint\">1</span>Nothing beyond yourself can make you fearful or loving, because nothing <i>is</i> beyond you.</span> <span data-sentence-id=\"138#1:2\"><span class=\"snr\">2</span>Time and eternity are both in your mind, and will conflict until you perceive time solely as a means to regain eternity.</span> <span data-sentence-id=\"138#1:3\"><span class=\"snr\">3</span>You cannot do this as long as you believe that anything happening to you is caused by factors outside yourself.</span> <span data-sentence-id=\"138#1:4\"><span class=\"snr\">4</span>You must learn that time is solely at your disposal, and that nothing in the world can take this responsibility from you.</span> <span data-sentence-id=\"138#1:5\"><span class=\"snr\">5</span>You can violate God’s laws in your imagination, but you cannot escape from them.</span> <span data-sentence-id=\"138#1:6\"><span class=\"snr\">6</span>They were established for your protection and are as inviolate as your safety.</span></p></div> <div data-paragraph-id=\"138#2\"><p class=\"p-normal\"><span class=\"pnr\">2.</span> <span data-sentence-id=\"138#2:1\"><span class=\"snr noprint\">1</span>God created nothing beside you and nothing beside you exists, for you are part of Him.</span> <span data-sentence-id=\"138#2:2\"><span class=\"snr\">2</span>What except Him can exist?</span> <span data-sentence-id=\"138#2:3\"><span class=\"snr\">3</span>Nothing beyond Him can happen, because nothing except Him is real.</span> <span data-sentence-id=\"138#2:4\"><span class=\"snr\">4</span>Your creations add to Him as you do, but nothing is added that is different because everything has always been.</span> <span data-sentence-id=\"138#2:5\"><span class=\"snr\">5</span>What can upset you except the ephemeral, and how can the ephemeral be real if you are God’s only creation and He created you eternal?</span> <span data-sentence-id=\"138#2:6\"><span class=\"snr\">6</span>Your holy mind establishes everything that happens to you.</span> <span data-sentence-id=\"138#2:7\"><span class=\"snr\">7</span>Every response you make to everything you perceive is up to you, because your mind determines your perception of it.</span></p></div> <div data-paragraph-id=\"138#3\"><p class=\"p-normal\"><span class=\"pnr\">3.</span> <span data-sentence-id=\"138#3:1\"><span class=\"snr noprint\">1</span>God does not change His Mind about you, for He is not uncertain of Himself.</span> <span data-sentence-id=\"138#3:2\"><span class=\"snr\">2</span>And what He knows can be known, because He does not know it only for Himself.</span> <span data-sentence-id=\"138#3:3\"><span class=\"snr\">3</span>He created you for Himself, but He gave you the power to create for yourself so you would be like Him.</span> <span data-sentence-id=\"138#3:4\"><span class=\"snr\">4</span>That is why your mind is holy.</span> <span data-sentence-id=\"138#3:5\"><span class=\"snr\">5</span>Can anything exceed the Love of God?</span> <span data-sentence-id=\"138#3:6\"><span class=\"snr\">6</span>Can anything, then, exceed your will?</span> <span data-sentence-id=\"138#3:7\"><span class=\"snr\">7</span>Nothing can reach you from beyond it because, being in God, you encompass everything.</span> <span data-sentence-id=\"138#3:8\"><span class=\"snr\">8</span>Believe this, and you will realize how much is up to you.</span> <span data-sentence-id=\"138#3:9\"><span class=\"snr\">9</span>When anything threatens your peace of mind, ask yourself, “Has God changed His Mind about me?”</span> <span data-sentence-id=\"138#3:10\"><span class=\"snr\">10</span>Then accept His decision, for it is indeed changeless, and refuse to change your mind about yourself.</span> <span data-sentence-id=\"138#3:11\"><span class=\"snr\">11</span>God will never decide against you, or He would be deciding against Himself.</span></p></div> </div>","firstWords":"Nothing beyond yourself can make you fearful or loving, because nothing is beyond you. Time and eternity are both in your mind, and will conflict until you perceive time solely as a means to regain","contentType":"acim-content","seoTitle":"Chapter 10.in: The Idols of Sickness:… | ACIM","seoDescription":"✨ A Course in Miracles, read the complete Chapter 10.in “The Idols of Sickness: Introduction”: Nothing beyond yourself can make you fearful or loving, because nothing is beyond you. Time…","desktopBreadcrumbs":[{"label":"Text","leadsTo":{"locale":"en","sectionId":51,"slugs":["text","introduction"],"forceToc":true}},{"label":"Chapter 10: The Idols of Sickness","leadsTo":{"locale":"en","sectionId":138,"slugs":["chapter-10","introduction"],"forceToc":true}},{"label":"Introduction","leadsTo":{"locale":"en","sectionId":138,"slugs":["chapter-10","introduction"]}}],"mobileBreadcrumbs":[{"label":"Text","leadsTo":{"locale":"en","sectionId":51,"slugs":["text","introduction"],"forceToc":true}},{"label":"Chapter 10: The Idols of Sickness","leadsTo":{"locale":"en","sectionId":138,"slugs":["chapter-10","introduction"],"forceToc":true}},{"label":"Introduction","leadsTo":{"locale":"en","sectionId":138,"slugs":["chapter-10","introduction"]}}],"seoBreadcrumbs":[{"label":"A Course in Miracles","leadsTo":"dashboard"},{"label":"Text","leadsTo":{"locale":"en","sectionId":51,"slugs":["text","introduction"],"forceToc":true}},{"label":"Chapter 10","leadsTo":{"locale":"en","sectionId":138,"slugs":["chapter-10","introduction"],"forceToc":true}},{"label":"Introduction","leadsTo":{"locale":"en","sectionId":138,"slugs":["chapter-10","introduction"]}}],"slugs":["chapter-10","introduction"],"canonicalLink":"https://acim.org/acim/chapter-10/introduction/en/s/138","link":"https://acim.org/acim/chapter-10/introduction/en/s/138","shortLink":"https://acim.org/acim/en/s/138","previousSectionId":136,"previousSectionSlugs":["chapter-9","grandeur-versus-grandiosity"],"previousSectionLink":"https://acim.org/acim/chapter-9/grandeur-versus-grandiosity/en/s/136","nextSectionId":139,"nextSectionSlugs":["chapter-10","at-home-in-god"],"nextSectionLink":"https://acim.org/acim/chapter-10/at-home-in-god/en/s/139","hreflangLinks":[{"hrefLang":"en","link":"https://acim.org/acim/en/s/138"}]}