{"sectionId":139,"sectionIdLiteral":"139","humanId":"chap-10-sect-1","volumeId":"text","locale":"en","titleInfo":{"title":"At Home in God","inlineNumber":"I."},"annotation":"T-10.I","bodyHtml":"<div class=\"acim-text chap-10-sect-1\"> <div data-paragraph-id=\"139#1\"><p class=\"p-normal\"><span class=\"pnr\">1.</span> <span data-sentence-id=\"139#1:1\"><span class=\"snr noprint\">1</span>You do not know your creations simply because you would decide against them as long as your mind is split, and to attack what you have created is impossible.</span> <span data-sentence-id=\"139#1:2\"><span class=\"snr\">2</span>But remember that <i>it is as impossible for God.</i></span> <span data-sentence-id=\"139#1:3\"><span class=\"snr\">3</span>The law of creation is that you love your creations as yourself, because they are part of you.</span> <span data-sentence-id=\"139#1:4\"><span class=\"snr\">4</span>Everything that was created is therefore perfectly safe, because the laws of God protect it by His Love.</span> <span data-sentence-id=\"139#1:5\"><span class=\"snr\">5</span>Any part of your mind that does not know this has banished itself from knowledge, because it has not met its conditions.</span> <span data-sentence-id=\"139#1:6\"><span class=\"snr\">6</span>Who could have done this but you?</span> <span data-sentence-id=\"139#1:7\"><span class=\"snr\">7</span>Recognize this gladly, for in this recognition lies the realization that your banishment is not of God, and therefore does not exist.</span></p></div> <div data-paragraph-id=\"139#2\"><p class=\"p-normal\"><span class=\"pnr\">2.</span> <span data-sentence-id=\"139#2:1\"><span class=\"snr noprint\">1</span>You are at home in God, dreaming of exile but perfectly capable of awakening to reality.</span> <span data-sentence-id=\"139#2:2\"><span class=\"snr\">2</span>Is it your decision to do so?</span> <span data-sentence-id=\"139#2:3\"><span class=\"snr\">3</span>You recognize from your own experience that what you see in dreams you think is real while you are asleep.</span> <span data-sentence-id=\"139#2:4\"><span class=\"snr\">4</span>Yet the instant you waken you realize that everything that seemed to happen in the dream did not happen at all.</span> <span data-sentence-id=\"139#2:5\"><span class=\"snr\">5</span>You do not think this strange, even though all the laws of what you awaken to were violated while you slept.</span> <span data-sentence-id=\"139#2:6\"><span class=\"snr\">6</span>Is it not possible that you merely shifted from one dream to another, without really waking?</span></p></div> <div data-paragraph-id=\"139#3\"><p class=\"p-normal\"><span class=\"pnr\">3.</span> <span data-sentence-id=\"139#3:1\"><span class=\"snr noprint\">1</span>Would you bother to reconcile what happened in conflicting dreams, or would you dismiss both together if you discovered that reality is in accord with neither?</span> <span data-sentence-id=\"139#3:2\"><span class=\"snr\">2</span>You do not remember being awake.</span> <span data-sentence-id=\"139#3:3\"><span class=\"snr\">3</span>When you hear the Holy Spirit you may feel better because loving then seems possible to you, but you do not remember yet that it once was so.</span> <span data-sentence-id=\"139#3:4\"><span class=\"snr\">4</span>And it is in this remembering that you will know it can be so again.</span> <span data-sentence-id=\"139#3:5\"><span class=\"snr\">5</span>What is possible has not yet been accomplished.</span> <span data-sentence-id=\"139#3:6\"><span class=\"snr\">6</span>Yet what has once been is so now, if it is eternal.</span> <span data-sentence-id=\"139#3:7\"><span class=\"snr\">7</span>When you remember, you will know that what you remember is eternal, and therefore is now.</span></p></div> <div data-paragraph-id=\"139#4\"><p class=\"p-normal\"><span class=\"pnr\">4.</span> <span data-sentence-id=\"139#4:1\"><span class=\"snr noprint\">1</span>You will remember everything the instant you desire it wholly, for if to desire wholly is to create, you will have willed away the separation, returning your mind simultaneously to your Creator and your creations.</span> <span data-sentence-id=\"139#4:2\"><span class=\"snr\">2</span>Knowing Them you will have no wish to sleep, but only the desire to waken and be glad.</span> <span data-sentence-id=\"139#4:3\"><span class=\"snr\">3</span>Dreams will be impossible because you will want only truth, and being at last your will, it will be yours.</span></p></div> </div>","firstWords":"You do not know your creations simply because you would decide against them as long as your mind is split, and to attack what you have created is impossible. But remember that it is as impossible for","contentType":"acim-content","seoTitle":"Chapter 10.I: At Home in God | ACIM","seoDescription":"✨ A Course in Miracles, read the complete Chapter 10.I “At Home in God”: You do not know your creations simply because you would decide against them as long as your mind is split, and to…","desktopBreadcrumbs":[{"label":"Text","leadsTo":{"locale":"en","sectionId":51,"slugs":["text","introduction"],"forceToc":true}},{"label":"Chapter 10: The Idols of Sickness","leadsTo":{"locale":"en","sectionId":138,"slugs":["chapter-10","introduction"],"forceToc":true}},{"label":"I. At Home in God","leadsTo":{"locale":"en","sectionId":139,"slugs":["chapter-10","at-home-in-god"]}}],"mobileBreadcrumbs":[{"label":"Text","leadsTo":{"locale":"en","sectionId":51,"slugs":["text","introduction"],"forceToc":true}},{"label":"Chapter 10: The Idols of Sickness","leadsTo":{"locale":"en","sectionId":138,"slugs":["chapter-10","introduction"],"forceToc":true}},{"label":"I. At Home in God","leadsTo":{"locale":"en","sectionId":139,"slugs":["chapter-10","at-home-in-god"]}}],"seoBreadcrumbs":[{"label":"A Course in Miracles","leadsTo":"dashboard"},{"label":"Text","leadsTo":{"locale":"en","sectionId":51,"slugs":["text","introduction"],"forceToc":true}},{"label":"Chapter 10","leadsTo":{"locale":"en","sectionId":138,"slugs":["chapter-10","introduction"],"forceToc":true}},{"label":"I. At Home in God","leadsTo":{"locale":"en","sectionId":139,"slugs":["chapter-10","at-home-in-god"]}}],"slugs":["chapter-10","at-home-in-god"],"canonicalLink":"https://acim.org/acim/chapter-10/at-home-in-god/en/s/139","link":"https://acim.org/acim/chapter-10/at-home-in-god/en/s/139","shortLink":"https://acim.org/acim/en/s/139","previousSectionId":138,"previousSectionSlugs":["chapter-10","introduction"],"previousSectionLink":"https://acim.org/acim/chapter-10/introduction/en/s/138","nextSectionId":140,"nextSectionSlugs":["chapter-10","the-decision-to-forget"],"nextSectionLink":"https://acim.org/acim/chapter-10/the-decision-to-forget/en/s/140","hreflangLinks":[{"hrefLang":"en","link":"https://acim.org/acim/en/s/139"}]}