{"sectionId":202,"sectionIdLiteral":"202","humanId":"chap-16-sect-1","volumeId":"text","locale":"en","titleInfo":{"chapterTitle":{"ownlineNumber":"Chapter 16","title":"The Forgiveness of Illusions"},"title":"True Empathy","inlineNumber":"I."},"annotation":"T-16.I","bodyHtml":"<div class=\"acim-text chap-16-sect-1\"> <div data-paragraph-id=\"202#1\"><p class=\"p-normal\"><span class=\"pnr\">1.</span> <span data-sentence-id=\"202#1:1\"><span class=\"snr noprint\">1</span>To empathize does not mean to join in suffering, for that is what you must <i>refuse</i> to understand.</span> <span data-sentence-id=\"202#1:2\"><span class=\"snr\">2</span>That is the ego’s interpretation of empathy, and is always used to form a special relationship in which the suffering is shared.</span> <span data-sentence-id=\"202#1:3\"><span class=\"snr\">3</span>The capacity to empathize is very useful to the Holy Spirit, provided you let Him use it in His way.</span> <span data-sentence-id=\"202#1:4\"><span class=\"snr\">4</span>His way is very different.</span> <span data-sentence-id=\"202#1:5\"><span class=\"snr\">5</span>He does not understand suffering, and would have you teach it is not understandable.</span> <span data-sentence-id=\"202#1:6\"><span class=\"snr\">6</span>When He relates through you, He does not relate through your ego to another ego.</span> <span data-sentence-id=\"202#1:7\"><span class=\"snr\">7</span>He does not join in pain, understanding that healing pain is not accomplished by delusional attempts to enter into it, and lighten it by sharing the delusion.</span></p></div> <div data-paragraph-id=\"202#2\"><p class=\"p-normal\"><span class=\"pnr\">2.</span> <span data-sentence-id=\"202#2:1\"><span class=\"snr noprint\">1</span>The clearest proof that empathy as the ego uses it is destructive lies in the fact that it is applied only to certain types of problems and in certain people.</span> <span data-sentence-id=\"202#2:2\"><span class=\"snr\">2</span>These it selects out, and joins with.</span> <span data-sentence-id=\"202#2:3\"><span class=\"snr\">3</span>And it never joins except to strengthen itself.</span> <span data-sentence-id=\"202#2:4\"><span class=\"snr\">4</span>Having identified with what it thinks it understands, the ego sees itself and would increase itself by sharing what is like itself.</span> <span data-sentence-id=\"202#2:5\"><span class=\"snr\">5</span>Make no mistake about this maneuver; the ego always empathizes to weaken, and to weaken is always to attack.</span> <span data-sentence-id=\"202#2:6\"><span class=\"snr\">6</span>You do not know what empathizing means.</span> <span data-sentence-id=\"202#2:7\"><span class=\"snr\">7</span>Yet of this you may be sure; if you will merely sit quietly by and let the Holy Spirit relate through you, you will empathize with strength, and will gain in strength and not in weakness.</span></p></div> <div data-paragraph-id=\"202#3\"><p class=\"p-normal\"><span class=\"pnr\">3.</span> <span data-sentence-id=\"202#3:1\"><span class=\"snr noprint\">1</span>Your part is only to remember this; you do not want anything you value to come of a relationship.</span> <span data-sentence-id=\"202#3:2\"><span class=\"snr\">2</span>You choose neither to hurt it nor to heal it in your own way.</span> <span data-sentence-id=\"202#3:3\"><span class=\"snr\">3</span>You do not know what healing is.</span> <span data-sentence-id=\"202#3:4\"><span class=\"snr\">4</span>All you have learned of empathy is from the past.</span> <span data-sentence-id=\"202#3:5\"><span class=\"snr\">5</span>And there is nothing from the past that you would share, for there is nothing from the past that you would keep.</span> <span data-sentence-id=\"202#3:6\"><span class=\"snr\">6</span>Do not use empathy to make the past real, and so perpetuate it.</span> <span data-sentence-id=\"202#3:7\"><span class=\"snr\">7</span>Step gently aside, and let healing be done for you.</span> <span data-sentence-id=\"202#3:8\"><span class=\"snr\">8</span>Keep but one thought in mind and do not lose sight of it, however tempted you may be to judge any situation, and to determine your response <i>by</i> judging it.</span> <span data-sentence-id=\"202#3:9\"><span class=\"snr\">9</span>Focus your mind only on this:</span></p> <p class=\"p-prayer\"><span data-sentence-id=\"202#3:10\"><span class=\"snr\">10</span>I am not alone, and I would not intrude the past upon my Guest.<br/></span> <span data-sentence-id=\"202#3:11\"><span class=\"snr\">11</span>I have invited Him, and He is here.<br/></span> <span data-sentence-id=\"202#3:12\"><span class=\"snr\">12</span>I need do nothing except not to interfere.</span></p></div> <div data-paragraph-id=\"202#4\"><p class=\"p-normal\"><span class=\"pnr\">4.</span> <span data-sentence-id=\"202#4:1\"><span class=\"snr noprint\">1</span>True empathy is of Him Who knows what it is.</span> <span data-sentence-id=\"202#4:2\"><span class=\"snr\">2</span>You will learn His interpretation of it if you let Him use your capacity for strength, and not for weakness.</span> <span data-sentence-id=\"202#4:3\"><span class=\"snr\">3</span>He will not desert you, but be sure that you desert not Him.</span> <span data-sentence-id=\"202#4:4\"><span class=\"snr\">4</span>Humility is strength in this sense only; that to recognize and accept the fact that you do not know is to recognize and accept the fact that He <i>does</i> know.</span> <span data-sentence-id=\"202#4:5\"><span class=\"snr\">5</span>You are not sure that He will do His part, because you have never yet done yours completely.</span> <span data-sentence-id=\"202#4:6\"><span class=\"snr\">6</span>You cannot know how to respond to what you do not understand.</span> <span data-sentence-id=\"202#4:7\"><span class=\"snr\">7</span>Be tempted not in this, and yield not to the ego’s triumphant use of empathy for its glory.</span></p></div> <div data-paragraph-id=\"202#5\"><p class=\"p-normal\"><span class=\"pnr\">5.</span> <span data-sentence-id=\"202#5:1\"><span class=\"snr noprint\">1</span>The triumph of weakness is not what you would offer to a brother.</span> <span data-sentence-id=\"202#5:2\"><span class=\"snr\">2</span>And yet you recognize no triumph but this.</span> <span data-sentence-id=\"202#5:3\"><span class=\"snr\">3</span>This is not knowledge, and the form of empathy which would bring this about is so distorted that it would imprison what it would release.</span> <span data-sentence-id=\"202#5:4\"><span class=\"snr\">4</span>The unredeemed cannot redeem, yet they have a Redeemer.</span> <span data-sentence-id=\"202#5:5\"><span class=\"snr\">5</span>Attempt to teach Him not.</span> <span data-sentence-id=\"202#5:6\"><span class=\"snr\">6</span>You are the learner; He the Teacher.</span> <span data-sentence-id=\"202#5:7\"><span class=\"snr\">7</span>Do not confuse your role with His, for this will never bring peace to anyone.</span> <span data-sentence-id=\"202#5:8\"><span class=\"snr\">8</span>Offer your empathy to Him for it is <i>His</i> perception and <i>His</i> strength that you would share.</span> <span data-sentence-id=\"202#5:9\"><span class=\"snr\">9</span>And let Him offer you His strength and His perception, to be shared through you.</span></p></div> <div data-paragraph-id=\"202#6\"><p class=\"p-normal\"><span class=\"pnr\">6.</span> <span data-sentence-id=\"202#6:1\"><span class=\"snr noprint\">1</span>The meaning of love is lost in any relationship that looks to weakness, and hopes to find love there.</span> <span data-sentence-id=\"202#6:2\"><span class=\"snr\">2</span>The power of love, which <i>is</i> its meaning, lies in the strength of God that hovers over it and blesses it silently by enveloping it in healing wings.</span> <span data-sentence-id=\"202#6:3\"><span class=\"snr\">3</span>Let this be, and do not try to substitute your “miracle” for this.</span> <span data-sentence-id=\"202#6:4\"><span class=\"snr\">4</span>I have said that if a brother asks a foolish thing of you to do it.</span> <span data-sentence-id=\"202#6:5\"><span class=\"snr\">5</span>But be certain that this does not mean to do a foolish thing that would hurt either him or you, for what would hurt one will hurt the other.</span> <span data-sentence-id=\"202#6:6\"><span class=\"snr\">6</span>Foolish requests are foolish merely because they conflict, since they always contain some element of specialness.</span> <span data-sentence-id=\"202#6:7\"><span class=\"snr\">7</span>Only the Holy Spirit recognizes foolish needs as well as real ones.</span> <span data-sentence-id=\"202#6:8\"><span class=\"snr\">8</span>And He will teach you how to meet both without losing either.</span></p></div> <div data-paragraph-id=\"202#7\"><p class=\"p-normal\"><span class=\"pnr\">7.</span> <span data-sentence-id=\"202#7:1\"><span class=\"snr noprint\">1</span><i>You</i> will attempt to do this only in secrecy.</span> <span data-sentence-id=\"202#7:2\"><span class=\"snr\">2</span>And you will think that by meeting the needs of one you do not jeopardize another, because you keep them separate and secret from each other.</span> <span data-sentence-id=\"202#7:3\"><span class=\"snr\">3</span>That is not the way, for it leads not to life and truth.</span> <span data-sentence-id=\"202#7:4\"><span class=\"snr\">4</span>No needs will long be left unmet if you leave them all to Him Whose function is to meet them.</span> <span data-sentence-id=\"202#7:5\"><span class=\"snr\">5</span>That is His function, and not yours.</span> <span data-sentence-id=\"202#7:6\"><span class=\"snr\">6</span>He will not meet them secretly, for He would share everything you give through Him.</span> <span data-sentence-id=\"202#7:7\"><span class=\"snr\">7</span>That is why He gives it.</span> <span data-sentence-id=\"202#7:8\"><span class=\"snr\">8</span>What you give through Him is for the whole Sonship, not for part of it.</span> <span data-sentence-id=\"202#7:9\"><span class=\"snr\">9</span>Leave Him His function, for He will fulfill it if you but ask Him to enter your relationships, and bless them for you.</span></p></div> </div>","firstWords":"To empathize does not mean to join in suffering, for that is what you must refuse to understand. That is the ego’s interpretation of empathy, and is always used to form a special relationship in","contentType":"acim-content","seoTitle":"Chapter 16.I: The Forgiveness of Illusions:… | ACIM","seoDescription":"✨ A Course in Miracles, read the complete Chapter 16.I “The Forgiveness of Illusions: True Empathy”: To empathize does not mean to join in suffering, for that is what you must refuse to…","desktopBreadcrumbs":[{"label":"Text","leadsTo":{"locale":"en","sectionId":51,"slugs":["text","introduction"],"forceToc":true}},{"label":"Chapter 16: The Forgiveness of Illusions","leadsTo":{"locale":"en","sectionId":202,"slugs":["chapter-16","true-empathy"],"forceToc":true}},{"label":"I. True Empathy","leadsTo":{"locale":"en","sectionId":202,"slugs":["chapter-16","true-empathy"]}}],"mobileBreadcrumbs":[{"label":"Text","leadsTo":{"locale":"en","sectionId":51,"slugs":["text","introduction"],"forceToc":true}},{"label":"Chapter 16: The Forgiveness of Illusions","leadsTo":{"locale":"en","sectionId":202,"slugs":["chapter-16","true-empathy"],"forceToc":true}},{"label":"I. True Empathy","leadsTo":{"locale":"en","sectionId":202,"slugs":["chapter-16","true-empathy"]}}],"seoBreadcrumbs":[{"label":"A Course in Miracles","leadsTo":"dashboard"},{"label":"Text","leadsTo":{"locale":"en","sectionId":51,"slugs":["text","introduction"],"forceToc":true}},{"label":"Chapter 16","leadsTo":{"locale":"en","sectionId":202,"slugs":["chapter-16","true-empathy"],"forceToc":true}},{"label":"I. True Empathy","leadsTo":{"locale":"en","sectionId":202,"slugs":["chapter-16","true-empathy"]}}],"slugs":["chapter-16","true-empathy"],"canonicalLink":"https://acim.org/acim/chapter-16/true-empathy/en/s/202","link":"https://acim.org/acim/chapter-16/true-empathy/en/s/202","shortLink":"https://acim.org/acim/en/s/202","previousSectionId":200,"previousSectionSlugs":["chapter-15","christmas-as-the-end-of-sacrifice"],"previousSectionLink":"https://acim.org/acim/chapter-15/christmas-as-the-end-of-sacrifice/en/s/200","nextSectionId":203,"nextSectionSlugs":["chapter-16","the-power-of-holiness"],"nextSectionLink":"https://acim.org/acim/chapter-16/the-power-of-holiness/en/s/203","hreflangLinks":[{"hrefLang":"en","link":"https://acim.org/acim/en/s/202"}]}