{"sectionId":210,"sectionIdLiteral":"210","humanId":"chap-17-sect-1","volumeId":"text","locale":"en","titleInfo":{"chapterTitle":{"ownlineNumber":"Chapter 17","title":"Forgiveness and the Holy Relationship"},"title":"Bringing Fantasy to Truth","inlineNumber":"I."},"annotation":"T-17.I","bodyHtml":"<div class=\"acim-text chap-17-sect-1\"> <div data-paragraph-id=\"210#1\"><p class=\"p-normal\"><span class=\"pnr\">1.</span> <span data-sentence-id=\"210#1:1\"><span class=\"snr noprint\">1</span>The betrayal of the Son of God lies only in illusions, and all his “sins” are but his own imagining.</span> <span data-sentence-id=\"210#1:2\"><span class=\"snr\">2</span>His reality is forever sinless.</span> <span data-sentence-id=\"210#1:3\"><span class=\"snr\">3</span>He need not be forgiven but awakened.</span> <span data-sentence-id=\"210#1:4\"><span class=\"snr\">4</span>In his dreams he has betrayed himself, his brothers and his God.</span> <span data-sentence-id=\"210#1:5\"><span class=\"snr\">5</span>Yet what is done in dreams has not been really done.</span> <span data-sentence-id=\"210#1:6\"><span class=\"snr\">6</span>It is impossible to convince the dreamer that this is so, for dreams are what they are <i>because</i> of their illusion of reality.</span> <span data-sentence-id=\"210#1:7\"><span class=\"snr\">7</span>Only in waking is the full release from them, for only then does it become perfectly apparent that they had no effect upon reality at all, and did not change it.</span> <span data-sentence-id=\"210#1:8\"><span class=\"snr\">8</span>Fantasies change reality.</span> <span data-sentence-id=\"210#1:9\"><span class=\"snr\">9</span>That is their purpose.</span> <span data-sentence-id=\"210#1:10\"><span class=\"snr\">10</span>They cannot do so in reality, but they <i>can</i> do so in the mind that would have reality be different.</span></p></div> <div data-paragraph-id=\"210#2\"><p class=\"p-normal\"><span class=\"pnr\">2.</span> <span data-sentence-id=\"210#2:1\"><span class=\"snr noprint\">1</span>It is, then, only your wish to change reality that is fearful, because by your wish you think you have accomplished what you wish.</span> <span data-sentence-id=\"210#2:2\"><span class=\"snr\">2</span>This strange position, in a sense, acknowledges your power.</span> <span data-sentence-id=\"210#2:3\"><span class=\"snr\">3</span>Yet by distorting it and devoting it to “evil,” it also makes it unreal.</span> <span data-sentence-id=\"210#2:4\"><span class=\"snr\">4</span>You cannot be faithful to two masters who ask conflicting things of you.</span> <span data-sentence-id=\"210#2:5\"><span class=\"snr\">5</span>What you use in fantasy you deny to truth.</span> <span data-sentence-id=\"210#2:6\"><span class=\"snr\">6</span>Yet what you give to truth to use for you is safe from fantasy.</span></p></div> <div data-paragraph-id=\"210#3\"><p class=\"p-normal\"><span class=\"pnr\">3.</span> <span data-sentence-id=\"210#3:1\"><span class=\"snr noprint\">1</span>When you maintain that there must be an order of difficulty in miracles, all you mean is that there are some things you would withhold from truth.</span> <span data-sentence-id=\"210#3:2\"><span class=\"snr\">2</span>You believe truth cannot deal with them only because you would keep them from truth.</span> <span data-sentence-id=\"210#3:3\"><span class=\"snr\">3</span>Very simply, your lack of faith in the power that heals all pain arises from your wish to retain some aspects of reality for fantasy.</span> <span data-sentence-id=\"210#3:4\"><span class=\"snr\">4</span>If you but realized what this must do to your appreciation of the whole!</span> <span data-sentence-id=\"210#3:5\"><span class=\"snr\">5</span>What you reserve for yourself, you take away from Him Who would release you.</span> <span data-sentence-id=\"210#3:6\"><span class=\"snr\">6</span>Unless you give it back, it is inevitable that your perspective on reality be warped and uncorrected.</span></p></div> <div data-paragraph-id=\"210#4\"><p class=\"p-normal\"><span class=\"pnr\">4.</span> <span data-sentence-id=\"210#4:1\"><span class=\"snr noprint\">1</span>As long as you would have it so, so long will the illusion of an order of difficulty in miracles remain with you.</span> <span data-sentence-id=\"210#4:2\"><span class=\"snr\">2</span>For you have established this order in reality by giving some of it to one teacher, and some to another.</span> <span data-sentence-id=\"210#4:3\"><span class=\"snr\">3</span>And so you learn to deal with part of the truth in one way, and in another way the other part.</span> <span data-sentence-id=\"210#4:4\"><span class=\"snr\">4</span>To fragment truth is to destroy it by rendering it meaningless.</span> <span data-sentence-id=\"210#4:5\"><span class=\"snr\">5</span>Orders of reality is a perspective without understanding; a frame of reference for reality to which it cannot really be compared at all.</span></p></div> <div data-paragraph-id=\"210#5\"><p class=\"p-normal\"><span class=\"pnr\">5.</span> <span data-sentence-id=\"210#5:1\"><span class=\"snr noprint\">1</span>Think you that you can bring truth to fantasy, and learn what truth means from the perspective of illusions?</span> <span data-sentence-id=\"210#5:2\"><span class=\"snr\">2</span>Truth <i>has</i> no meaning in illusion.</span> <span data-sentence-id=\"210#5:3\"><span class=\"snr\">3</span>The frame of reference for its meaning must be itself.</span> <span data-sentence-id=\"210#5:4\"><span class=\"snr\">4</span>When you try to bring truth to illusions, you are trying to make illusions real, and keep them by justifying your belief in them.</span> <span data-sentence-id=\"210#5:5\"><span class=\"snr\">5</span>But to give illusions to truth is to enable truth to teach that the illusions are unreal, and thus enable you to escape from them.</span> <span data-sentence-id=\"210#5:6\"><span class=\"snr\">6</span>Reserve not one idea aside from truth, or you establish orders of reality that must imprison you.</span> <span data-sentence-id=\"210#5:7\"><span class=\"snr\">7</span>There is no order in reality, because everything there is true.</span></p></div> <div data-paragraph-id=\"210#6\"><p class=\"p-normal\"><span class=\"pnr\">6.</span> <span data-sentence-id=\"210#6:1\"><span class=\"snr noprint\">1</span>Be willing, then, to give all you have held outside the truth to Him Who knows the truth, and in Whom all is brought to truth.</span> <span data-sentence-id=\"210#6:2\"><span class=\"snr\">2</span>Salvation from separation would be complete, or will not be at all.</span> <span data-sentence-id=\"210#6:3\"><span class=\"snr\">3</span>Be not concerned with anything except your willingness to have this be accomplished.</span> <span data-sentence-id=\"210#6:4\"><span class=\"snr\">4</span>He will accomplish it; not you.</span> <span data-sentence-id=\"210#6:5\"><span class=\"snr\">5</span>But forget not this: When you become disturbed and lose your peace of mind because another is attempting to solve his problems through fantasy, you are refusing to forgive yourself for just this same attempt.</span> <span data-sentence-id=\"210#6:6\"><span class=\"snr\">6</span>And you are holding both of you away from truth and from salvation.</span> <span data-sentence-id=\"210#6:7\"><span class=\"snr\">7</span>As you forgive him, you restore to truth what was denied by both of you.</span> <span data-sentence-id=\"210#6:8\"><span class=\"snr\">8</span>And you will see forgiveness where you have given it.</span></p></div> </div>","firstWords":"The betrayal of the Son of God lies only in illusions, and all his “sins” are but his own imagining. His reality is forever sinless. He need not be forgiven but awakened. In his dreams he has","contentType":"acim-content","seoTitle":"Chapter 17.I: Forgiveness and the Holy… | ACIM","seoDescription":"✨ A Course in Miracles, read the complete Chapter 17.I “Forgiveness and the Holy Relationship: Bringing Fantasy to Truth”: The betrayal of the Son of God lies only in illusions, and all…","desktopBreadcrumbs":[{"label":"Text","leadsTo":{"locale":"en","sectionId":51,"slugs":["text","introduction"],"forceToc":true}},{"label":"Chapter 17: Forgiveness and the Holy Relationship","leadsTo":{"locale":"en","sectionId":210,"slugs":["chapter-17","bringing-fantasy-to-truth"],"forceToc":true}},{"label":"I. Bringing Fantasy to Truth","leadsTo":{"locale":"en","sectionId":210,"slugs":["chapter-17","bringing-fantasy-to-truth"]}}],"mobileBreadcrumbs":[{"label":"Text","leadsTo":{"locale":"en","sectionId":51,"slugs":["text","introduction"],"forceToc":true}},{"label":"Chapter 17: Forgiveness and the Holy Relationship","leadsTo":{"locale":"en","sectionId":210,"slugs":["chapter-17","bringing-fantasy-to-truth"],"forceToc":true}},{"label":"I. Bringing Fantasy to Truth","leadsTo":{"locale":"en","sectionId":210,"slugs":["chapter-17","bringing-fantasy-to-truth"]}}],"seoBreadcrumbs":[{"label":"A Course in Miracles","leadsTo":"dashboard"},{"label":"Text","leadsTo":{"locale":"en","sectionId":51,"slugs":["text","introduction"],"forceToc":true}},{"label":"Chapter 17","leadsTo":{"locale":"en","sectionId":210,"slugs":["chapter-17","bringing-fantasy-to-truth"],"forceToc":true}},{"label":"I. Bringing Fantasy to Truth","leadsTo":{"locale":"en","sectionId":210,"slugs":["chapter-17","bringing-fantasy-to-truth"]}}],"slugs":["chapter-17","bringing-fantasy-to-truth"],"canonicalLink":"https://acim.org/acim/chapter-17/bringing-fantasy-to-truth/en/s/210","link":"https://acim.org/acim/chapter-17/bringing-fantasy-to-truth/en/s/210","shortLink":"https://acim.org/acim/en/s/210","previousSectionId":208,"previousSectionSlugs":["chapter-16","the-end-of-illusions"],"previousSectionLink":"https://acim.org/acim/chapter-16/the-end-of-illusions/en/s/208","nextSectionId":211,"nextSectionSlugs":["chapter-17","the-forgiven-world"],"nextSectionLink":"https://acim.org/acim/chapter-17/the-forgiven-world/en/s/211","hreflangLinks":[{"hrefLang":"en","link":"https://acim.org/acim/en/s/210"}]}