{"sectionId":211,"sectionIdLiteral":"211","humanId":"chap-17-sect-2","volumeId":"text","locale":"en","titleInfo":{"title":"The Forgiven World","inlineNumber":"II."},"annotation":"T-17.II","bodyHtml":"<div class=\"acim-text chap-17-sect-2\"> <div data-paragraph-id=\"211#1\"><p class=\"p-normal\"><span class=\"pnr\">1.</span> <span data-sentence-id=\"211#1:1\"><span class=\"snr noprint\">1</span>Can you imagine how beautiful those you forgive will look to you?</span> <span data-sentence-id=\"211#1:2\"><span class=\"snr\">2</span>In no fantasy have you ever seen anything so lovely.</span> <span data-sentence-id=\"211#1:3\"><span class=\"snr\">3</span>Nothing you see here, sleeping or waking, comes near to such loveliness.</span> <span data-sentence-id=\"211#1:4\"><span class=\"snr\">4</span>And nothing will you value like unto this, nor hold so dear.</span> <span data-sentence-id=\"211#1:5\"><span class=\"snr\">5</span>Nothing that you remember that made your heart sing with joy has ever brought you even a little part of the happiness this sight will bring you.</span> <span data-sentence-id=\"211#1:6\"><span class=\"snr\">6</span>For you will see the Son of God.</span> <span data-sentence-id=\"211#1:7\"><span class=\"snr\">7</span>You will behold the beauty the Holy Spirit loves to look upon, and which He thanks the Father for.</span> <span data-sentence-id=\"211#1:8\"><span class=\"snr\">8</span>He was created to see this for you, until you learned to see it for yourself.</span> <span data-sentence-id=\"211#1:9\"><span class=\"snr\">9</span>And all His teaching leads to seeing it and giving thanks with Him.</span></p></div> <div data-paragraph-id=\"211#2\"><p class=\"p-normal\"><span class=\"pnr\">2.</span> <span data-sentence-id=\"211#2:1\"><span class=\"snr noprint\">1</span>This loveliness is not a fantasy.</span> <span data-sentence-id=\"211#2:2\"><span class=\"snr\">2</span>It is the real world, bright and clean and new, with everything sparkling under the open sun.</span> <span data-sentence-id=\"211#2:3\"><span class=\"snr\">3</span>Nothing is hidden here, for everything has been forgiven and there are no fantasies to hide the truth.</span> <span data-sentence-id=\"211#2:4\"><span class=\"snr\">4</span>The bridge between that world and this is so little and so easy to cross, that you could not believe it is the meeting place of worlds so different.</span> <span data-sentence-id=\"211#2:5\"><span class=\"snr\">5</span>Yet this little bridge is the strongest thing that touches on this world at all.</span> <span data-sentence-id=\"211#2:6\"><span class=\"snr\">6</span>This little step, so small it has escaped your notice, is a stride through time into eternity, beyond all ugliness into beauty that will enchant you, and will never cease to cause you wonderment at its perfection.</span></p></div> <div data-paragraph-id=\"211#3\"><p class=\"p-normal\"><span class=\"pnr\">3.</span> <span data-sentence-id=\"211#3:1\"><span class=\"snr noprint\">1</span>This step, the smallest ever taken, is still the greatest accomplishment of all in God’s plan of Atonement.</span> <span data-sentence-id=\"211#3:2\"><span class=\"snr\">2</span>All else is learned, but this is given, complete and wholly perfect.</span> <span data-sentence-id=\"211#3:3\"><span class=\"snr\">3</span>No one but Him Who planned salvation could complete it thus.</span> <span data-sentence-id=\"211#3:4\"><span class=\"snr\">4</span>The real world, in its loveliness, you learn to reach.</span> <span data-sentence-id=\"211#3:5\"><span class=\"snr\">5</span>Fantasies are all undone, and no one and nothing remain still bound by them, and by your own forgiveness you are free to see.</span> <span data-sentence-id=\"211#3:6\"><span class=\"snr\">6</span>Yet what you see is only what you made, with the blessing of your forgiveness on it.</span> <span data-sentence-id=\"211#3:7\"><span class=\"snr\">7</span>And with this final blessing of God’s Son upon himself, the real perception, born of the new perspective he has learned, has served its purpose.</span></p></div> <div data-paragraph-id=\"211#4\"><p class=\"p-normal\"><span class=\"pnr\">4.</span> <span data-sentence-id=\"211#4:1\"><span class=\"snr noprint\">1</span>The stars will disappear in light, and the sun that opened up the world to beauty will vanish.</span> <span data-sentence-id=\"211#4:2\"><span class=\"snr\">2</span>Perception will be meaningless when it has been perfected, for everything that has been used for learning will have no function.</span> <span data-sentence-id=\"211#4:3\"><span class=\"snr\">3</span>Nothing will ever change; no shifts nor shadings, no differences, no variations that made perception possible will still occur.</span> <span data-sentence-id=\"211#4:4\"><span class=\"snr\">4</span>The perception of the real world will be so short that you will barely have time to thank God for it.</span> <span data-sentence-id=\"211#4:5\"><span class=\"snr\">5</span>For God will take the last step swiftly, when you have reached the real world and have been made ready for Him.</span></p></div> <div data-paragraph-id=\"211#5\"><p class=\"p-normal\"><span class=\"pnr\">5.</span> <span data-sentence-id=\"211#5:1\"><span class=\"snr noprint\">1</span>The real world is attained simply by the complete forgiveness of the old, the world you see without forgiveness.</span> <span data-sentence-id=\"211#5:2\"><span class=\"snr\">2</span>The great Transformer of perception will undertake with you the careful searching of the mind that made this world, and uncover to you the seeming reasons for your making it.</span> <span data-sentence-id=\"211#5:3\"><span class=\"snr\">3</span>In the light of the real reason that He brings, as you follow Him, He will show you that there is no reason here at all.</span> <span data-sentence-id=\"211#5:4\"><span class=\"snr\">4</span>Each spot His reason touches grows alive with beauty, and what seemed ugly in the darkness of your lack of reason is suddenly released to loveliness.</span> <span data-sentence-id=\"211#5:5\"><span class=\"snr\">5</span>Not even what the Son of God made in insanity could be without a hidden spark of beauty that gentleness could release.</span></p></div> <div data-paragraph-id=\"211#6\"><p class=\"p-normal\"><span class=\"pnr\">6.</span> <span data-sentence-id=\"211#6:1\"><span class=\"snr noprint\">1</span>All this beauty will rise to bless your sight as you look upon the world with forgiving eyes.</span> <span data-sentence-id=\"211#6:2\"><span class=\"snr\">2</span>For forgiveness literally transforms vision, and lets you see the real world reaching quietly and gently across chaos, removing all illusions that had twisted your perception and fixed it on the past.</span> <span data-sentence-id=\"211#6:3\"><span class=\"snr\">3</span>The smallest leaf becomes a thing of wonder, and a blade of grass a sign of God’s perfection.</span></p></div> <div data-paragraph-id=\"211#7\"><p class=\"p-normal\"><span class=\"pnr\">7.</span> <span data-sentence-id=\"211#7:1\"><span class=\"snr noprint\">1</span>From the forgiven world the Son of God is lifted easily into his home.</span> <span data-sentence-id=\"211#7:2\"><span class=\"snr\">2</span>And there he knows that he has always rested there in peace.</span> <span data-sentence-id=\"211#7:3\"><span class=\"snr\">3</span>Even salvation will become a dream, and vanish from his mind.</span> <span data-sentence-id=\"211#7:4\"><span class=\"snr\">4</span>For salvation is the end of dreams, and with the closing of the dream will have no meaning.</span> <span data-sentence-id=\"211#7:5\"><span class=\"snr\">5</span>Who, awake in Heaven, could dream that there could ever be need of salvation?</span></p></div> <div data-paragraph-id=\"211#8\"><p class=\"p-normal\"><span class=\"pnr\">8.</span> <span data-sentence-id=\"211#8:1\"><span class=\"snr noprint\">1</span>How much do you want salvation?</span> <span data-sentence-id=\"211#8:2\"><span class=\"snr\">2</span>It will give you the real world, trembling with readiness to be given you.</span> <span data-sentence-id=\"211#8:3\"><span class=\"snr\">3</span>The eagerness of the Holy Spirit to give you this is so intense He would not wait, although He waits in patience.</span> <span data-sentence-id=\"211#8:4\"><span class=\"snr\">4</span>Meet His patience with your impatience at delay in meeting Him.</span> <span data-sentence-id=\"211#8:5\"><span class=\"snr\">5</span>Go out in gladness to meet with your Redeemer, and walk with Him in trust out of this world, and into the real world of beauty and forgiveness.</span></p></div> </div>","firstWords":"Can you imagine how beautiful those you forgive will look to you? In no fantasy have you ever seen anything so lovely. Nothing you see here, sleeping or waking, comes near to such loveliness. And","contentType":"acim-content","seoTitle":"Chapter 17.II: The Forgiven World | ACIM","seoDescription":"✨ A Course in Miracles, read the complete Chapter 17.II “The Forgiven World”: Can you imagine how beautiful those you forgive will look to you? In no fantasy have you ever seen anything…","desktopBreadcrumbs":[{"label":"Text","leadsTo":{"locale":"en","sectionId":51,"slugs":["text","introduction"],"forceToc":true}},{"label":"Chapter 17: Forgiveness and the Holy Relationship","leadsTo":{"locale":"en","sectionId":210,"slugs":["chapter-17","bringing-fantasy-to-truth"],"forceToc":true}},{"label":"II. The Forgiven World","leadsTo":{"locale":"en","sectionId":211,"slugs":["chapter-17","the-forgiven-world"]}}],"mobileBreadcrumbs":[{"label":"Text","leadsTo":{"locale":"en","sectionId":51,"slugs":["text","introduction"],"forceToc":true}},{"label":"Chapter 17: Forgiveness and the Holy Relationship","leadsTo":{"locale":"en","sectionId":210,"slugs":["chapter-17","bringing-fantasy-to-truth"],"forceToc":true}},{"label":"II. The Forgiven World","leadsTo":{"locale":"en","sectionId":211,"slugs":["chapter-17","the-forgiven-world"]}}],"seoBreadcrumbs":[{"label":"A Course in Miracles","leadsTo":"dashboard"},{"label":"Text","leadsTo":{"locale":"en","sectionId":51,"slugs":["text","introduction"],"forceToc":true}},{"label":"Chapter 17","leadsTo":{"locale":"en","sectionId":210,"slugs":["chapter-17","bringing-fantasy-to-truth"],"forceToc":true}},{"label":"II. The Forgiven World","leadsTo":{"locale":"en","sectionId":211,"slugs":["chapter-17","the-forgiven-world"]}}],"slugs":["chapter-17","the-forgiven-world"],"canonicalLink":"https://acim.org/acim/chapter-17/the-forgiven-world/en/s/211","link":"https://acim.org/acim/chapter-17/the-forgiven-world/en/s/211","shortLink":"https://acim.org/acim/en/s/211","previousSectionId":210,"previousSectionSlugs":["chapter-17","bringing-fantasy-to-truth"],"previousSectionLink":"https://acim.org/acim/chapter-17/bringing-fantasy-to-truth/en/s/210","nextSectionId":212,"nextSectionSlugs":["chapter-17","shadows-of-the-past"],"nextSectionLink":"https://acim.org/acim/chapter-17/shadows-of-the-past/en/s/212","hreflangLinks":[{"hrefLang":"en","link":"https://acim.org/acim/en/s/211"}]}