{"sectionId":227,"sectionIdLiteral":"227","humanId":"chap-18-sect-9","volumeId":"text","locale":"en","titleInfo":{"title":"The Two Worlds","inlineNumber":"IX."},"annotation":"T-18.IX","bodyHtml":"<div class=\"acim-text chap-18-sect-9\"> <div data-paragraph-id=\"227#1\"><p class=\"p-normal\"><span class=\"pnr\">1.</span> <span data-sentence-id=\"227#1:1\"><span class=\"snr noprint\">1</span>You have been told to bring the darkness to the light, and guilt to holiness.</span> <span data-sentence-id=\"227#1:2\"><span class=\"snr\">2</span>And you have also been told that error must be corrected at its source.</span> <span data-sentence-id=\"227#1:3\"><span class=\"snr\">3</span>Therefore, it is the tiny part of yourself, the little thought that seems split off and separate, the Holy Spirit needs.</span> <span data-sentence-id=\"227#1:4\"><span class=\"snr\">4</span>The rest is fully in God’s keeping, and needs no guide.</span> <span data-sentence-id=\"227#1:5\"><span class=\"snr\">5</span>Yet this wild and delusional thought needs help because, in its delusions, it thinks it is the Son of God, whole and omnipotent, sole ruler of the kingdom it set apart to tyrannize by madness into obedience and slavery.</span> <span data-sentence-id=\"227#1:6\"><span class=\"snr\">6</span>This is the little part you think you stole from Heaven.</span> <span data-sentence-id=\"227#1:7\"><span class=\"snr\">7</span>Give it back to Heaven.</span> <span data-sentence-id=\"227#1:8\"><span class=\"snr\">8</span>Heaven has not lost it, but <i>you</i> have lost sight of Heaven.</span> <span data-sentence-id=\"227#1:9\"><span class=\"snr\">9</span>Let the Holy Spirit remove it from the withered kingdom in which you set it off, surrounded by darkness, guarded by attack and reinforced by hate.</span> <span data-sentence-id=\"227#1:10\"><span class=\"snr\">10</span>Within its barricades is still a tiny segment of the Son of God, complete and holy, serene and unaware of what you think surrounds it.</span></p></div> <div data-paragraph-id=\"227#2\"><p class=\"p-normal\"><span class=\"pnr\">2.</span> <span data-sentence-id=\"227#2:1\"><span class=\"snr noprint\">1</span>Be you not separate, for the One Who does surround it has brought union to you, returning your little offering of darkness to the eternal light.</span> <span data-sentence-id=\"227#2:2\"><span class=\"snr\">2</span>How is this done?</span> <span data-sentence-id=\"227#2:3\"><span class=\"snr\">3</span>It is extremely simple, being based on what this little kingdom really is.</span> <span data-sentence-id=\"227#2:4\"><span class=\"snr\">4</span>The barren sands, the darkness and the lifelessness, are seen only through the body’s eyes.</span> <span data-sentence-id=\"227#2:5\"><span class=\"snr\">5</span>Its bleak sight is distorted, and the messages it transmits to you who made it to limit your awareness are little and limited, and so fragmented they are meaningless.</span></p></div> <div data-paragraph-id=\"227#3\"><p class=\"p-normal\"><span class=\"pnr\">3.</span> <span data-sentence-id=\"227#3:1\"><span class=\"snr noprint\">1</span>From the world of bodies, made by insanity, insane messages seem to be returned to the mind that made it.</span> <span data-sentence-id=\"227#3:2\"><span class=\"snr\">2</span>And these messages bear witness to this world, pronouncing it as true.</span> <span data-sentence-id=\"227#3:3\"><span class=\"snr\">3</span>For you sent forth these messengers to bring this back to you.</span> <span data-sentence-id=\"227#3:4\"><span class=\"snr\">4</span>Everything these messages relay to you is quite external.</span> <span data-sentence-id=\"227#3:5\"><span class=\"snr\">5</span>There are no messages that speak of what lies underneath, for it is not the body that could speak of this.</span> <span data-sentence-id=\"227#3:6\"><span class=\"snr\">6</span>Its eyes perceive it not; its senses remain quite unaware of it; its tongue cannot relay its messages.</span> <span data-sentence-id=\"227#3:7\"><span class=\"snr\">7</span>Yet God can bring you there, if you are willing to follow the Holy Spirit through seeming terror, trusting Him not to abandon you and leave you there.</span> <span data-sentence-id=\"227#3:8\"><span class=\"snr\">8</span>For it is not His purpose to frighten you, but only yours.</span> <span data-sentence-id=\"227#3:9\"><span class=\"snr\">9</span>You are severely tempted to abandon Him at the outside ring of fear, but He would lead you safely through and far beyond.</span></p></div> <div data-paragraph-id=\"227#4\"><p class=\"p-normal\"><span class=\"pnr\">4.</span> <span data-sentence-id=\"227#4:1\"><span class=\"snr noprint\">1</span>The circle of fear lies just below the level the body sees, and seems to be the whole foundation on which the world is based.</span> <span data-sentence-id=\"227#4:2\"><span class=\"snr\">2</span>Here are all the illusions, all the twisted thoughts, all the insane attacks, the fury, the vengeance and betrayal that were made to keep the guilt in place, so that the world could rise from it and keep it hidden.</span> <span data-sentence-id=\"227#4:3\"><span class=\"snr\">3</span>Its shadow rises to the surface, enough to hold its most external manifestations in darkness, and to bring despair and loneliness to it and keep it joyless.</span> <span data-sentence-id=\"227#4:4\"><span class=\"snr\">4</span>Yet its intensity is veiled by its heavy coverings, and kept apart from what was made to keep it hidden.</span> <span data-sentence-id=\"227#4:5\"><span class=\"snr\">5</span>The body cannot see this, for the body arose from this for its protection, which depends on keeping it not seen.</span> <span data-sentence-id=\"227#4:6\"><span class=\"snr\">6</span>The body’s eyes will never look on it.</span> <span data-sentence-id=\"227#4:7\"><span class=\"snr\">7</span>Yet they will see what it dictates.</span></p></div> <div data-paragraph-id=\"227#5\"><p class=\"p-normal\"><span class=\"pnr\">5.</span> <span data-sentence-id=\"227#5:1\"><span class=\"snr noprint\">1</span>The body will remain guilt’s messenger, and will act as it directs as long as you believe that guilt is real.</span> <span data-sentence-id=\"227#5:2\"><span class=\"snr\">2</span>For the reality of guilt is the illusion that seems to make it heavy and opaque, impenetrable, and a real foundation for the ego’s thought system.</span> <span data-sentence-id=\"227#5:3\"><span class=\"snr\">3</span>Its thinness and transparency are not apparent until you see the light behind it.</span> <span data-sentence-id=\"227#5:4\"><span class=\"snr\">4</span>And then you see it as a fragile veil before the light.</span></p></div> <div data-paragraph-id=\"227#6\"><p class=\"p-normal\"><span class=\"pnr\">6.</span> <span data-sentence-id=\"227#6:1\"><span class=\"snr noprint\">1</span>This heavy-seeming barrier, this artificial floor that looks like rock, is like a bank of low dark clouds that seem to be a solid wall before the sun.</span> <span data-sentence-id=\"227#6:2\"><span class=\"snr\">2</span>Its impenetrable appearance is wholly an illusion.</span> <span data-sentence-id=\"227#6:3\"><span class=\"snr\">3</span>It gives way softly to the mountain tops that rise above it, and has no power at all to hold back anyone willing to climb above it and see the sun.</span> <span data-sentence-id=\"227#6:4\"><span class=\"snr\">4</span>It is not strong enough to stop a button’s fall, nor hold a feather.</span> <span data-sentence-id=\"227#6:5\"><span class=\"snr\">5</span>Nothing can rest upon it, for it is but an illusion of a foundation.</span> <span data-sentence-id=\"227#6:6\"><span class=\"snr\">6</span>Try but to touch it and it disappears; attempt to grasp it and your hands hold nothing.</span></p></div> <div data-paragraph-id=\"227#7\"><p class=\"p-normal\"><span class=\"pnr\">7.</span> <span data-sentence-id=\"227#7:1\"><span class=\"snr noprint\">1</span>Yet in this cloud bank it is easy to see a whole world rising.</span> <span data-sentence-id=\"227#7:2\"><span class=\"snr\">2</span>A solid mountain range, a lake, a city, all rise in your imagination, and from the clouds the messengers of your perception return to you, assuring you that it is there.</span> <span data-sentence-id=\"227#7:3\"><span class=\"snr\">3</span>Figures stand out and move about, actions seem real, and forms appear and shift from loveliness to the grotesque.</span> <span data-sentence-id=\"227#7:4\"><span class=\"snr\">4</span>And back and forth they go, as long as you would play the game of children’s make-believe.</span> <span data-sentence-id=\"227#7:5\"><span class=\"snr\">5</span>Yet however long you play it, and regardless of how much imagination you bring to it, you do not confuse it with the world below, nor seek to make it real.</span></p></div> <div data-paragraph-id=\"227#8\"><p class=\"p-normal\"><span class=\"pnr\">8.</span> <span data-sentence-id=\"227#8:1\"><span class=\"snr noprint\">1</span>So should it be with the dark clouds of guilt, no more impenetrable and no more substantial.</span> <span data-sentence-id=\"227#8:2\"><span class=\"snr\">2</span>You will not bruise yourself against them in traveling through.</span> <span data-sentence-id=\"227#8:3\"><span class=\"snr\">3</span>Let your Guide teach you their unsubstantial nature as He leads you past them, for beneath them is a world of light whereon they cast no shadows.</span> <span data-sentence-id=\"227#8:4\"><span class=\"snr\">4</span>Their shadows lie upon the world beyond them, still further from the light.</span> <span data-sentence-id=\"227#8:5\"><span class=\"snr\">5</span>Yet from them to the light their shadows cannot fall.</span></p></div> <div data-paragraph-id=\"227#9\"><p class=\"p-normal\"><span class=\"pnr\">9.</span> <span data-sentence-id=\"227#9:1\"><span class=\"snr noprint\">1</span>This world of light, this circle of brightness is the real world, where guilt meets with forgiveness.</span> <span data-sentence-id=\"227#9:2\"><span class=\"snr\">2</span>Here the world outside is seen anew, without the shadow of guilt upon it.</span> <span data-sentence-id=\"227#9:3\"><span class=\"snr\">3</span>Here are you forgiven, for here you have forgiven everyone.</span> <span data-sentence-id=\"227#9:4\"><span class=\"snr\">4</span>Here is the new perception, where everything is bright and shining with innocence, washed in the waters of forgiveness, and cleansed of every evil thought you laid upon it.</span> <span data-sentence-id=\"227#9:5\"><span class=\"snr\">5</span>Here there is no attack upon the Son of God, and you are welcome.</span> <span data-sentence-id=\"227#9:6\"><span class=\"snr\">6</span>Here is your innocence, waiting to clothe you and protect you, and make you ready for the final step in the journey inward.</span> <span data-sentence-id=\"227#9:7\"><span class=\"snr\">7</span>Here are the dark and heavy garments of guilt laid by, and gently replaced by purity and love.</span></p></div> <div data-paragraph-id=\"227#10\"><p class=\"p-normal\"><span class=\"pnr\">10.</span> <span data-sentence-id=\"227#10:1\"><span class=\"snr noprint\">1</span>Yet even forgiveness is not the end.</span> <span data-sentence-id=\"227#10:2\"><span class=\"snr\">2</span>Forgiveness does make lovely, but it does not create.</span> <span data-sentence-id=\"227#10:3\"><span class=\"snr\">3</span>It is the source of healing, but it is the messenger of love and not its Source.</span> <span data-sentence-id=\"227#10:4\"><span class=\"snr\">4</span>Here you are led, that God Himself can take the final step unhindered, for here does nothing interfere with love, letting it be itself.</span> <span data-sentence-id=\"227#10:5\"><span class=\"snr\">5</span>A step beyond this holy place of forgiveness, a step still further inward but the one <i>you</i> cannot take, transports you to something completely different.</span> <span data-sentence-id=\"227#10:6\"><span class=\"snr\">6</span>Here is the Source of light; nothing perceived, forgiven nor transformed.</span> <span data-sentence-id=\"227#10:7\"><span class=\"snr\">7</span>But merely known.</span></p></div> <div data-paragraph-id=\"227#11\"><p class=\"p-normal\"><span class=\"pnr\">11.</span> <span data-sentence-id=\"227#11:1\"><span class=\"snr noprint\">1</span>This course will lead to knowledge, but knowledge itself is still beyond the scope of our curriculum.</span> <span data-sentence-id=\"227#11:2\"><span class=\"snr\">2</span>Nor is there any need for us to try to speak of what must forever lie beyond words.</span> <span data-sentence-id=\"227#11:3\"><span class=\"snr\">3</span>We need remember only that whoever attains the real world, beyond which learning cannot go, will go beyond it, but in a different way.</span> <span data-sentence-id=\"227#11:4\"><span class=\"snr\">4</span>Where learning ends there God begins, for learning ends before Him Who is complete where He begins, and where there <i>is</i> no end.</span> <span data-sentence-id=\"227#11:5\"><span class=\"snr\">5</span>It is not for us to dwell on what cannot be attained.</span> <span data-sentence-id=\"227#11:6\"><span class=\"snr\">6</span>There is too much to learn.</span> <span data-sentence-id=\"227#11:7\"><span class=\"snr\">7</span>The readiness for knowledge still must be attained.</span></p></div> <div data-paragraph-id=\"227#12\"><p class=\"p-normal\"><span class=\"pnr\">12.</span> <span data-sentence-id=\"227#12:1\"><span class=\"snr noprint\">1</span>Love is not learned.</span> <span data-sentence-id=\"227#12:2\"><span class=\"snr\">2</span>Its meaning lies within itself.</span> <span data-sentence-id=\"227#12:3\"><span class=\"snr\">3</span>And learning ends when you have recognized all it is <i>not.</i></span> <span data-sentence-id=\"227#12:4\"><span class=\"snr\">4</span>That is the interference; that is what needs to be undone.</span> <span data-sentence-id=\"227#12:5\"><span class=\"snr\">5</span>Love is not learned, because there never was a time in which you knew it not.</span> <span data-sentence-id=\"227#12:6\"><span class=\"snr\">6</span>Learning is useless in the Presence of your Creator, Whose acknowledgment of you and yours of Him so far transcend all learning that everything you learned is meaningless, replaced forever by the knowledge of love and its one meaning.</span></p></div> <div data-paragraph-id=\"227#13\"><p class=\"p-normal\"><span class=\"pnr\">13.</span> <span data-sentence-id=\"227#13:1\"><span class=\"snr noprint\">1</span>Your relationship with your brother has been uprooted from the world of shadows, and its unholy purpose has been safely brought through the barriers of guilt, washed with forgiveness, and set shining and firmly rooted in the world of light.</span> <span data-sentence-id=\"227#13:2\"><span class=\"snr\">2</span>From there it calls to you to follow the course it took, lifted high above the darkness and gently placed before the gates of Heaven.</span> <span data-sentence-id=\"227#13:3\"><span class=\"snr\">3</span>The holy instant in which you and your brother were united is but the messenger of love, sent from beyond forgiveness to remind you of all that lies beyond it.</span> <span data-sentence-id=\"227#13:4\"><span class=\"snr\">4</span>Yet it is through forgiveness that it will be remembered.</span></p></div> <div data-paragraph-id=\"227#14\"><p class=\"p-normal\"><span class=\"pnr\">14.</span> <span data-sentence-id=\"227#14:1\"><span class=\"snr noprint\">1</span>And when the memory of God has come to you in the holy place of forgiveness you will remember nothing else, and memory will be as useless as learning, for your only purpose will be creating.</span> <span data-sentence-id=\"227#14:2\"><span class=\"snr\">2</span>Yet this you cannot know until every perception has been cleansed and purified, and finally removed forever.</span> <span data-sentence-id=\"227#14:3\"><span class=\"snr\">3</span>Forgiveness removes only the untrue, lifting the shadows from the world and carrying it, safe and sure within its gentleness, to the bright world of new and clean perception.</span> <span data-sentence-id=\"227#14:4\"><span class=\"snr\">4</span>There is your purpose <i>now</i>.</span> <span data-sentence-id=\"227#14:5\"><span class=\"snr\">5</span>And it is there that peace awaits you.</span></p></div> </div>","firstWords":"You have been told to bring the darkness to the light, and guilt to holiness. And you have also been told that error must be corrected at its source. Therefore, it is the tiny part of yourself, the","contentType":"acim-content","seoTitle":"Chapter 18.IX: The Two Worlds | ACIM","seoDescription":"✨ A Course in Miracles, read the complete Chapter 18.IX “The Two Worlds”: You have been told to bring the darkness to the light, and guilt to holiness. And you have also been told that…","desktopBreadcrumbs":[{"label":"Text","leadsTo":{"locale":"en","sectionId":51,"slugs":["text","introduction"],"forceToc":true}},{"label":"Chapter 18: The Passing of the Dream","leadsTo":{"locale":"en","sectionId":219,"slugs":["chapter-18","the-substitute-reality"],"forceToc":true}},{"label":"IX. The Two Worlds","leadsTo":{"locale":"en","sectionId":227,"slugs":["chapter-18","the-two-worlds"]}}],"mobileBreadcrumbs":[{"label":"Text","leadsTo":{"locale":"en","sectionId":51,"slugs":["text","introduction"],"forceToc":true}},{"label":"Chapter 18: The Passing of the Dream","leadsTo":{"locale":"en","sectionId":219,"slugs":["chapter-18","the-substitute-reality"],"forceToc":true}},{"label":"IX. The Two Worlds","leadsTo":{"locale":"en","sectionId":227,"slugs":["chapter-18","the-two-worlds"]}}],"seoBreadcrumbs":[{"label":"A Course in Miracles","leadsTo":"dashboard"},{"label":"Text","leadsTo":{"locale":"en","sectionId":51,"slugs":["text","introduction"],"forceToc":true}},{"label":"Chapter 18","leadsTo":{"locale":"en","sectionId":219,"slugs":["chapter-18","the-substitute-reality"],"forceToc":true}},{"label":"IX. The Two Worlds","leadsTo":{"locale":"en","sectionId":227,"slugs":["chapter-18","the-two-worlds"]}}],"slugs":["chapter-18","the-two-worlds"],"canonicalLink":"https://acim.org/acim/chapter-18/the-two-worlds/en/s/227","link":"https://acim.org/acim/chapter-18/the-two-worlds/en/s/227","shortLink":"https://acim.org/acim/en/s/227","previousSectionId":226,"previousSectionSlugs":["chapter-18","the-little-garden"],"previousSectionLink":"https://acim.org/acim/chapter-18/the-little-garden/en/s/226","nextSectionId":229,"nextSectionSlugs":["chapter-19","healing-and-faith"],"nextSectionLink":"https://acim.org/acim/chapter-19/healing-and-faith/en/s/229","hreflangLinks":[{"hrefLang":"en","link":"https://acim.org/acim/en/s/227"}]}