{"sectionId":230,"sectionIdLiteral":"230","humanId":"chap-19-sect-2","volumeId":"text","locale":"en","titleInfo":{"title":"Sin versus Error","inlineNumber":"II."},"annotation":"T-19.II","bodyHtml":"<div class=\"acim-text chap-19-sect-2\"> <div data-paragraph-id=\"230#1\"><p class=\"p-normal\"><span class=\"pnr\">1.</span> <span data-sentence-id=\"230#1:1\"><span class=\"snr noprint\">1</span>It is essential that error be not confused with sin, and it is this distinction that makes salvation possible.</span> <span data-sentence-id=\"230#1:2\"><span class=\"snr\">2</span>For error can be corrected, and the wrong made right.</span> <span data-sentence-id=\"230#1:3\"><span class=\"snr\">3</span>But sin, were it possible, would be irreversible.</span> <span data-sentence-id=\"230#1:4\"><span class=\"snr\">4</span>The belief in sin is necessarily based on the firm conviction that minds, not bodies, can attack.</span> <span data-sentence-id=\"230#1:5\"><span class=\"snr\">5</span>And thus the mind is guilty, and will forever so remain unless a mind not part of it can give it absolution.</span> <span data-sentence-id=\"230#1:6\"><span class=\"snr\">6</span>Sin calls for punishment as error for correction, and the belief that punishment <i>is</i> correction is clearly insane.</span></p></div> <div data-paragraph-id=\"230#2\"><p class=\"p-normal\"><span class=\"pnr\">2.</span> <span data-sentence-id=\"230#2:1\"><span class=\"snr noprint\">1</span>Sin is not an error, for sin entails an arrogance which the idea of error lacks.</span> <span data-sentence-id=\"230#2:2\"><span class=\"snr\">2</span>To sin would be to violate reality, and to succeed.</span> <span data-sentence-id=\"230#2:3\"><span class=\"snr\">3</span>Sin is the proclamation that attack is real and guilt is justified.</span> <span data-sentence-id=\"230#2:4\"><span class=\"snr\">4</span>It assumes the Son of God is guilty, and has thus succeeded in losing his innocence and making himself what God created not.</span> <span data-sentence-id=\"230#2:5\"><span class=\"snr\">5</span>Thus is creation seen as not eternal, and the Will of God open to opposition and defeat.</span> <span data-sentence-id=\"230#2:6\"><span class=\"snr\">6</span>Sin is the grand illusion underlying all the ego’s grandiosity.</span> <span data-sentence-id=\"230#2:7\"><span class=\"snr\">7</span>For by it God Himself is changed, and rendered incomplete.</span></p></div> <div data-paragraph-id=\"230#3\"><p class=\"p-normal\"><span class=\"pnr\">3.</span> <span data-sentence-id=\"230#3:1\"><span class=\"snr noprint\">1</span>The Son of God can be mistaken; he can deceive himself; he can even turn the power of his mind against himself.</span> <span data-sentence-id=\"230#3:2\"><span class=\"snr\">2</span>But he <i>cannot</i> sin.</span> <span data-sentence-id=\"230#3:3\"><span class=\"snr\">3</span>There is nothing he can do that would really change his reality in any way, nor make him really guilty.</span> <span data-sentence-id=\"230#3:4\"><span class=\"snr\">4</span>That is what sin would do, for such is its purpose.</span> <span data-sentence-id=\"230#3:5\"><span class=\"snr\">5</span>Yet for all the wild insanity inherent in the whole idea of sin, it is impossible.</span> <span data-sentence-id=\"230#3:6\"><span class=\"snr\">6</span>For the wages of sin <i>is</i> death, and how can the immortal die?</span></p></div> <div data-paragraph-id=\"230#4\"><p class=\"p-normal\"><span class=\"pnr\">4.</span> <span data-sentence-id=\"230#4:1\"><span class=\"snr noprint\">1</span>A major tenet in the ego’s insane religion is that sin is not error but truth, and it is innocence that would deceive.</span> <span data-sentence-id=\"230#4:2\"><span class=\"snr\">2</span>Purity is seen as arrogance, and the acceptance of the self as sinful is perceived as holiness.</span> <span data-sentence-id=\"230#4:3\"><span class=\"snr\">3</span>And it is this doctrine that replaces the reality of the Son of God as his Father created him, and willed that he be forever.</span> <span data-sentence-id=\"230#4:4\"><span class=\"snr\">4</span>Is this humility?</span> <span data-sentence-id=\"230#4:5\"><span class=\"snr\">5</span>Or is it, rather, an attempt to wrest creation away from truth, and keep it separate?</span></p></div> <div data-paragraph-id=\"230#5\"><p class=\"p-normal\"><span class=\"pnr\">5.</span> <span data-sentence-id=\"230#5:1\"><span class=\"snr noprint\">1</span>Any attempt to reinterpret sin as error is always indefensible to the ego.</span> <span data-sentence-id=\"230#5:2\"><span class=\"snr\">2</span>The idea of sin is wholly sacrosanct to its thought system, and quite unapproachable except with reverence and awe.</span> <span data-sentence-id=\"230#5:3\"><span class=\"snr\">3</span>It is the most “holy” concept in the ego’s system; lovely and powerful, wholly true, and necessarily protected with every defense at its disposal.</span> <span data-sentence-id=\"230#5:4\"><span class=\"snr\">4</span>For here lies its “best” defense, which all the others serve.</span> <span data-sentence-id=\"230#5:5\"><span class=\"snr\">5</span>Here is its armor, its protection, and the fundamental purpose of the special relationship in its interpretation.</span></p></div> <div data-paragraph-id=\"230#6\"><p class=\"p-normal\"><span class=\"pnr\">6.</span> <span data-sentence-id=\"230#6:1\"><span class=\"snr noprint\">1</span>It can indeed be said the ego made its world on sin.</span> <span data-sentence-id=\"230#6:2\"><span class=\"snr\">2</span>Only in such a world could everything be upside down.</span> <span data-sentence-id=\"230#6:3\"><span class=\"snr\">3</span>This is the strange illusion that makes the clouds of guilt seem heavy and impenetrable.</span> <span data-sentence-id=\"230#6:4\"><span class=\"snr\">4</span>The solidness that this world’s foundation seems to have is found in this.</span> <span data-sentence-id=\"230#6:5\"><span class=\"snr\">5</span>For sin has changed creation from an idea of God to an ideal the ego wants; a world it rules, made up of bodies, mindless and capable of complete corruption and decay.</span> <span data-sentence-id=\"230#6:6\"><span class=\"snr\">6</span>If this is a mistake, it can be undone easily by truth.</span> <span data-sentence-id=\"230#6:7\"><span class=\"snr\">7</span>Any mistake can be corrected, if truth be left to judge it.</span> <span data-sentence-id=\"230#6:8\"><span class=\"snr\">8</span>But if the mistake is given the status of truth, to what can it be brought?</span> <span data-sentence-id=\"230#6:9\"><span class=\"snr\">9</span>The “holiness” of sin is kept in place by just this strange device.</span> <span data-sentence-id=\"230#6:10\"><span class=\"snr\">10</span>As truth it is inviolate, and everything is brought to <i>it</i> for judgment.</span> <span data-sentence-id=\"230#6:11\"><span class=\"snr\">11</span>As a mistake, <i>it</i> must be brought to truth.</span> <span data-sentence-id=\"230#6:12\"><span class=\"snr\">12</span>It is impossible to have faith in sin, for sin is faithlessness.</span> <span data-sentence-id=\"230#6:13\"><span class=\"snr\">13</span>Yet it is possible to have faith that a mistake can be corrected.</span></p></div> <div data-paragraph-id=\"230#7\"><p class=\"p-normal\"><span class=\"pnr\">7.</span> <span data-sentence-id=\"230#7:1\"><span class=\"snr noprint\">1</span>There is no stone in all the ego’s embattled citadel that is more heavily defended than the idea that sin is real; the natural expression of what the Son of God has made himself to be, and what he is.</span> <span data-sentence-id=\"230#7:2\"><span class=\"snr\">2</span>To the ego, this is no mistake.</span> <span data-sentence-id=\"230#7:3\"><span class=\"snr\">3</span>For this is its reality; this is the “truth” from which escape will always be impossible.</span> <span data-sentence-id=\"230#7:4\"><span class=\"snr\">4</span>This is his past, his present and his future.</span> <span data-sentence-id=\"230#7:5\"><span class=\"snr\">5</span>For he has somehow managed to corrupt his Father, and change His Mind completely.</span> <span data-sentence-id=\"230#7:6\"><span class=\"snr\">6</span>Mourn, then, the death of God, Whom sin has killed!</span> <span data-sentence-id=\"230#7:7\"><span class=\"snr\">7</span>And this would be the ego’s wish, which in its madness it believes it has accomplished.</span></p></div> <div data-paragraph-id=\"230#8\"><p class=\"p-normal\"><span class=\"pnr\">8.</span> <span data-sentence-id=\"230#8:1\"><span class=\"snr noprint\">1</span>Would you not rather that all this be nothing more than a mistake, entirely correctable, and so easily escaped from that its whole correction is like walking through a mist into the sun?</span> <span data-sentence-id=\"230#8:2\"><span class=\"snr\">2</span>For that is all it is.</span> <span data-sentence-id=\"230#8:3\"><span class=\"snr\">3</span>Perhaps you would be tempted to agree with the ego that it is far better to be sinful than mistaken.</span> <span data-sentence-id=\"230#8:4\"><span class=\"snr\">4</span>Yet think you carefully before you allow yourself to make this choice.</span> <span data-sentence-id=\"230#8:5\"><span class=\"snr\">5</span>Approach it not lightly, for it is the choice of hell or Heaven.</span></p></div> </div>","firstWords":"It is essential that error be not confused with sin, and it is this distinction that makes salvation possible. For error can be corrected, and the wrong made right. But sin, were it possible, would","contentType":"acim-content","seoTitle":"Chapter 19.II: Sin versus Error | ACIM","seoDescription":"✨ A Course in Miracles, read the complete Chapter 19.II “Sin versus Error”: It is essential that error be not confused with sin, and it is this distinction that makes salvation possible.…","desktopBreadcrumbs":[{"label":"Text","leadsTo":{"locale":"en","sectionId":51,"slugs":["text","introduction"],"forceToc":true}},{"label":"Chapter 19: The Attainment of Peace","leadsTo":{"locale":"en","sectionId":229,"slugs":["chapter-19","healing-and-faith"],"forceToc":true}},{"label":"II. Sin versus Error","leadsTo":{"locale":"en","sectionId":230,"slugs":["chapter-19","sin-versus-error"]}}],"mobileBreadcrumbs":[{"label":"Text","leadsTo":{"locale":"en","sectionId":51,"slugs":["text","introduction"],"forceToc":true}},{"label":"Chapter 19: The Attainment of Peace","leadsTo":{"locale":"en","sectionId":229,"slugs":["chapter-19","healing-and-faith"],"forceToc":true}},{"label":"II. Sin versus Error","leadsTo":{"locale":"en","sectionId":230,"slugs":["chapter-19","sin-versus-error"]}}],"seoBreadcrumbs":[{"label":"A Course in Miracles","leadsTo":"dashboard"},{"label":"Text","leadsTo":{"locale":"en","sectionId":51,"slugs":["text","introduction"],"forceToc":true}},{"label":"Chapter 19","leadsTo":{"locale":"en","sectionId":229,"slugs":["chapter-19","healing-and-faith"],"forceToc":true}},{"label":"II. Sin versus Error","leadsTo":{"locale":"en","sectionId":230,"slugs":["chapter-19","sin-versus-error"]}}],"slugs":["chapter-19","sin-versus-error"],"canonicalLink":"https://acim.org/acim/chapter-19/sin-versus-error/en/s/230","link":"https://acim.org/acim/chapter-19/sin-versus-error/en/s/230","shortLink":"https://acim.org/acim/en/s/230","previousSectionId":229,"previousSectionSlugs":["chapter-19","healing-and-faith"],"previousSectionLink":"https://acim.org/acim/chapter-19/healing-and-faith/en/s/229","nextSectionId":231,"nextSectionSlugs":["chapter-19","the-unreality-of-sin"],"nextSectionLink":"https://acim.org/acim/chapter-19/the-unreality-of-sin/en/s/231","hreflangLinks":[{"hrefLang":"en","link":"https://acim.org/acim/en/s/230"}]}