{"sectionId":231,"sectionIdLiteral":"231","humanId":"chap-19-sect-3","volumeId":"text","locale":"en","titleInfo":{"title":"The Unreality of Sin","inlineNumber":"III."},"annotation":"T-19.III","bodyHtml":"<div class=\"acim-text chap-19-sect-3\"> <div data-paragraph-id=\"231#1\"><p class=\"p-normal\"><span class=\"pnr\">1.</span> <span data-sentence-id=\"231#1:1\"><span class=\"snr noprint\">1</span>The attraction of guilt is found in sin, not error.</span> <span data-sentence-id=\"231#1:2\"><span class=\"snr\">2</span>Sin will be repeated because of this attraction.</span> <span data-sentence-id=\"231#1:3\"><span class=\"snr\">3</span>Fear can become so acute that the sin is denied the acting out.</span> <span data-sentence-id=\"231#1:4\"><span class=\"snr\">4</span>But while the guilt remains attractive the mind will suffer, and not let go of the idea of sin.</span> <span data-sentence-id=\"231#1:5\"><span class=\"snr\">5</span>For guilt still calls to it, and the mind hears it and yearns for it, making itself a willing captive to its sick appeal.</span> <span data-sentence-id=\"231#1:6\"><span class=\"snr\">6</span>Sin is an idea of evil that cannot be corrected, and yet will be forever desirable.</span> <span data-sentence-id=\"231#1:7\"><span class=\"snr\">7</span>As an essential part of what the ego thinks you are, you will always want it.</span> <span data-sentence-id=\"231#1:8\"><span class=\"snr\">8</span>And only an avenger, with a mind unlike your own, could stamp it out through fear.</span></p></div> <div data-paragraph-id=\"231#2\"><p class=\"p-normal\"><span class=\"pnr\">2.</span> <span data-sentence-id=\"231#2:1\"><span class=\"snr noprint\">1</span>The ego does not think it possible that love, not fear, is really called upon by sin, <i>and always answers.</i></span> <span data-sentence-id=\"231#2:2\"><span class=\"snr\">2</span>For the ego brings sin to fear, demanding punishment.</span> <span data-sentence-id=\"231#2:3\"><span class=\"snr\">3</span>Yet punishment is but another form of guilt’s protection, for what is deserving punishment must have been really done.</span> <span data-sentence-id=\"231#2:4\"><span class=\"snr\">4</span>Punishment is always the great preserver of sin, treating it with respect and honoring its enormity.</span> <span data-sentence-id=\"231#2:5\"><span class=\"snr\">5</span>What must be punished, must be true.</span> <span data-sentence-id=\"231#2:6\"><span class=\"snr\">6</span>And what is true must be eternal, and will be repeated endlessly.</span> <span data-sentence-id=\"231#2:7\"><span class=\"snr\">7</span>For what you think is real you want, and will not let it go.</span></p></div> <div data-paragraph-id=\"231#3\"><p class=\"p-normal\"><span class=\"pnr\">3.</span> <span data-sentence-id=\"231#3:1\"><span class=\"snr noprint\">1</span>An error, on the other hand, is not attractive.</span> <span data-sentence-id=\"231#3:2\"><span class=\"snr\">2</span>What you see clearly as a mistake you want corrected.</span> <span data-sentence-id=\"231#3:3\"><span class=\"snr\">3</span>Sometimes a sin can be repeated over and over, with obviously distressing results, but without the loss of its appeal.</span> <span data-sentence-id=\"231#3:4\"><span class=\"snr\">4</span>And suddenly, you change its status from a sin to a mistake.</span> <span data-sentence-id=\"231#3:5\"><span class=\"snr\">5</span>Now you will not repeat it; you will merely stop and let it go, unless the guilt remains.</span> <span data-sentence-id=\"231#3:6\"><span class=\"snr\">6</span>For then you will but change the form of sin, granting that it was an error, but keeping it uncorrectable.</span> <span data-sentence-id=\"231#3:7\"><span class=\"snr\">7</span>This is not really a change in your perception, for it is sin that calls for punishment, not error.</span></p></div> <div data-paragraph-id=\"231#4\"><p class=\"p-normal\"><span class=\"pnr\">4.</span> <span data-sentence-id=\"231#4:1\"><span class=\"snr noprint\">1</span>The Holy Spirit cannot punish sin.</span> <span data-sentence-id=\"231#4:2\"><span class=\"snr\">2</span>Mistakes He recognizes, and would correct them all as God entrusted Him to do.</span> <span data-sentence-id=\"231#4:3\"><span class=\"snr\">3</span>But sin He knows not, nor can He recognize mistakes that cannot be corrected.</span> <span data-sentence-id=\"231#4:4\"><span class=\"snr\">4</span>For a mistake that cannot be corrected is meaningless to Him.</span> <span data-sentence-id=\"231#4:5\"><span class=\"snr\">5</span>Mistakes are <i>for</i> correction, and they call for nothing else.</span> <span data-sentence-id=\"231#4:6\"><span class=\"snr\">6</span>What calls for punishment must call for nothing.</span> <span data-sentence-id=\"231#4:7\"><span class=\"snr\">7</span>Every mistake <i>must</i> be a call for love.</span> <span data-sentence-id=\"231#4:8\"><span class=\"snr\">8</span>What, then, is sin?</span> <span data-sentence-id=\"231#4:9\"><span class=\"snr\">9</span>What could it be but a mistake you would keep hidden; a call for help that you would keep unheard and thus unanswered?</span></p></div> <div data-paragraph-id=\"231#5\"><p class=\"p-normal\"><span class=\"pnr\">5.</span> <span data-sentence-id=\"231#5:1\"><span class=\"snr noprint\">1</span>In time, the Holy Spirit clearly sees the Son of God can make mistakes.</span> <span data-sentence-id=\"231#5:2\"><span class=\"snr\">2</span>On this you share His vision.</span> <span data-sentence-id=\"231#5:3\"><span class=\"snr\">3</span>Yet you do not share His recognition of the difference between time and eternity.</span> <span data-sentence-id=\"231#5:4\"><span class=\"snr\">4</span>And when correction is completed, time <i>is</i> eternity.</span> <span data-sentence-id=\"231#5:5\"><span class=\"snr\">5</span>The Holy Spirit can teach you how to look on time differently and see beyond it, but not while you believe in sin.</span> <span data-sentence-id=\"231#5:6\"><span class=\"snr\">6</span>In error, yes, for this can be corrected by the mind.</span> <span data-sentence-id=\"231#5:7\"><span class=\"snr\">7</span>But sin is the belief that your perception is unchangeable, and that the mind must accept as true what it is told through it.</span> <span data-sentence-id=\"231#5:8\"><span class=\"snr\">8</span>If it does not obey, the mind is judged insane.</span> <span data-sentence-id=\"231#5:9\"><span class=\"snr\">9</span>The only power that could change perception is thus kept impotent, held to the body by the fear of changed perception which its Teacher, Who is one with it, would bring.</span></p></div> <div data-paragraph-id=\"231#6\"><p class=\"p-normal\"><span class=\"pnr\">6.</span> <span data-sentence-id=\"231#6:1\"><span class=\"snr noprint\">1</span>When you are tempted to believe that sin is real, remember this: If sin is real, both God and you are not.</span> <span data-sentence-id=\"231#6:2\"><span class=\"snr\">2</span>If creation is extension, the Creator must have extended Himself, and it is impossible that what is part of Him is totally unlike the rest.</span> <span data-sentence-id=\"231#6:3\"><span class=\"snr\">3</span>If sin is real, God must be at war with Himself.</span> <span data-sentence-id=\"231#6:4\"><span class=\"snr\">4</span>He must be split, and torn between good and evil; partly sane and partially insane.</span> <span data-sentence-id=\"231#6:5\"><span class=\"snr\">5</span>For He must have created what wills to destroy Him, and has the power to do so.</span> <span data-sentence-id=\"231#6:6\"><span class=\"snr\">6</span>Is it not easier to believe that you have been mistaken than to believe in this?</span></p></div> <div data-paragraph-id=\"231#7\"><p class=\"p-normal\"><span class=\"pnr\">7.</span> <span data-sentence-id=\"231#7:1\"><span class=\"snr noprint\">1</span>While you believe that your reality or your brother’s is bounded by a body, you will believe in sin.</span> <span data-sentence-id=\"231#7:2\"><span class=\"snr\">2</span>While you believe that bodies can unite, you will find guilt attractive and believe that sin is precious.</span> <span data-sentence-id=\"231#7:3\"><span class=\"snr\">3</span>For the belief that bodies limit mind leads to a perception of the world in which the proof of separation seems to be everywhere.</span> <span data-sentence-id=\"231#7:4\"><span class=\"snr\">4</span>And God and His creation seem to be split apart and overthrown.</span> <span data-sentence-id=\"231#7:5\"><span class=\"snr\">5</span>For sin would prove what God created holy could not prevail against it, nor remain itself before the power of sin.</span> <span data-sentence-id=\"231#7:6\"><span class=\"snr\">6</span>Sin is perceived as mightier than God, before which God Himself must bow, and offer His creation to its conqueror.</span> <span data-sentence-id=\"231#7:7\"><span class=\"snr\">7</span>Is this humility or madness?</span></p></div> <div data-paragraph-id=\"231#8\"><p class=\"p-normal\"><span class=\"pnr\">8.</span> <span data-sentence-id=\"231#8:1\"><span class=\"snr noprint\">1</span>If sin is real, it must forever be beyond the hope of healing.</span> <span data-sentence-id=\"231#8:2\"><span class=\"snr\">2</span>For there would be a power beyond God’s, capable of making another will that could attack His Will and overcome it; and give His Son a will apart from His, and stronger.</span> <span data-sentence-id=\"231#8:3\"><span class=\"snr\">3</span>And each part of God’s fragmented creation would have a different will, opposed to His, and in eternal opposition to Him and to each other.</span> <span data-sentence-id=\"231#8:4\"><span class=\"snr\">4</span>Your holy relationship has, as its purpose now, the goal of proving this is impossible.</span> <span data-sentence-id=\"231#8:5\"><span class=\"snr\">5</span>Heaven has smiled upon it, and the belief in sin has been uprooted in its smile of love.</span> <span data-sentence-id=\"231#8:6\"><span class=\"snr\">6</span>You see it still, because you do not realize that its foundation has gone.</span> <span data-sentence-id=\"231#8:7\"><span class=\"snr\">7</span>Its source has been removed, and so it can be cherished but a little while before it vanishes.</span> <span data-sentence-id=\"231#8:8\"><span class=\"snr\">8</span>Only the habit of looking for it still remains.</span></p></div> <div data-paragraph-id=\"231#9\"><p class=\"p-normal\"><span class=\"pnr\">9.</span> <span data-sentence-id=\"231#9:1\"><span class=\"snr noprint\">1</span>And yet you look with Heaven’s smile upon your lips, and Heaven’s blessing on your sight.</span> <span data-sentence-id=\"231#9:2\"><span class=\"snr\">2</span>You will not see sin long.</span> <span data-sentence-id=\"231#9:3\"><span class=\"snr\">3</span>For in the new perception the mind corrects it when it seems to be seen, and it becomes invisible.</span> <span data-sentence-id=\"231#9:4\"><span class=\"snr\">4</span>Errors are quickly recognized and quickly given to correction, to be healed, not hidden.</span> <span data-sentence-id=\"231#9:5\"><span class=\"snr\">5</span>You will be healed of sin and all its ravages the instant that you give it no power over your brother.</span> <span data-sentence-id=\"231#9:6\"><span class=\"snr\">6</span>And you will help him overcome mistakes by joyously releasing him from the belief in sin.</span></p></div> <div data-paragraph-id=\"231#10\"><p class=\"p-normal\"><span class=\"pnr\">10.</span> <span data-sentence-id=\"231#10:1\"><span class=\"snr noprint\">1</span>In the holy instant, you will see the smile of Heaven shining on both you and your brother.</span> <span data-sentence-id=\"231#10:2\"><span class=\"snr\">2</span>And you will shine upon him, in glad acknowledgment of the grace that has been given you.</span> <span data-sentence-id=\"231#10:3\"><span class=\"snr\">3</span>For sin will not prevail against a union Heaven has smiled upon.</span> <span data-sentence-id=\"231#10:4\"><span class=\"snr\">4</span>Your perception was healed in the holy instant Heaven gave you.</span> <span data-sentence-id=\"231#10:5\"><span class=\"snr\">5</span>Forget what you have seen, and raise your eyes in faith to what you now can see.</span> <span data-sentence-id=\"231#10:6\"><span class=\"snr\">6</span>The barriers to Heaven will disappear before your holy sight, for you who were sightless have been given vision, and you can see.</span> <span data-sentence-id=\"231#10:7\"><span class=\"snr\">7</span>Look not for what has been removed, but for the glory that has been restored for you to see.</span></p></div> <div data-paragraph-id=\"231#11\"><p class=\"p-normal\"><span class=\"pnr\">11.</span> <span data-sentence-id=\"231#11:1\"><span class=\"snr noprint\">1</span>Look upon your Redeemer, and behold what He would show you in your brother, and let not sin arise again to blind your eyes.</span> <span data-sentence-id=\"231#11:2\"><span class=\"snr\">2</span>For sin would keep you separate from him, but your Redeemer would have you look upon your brother as yourself.</span> <span data-sentence-id=\"231#11:3\"><span class=\"snr\">3</span>Your relationship is now a temple of healing; a place where all the weary ones can come and rest.</span> <span data-sentence-id=\"231#11:4\"><span class=\"snr\">4</span>Here is the rest that waits for all, after the journey.</span> <span data-sentence-id=\"231#11:5\"><span class=\"snr\">5</span>And it is brought nearer to all by your relationship.</span></p></div> </div>","firstWords":"The attraction of guilt is found in sin, not error. Sin will be repeated because of this attraction. Fear can become so acute that the sin is denied the acting out. But while the guilt remains","contentType":"acim-content","seoTitle":"Chapter 19.III: The Unreality of Sin | ACIM","seoDescription":"✨ A Course in Miracles, read the complete Chapter 19.III “The Unreality of Sin”: The attraction of guilt is found in sin, not error. Sin will be repeated because of this attraction. Fear…","desktopBreadcrumbs":[{"label":"Text","leadsTo":{"locale":"en","sectionId":51,"slugs":["text","introduction"],"forceToc":true}},{"label":"Chapter 19: The Attainment of Peace","leadsTo":{"locale":"en","sectionId":229,"slugs":["chapter-19","healing-and-faith"],"forceToc":true}},{"label":"III. The Unreality of Sin","leadsTo":{"locale":"en","sectionId":231,"slugs":["chapter-19","the-unreality-of-sin"]}}],"mobileBreadcrumbs":[{"label":"Text","leadsTo":{"locale":"en","sectionId":51,"slugs":["text","introduction"],"forceToc":true}},{"label":"Chapter 19: The Attainment of Peace","leadsTo":{"locale":"en","sectionId":229,"slugs":["chapter-19","healing-and-faith"],"forceToc":true}},{"label":"III. The Unreality of Sin","leadsTo":{"locale":"en","sectionId":231,"slugs":["chapter-19","the-unreality-of-sin"]}}],"seoBreadcrumbs":[{"label":"A Course in Miracles","leadsTo":"dashboard"},{"label":"Text","leadsTo":{"locale":"en","sectionId":51,"slugs":["text","introduction"],"forceToc":true}},{"label":"Chapter 19","leadsTo":{"locale":"en","sectionId":229,"slugs":["chapter-19","healing-and-faith"],"forceToc":true}},{"label":"III. The Unreality of Sin","leadsTo":{"locale":"en","sectionId":231,"slugs":["chapter-19","the-unreality-of-sin"]}}],"slugs":["chapter-19","the-unreality-of-sin"],"canonicalLink":"https://acim.org/acim/chapter-19/the-unreality-of-sin/en/s/231","link":"https://acim.org/acim/chapter-19/the-unreality-of-sin/en/s/231","shortLink":"https://acim.org/acim/en/s/231","previousSectionId":230,"previousSectionSlugs":["chapter-19","sin-versus-error"],"previousSectionLink":"https://acim.org/acim/chapter-19/sin-versus-error/en/s/230","nextSectionId":232,"nextSectionSlugs":["chapter-19","the-obstacles-to-peace"],"nextSectionLink":"https://acim.org/acim/chapter-19/the-obstacles-to-peace/en/s/232","hreflangLinks":[{"hrefLang":"en","link":"https://acim.org/acim/en/s/231"}]}