{"sectionId":237,"sectionIdLiteral":"237","humanId":"chap-19-sect-4-sub-c","volumeId":"text","locale":"en","titleInfo":{"title":"The Third Obstacle: The Attraction of Death","inlineNumber":"C."},"annotation":"T-19.IV-C","bodyHtml":"<div class=\"acim-text chap-19-sect-4-sub-c\"> <div data-paragraph-id=\"237#1\"><p class=\"p-normal\"><span class=\"pnr\">1.</span> <span data-sentence-id=\"237#1:1\"><span class=\"snr noprint\">1</span>To you and your brother, in whose special relationship the Holy Spirit entered, it is given to release and be released from the dedication to death.</span> <span data-sentence-id=\"237#1:2\"><span class=\"snr\">2</span>For it was offered you, and you accepted.</span> <span data-sentence-id=\"237#1:3\"><span class=\"snr\">3</span>Yet you must learn still more about this strange devotion, for it contains the third obstacle that peace must flow across.</span> <span data-sentence-id=\"237#1:4\"><span class=\"snr\">4</span>No one can die unless he chooses death.</span> <span data-sentence-id=\"237#1:5\"><span class=\"snr\">5</span>What seems to be the fear of death is really its attraction.</span> <span data-sentence-id=\"237#1:6\"><span class=\"snr\">6</span>Guilt, too, is feared and fearful.</span> <span data-sentence-id=\"237#1:7\"><span class=\"snr\">7</span>Yet it could have no hold at all except on those who are attracted to it and seek it out.</span> <span data-sentence-id=\"237#1:8\"><span class=\"snr\">8</span>And so it is with death.</span> <span data-sentence-id=\"237#1:9\"><span class=\"snr\">9</span>Made by the ego, its dark shadow falls across all living things, because the ego is the “enemy” of life.</span></p></div> <div data-paragraph-id=\"237#2\"><p class=\"p-normal\"><span class=\"pnr\">2.</span> <span data-sentence-id=\"237#2:1\"><span class=\"snr noprint\">1</span>And yet a shadow cannot kill.</span> <span data-sentence-id=\"237#2:2\"><span class=\"snr\">2</span>What is a shadow to the living?</span> <span data-sentence-id=\"237#2:3\"><span class=\"snr\">3</span>They but walk past and it is gone.</span> <span data-sentence-id=\"237#2:4\"><span class=\"snr\">4</span>But what of those whose dedication is not to live; the black-draped “sinners,” the ego’s mournful chorus, plodding so heavily away from life, dragging their chains and marching in the slow procession that honors their grim master, lord of death?</span> <span data-sentence-id=\"237#2:5\"><span class=\"snr\">5</span>Touch any one of them with the gentle hands of forgiveness, and watch the chains fall away, along with yours.</span> <span data-sentence-id=\"237#2:6\"><span class=\"snr\">6</span>See him throw aside the black robe he was wearing to his funeral, and hear him laugh at death.</span> <span data-sentence-id=\"237#2:7\"><span class=\"snr\">7</span>The sentence sin would lay upon him he can escape through your forgiveness.</span> <span data-sentence-id=\"237#2:8\"><span class=\"snr\">8</span>This is no arrogance.</span> <span data-sentence-id=\"237#2:9\"><span class=\"snr\">9</span>It is the Will of God.</span> <span data-sentence-id=\"237#2:10\"><span class=\"snr\">10</span>What is impossible to you who chose His Will as yours?</span> <span data-sentence-id=\"237#2:11\"><span class=\"snr\">11</span>What is death to you?</span> <span data-sentence-id=\"237#2:12\"><span class=\"snr\">12</span>Your dedication is not to death, nor to its master.</span> <span data-sentence-id=\"237#2:13\"><span class=\"snr\">13</span>When you accepted the Holy Spirit’s purpose in place of the ego’s you renounced death, exchanging it for life.</span> <span data-sentence-id=\"237#2:14\"><span class=\"snr\">14</span>We know that an idea leaves not its source.</span> <span data-sentence-id=\"237#2:15\"><span class=\"snr\">15</span>And death is the result of the thought we call the ego, as surely as life is the result of the Thought of God.</span></p></div> </div>","firstWords":"To you and your brother, in whose special relationship the Holy Spirit entered, it is given to release and be released from the dedication to death. For it was offered you, and you accepted. Yet you","contentType":"acim-content","seoTitle":"Chapter 19.IV-C: The Third Obstacle: The… | ACIM","seoDescription":"✨ A Course in Miracles, read the complete Chapter 19.IV-C “The Third Obstacle: The Attraction of Death”: To you and your brother, in whose special relationship the Holy Spirit entered,…","desktopBreadcrumbs":[{"label":"Text","leadsTo":{"locale":"en","sectionId":51,"slugs":["text","introduction"],"forceToc":true}},{"label":"Chapter 19","leadsTo":{"locale":"en","sectionId":229,"slugs":["chapter-19","healing-and-faith"],"forceToc":true}},{"label":"IV. The Obstacles to Peace","leadsTo":{"locale":"en","sectionId":232,"slugs":["chapter-19","the-obstacles-to-peace"]}},{"label":"C. The Third Obstacle","leadsTo":{"locale":"en","sectionId":237,"slugs":["chapter-19","the-third-obstacle-the-attraction-of-death"]}}],"mobileBreadcrumbs":[{"label":"Text","leadsTo":{"locale":"en","sectionId":51,"slugs":["text","introduction"],"forceToc":true}},{"label":"Chapter 19: The Attainment of Peace","leadsTo":{"locale":"en","sectionId":229,"slugs":["chapter-19","healing-and-faith"],"forceToc":true}},{"label":"IV. The Obstacles to Peace","leadsTo":{"locale":"en","sectionId":232,"slugs":["chapter-19","the-obstacles-to-peace"]}},{"label":"C. The Third Obstacle","leadsTo":{"locale":"en","sectionId":237,"slugs":["chapter-19","the-third-obstacle-the-attraction-of-death"]}}],"seoBreadcrumbs":[{"label":"A Course in Miracles","leadsTo":"dashboard"},{"label":"Text","leadsTo":{"locale":"en","sectionId":51,"slugs":["text","introduction"],"forceToc":true}},{"label":"Chapter 19","leadsTo":{"locale":"en","sectionId":229,"slugs":["chapter-19","healing-and-faith"],"forceToc":true}},{"label":"IV. The Obstacles to Peace","leadsTo":{"locale":"en","sectionId":232,"slugs":["chapter-19","the-obstacles-to-peace"]}},{"label":"C. The Third Obstacle","leadsTo":{"locale":"en","sectionId":237,"slugs":["chapter-19","the-third-obstacle-the-attraction-of-death"]}}],"slugs":["chapter-19","the-third-obstacle-the-attraction-of-death"],"canonicalLink":"https://acim.org/acim/chapter-19/the-third-obstacle-the-attraction-of-death/en/s/237","link":"https://acim.org/acim/chapter-19/the-third-obstacle-the-attraction-of-death/en/s/237","shortLink":"https://acim.org/acim/en/s/237","previousSectionId":236,"previousSectionSlugs":["chapter-19","the-attraction-of-pain"],"previousSectionLink":"https://acim.org/acim/chapter-19/the-attraction-of-pain/en/s/236","nextSectionId":238,"nextSectionSlugs":["chapter-19","the-incorruptible-body"],"nextSectionLink":"https://acim.org/acim/chapter-19/the-incorruptible-body/en/s/238","hreflangLinks":[{"hrefLang":"en","link":"https://acim.org/acim/en/s/237"}]}