{"sectionId":238,"sectionIdLiteral":"238","humanId":"chap-19-sect-4-sub-c-sub-i","volumeId":"text","locale":"en","titleInfo":{"title":"The Incorruptible Body","inlineNumber":"i."},"annotation":"T-19.IV-C","bodyHtml":"<div class=\"acim-text chap-19-sect-4-sub-c-sub-i\"> <div data-paragraph-id=\"238#3\"><p class=\"p-normal\"><span class=\"pnr\">3.</span> <span data-sentence-id=\"238#3:1\"><span class=\"snr noprint\">1</span>From the ego came sin and guilt and death, in opposition to life and innocence, and to the Will of God Himself.</span> <span data-sentence-id=\"238#3:2\"><span class=\"snr\">2</span>Where can such opposition lie but in the sick minds of the insane, dedicated to madness and set against the peace of Heaven?</span> <span data-sentence-id=\"238#3:3\"><span class=\"snr\">3</span>One thing is sure; God, Who created neither sin nor death, wills not that you be bound by them.</span> <span data-sentence-id=\"238#3:4\"><span class=\"snr\">4</span>He knows of neither sin nor its results.</span> <span data-sentence-id=\"238#3:5\"><span class=\"snr\">5</span>The shrouded figures in the funeral procession march not in honor of their Creator, Whose Will it is they live.</span> <span data-sentence-id=\"238#3:6\"><span class=\"snr\">6</span>They are not following His Will; they are opposing it.</span></p></div> <div data-paragraph-id=\"238#4\"><p class=\"p-normal\"><span class=\"pnr\">4.</span> <span data-sentence-id=\"238#4:1\"><span class=\"snr noprint\">1</span>And what is the black-draped body they would bury?</span> <span data-sentence-id=\"238#4:2\"><span class=\"snr\">2</span>A body which they dedicated to death, a symbol of corruption, a sacrifice to sin, offered to sin to feed upon and keep itself alive; a thing condemned, damned by its maker and lamented by every mourner who looks upon it as himself.</span> <span data-sentence-id=\"238#4:3\"><span class=\"snr\">3</span>You who believe you have condemned the Son of God to this <i>are</i> arrogant.</span> <span data-sentence-id=\"238#4:4\"><span class=\"snr\">4</span>But you who would release him are but honoring the Will of his Creator.</span> <span data-sentence-id=\"238#4:5\"><span class=\"snr\">5</span>The arrogance of sin, the pride of guilt, the sepulchre of separation, all are part of your unrecognized dedication to death.</span> <span data-sentence-id=\"238#4:6\"><span class=\"snr\">6</span>The glitter of guilt you laid upon the body would kill it.</span> <span data-sentence-id=\"238#4:7\"><span class=\"snr\">7</span>For what the ego loves, it kills for its obedience.</span> <span data-sentence-id=\"238#4:8\"><span class=\"snr\">8</span>But what obeys it not, it cannot kill.</span></p></div> <div data-paragraph-id=\"238#5\"><p class=\"p-normal\"><span class=\"pnr\">5.</span> <span data-sentence-id=\"238#5:1\"><span class=\"snr noprint\">1</span>You have another dedication that would keep the body incorruptible and perfect as long as it is useful for your holy purpose.</span> <span data-sentence-id=\"238#5:2\"><span class=\"snr\">2</span>The body no more dies than it can feel.</span> <span data-sentence-id=\"238#5:3\"><span class=\"snr\">3</span>It does nothing.</span> <span data-sentence-id=\"238#5:4\"><span class=\"snr\">4</span>Of itself it is neither corruptible nor incorruptible.</span> <span data-sentence-id=\"238#5:5\"><span class=\"snr\">5</span>It <i>is</i> nothing.</span> <span data-sentence-id=\"238#5:6\"><span class=\"snr\">6</span>It is the result of a tiny, mad idea of corruption that can be corrected.</span> <span data-sentence-id=\"238#5:7\"><span class=\"snr\">7</span>For God has answered this insane idea with His Own; an Answer which left Him not, and therefore brings the Creator to the awareness of every mind which heard His Answer and accepted It.</span></p></div> <div data-paragraph-id=\"238#6\"><p class=\"p-normal\"><span class=\"pnr\">6.</span> <span data-sentence-id=\"238#6:1\"><span class=\"snr noprint\">1</span>You who are dedicated to the incorruptible have been given through your acceptance, the power to release from corruption.</span> <span data-sentence-id=\"238#6:2\"><span class=\"snr\">2</span>What better way to teach the first and fundamental principle in a course on miracles than by showing you the one that seems to be the hardest can be accomplished first?</span> <span data-sentence-id=\"238#6:3\"><span class=\"snr\">3</span>The body can but serve your purpose.</span> <span data-sentence-id=\"238#6:4\"><span class=\"snr\">4</span>As you look on it, so will it seem to be.</span> <span data-sentence-id=\"238#6:5\"><span class=\"snr\">5</span>Death, were it true, would be the final and complete disruption of communication, which is the ego’s goal.</span></p></div> <div data-paragraph-id=\"238#7\"><p class=\"p-normal\"><span class=\"pnr\">7.</span> <span data-sentence-id=\"238#7:1\"><span class=\"snr noprint\">1</span>Those who fear death see not how often and how loudly they call to it, and bid it come to save them from communication.</span> <span data-sentence-id=\"238#7:2\"><span class=\"snr\">2</span>For death is seen as safety, the great dark savior from the light of truth, the answer to the Answer, the silencer of the Voice that speaks for God.</span> <span data-sentence-id=\"238#7:3\"><span class=\"snr\">3</span>Yet the retreat to death is not the end of conflict.</span> <span data-sentence-id=\"238#7:4\"><span class=\"snr\">4</span>Only God’s Answer is its end.</span> <span data-sentence-id=\"238#7:5\"><span class=\"snr\">5</span>The obstacle of your seeming love for death that peace must flow across seems to be very great.</span> <span data-sentence-id=\"238#7:6\"><span class=\"snr\">6</span>For in it lie hidden all the ego’s secrets, all its strange devices for deception, all its sick ideas and weird imaginings.</span> <span data-sentence-id=\"238#7:7\"><span class=\"snr\">7</span>Here is the final end of union, the triumph of the ego’s making over creation, the victory of lifelessness on Life Itself.</span></p></div> <div data-paragraph-id=\"238#8\"><p class=\"p-normal\"><span class=\"pnr\">8.</span> <span data-sentence-id=\"238#8:1\"><span class=\"snr noprint\">1</span>Under the dusty edge of its distorted world the ego would lay the Son of God, slain by its orders, proof in his decay that God Himself is powerless before the ego’s might, unable to protect the life that He created against the ego’s savage wish to kill.</span> <span data-sentence-id=\"238#8:2\"><span class=\"snr\">2</span>My brother, child of our Father, this is a <i>dream</i> of death.</span> <span data-sentence-id=\"238#8:3\"><span class=\"snr\">3</span>There is no funeral, no dark altars, no grim commandments nor twisted rituals of condemnation to which the body leads you.</span> <span data-sentence-id=\"238#8:4\"><span class=\"snr\">4</span>Ask not release of <i>it.</i></span> <span data-sentence-id=\"238#8:5\"><span class=\"snr\">5</span>But free it from the merciless and unrelenting orders you laid upon it, and forgive it what you ordered it to do.</span> <span data-sentence-id=\"238#8:6\"><span class=\"snr\">6</span>In its exaltation you commanded it to die, for only death could conquer life.</span> <span data-sentence-id=\"238#8:7\"><span class=\"snr\">7</span>And what but insanity could look upon the defeat of God, and think it real?</span></p></div> <div data-paragraph-id=\"238#9\"><p class=\"p-normal\"><span class=\"pnr\">9.</span> <span data-sentence-id=\"238#9:1\"><span class=\"snr noprint\">1</span>The fear of death will go as its appeal is yielded to love’s real attraction.</span> <span data-sentence-id=\"238#9:2\"><span class=\"snr\">2</span>The end of sin, which nestles quietly in the safety of your relationship, protected by your union with your brother, and ready to grow into a mighty force for God is very near.</span> <span data-sentence-id=\"238#9:3\"><span class=\"snr\">3</span>The infancy of salvation is carefully guarded by love, preserved from every thought that would attack it, and quietly made ready to fulfill the mighty task for which it was given you.</span> <span data-sentence-id=\"238#9:4\"><span class=\"snr\">4</span>Your newborn purpose is nursed by angels, cherished by the Holy Spirit and protected by God Himself.</span> <span data-sentence-id=\"238#9:5\"><span class=\"snr\">5</span>It needs not your protection; it is <i>yours.</i></span> <span data-sentence-id=\"238#9:6\"><span class=\"snr\">6</span>For it is deathless, and within it lies the end of death.</span></p></div> <div data-paragraph-id=\"238#10\"><p class=\"p-normal\"><span class=\"pnr\">10.</span> <span data-sentence-id=\"238#10:1\"><span class=\"snr noprint\">1</span>What danger can assail the wholly innocent?</span> <span data-sentence-id=\"238#10:2\"><span class=\"snr\">2</span>What can attack the guiltless?</span> <span data-sentence-id=\"238#10:3\"><span class=\"snr\">3</span>What fear can enter and disturb the peace of sinlessness?</span> <span data-sentence-id=\"238#10:4\"><span class=\"snr\">4</span>What has been given you, even in its infancy, is in full communication with God and you.</span> <span data-sentence-id=\"238#10:5\"><span class=\"snr\">5</span>In its tiny hands it holds, in perfect safety, every miracle you will perform, held out to you.</span> <span data-sentence-id=\"238#10:6\"><span class=\"snr\">6</span>The miracle of life is ageless, born in time but nourished in eternity.</span> <span data-sentence-id=\"238#10:7\"><span class=\"snr\">7</span>Behold this infant, to whom you gave a resting place by your forgiveness of your brother, and see in it the Will of God.</span> <span data-sentence-id=\"238#10:8\"><span class=\"snr\">8</span>Here is the babe of Bethlehem reborn.</span> <span data-sentence-id=\"238#10:9\"><span class=\"snr\">9</span>And everyone who gives him shelter will follow him, not to the cross, but to the resurrection and the life.</span></p></div> <div data-paragraph-id=\"238#11\"><p class=\"p-normal\"><span class=\"pnr\">11.</span> <span data-sentence-id=\"238#11:1\"><span class=\"snr noprint\">1</span>When anything seems to you to be a source of fear, when any situation strikes you with terror and makes your body tremble and the cold sweat of fear comes over it, remember it is always for <i>one</i> reason; the ego has perceived it as a symbol of fear, a sign of sin and death.</span> <span data-sentence-id=\"238#11:2\"><span class=\"snr\">2</span>Remember, then, that neither sign nor symbol should be confused with source, for they must stand for something other than themselves.</span> <span data-sentence-id=\"238#11:3\"><span class=\"snr\">3</span>Their meaning cannot lie in them, but must be sought in what they represent.</span> <span data-sentence-id=\"238#11:4\"><span class=\"snr\">4</span>And they may thus mean everything or nothing, according to the truth or falsity of the idea which they reflect.</span> <span data-sentence-id=\"238#11:5\"><span class=\"snr\">5</span>Confronted with such seeming uncertainty of meaning, judge it not.</span> <span data-sentence-id=\"238#11:6\"><span class=\"snr\">6</span>Remember the holy Presence of the One given to you to be the Source of judgment.</span> <span data-sentence-id=\"238#11:7\"><span class=\"snr\">7</span>Give it to Him to judge for you, and say:</span></p> <p class=\"p-prayer\"><span data-sentence-id=\"238#11:8\"><span class=\"snr\">8</span>Take this from me and look upon it, judging it for me.<br/></span> <span data-sentence-id=\"238#11:9\"><span class=\"snr\">9</span>Let me not see it as a sign of sin and death, nor use it for destruction.<br/></span> <span data-sentence-id=\"238#11:10\"><span class=\"snr\">10</span>Teach me how <b>not</b> to make of it an obstacle to peace, but let You use it for me, to facilitate its coming.</span></p></div> </div>","firstWords":"From the ego came sin and guilt and death, in opposition to life and innocence, and to the Will of God Himself. Where can such opposition lie but in the sick minds of the insane, dedicated to madness","contentType":"acim-content","seoTitle":"Chapter 19.IV-C: The Incorruptible Body | ACIM","seoDescription":"✨ A Course in Miracles, read the complete Chapter 19.IV-C “The Incorruptible Body”: From the ego came sin and guilt and death, in opposition to life and innocence, and to the Will of God…","desktopBreadcrumbs":[{"label":"Text","leadsTo":{"locale":"en","sectionId":51,"slugs":["text","introduction"],"forceToc":true}},{"label":"Chapter 19","leadsTo":{"locale":"en","sectionId":229,"slugs":["chapter-19","healing-and-faith"],"forceToc":true}},{"label":"...","leadsTo":{"locale":"en","sectionId":232,"slugs":["chapter-19","the-obstacles-to-peace"]}},{"label":"C. The Third Obstacle","leadsTo":{"locale":"en","sectionId":237,"slugs":["chapter-19","the-third-obstacle-the-attraction-of-death"]}},{"label":"i. The Incorruptible Body","leadsTo":{"locale":"en","sectionId":238,"slugs":["chapter-19","the-incorruptible-body"]}}],"mobileBreadcrumbs":[{"label":"Text","leadsTo":{"locale":"en","sectionId":51,"slugs":["text","introduction"],"forceToc":true}},{"label":"Chapter 19: The Attainment of Peace","leadsTo":{"locale":"en","sectionId":229,"slugs":["chapter-19","healing-and-faith"],"forceToc":true}},{"label":"IV. The Obstacles to Peace","leadsTo":{"locale":"en","sectionId":232,"slugs":["chapter-19","the-obstacles-to-peace"]}},{"label":"C. The Third Obstacle","leadsTo":{"locale":"en","sectionId":237,"slugs":["chapter-19","the-third-obstacle-the-attraction-of-death"]}},{"label":"i. The Incorruptible Body","leadsTo":{"locale":"en","sectionId":238,"slugs":["chapter-19","the-incorruptible-body"]}}],"seoBreadcrumbs":[{"label":"A Course in Miracles","leadsTo":"dashboard"},{"label":"Text","leadsTo":{"locale":"en","sectionId":51,"slugs":["text","introduction"],"forceToc":true}},{"label":"Chapter 19","leadsTo":{"locale":"en","sectionId":229,"slugs":["chapter-19","healing-and-faith"],"forceToc":true}},{"label":"IV. The Obstacles to Peace","leadsTo":{"locale":"en","sectionId":232,"slugs":["chapter-19","the-obstacles-to-peace"]}},{"label":"C. The Third Obstacle","leadsTo":{"locale":"en","sectionId":237,"slugs":["chapter-19","the-third-obstacle-the-attraction-of-death"]}},{"label":"i. The Incorruptible Body","leadsTo":{"locale":"en","sectionId":238,"slugs":["chapter-19","the-incorruptible-body"]}}],"slugs":["chapter-19","the-incorruptible-body"],"canonicalLink":"https://acim.org/acim/chapter-19/the-incorruptible-body/en/s/238","link":"https://acim.org/acim/chapter-19/the-incorruptible-body/en/s/238","shortLink":"https://acim.org/acim/en/s/238","previousSectionId":237,"previousSectionSlugs":["chapter-19","the-third-obstacle-the-attraction-of-death"],"previousSectionLink":"https://acim.org/acim/chapter-19/the-third-obstacle-the-attraction-of-death/en/s/237","nextSectionId":239,"nextSectionSlugs":["chapter-19","the-fourth-obstacle-the-fear-of-god"],"nextSectionLink":"https://acim.org/acim/chapter-19/the-fourth-obstacle-the-fear-of-god/en/s/239","hreflangLinks":[{"hrefLang":"en","link":"https://acim.org/acim/en/s/238"}]}