{"sectionId":239,"sectionIdLiteral":"239","humanId":"chap-19-sect-4-sub-d","volumeId":"text","locale":"en","titleInfo":{"title":"The Fourth Obstacle: The Fear of God","inlineNumber":"D."},"annotation":"T-19.IV-D","bodyHtml":"<div class=\"acim-text chap-19-sect-4-sub-d\"> <div data-paragraph-id=\"239#1\"><p class=\"p-normal\"><span class=\"pnr\">1.</span> <span data-sentence-id=\"239#1:1\"><span class=\"snr noprint\">1</span>What would you see without the fear of death?</span> <span data-sentence-id=\"239#1:2\"><span class=\"snr\">2</span>What would you feel and think if death held no attraction for you?</span> <span data-sentence-id=\"239#1:3\"><span class=\"snr\">3</span>Very simply, you would remember your Father.</span> <span data-sentence-id=\"239#1:4\"><span class=\"snr\">4</span>The Creator of life, the Source of everything that lives, the Father of the universe and of the universe of universes, and of everything that lies even beyond them would you remember.</span> <span data-sentence-id=\"239#1:5\"><span class=\"snr\">5</span>And as this memory rises in your mind, peace must still surmount a final obstacle, after which is salvation completed, and the Son of God entirely restored to sanity.</span> <span data-sentence-id=\"239#1:6\"><span class=\"snr\">6</span>For here your world <i>does</i> end.</span></p></div> <div data-paragraph-id=\"239#2\"><p class=\"p-normal\"><span class=\"pnr\">2.</span> <span data-sentence-id=\"239#2:1\"><span class=\"snr noprint\">1</span>The fourth obstacle to be surmounted hangs like a heavy veil before the face of Christ.</span> <span data-sentence-id=\"239#2:2\"><span class=\"snr\">2</span>Yet as His face rises beyond it, shining with joy because He is in His Father’s Love, peace will lightly brush the veil aside and run to meet Him, and to join with Him at last.</span> <span data-sentence-id=\"239#2:3\"><span class=\"snr\">3</span>For this dark veil, which seems to make the face of Christ Himself like to a leper’s, and the bright Rays of His Father’s Love that light His face with glory appear as streams of blood, fades in the blazing light beyond it when the fear of death is gone.</span></p></div> <div data-paragraph-id=\"239#3\"><p class=\"p-normal\"><span class=\"pnr\">3.</span> <span data-sentence-id=\"239#3:1\"><span class=\"snr noprint\">1</span>This is the darkest veil, upheld by the belief in death and protected by its attraction.</span> <span data-sentence-id=\"239#3:2\"><span class=\"snr\">2</span>The dedication to death and to its sovereignty is but the solemn vow, the promise made in secret to the ego never to lift this veil, not to approach it, nor even to suspect that it is there.</span> <span data-sentence-id=\"239#3:3\"><span class=\"snr\">3</span>This is the secret bargain made with the ego to keep what lies beyond the veil forever blotted out and unremembered.</span> <span data-sentence-id=\"239#3:4\"><span class=\"snr\">4</span>Here is your promise never to allow union to call you out of separation; the great amnesia in which the memory of God seems quite forgotten; the cleavage of your Self from you;—<i>the fear of God,</i> the final step in your dissociation.</span></p></div> <div data-paragraph-id=\"239#4\"><p class=\"p-normal\"><span class=\"pnr\">4.</span> <span data-sentence-id=\"239#4:1\"><span class=\"snr noprint\">1</span>See how the belief in death would seem to “save” you.</span> <span data-sentence-id=\"239#4:2\"><span class=\"snr\">2</span>For if this were gone, what could you fear but life?</span> <span data-sentence-id=\"239#4:3\"><span class=\"snr\">3</span>It is the attraction of death that makes life seem to be ugly, cruel and tyrannical.</span> <span data-sentence-id=\"239#4:4\"><span class=\"snr\">4</span>You are no more afraid of death than of the ego.</span> <span data-sentence-id=\"239#4:5\"><span class=\"snr\">5</span>These are your chosen friends.</span> <span data-sentence-id=\"239#4:6\"><span class=\"snr\">6</span>For in your secret alliance with them you have agreed never to let the fear of God be lifted, so you could look upon the face of Christ and join Him in His Father.</span></p></div> <div data-paragraph-id=\"239#5\"><p class=\"p-normal\"><span class=\"pnr\">5.</span> <span data-sentence-id=\"239#5:1\"><span class=\"snr noprint\">1</span>Every obstacle that peace must flow across is surmounted in just the same way; the fear that raised it yields to the love beyond, and so the fear is gone.</span> <span data-sentence-id=\"239#5:2\"><span class=\"snr\">2</span>And so it is with this.</span> <span data-sentence-id=\"239#5:3\"><span class=\"snr\">3</span>The desire to get rid of peace and drive the Holy Spirit from you fades in the presence of the quiet recognition that you love Him.</span> <span data-sentence-id=\"239#5:4\"><span class=\"snr\">4</span>The exaltation of the body is given up in favor of the spirit, which you love as you could never love the body.</span> <span data-sentence-id=\"239#5:5\"><span class=\"snr\">5</span>And the appeal of death is lost forever as love’s attraction stirs and calls to you.</span> <span data-sentence-id=\"239#5:6\"><span class=\"snr\">6</span>From beyond each of the obstacles to love, Love Itself has called.</span> <span data-sentence-id=\"239#5:7\"><span class=\"snr\">7</span>And each has been surmounted by the power of the attraction of what lies beyond.</span> <span data-sentence-id=\"239#5:8\"><span class=\"snr\">8</span>Your wanting fear seemed to be holding them in place.</span> <span data-sentence-id=\"239#5:9\"><span class=\"snr\">9</span>Yet when you heard the Voice of Love beyond them, you answered and they disappeared.</span></p></div> <div data-paragraph-id=\"239#6\"><p class=\"p-normal\"><span class=\"pnr\">6.</span> <span data-sentence-id=\"239#6:1\"><span class=\"snr noprint\">1</span>And now you stand in terror before what you swore never to look upon.</span> <span data-sentence-id=\"239#6:2\"><span class=\"snr\">2</span>Your eyes look down, remembering your promise to your “friends.”</span> <span data-sentence-id=\"239#6:3\"><span class=\"snr\">3</span>The “loveliness” of sin, the delicate appeal of guilt, the “holy” waxen image of death, and the fear of vengeance of the ego you swore in blood not to desert, all rise and bid you not to raise your eyes.</span> <span data-sentence-id=\"239#6:4\"><span class=\"snr\">4</span>For you realize that if you look on this and let the veil be lifted, <i>they</i> will be gone forever.</span> <span data-sentence-id=\"239#6:5\"><span class=\"snr\">5</span>All of your “friends,” your “protectors” and your “home” will vanish.</span> <span data-sentence-id=\"239#6:6\"><span class=\"snr\">6</span>Nothing that you remember now will you remember.</span></p></div> <div data-paragraph-id=\"239#7\"><p class=\"p-normal\"><span class=\"pnr\">7.</span> <span data-sentence-id=\"239#7:1\"><span class=\"snr noprint\">1</span>It seems to you the world will utterly abandon you if you but raise your eyes.</span> <span data-sentence-id=\"239#7:2\"><span class=\"snr\">2</span>Yet all that will occur is you will leave the world forever.</span> <span data-sentence-id=\"239#7:3\"><span class=\"snr\">3</span>This is the re-establishment of <i>your</i> will.</span> <span data-sentence-id=\"239#7:4\"><span class=\"snr\">4</span>Look upon it, open-eyed, and you will nevermore believe that you are at the mercy of things beyond you, forces you cannot control, and thoughts that come to you against your will.</span> <span data-sentence-id=\"239#7:5\"><span class=\"snr\">5</span>It <i>is</i> your will to look on this.</span> <span data-sentence-id=\"239#7:6\"><span class=\"snr\">6</span>No mad desire, no trivial impulse to forget again, no stab of fear nor the cold sweat of seeming death can stand against your will.</span> <span data-sentence-id=\"239#7:7\"><span class=\"snr\">7</span>For what attracts you from beyond the veil is also deep within you, unseparated from it and completely one.</span></p></div> </div>","firstWords":"What would you see without the fear of death? What would you feel and think if death held no attraction for you? Very simply, you would remember your Father. The Creator of life, the Source of","contentType":"acim-content","seoTitle":"Chapter 19.IV-D: The Fourth Obstacle: The Fear… | ACIM","seoDescription":"✨ A Course in Miracles, read the complete Chapter 19.IV-D “The Fourth Obstacle: The Fear of God”: What would you see without the fear of death? What would you feel and think if death…","desktopBreadcrumbs":[{"label":"Text","leadsTo":{"locale":"en","sectionId":51,"slugs":["text","introduction"],"forceToc":true}},{"label":"Chapter 19","leadsTo":{"locale":"en","sectionId":229,"slugs":["chapter-19","healing-and-faith"],"forceToc":true}},{"label":"IV. The Obstacles to Peace","leadsTo":{"locale":"en","sectionId":232,"slugs":["chapter-19","the-obstacles-to-peace"]}},{"label":"D. The Fourth Obstacle","leadsTo":{"locale":"en","sectionId":239,"slugs":["chapter-19","the-fourth-obstacle-the-fear-of-god"]}}],"mobileBreadcrumbs":[{"label":"Text","leadsTo":{"locale":"en","sectionId":51,"slugs":["text","introduction"],"forceToc":true}},{"label":"Chapter 19: The Attainment of Peace","leadsTo":{"locale":"en","sectionId":229,"slugs":["chapter-19","healing-and-faith"],"forceToc":true}},{"label":"IV. The Obstacles to Peace","leadsTo":{"locale":"en","sectionId":232,"slugs":["chapter-19","the-obstacles-to-peace"]}},{"label":"D. The Fourth Obstacle","leadsTo":{"locale":"en","sectionId":239,"slugs":["chapter-19","the-fourth-obstacle-the-fear-of-god"]}}],"seoBreadcrumbs":[{"label":"A Course in Miracles","leadsTo":"dashboard"},{"label":"Text","leadsTo":{"locale":"en","sectionId":51,"slugs":["text","introduction"],"forceToc":true}},{"label":"Chapter 19","leadsTo":{"locale":"en","sectionId":229,"slugs":["chapter-19","healing-and-faith"],"forceToc":true}},{"label":"IV. The Obstacles to Peace","leadsTo":{"locale":"en","sectionId":232,"slugs":["chapter-19","the-obstacles-to-peace"]}},{"label":"D. The Fourth Obstacle","leadsTo":{"locale":"en","sectionId":239,"slugs":["chapter-19","the-fourth-obstacle-the-fear-of-god"]}}],"slugs":["chapter-19","the-fourth-obstacle-the-fear-of-god"],"canonicalLink":"https://acim.org/acim/chapter-19/the-fourth-obstacle-the-fear-of-god/en/s/239","link":"https://acim.org/acim/chapter-19/the-fourth-obstacle-the-fear-of-god/en/s/239","shortLink":"https://acim.org/acim/en/s/239","previousSectionId":238,"previousSectionSlugs":["chapter-19","the-incorruptible-body"],"previousSectionLink":"https://acim.org/acim/chapter-19/the-incorruptible-body/en/s/238","nextSectionId":240,"nextSectionSlugs":["chapter-19","the-lifting-of-the-veil"],"nextSectionLink":"https://acim.org/acim/chapter-19/the-lifting-of-the-veil/en/s/240","hreflangLinks":[{"hrefLang":"en","link":"https://acim.org/acim/en/s/239"}]}