{"sectionId":243,"sectionIdLiteral":"243","humanId":"chap-20-sect-2","volumeId":"text","locale":"en","titleInfo":{"title":"The Gift of Lilies","inlineNumber":"II."},"annotation":"T-20.II","bodyHtml":"<div class=\"acim-text chap-20-sect-2\"> <div data-paragraph-id=\"243#1\"><p class=\"p-normal\"><span class=\"pnr\">1.</span> <span data-sentence-id=\"243#1:1\"><span class=\"snr noprint\">1</span>Look upon all the trinkets made to hang upon the body, or to cover it or for its use.</span> <span data-sentence-id=\"243#1:2\"><span class=\"snr\">2</span>See all the useless things made for its eyes to see.</span> <span data-sentence-id=\"243#1:3\"><span class=\"snr\">3</span>Think on the many offerings made for its pleasure, and remember all these were made to make seem lovely what you hate.</span> <span data-sentence-id=\"243#1:4\"><span class=\"snr\">4</span>Would you employ this hated thing to draw your brother to you, and to attract his body’s eyes?</span> <span data-sentence-id=\"243#1:5\"><span class=\"snr\">5</span>Learn you but offer him a crown of thorns, not recognizing it for what it is, and trying to justify your own interpretation of its value by his acceptance.</span> <span data-sentence-id=\"243#1:6\"><span class=\"snr\">6</span>Yet still the gift proclaims his worthlessness to you, as his acceptance and delight acknowledges the lack of value he places on himself.</span></p></div> <div data-paragraph-id=\"243#2\"><p class=\"p-normal\"><span class=\"pnr\">2.</span> <span data-sentence-id=\"243#2:1\"><span class=\"snr noprint\">1</span>Gifts are not made through bodies, if they be truly given and received.</span> <span data-sentence-id=\"243#2:2\"><span class=\"snr\">2</span>For bodies can neither offer nor accept; hold out nor take.</span> <span data-sentence-id=\"243#2:3\"><span class=\"snr\">3</span>Only the mind can value, and only the mind decides on what it would receive and give.</span> <span data-sentence-id=\"243#2:4\"><span class=\"snr\">4</span>And every gift it offers depends on what it wants.</span> <span data-sentence-id=\"243#2:5\"><span class=\"snr\">5</span>It will adorn its chosen home most carefully, making it ready to receive the gifts it wants by offering them to those who come unto its chosen home, or those it would attract to it.</span> <span data-sentence-id=\"243#2:6\"><span class=\"snr\">6</span>And there they will exchange their gifts, offering and receiving what their minds judge to be worthy of them.</span></p></div> <div data-paragraph-id=\"243#3\"><p class=\"p-normal\"><span class=\"pnr\">3.</span> <span data-sentence-id=\"243#3:1\"><span class=\"snr noprint\">1</span>Each gift is an evaluation of the receiver and the <i>giver.</i></span> <span data-sentence-id=\"243#3:2\"><span class=\"snr\">2</span>No one but sees his chosen home as an altar to himself.</span> <span data-sentence-id=\"243#3:3\"><span class=\"snr\">3</span>No one but seeks to draw to it the worshippers of what he placed upon it, making it worthy of their devotion.</span> <span data-sentence-id=\"243#3:4\"><span class=\"snr\">4</span>And each has set a light upon his altar, that they may see what he has placed upon it and take it for their own.</span> <span data-sentence-id=\"243#3:5\"><span class=\"snr\">5</span>Here is the value that you lay upon your brother and on yourself.</span> <span data-sentence-id=\"243#3:6\"><span class=\"snr\">6</span>Here is your gift to both; your judgment on the Son of God for what he is.</span> <span data-sentence-id=\"243#3:7\"><span class=\"snr\">7</span>Forget not that it is your savior to whom the gift is offered.</span> <span data-sentence-id=\"243#3:8\"><span class=\"snr\">8</span>Offer him thorns and <i>you</i> are crucified.</span> <span data-sentence-id=\"243#3:9\"><span class=\"snr\">9</span>Offer him lilies and it is yourself you free.</span></p></div> <div data-paragraph-id=\"243#4\"><p class=\"p-normal\"><span class=\"pnr\">4.</span> <span data-sentence-id=\"243#4:1\"><span class=\"snr noprint\">1</span>I have great need for lilies, for the Son of God has not forgiven me.</span> <span data-sentence-id=\"243#4:2\"><span class=\"snr\">2</span>And can I offer him forgiveness when he offers thorns to me?</span> <span data-sentence-id=\"243#4:3\"><span class=\"snr\">3</span>For he who offers thorns to anyone is against me still, and who is whole without him?</span> <span data-sentence-id=\"243#4:4\"><span class=\"snr\">4</span>Be you his friend for me, that I may be forgiven and you may look upon the Son of God as whole.</span> <span data-sentence-id=\"243#4:5\"><span class=\"snr\">5</span>But look you first upon the altar in your chosen home, and see what you have laid upon it to offer me.</span> <span data-sentence-id=\"243#4:6\"><span class=\"snr\">6</span>If it be thorns whose points gleam sharply in a blood-red light, the body is your chosen home and it is separation that you offer me.</span> <span data-sentence-id=\"243#4:7\"><span class=\"snr\">7</span>And yet the thorns are gone.</span> <span data-sentence-id=\"243#4:8\"><span class=\"snr\">8</span>Look you still closer at them now, and you will see your altar is no longer what it was.</span></p></div> <div data-paragraph-id=\"243#5\"><p class=\"p-normal\"><span class=\"pnr\">5.</span> <span data-sentence-id=\"243#5:1\"><span class=\"snr noprint\">1</span>You look still with the body’s eyes, and they can see but thorns.</span> <span data-sentence-id=\"243#5:2\"><span class=\"snr\">2</span>Yet you have asked for and received another sight.</span> <span data-sentence-id=\"243#5:3\"><span class=\"snr\">3</span>Those who accept the Holy Spirit’s purpose as their own share also His vision.</span> <span data-sentence-id=\"243#5:4\"><span class=\"snr\">4</span>And what enables Him to see His purpose shine forth from every altar now is yours as well as His.</span> <span data-sentence-id=\"243#5:5\"><span class=\"snr\">5</span>He sees no strangers; only dearly loved and loving friends.</span> <span data-sentence-id=\"243#5:6\"><span class=\"snr\">6</span>He sees no thorns but only lilies, gleaming in the gentle glow of peace that shines on everything He looks upon and loves.</span></p></div> <div data-paragraph-id=\"243#6\"><p class=\"p-normal\"><span class=\"pnr\">6.</span> <span data-sentence-id=\"243#6:1\"><span class=\"snr noprint\">1</span>This Easter, look with different eyes upon your brother.</span> <span data-sentence-id=\"243#6:2\"><span class=\"snr\">2</span>You <i>have</i> forgiven me.</span> <span data-sentence-id=\"243#6:3\"><span class=\"snr\">3</span>And yet I cannot use your gift of lilies while you see them not.</span> <span data-sentence-id=\"243#6:4\"><span class=\"snr\">4</span>Nor can you use what I have given unless you share it.</span> <span data-sentence-id=\"243#6:5\"><span class=\"snr\">5</span>The Holy Spirit’s vision is no idle gift, no plaything to be tossed about a while and laid aside.</span> <span data-sentence-id=\"243#6:6\"><span class=\"snr\">6</span>Listen and hear this carefully, nor think it but a dream, a careless thought to play with, or a toy you would pick up from time to time and then put by.</span> <span data-sentence-id=\"243#6:7\"><span class=\"snr\">7</span>For if you do, so will it be to you.</span></p></div> <div data-paragraph-id=\"243#7\"><p class=\"p-normal\"><span class=\"pnr\">7.</span> <span data-sentence-id=\"243#7:1\"><span class=\"snr noprint\">1</span>You have the vision now to look past all illusions.</span> <span data-sentence-id=\"243#7:2\"><span class=\"snr\">2</span>It has been given you to see no thorns, no strangers and no obstacles to peace.</span> <span data-sentence-id=\"243#7:3\"><span class=\"snr\">3</span>The fear of God is nothing to you now.</span> <span data-sentence-id=\"243#7:4\"><span class=\"snr\">4</span>Who is afraid to look upon illusions, knowing his savior stands beside him?</span> <span data-sentence-id=\"243#7:5\"><span class=\"snr\">5</span>With him, your vision has become the greatest power for the undoing of illusion that God Himself could give.</span> <span data-sentence-id=\"243#7:6\"><span class=\"snr\">6</span>For what God gave the Holy Spirit, you have received.</span> <span data-sentence-id=\"243#7:7\"><span class=\"snr\">7</span>The Son of God looks unto you for his release.</span> <span data-sentence-id=\"243#7:8\"><span class=\"snr\">8</span>For you have asked for and been given the strength to look upon this final obstacle, and see no thorns nor nails to crucify the Son of God, and crown him king of death.</span></p></div> <div data-paragraph-id=\"243#8\"><p class=\"p-normal\"><span class=\"pnr\">8.</span> <span data-sentence-id=\"243#8:1\"><span class=\"snr noprint\">1</span>Your chosen home is on the other side, beyond the veil.</span> <span data-sentence-id=\"243#8:2\"><span class=\"snr\">2</span>It has been carefully prepared for you, and it is ready to receive you now.</span> <span data-sentence-id=\"243#8:3\"><span class=\"snr\">3</span>You will not see it with the body’s eyes.</span> <span data-sentence-id=\"243#8:4\"><span class=\"snr\">4</span>Yet all you need you have.</span> <span data-sentence-id=\"243#8:5\"><span class=\"snr\">5</span>Your home has called to you since time began, nor have you ever failed entirely to hear.</span> <span data-sentence-id=\"243#8:6\"><span class=\"snr\">6</span>You heard, but knew not how to look, nor where.</span> <span data-sentence-id=\"243#8:7\"><span class=\"snr\">7</span>And now you know.</span> <span data-sentence-id=\"243#8:8\"><span class=\"snr\">8</span>In you the knowledge lies, ready to be unveiled and freed from all the terror that kept it hidden.</span> <span data-sentence-id=\"243#8:9\"><span class=\"snr\">9</span>There <i>is</i> no fear in love.</span> <span data-sentence-id=\"243#8:10\"><span class=\"snr\">10</span>The song of Easter is the glad refrain the Son of God was never crucified.</span> <span data-sentence-id=\"243#8:11\"><span class=\"snr\">11</span>Let us lift up our eyes together, not in fear but faith.</span> <span data-sentence-id=\"243#8:12\"><span class=\"snr\">12</span>And there will be no fear in us, for in our vision will be no illusions; only a pathway to the open door of Heaven, the home we share in quietness and where we live in gentleness and peace, as one together.</span></p></div> <div data-paragraph-id=\"243#9\"><p class=\"p-normal\"><span class=\"pnr\">9.</span> <span data-sentence-id=\"243#9:1\"><span class=\"snr noprint\">1</span>Would you not have your holy brother lead you there?</span> <span data-sentence-id=\"243#9:2\"><span class=\"snr\">2</span>His innocence will light your way, offering you its guiding light and sure protection, and shining from the holy altar within him where you laid the lilies of forgiveness.</span> <span data-sentence-id=\"243#9:3\"><span class=\"snr\">3</span>Let him be to you the savior from illusions, and look on him with the new vision that looks upon the lilies and brings you joy.</span> <span data-sentence-id=\"243#9:4\"><span class=\"snr\">4</span>We go beyond the veil of fear, lighting each other’s way.</span> <span data-sentence-id=\"243#9:5\"><span class=\"snr\">5</span>The holiness that leads us is within us, as is our home.</span> <span data-sentence-id=\"243#9:6\"><span class=\"snr\">6</span>So will we find what we were meant to find by Him Who leads us.</span></p></div> <div data-paragraph-id=\"243#10\"><p class=\"p-normal\"><span class=\"pnr\">10.</span> <span data-sentence-id=\"243#10:1\"><span class=\"snr noprint\">1</span>This is the way to Heaven and to the peace of Easter, in which we join in glad awareness that the Son of God is risen from the past, and has awakened to the present.</span> <span data-sentence-id=\"243#10:2\"><span class=\"snr\">2</span>Now is he free, unlimited in his communion with all that is within him.</span> <span data-sentence-id=\"243#10:3\"><span class=\"snr\">3</span>Now are the lilies of his innocence untouched by guilt, and perfectly protected from the cold chill of fear and withering blight of sin alike.</span> <span data-sentence-id=\"243#10:4\"><span class=\"snr\">4</span>Your gift has saved him from the thorns and nails, and his strong arm is free to guide you safely through them and beyond.</span> <span data-sentence-id=\"243#10:5\"><span class=\"snr\">5</span>Walk with him now rejoicing, for the savior from illusions has come to greet you, and lead you home with him.</span></p></div> <div data-paragraph-id=\"243#11\"><p class=\"p-normal\"><span class=\"pnr\">11.</span> <span data-sentence-id=\"243#11:1\"><span class=\"snr noprint\">1</span>Here is your savior and your friend, released from crucifixion through your vision, and free to lead you now where he would be.</span> <span data-sentence-id=\"243#11:2\"><span class=\"snr\">2</span>He will not leave you, nor forsake the savior in his pain.</span> <span data-sentence-id=\"243#11:3\"><span class=\"snr\">3</span>And gladly will you and your brother walk the way of innocence together, singing as you behold the open door of Heaven and recognize the home that called to you.</span> <span data-sentence-id=\"243#11:4\"><span class=\"snr\">4</span>Give joyously to your brother the freedom and the strength to lead you there.</span> <span data-sentence-id=\"243#11:5\"><span class=\"snr\">5</span>And come before his holy altar where the strength and freedom wait, to offer and receive the bright awareness that leads you home.</span> <span data-sentence-id=\"243#11:6\"><span class=\"snr\">6</span>The lamp is lit in you for your brother.</span> <span data-sentence-id=\"243#11:7\"><span class=\"snr\">7</span>And by the hands that gave it to him shall you be led past fear to love.</span></p></div> </div>","firstWords":"Look upon all the trinkets made to hang upon the body, or to cover it or for its use. See all the useless things made for its eyes to see. Think on the many offerings made for its pleasure, and","contentType":"acim-content","seoTitle":"Chapter 20.II: The Gift of Lilies | ACIM","seoDescription":"✨ A Course in Miracles, read the complete Chapter 20.II “The Gift of Lilies”: Look upon all the trinkets made to hang upon the body, or to cover it or for its use. See all the useless…","desktopBreadcrumbs":[{"label":"Text","leadsTo":{"locale":"en","sectionId":51,"slugs":["text","introduction"],"forceToc":true}},{"label":"Chapter 20: The Vision of Holiness","leadsTo":{"locale":"en","sectionId":242,"slugs":["chapter-20","holy-week"],"forceToc":true}},{"label":"II. The Gift of Lilies","leadsTo":{"locale":"en","sectionId":243,"slugs":["chapter-20","the-gift-of-lilies"]}}],"mobileBreadcrumbs":[{"label":"Text","leadsTo":{"locale":"en","sectionId":51,"slugs":["text","introduction"],"forceToc":true}},{"label":"Chapter 20: The Vision of Holiness","leadsTo":{"locale":"en","sectionId":242,"slugs":["chapter-20","holy-week"],"forceToc":true}},{"label":"II. The Gift of Lilies","leadsTo":{"locale":"en","sectionId":243,"slugs":["chapter-20","the-gift-of-lilies"]}}],"seoBreadcrumbs":[{"label":"A Course in Miracles","leadsTo":"dashboard"},{"label":"Text","leadsTo":{"locale":"en","sectionId":51,"slugs":["text","introduction"],"forceToc":true}},{"label":"Chapter 20","leadsTo":{"locale":"en","sectionId":242,"slugs":["chapter-20","holy-week"],"forceToc":true}},{"label":"II. The Gift of Lilies","leadsTo":{"locale":"en","sectionId":243,"slugs":["chapter-20","the-gift-of-lilies"]}}],"slugs":["chapter-20","the-gift-of-lilies"],"canonicalLink":"https://acim.org/acim/chapter-20/the-gift-of-lilies/en/s/243","link":"https://acim.org/acim/chapter-20/the-gift-of-lilies/en/s/243","shortLink":"https://acim.org/acim/en/s/243","previousSectionId":242,"previousSectionSlugs":["chapter-20","holy-week"],"previousSectionLink":"https://acim.org/acim/chapter-20/holy-week/en/s/242","nextSectionId":244,"nextSectionSlugs":["chapter-20","sin-as-an-adjustment"],"nextSectionLink":"https://acim.org/acim/chapter-20/sin-as-an-adjustment/en/s/244","hreflangLinks":[{"hrefLang":"en","link":"https://acim.org/acim/en/s/243"}]}