{"sectionId":251,"sectionIdLiteral":"251","humanId":"chap-21-intro","volumeId":"text","locale":"en","titleInfo":{"chapterTitle":{"ownlineNumber":"Chapter 21","title":"Reason and Perception"},"title":"Introduction"},"annotation":"T-21.in","bodyHtml":"<div class=\"acim-text chap-21-intro\"> <div data-paragraph-id=\"251#1\"><p class=\"p-normal\"><span class=\"pnr\">1.</span> <span data-sentence-id=\"251#1:1\"><span class=\"snr noprint\">1</span>Projection makes perception.</span> <span data-sentence-id=\"251#1:2\"><span class=\"snr\">2</span>The world you see is what you gave it, nothing more than that.</span> <span data-sentence-id=\"251#1:3\"><span class=\"snr\">3</span>But though it is no more than that, it is not less.</span> <span data-sentence-id=\"251#1:4\"><span class=\"snr\">4</span>Therefore, to you it is important.</span> <span data-sentence-id=\"251#1:5\"><span class=\"snr\">5</span>It is the witness to your state of mind, the outside picture of an inward condition.</span> <span data-sentence-id=\"251#1:6\"><span class=\"snr\">6</span>As a man thinketh, so does he perceive.</span> <span data-sentence-id=\"251#1:7\"><span class=\"snr\">7</span>Therefore, seek not to change the world, but choose to change your mind about the world.</span> <span data-sentence-id=\"251#1:8\"><span class=\"snr\">8</span>Perception is a result and not a cause.</span> <span data-sentence-id=\"251#1:9\"><span class=\"snr\">9</span>And that is why order of difficulty in miracles is meaningless.</span> <span data-sentence-id=\"251#1:10\"><span class=\"snr\">10</span>Everything looked upon with vision is healed and holy.</span> <span data-sentence-id=\"251#1:11\"><span class=\"snr\">11</span>Nothing perceived without it means anything.</span> <span data-sentence-id=\"251#1:12\"><span class=\"snr\">12</span>And where there is no meaning, there is chaos.</span></p></div> <div data-paragraph-id=\"251#2\"><p class=\"p-normal\"><span class=\"pnr\">2.</span> <span data-sentence-id=\"251#2:1\"><span class=\"snr noprint\">1</span>Damnation is your judgment on yourself, and this you will project upon the world.</span> <span data-sentence-id=\"251#2:2\"><span class=\"snr\">2</span>See it as damned, and all you see is what you did to hurt the Son of God.</span> <span data-sentence-id=\"251#2:3\"><span class=\"snr\">3</span>If you behold disaster and catastrophe, you tried to crucify him.</span> <span data-sentence-id=\"251#2:4\"><span class=\"snr\">4</span>If you see holiness and hope, you joined the Will of God to set him free.</span> <span data-sentence-id=\"251#2:5\"><span class=\"snr\">5</span>There is no choice that lies between these two decisions.</span> <span data-sentence-id=\"251#2:6\"><span class=\"snr\">6</span>And you will see the witness to the choice you made, and learn from this to recognize which one you chose.</span> <span data-sentence-id=\"251#2:7\"><span class=\"snr\">7</span>The world you see but shows you how much joy you have allowed yourself to see in you, and to accept as yours.</span> <span data-sentence-id=\"251#2:8\"><span class=\"snr\">8</span>And, if this <i>is</i> its meaning, then the power to give it joy must lie within you.</span></p></div> </div>","firstWords":"Projection makes perception. The world you see is what you gave it, nothing more than that. But though it is no more than that, it is not less. Therefore, to you it is important. It is the witness to","contentType":"acim-content","seoTitle":"Chapter 21.in: Reason and Perception:… | ACIM","seoDescription":"✨ A Course in Miracles, read the complete Chapter 21.in “Reason and Perception: Introduction”: Projection makes perception. The world you see is what you gave it, nothing more than that.…","desktopBreadcrumbs":[{"label":"Text","leadsTo":{"locale":"en","sectionId":51,"slugs":["text","introduction"],"forceToc":true}},{"label":"Chapter 21: Reason and Perception","leadsTo":{"locale":"en","sectionId":251,"slugs":["chapter-21","introduction"],"forceToc":true}},{"label":"Introduction","leadsTo":{"locale":"en","sectionId":251,"slugs":["chapter-21","introduction"]}}],"mobileBreadcrumbs":[{"label":"Text","leadsTo":{"locale":"en","sectionId":51,"slugs":["text","introduction"],"forceToc":true}},{"label":"Chapter 21: Reason and Perception","leadsTo":{"locale":"en","sectionId":251,"slugs":["chapter-21","introduction"],"forceToc":true}},{"label":"Introduction","leadsTo":{"locale":"en","sectionId":251,"slugs":["chapter-21","introduction"]}}],"seoBreadcrumbs":[{"label":"A Course in Miracles","leadsTo":"dashboard"},{"label":"Text","leadsTo":{"locale":"en","sectionId":51,"slugs":["text","introduction"],"forceToc":true}},{"label":"Chapter 21","leadsTo":{"locale":"en","sectionId":251,"slugs":["chapter-21","introduction"],"forceToc":true}},{"label":"Introduction","leadsTo":{"locale":"en","sectionId":251,"slugs":["chapter-21","introduction"]}}],"slugs":["chapter-21","introduction"],"canonicalLink":"https://acim.org/acim/chapter-21/introduction/en/s/251","link":"https://acim.org/acim/chapter-21/introduction/en/s/251","shortLink":"https://acim.org/acim/en/s/251","previousSectionId":249,"previousSectionSlugs":["chapter-20","the-vision-of-sinlessness"],"previousSectionLink":"https://acim.org/acim/chapter-20/the-vision-of-sinlessness/en/s/249","nextSectionId":252,"nextSectionSlugs":["chapter-21","the-forgotten-song"],"nextSectionLink":"https://acim.org/acim/chapter-21/the-forgotten-song/en/s/252","hreflangLinks":[{"hrefLang":"en","link":"https://acim.org/acim/en/s/251"}]}