{"sectionId":255,"sectionIdLiteral":"255","humanId":"chap-21-sect-4","volumeId":"text","locale":"en","titleInfo":{"title":"The Fear to Look Within","inlineNumber":"IV."},"annotation":"T-21.IV","bodyHtml":"<div class=\"acim-text chap-21-sect-4\"> <div data-paragraph-id=\"255#1\"><p class=\"p-normal\"><span class=\"pnr\">1.</span> <span data-sentence-id=\"255#1:1\"><span class=\"snr noprint\">1</span>The Holy Spirit will never teach you that you are sinful.</span> <span data-sentence-id=\"255#1:2\"><span class=\"snr\">2</span>Errors He will correct, but this makes no one fearful.</span> <span data-sentence-id=\"255#1:3\"><span class=\"snr\">3</span>You are indeed afraid to look within and see the sin you think is there.</span> <span data-sentence-id=\"255#1:4\"><span class=\"snr\">4</span>This you would not be fearful to admit.</span> <span data-sentence-id=\"255#1:5\"><span class=\"snr\">5</span>Fear in association with sin the ego deems quite appropriate, and smiles approvingly.</span> <span data-sentence-id=\"255#1:6\"><span class=\"snr\">6</span>It has no fear to let you feel ashamed.</span> <span data-sentence-id=\"255#1:7\"><span class=\"snr\">7</span>It doubts not your belief and faith in sin.</span> <span data-sentence-id=\"255#1:8\"><span class=\"snr\">8</span>Its temples do not shake because of this.</span> <span data-sentence-id=\"255#1:9\"><span class=\"snr\">9</span>Your faith that sin is there but witnesses to your desire that it <i>be</i> there to see.</span> <span data-sentence-id=\"255#1:10\"><span class=\"snr\">10</span>This merely seems to be the source of fear.</span></p></div> <div data-paragraph-id=\"255#2\"><p class=\"p-normal\"><span class=\"pnr\">2.</span> <span data-sentence-id=\"255#2:1\"><span class=\"snr noprint\">1</span>Remember that the ego is not alone.</span> <span data-sentence-id=\"255#2:2\"><span class=\"snr\">2</span>Its rule is tempered, and its unknown “enemy,” Whom it cannot even see, it fears.</span> <span data-sentence-id=\"255#2:3\"><span class=\"snr\">3</span>Loudly the ego tells you not to look inward, for if you do your eyes will light on sin, and God will strike you blind.</span> <span data-sentence-id=\"255#2:4\"><span class=\"snr\">4</span>This you believe, and so you do not look.</span> <span data-sentence-id=\"255#2:5\"><span class=\"snr\">5</span>Yet this is not the ego’s hidden fear, nor yours who serve it.</span> <span data-sentence-id=\"255#2:6\"><span class=\"snr\">6</span>Loudly indeed the ego claims it is; too loudly and too often.</span> <span data-sentence-id=\"255#2:7\"><span class=\"snr\">7</span>For underneath this constant shout and frantic proclamation, the ego is not certain it is so.</span> <span data-sentence-id=\"255#2:8\"><span class=\"snr\">8</span>Beneath your fear to look within because of sin is yet another fear, and one which makes the ego tremble.</span></p></div> <div data-paragraph-id=\"255#3\"><p class=\"p-normal\"><span class=\"pnr\">3.</span> <span data-sentence-id=\"255#3:1\"><span class=\"snr noprint\">1</span>What if you looked within and saw no sin?</span> <span data-sentence-id=\"255#3:2\"><span class=\"snr\">2</span>This “fearful” question is one the ego never asks.</span> <span data-sentence-id=\"255#3:3\"><span class=\"snr\">3</span>And you who ask it now are threatening the ego’s whole defensive system too seriously for it to bother to pretend it is your friend.</span> <span data-sentence-id=\"255#3:4\"><span class=\"snr\">4</span>Those who have joined their brothers have detached themselves from their belief that their identity lies in the ego.</span> <span data-sentence-id=\"255#3:5\"><span class=\"snr\">5</span>A holy relationship is one in which you join with what is part of you in truth.</span> <span data-sentence-id=\"255#3:6\"><span class=\"snr\">6</span>And your belief in sin has been already shaken, nor are you now entirely unwilling to look within and see it not.</span></p></div> <div data-paragraph-id=\"255#4\"><p class=\"p-normal\"><span class=\"pnr\">4.</span> <span data-sentence-id=\"255#4:1\"><span class=\"snr noprint\">1</span>Your liberation still is only partial; still limited and incomplete, yet born within you.</span> <span data-sentence-id=\"255#4:2\"><span class=\"snr\">2</span>Not wholly mad, you have been willing to look on much of your insanity and recognize its madness.</span> <span data-sentence-id=\"255#4:3\"><span class=\"snr\">3</span>Your faith is moving inward, past insanity and on to reason.</span> <span data-sentence-id=\"255#4:4\"><span class=\"snr\">4</span>And what your reason tells you now the ego would not hear.</span> <span data-sentence-id=\"255#4:5\"><span class=\"snr\">5</span>The Holy Spirit’s purpose was accepted by the part of your mind the ego knows not of.</span> <span data-sentence-id=\"255#4:6\"><span class=\"snr\">6</span>No more did you.</span> <span data-sentence-id=\"255#4:7\"><span class=\"snr\">7</span>And yet this part, with which you now identify, is not afraid to look upon itself.</span> <span data-sentence-id=\"255#4:8\"><span class=\"snr\">8</span>It knows no sin.</span> <span data-sentence-id=\"255#4:9\"><span class=\"snr\">9</span>How, otherwise, could it have been willing to see the Holy Spirit’s purpose as its own?</span></p></div> <div data-paragraph-id=\"255#5\"><p class=\"p-normal\"><span class=\"pnr\">5.</span> <span data-sentence-id=\"255#5:1\"><span class=\"snr noprint\">1</span>This part has seen your brother, and recognized him perfectly since time began.</span> <span data-sentence-id=\"255#5:2\"><span class=\"snr\">2</span>And it desired nothing but to join with him and to be free again, as once it was.</span> <span data-sentence-id=\"255#5:3\"><span class=\"snr\">3</span>It has been waiting for the birth of freedom; the acceptance of release to come to you.</span> <span data-sentence-id=\"255#5:4\"><span class=\"snr\">4</span>And now you recognize that it was not the ego that joined the Holy Spirit’s purpose, and so there must be something else.</span> <span data-sentence-id=\"255#5:5\"><span class=\"snr\">5</span>Think not that this is madness.</span> <span data-sentence-id=\"255#5:6\"><span class=\"snr\">6</span>For this your reason tells you, and it follows perfectly from what you have already learned.</span></p></div> <div data-paragraph-id=\"255#6\"><p class=\"p-normal\"><span class=\"pnr\">6.</span> <span data-sentence-id=\"255#6:1\"><span class=\"snr noprint\">1</span>There is no inconsistency in what the Holy Spirit teaches.</span> <span data-sentence-id=\"255#6:2\"><span class=\"snr\">2</span>This is the reasoning of the sane.</span> <span data-sentence-id=\"255#6:3\"><span class=\"snr\">3</span>You have perceived the ego’s madness, and not been made afraid because you did not choose to share in it.</span> <span data-sentence-id=\"255#6:4\"><span class=\"snr\">4</span>At times it still deceives you.</span> <span data-sentence-id=\"255#6:5\"><span class=\"snr\">5</span>Yet in your saner moments, its ranting strikes no terror in your heart.</span> <span data-sentence-id=\"255#6:6\"><span class=\"snr\">6</span>For you have realized that all the gifts it would withdraw from you, in rage at your “presumptuous” wish to look within, you do not want.</span> <span data-sentence-id=\"255#6:7\"><span class=\"snr\">7</span>A few remaining trinkets still seem to shine and catch your eye.</span> <span data-sentence-id=\"255#6:8\"><span class=\"snr\">8</span>Yet you would not “sell” Heaven to have them.</span></p></div> <div data-paragraph-id=\"255#7\"><p class=\"p-normal\"><span class=\"pnr\">7.</span> <span data-sentence-id=\"255#7:1\"><span class=\"snr noprint\">1</span>And now the ego <i>is</i> afraid.</span> <span data-sentence-id=\"255#7:2\"><span class=\"snr\">2</span>Yet what it hears in terror, the other part hears as the sweetest music; the song it longed to hear since first the ego came into your mind.</span> <span data-sentence-id=\"255#7:3\"><span class=\"snr\">3</span>The ego’s weakness is its strength.</span> <span data-sentence-id=\"255#7:4\"><span class=\"snr\">4</span>The song of freedom, which sings the praises of another world, brings to it hope of peace.</span> <span data-sentence-id=\"255#7:5\"><span class=\"snr\">5</span>For it remembers Heaven, and now it sees that Heaven has come to earth at last, from which the ego’s rule has kept it out so long.</span> <span data-sentence-id=\"255#7:6\"><span class=\"snr\">6</span>Heaven has come because it found a home in your relationship on earth.</span> <span data-sentence-id=\"255#7:7\"><span class=\"snr\">7</span>And earth can hold no longer what has been given Heaven as its own.</span></p></div> <div data-paragraph-id=\"255#8\"><p class=\"p-normal\"><span class=\"pnr\">8.</span> <span data-sentence-id=\"255#8:1\"><span class=\"snr noprint\">1</span>Look gently on your brother, and remember the ego’s weakness is revealed in both your sight.</span> <span data-sentence-id=\"255#8:2\"><span class=\"snr\">2</span>What it would keep apart has met and joined, and looks upon the ego unafraid.</span> <span data-sentence-id=\"255#8:3\"><span class=\"snr\">3</span>Little child, innocent of sin, follow in gladness the way to certainty.</span> <span data-sentence-id=\"255#8:4\"><span class=\"snr\">4</span>Be not held back by fear’s insane insistence that sureness lies in doubt.</span> <span data-sentence-id=\"255#8:5\"><span class=\"snr\">5</span>This has no meaning.</span> <span data-sentence-id=\"255#8:6\"><span class=\"snr\">6</span>What matters it to you how loudly it is proclaimed?</span> <span data-sentence-id=\"255#8:7\"><span class=\"snr\">7</span>The senseless is not made meaningful by repetition and by clamor.</span> <span data-sentence-id=\"255#8:8\"><span class=\"snr\">8</span>The quiet way is open.</span> <span data-sentence-id=\"255#8:9\"><span class=\"snr\">9</span>Follow it happily, and question not what must be so.</span></p></div> </div>","firstWords":"The Holy Spirit will never teach you that you are sinful. Errors He will correct, but this makes no one fearful. You are indeed afraid to look within and see the sin you think is there. This you","contentType":"acim-content","seoTitle":"Chapter 21.IV: The Fear to Look Within | ACIM","seoDescription":"✨ A Course in Miracles, read the complete Chapter 21.IV “The Fear to Look Within”: The Holy Spirit will never teach you that you are sinful. Errors He will correct, but this makes no one…","desktopBreadcrumbs":[{"label":"Text","leadsTo":{"locale":"en","sectionId":51,"slugs":["text","introduction"],"forceToc":true}},{"label":"Chapter 21: Reason and Perception","leadsTo":{"locale":"en","sectionId":251,"slugs":["chapter-21","introduction"],"forceToc":true}},{"label":"IV. The Fear to Look Within","leadsTo":{"locale":"en","sectionId":255,"slugs":["chapter-21","the-fear-to-look-within"]}}],"mobileBreadcrumbs":[{"label":"Text","leadsTo":{"locale":"en","sectionId":51,"slugs":["text","introduction"],"forceToc":true}},{"label":"Chapter 21: Reason and Perception","leadsTo":{"locale":"en","sectionId":251,"slugs":["chapter-21","introduction"],"forceToc":true}},{"label":"IV. The Fear to Look Within","leadsTo":{"locale":"en","sectionId":255,"slugs":["chapter-21","the-fear-to-look-within"]}}],"seoBreadcrumbs":[{"label":"A Course in Miracles","leadsTo":"dashboard"},{"label":"Text","leadsTo":{"locale":"en","sectionId":51,"slugs":["text","introduction"],"forceToc":true}},{"label":"Chapter 21","leadsTo":{"locale":"en","sectionId":251,"slugs":["chapter-21","introduction"],"forceToc":true}},{"label":"IV. The Fear to Look Within","leadsTo":{"locale":"en","sectionId":255,"slugs":["chapter-21","the-fear-to-look-within"]}}],"slugs":["chapter-21","the-fear-to-look-within"],"canonicalLink":"https://acim.org/acim/chapter-21/the-fear-to-look-within/en/s/255","link":"https://acim.org/acim/chapter-21/the-fear-to-look-within/en/s/255","shortLink":"https://acim.org/acim/en/s/255","previousSectionId":254,"previousSectionSlugs":["chapter-21","faith-belief-and-vision"],"previousSectionLink":"https://acim.org/acim/chapter-21/faith-belief-and-vision/en/s/254","nextSectionId":256,"nextSectionSlugs":["chapter-21","the-function-of-reason"],"nextSectionLink":"https://acim.org/acim/chapter-21/the-function-of-reason/en/s/256","hreflangLinks":[{"hrefLang":"en","link":"https://acim.org/acim/en/s/255"}]}