{"sectionId":259,"sectionIdLiteral":"259","humanId":"chap-21-sect-8","volumeId":"text","locale":"en","titleInfo":{"title":"The Inner Shift","inlineNumber":"VIII."},"annotation":"T-21.VIII","bodyHtml":"<div class=\"acim-text chap-21-sect-8\"> <div data-paragraph-id=\"259#1\"><p class=\"p-normal\"><span class=\"pnr\">1.</span> <span data-sentence-id=\"259#1:1\"><span class=\"snr noprint\">1</span>Are thoughts, then, dangerous?</span> <span data-sentence-id=\"259#1:2\"><span class=\"snr\">2</span>To bodies, yes!</span> <span data-sentence-id=\"259#1:3\"><span class=\"snr\">3</span>The thoughts that seem to kill are those that teach the thinker that he <i>can</i> be killed.</span> <span data-sentence-id=\"259#1:4\"><span class=\"snr\">4</span>And so he “dies” because of what he learned.</span> <span data-sentence-id=\"259#1:5\"><span class=\"snr\">5</span>He goes from life to death, the final proof he valued the inconstant more than constancy.</span> <span data-sentence-id=\"259#1:6\"><span class=\"snr\">6</span>Surely he thought he wanted happiness.</span> <span data-sentence-id=\"259#1:7\"><span class=\"snr\">7</span>Yet he did not desire it <i>because</i> it was the truth, and therefore must be constant.</span></p></div> <div data-paragraph-id=\"259#2\"><p class=\"p-normal\"><span class=\"pnr\">2.</span> <span data-sentence-id=\"259#2:1\"><span class=\"snr noprint\">1</span>The constancy of joy is a condition quite alien to your understanding.</span> <span data-sentence-id=\"259#2:2\"><span class=\"snr\">2</span>Yet if you could even imagine what it must be, you would desire it although you understand it not.</span> <span data-sentence-id=\"259#2:3\"><span class=\"snr\">3</span>The constancy of happiness has no exceptions; no change of any kind.</span> <span data-sentence-id=\"259#2:4\"><span class=\"snr\">4</span>It is unshakable as is the Love of God for His creation.</span> <span data-sentence-id=\"259#2:5\"><span class=\"snr\">5</span>Sure in its vision as its Creator is in what He knows, happiness looks on everything and sees it is the same.</span> <span data-sentence-id=\"259#2:6\"><span class=\"snr\">6</span>It sees not the ephemeral, for it desires everything be like itself, and sees it so.</span> <span data-sentence-id=\"259#2:7\"><span class=\"snr\">7</span>Nothing has power to confound its constancy, because its own desire cannot be shaken.</span> <span data-sentence-id=\"259#2:8\"><span class=\"snr\">8</span>It comes as surely unto those who see the final question is necessary to the rest, as peace must come to those who choose to heal and not to judge.</span></p></div> <div data-paragraph-id=\"259#3\"><p class=\"p-normal\"><span class=\"pnr\">3.</span> <span data-sentence-id=\"259#3:1\"><span class=\"snr noprint\">1</span>Reason will tell you that you cannot ask for happiness inconstantly.</span> <span data-sentence-id=\"259#3:2\"><span class=\"snr\">2</span>For if what you desire you receive, and happiness is constant, then you need ask for it but once to have it always.</span> <span data-sentence-id=\"259#3:3\"><span class=\"snr\">3</span>And if you do not have it always, being what it is, you did not ask for it.</span> <span data-sentence-id=\"259#3:4\"><span class=\"snr\">4</span>For no one fails to ask for his desire of something he believes holds out some promise of the power of giving it.</span> <span data-sentence-id=\"259#3:5\"><span class=\"snr\">5</span>He may be wrong in what he asks, where, and of what.</span> <span data-sentence-id=\"259#3:6\"><span class=\"snr\">6</span>Yet he will ask because desire is a request, an asking for, and made by one whom God Himself will never fail to answer.</span> <span data-sentence-id=\"259#3:7\"><span class=\"snr\">7</span>God has already given all that he really wants.</span> <span data-sentence-id=\"259#3:8\"><span class=\"snr\">8</span>Yet what he is uncertain of, God cannot give.</span> <span data-sentence-id=\"259#3:9\"><span class=\"snr\">9</span>For he does not desire it while he remains uncertain, and God’s giving must be incomplete unless it is received.</span></p></div> <div data-paragraph-id=\"259#4\"><p class=\"p-normal\"><span class=\"pnr\">4.</span> <span data-sentence-id=\"259#4:1\"><span class=\"snr noprint\">1</span>You who complete God’s Will and are His happiness, whose will is powerful as His, a power that is not lost in your illusions, think carefully why you have not yet decided how you would answer the final question.</span> <span data-sentence-id=\"259#4:2\"><span class=\"snr\">2</span>Your answer to the others has made it possible to help you be already partly sane.</span> <span data-sentence-id=\"259#4:3\"><span class=\"snr\">3</span>And yet it is the final one that really asks if you are willing to be wholly sane.</span></p></div> <div data-paragraph-id=\"259#5\"><p class=\"p-normal\"><span class=\"pnr\">5.</span> <span data-sentence-id=\"259#5:1\"><span class=\"snr noprint\">1</span>What is the holy instant but God’s appeal to you to recognize what He has given you?</span> <span data-sentence-id=\"259#5:2\"><span class=\"snr\">2</span>Here is the great appeal to reason; the awareness of what is always there to see, the happiness that could be always yours.</span> <span data-sentence-id=\"259#5:3\"><span class=\"snr\">3</span>Here is the constant peace you could experience forever.</span> <span data-sentence-id=\"259#5:4\"><span class=\"snr\">4</span>Here is what denial has denied revealed to you.</span> <span data-sentence-id=\"259#5:5\"><span class=\"snr\">5</span>For here the final question is already answered, and what you ask for given.</span> <span data-sentence-id=\"259#5:6\"><span class=\"snr\">6</span>Here is the future <i>now,</i> for time is powerless because of your desire for what will never change.</span> <span data-sentence-id=\"259#5:7\"><span class=\"snr\">7</span>For you have asked that nothing stand between the holiness of your relationship and your <i>awareness</i> of its holiness.</span></p></div> </div>","firstWords":"Are thoughts, then, dangerous? To bodies, yes! The thoughts that seem to kill are those that teach the thinker that he can be killed. And so he “dies” because of what he learned. He goes from life to","contentType":"acim-content","seoTitle":"Chapter 21.VIII: The Inner Shift | ACIM","seoDescription":"✨ A Course in Miracles, read the complete Chapter 21.VIII “The Inner Shift”: Are thoughts, then, dangerous? To bodies, yes! The thoughts that seem to kill are those that teach the…","desktopBreadcrumbs":[{"label":"Text","leadsTo":{"locale":"en","sectionId":51,"slugs":["text","introduction"],"forceToc":true}},{"label":"Chapter 21: Reason and Perception","leadsTo":{"locale":"en","sectionId":251,"slugs":["chapter-21","introduction"],"forceToc":true}},{"label":"VIII. The Inner Shift","leadsTo":{"locale":"en","sectionId":259,"slugs":["chapter-21","the-inner-shift"]}}],"mobileBreadcrumbs":[{"label":"Text","leadsTo":{"locale":"en","sectionId":51,"slugs":["text","introduction"],"forceToc":true}},{"label":"Chapter 21: Reason and Perception","leadsTo":{"locale":"en","sectionId":251,"slugs":["chapter-21","introduction"],"forceToc":true}},{"label":"VIII. The Inner Shift","leadsTo":{"locale":"en","sectionId":259,"slugs":["chapter-21","the-inner-shift"]}}],"seoBreadcrumbs":[{"label":"A Course in Miracles","leadsTo":"dashboard"},{"label":"Text","leadsTo":{"locale":"en","sectionId":51,"slugs":["text","introduction"],"forceToc":true}},{"label":"Chapter 21","leadsTo":{"locale":"en","sectionId":251,"slugs":["chapter-21","introduction"],"forceToc":true}},{"label":"VIII. The Inner Shift","leadsTo":{"locale":"en","sectionId":259,"slugs":["chapter-21","the-inner-shift"]}}],"slugs":["chapter-21","the-inner-shift"],"canonicalLink":"https://acim.org/acim/chapter-21/the-inner-shift/en/s/259","link":"https://acim.org/acim/chapter-21/the-inner-shift/en/s/259","shortLink":"https://acim.org/acim/en/s/259","previousSectionId":258,"previousSectionSlugs":["chapter-21","the-last-unanswered-question"],"previousSectionLink":"https://acim.org/acim/chapter-21/the-last-unanswered-question/en/s/258","nextSectionId":261,"nextSectionSlugs":["chapter-22","introduction"],"nextSectionLink":"https://acim.org/acim/chapter-22/introduction/en/s/261","hreflangLinks":[{"hrefLang":"en","link":"https://acim.org/acim/en/s/259"}]}