{"sectionId":261,"sectionIdLiteral":"261","humanId":"chap-22-intro","volumeId":"text","locale":"en","titleInfo":{"chapterTitle":{"ownlineNumber":"Chapter 22","title":"Salvation and the Holy Relationship"},"title":"Introduction"},"annotation":"T-22.in","bodyHtml":"<div class=\"acim-text chap-22-intro\"> <div data-paragraph-id=\"261#1\"><p class=\"p-normal\"><span class=\"pnr\">1.</span> <span data-sentence-id=\"261#1:1\"><span class=\"snr noprint\">1</span>Take pity on yourself, so long enslaved.</span> <span data-sentence-id=\"261#1:2\"><span class=\"snr\">2</span>Rejoice whom God hath joined have come together and need no longer look on sin apart.</span> <span data-sentence-id=\"261#1:3\"><span class=\"snr\">3</span>No two can look on sin together, for they could never see it in the same place and time.</span> <span data-sentence-id=\"261#1:4\"><span class=\"snr\">4</span>Sin is a strictly individual perception, seen in the other yet believed by each to be within himself.</span> <span data-sentence-id=\"261#1:5\"><span class=\"snr\">5</span>And each one seems to make a different error, and one the other cannot understand.</span> <span data-sentence-id=\"261#1:6\"><span class=\"snr\">6</span>Brother, it is the same, made by the same, and forgiven for its maker in the same way.</span> <span data-sentence-id=\"261#1:7\"><span class=\"snr\">7</span>The holiness of your relationship forgives you and your brother, undoing the effects of what you both believed and saw.</span> <span data-sentence-id=\"261#1:8\"><span class=\"snr\">8</span>And with their going is the need for sin gone with them.</span></p></div> <div data-paragraph-id=\"261#2\"><p class=\"p-normal\"><span class=\"pnr\">2.</span> <span data-sentence-id=\"261#2:1\"><span class=\"snr noprint\">1</span>Who has need for sin?</span> <span data-sentence-id=\"261#2:2\"><span class=\"snr\">2</span>Only the lonely and alone, who see their brothers different from themselves.</span> <span data-sentence-id=\"261#2:3\"><span class=\"snr\">3</span>It is this difference, seen but not real, that makes the need for sin, not real but seen, seem justified.</span> <span data-sentence-id=\"261#2:4\"><span class=\"snr\">4</span>And all this would be real if sin were so.</span> <span data-sentence-id=\"261#2:5\"><span class=\"snr\">5</span>For an unholy relationship is based on differences, where each one thinks the other has what he has not.</span> <span data-sentence-id=\"261#2:6\"><span class=\"snr\">6</span>They come together, each to complete himself and rob the other.</span> <span data-sentence-id=\"261#2:7\"><span class=\"snr\">7</span>They stay until they think that there is nothing left to steal, and then move on.</span> <span data-sentence-id=\"261#2:8\"><span class=\"snr\">8</span>And so they wander through a world of strangers, unlike themselves, living with their bodies perhaps under a common roof that shelters neither; in the same room and yet a world apart.</span></p></div> <div data-paragraph-id=\"261#3\"><p class=\"p-normal\"><span class=\"pnr\">3.</span> <span data-sentence-id=\"261#3:1\"><span class=\"snr noprint\">1</span>A holy relationship starts from a different premise.</span> <span data-sentence-id=\"261#3:2\"><span class=\"snr\">2</span>Each one has looked within and seen no lack.</span> <span data-sentence-id=\"261#3:3\"><span class=\"snr\">3</span>Accepting his completion, he would extend it by joining with another, whole as himself.</span> <span data-sentence-id=\"261#3:4\"><span class=\"snr\">4</span>He sees no difference between these selves, for differences are only of the body.</span> <span data-sentence-id=\"261#3:5\"><span class=\"snr\">5</span>Therefore, he looks on nothing he would take.</span> <span data-sentence-id=\"261#3:6\"><span class=\"snr\">6</span>He denies not his own reality <i>because</i> it is the truth.</span> <span data-sentence-id=\"261#3:7\"><span class=\"snr\">7</span>Just under Heaven does he stand, but close enough not to return to earth.</span> <span data-sentence-id=\"261#3:8\"><span class=\"snr\">8</span>For this relationship has Heaven’s Holiness.</span> <span data-sentence-id=\"261#3:9\"><span class=\"snr\">9</span>How far from home can a relationship so like to Heaven be?</span></p></div> <div data-paragraph-id=\"261#4\"><p class=\"p-normal\"><span class=\"pnr\">4.</span> <span data-sentence-id=\"261#4:1\"><span class=\"snr noprint\">1</span>Think what a holy relationship can teach!</span> <span data-sentence-id=\"261#4:2\"><span class=\"snr\">2</span>Here is belief in differences undone.</span> <span data-sentence-id=\"261#4:3\"><span class=\"snr\">3</span>Here is the faith in differences shifted to sameness.</span> <span data-sentence-id=\"261#4:4\"><span class=\"snr\">4</span>And here is sight of differences transformed to vision.</span> <span data-sentence-id=\"261#4:5\"><span class=\"snr\">5</span>Reason now can lead you and your brother to the logical conclusion of your union.</span> <span data-sentence-id=\"261#4:6\"><span class=\"snr\">6</span>It must extend, as you extended when you and he joined.</span> <span data-sentence-id=\"261#4:7\"><span class=\"snr\">7</span>It must reach out beyond itself, as you reached out beyond the body, to let you and your brother be joined.</span> <span data-sentence-id=\"261#4:8\"><span class=\"snr\">8</span>And now the sameness that you saw extends and finally removes all sense of differences, so that the sameness that lies beneath them all becomes apparent.</span> <span data-sentence-id=\"261#4:9\"><span class=\"snr\">9</span>Here is the golden circle where you recognize the Son of God.</span> <span data-sentence-id=\"261#4:10\"><span class=\"snr\">10</span>For what is born into a holy relationship can never end.</span></p></div> </div>","firstWords":"Take pity on yourself, so long enslaved. Rejoice whom God hath joined have come together and need no longer look on sin apart. No two can look on sin together, for they could never see it in the same","contentType":"acim-content","seoTitle":"Chapter 22.in: Salvation and the Holy… | ACIM","seoDescription":"✨ A Course in Miracles, read the complete Chapter 22.in “Salvation and the Holy Relationship: Introduction”: Take pity on yourself, so long enslaved. Rejoice whom God hath joined have…","desktopBreadcrumbs":[{"label":"Text","leadsTo":{"locale":"en","sectionId":51,"slugs":["text","introduction"],"forceToc":true}},{"label":"Chapter 22: Salvation and the Holy Relationship","leadsTo":{"locale":"en","sectionId":261,"slugs":["chapter-22","introduction"],"forceToc":true}},{"label":"Introduction","leadsTo":{"locale":"en","sectionId":261,"slugs":["chapter-22","introduction"]}}],"mobileBreadcrumbs":[{"label":"Text","leadsTo":{"locale":"en","sectionId":51,"slugs":["text","introduction"],"forceToc":true}},{"label":"Chapter 22: Salvation and the Holy Relationship","leadsTo":{"locale":"en","sectionId":261,"slugs":["chapter-22","introduction"],"forceToc":true}},{"label":"Introduction","leadsTo":{"locale":"en","sectionId":261,"slugs":["chapter-22","introduction"]}}],"seoBreadcrumbs":[{"label":"A Course in Miracles","leadsTo":"dashboard"},{"label":"Text","leadsTo":{"locale":"en","sectionId":51,"slugs":["text","introduction"],"forceToc":true}},{"label":"Chapter 22","leadsTo":{"locale":"en","sectionId":261,"slugs":["chapter-22","introduction"],"forceToc":true}},{"label":"Introduction","leadsTo":{"locale":"en","sectionId":261,"slugs":["chapter-22","introduction"]}}],"slugs":["chapter-22","introduction"],"canonicalLink":"https://acim.org/acim/chapter-22/introduction/en/s/261","link":"https://acim.org/acim/chapter-22/introduction/en/s/261","shortLink":"https://acim.org/acim/en/s/261","previousSectionId":259,"previousSectionSlugs":["chapter-21","the-inner-shift"],"previousSectionLink":"https://acim.org/acim/chapter-21/the-inner-shift/en/s/259","nextSectionId":262,"nextSectionSlugs":["chapter-22","the-message-of-the-holy-relationship"],"nextSectionLink":"https://acim.org/acim/chapter-22/the-message-of-the-holy-relationship/en/s/262","hreflangLinks":[{"hrefLang":"en","link":"https://acim.org/acim/en/s/261"}]}