{"sectionId":266,"sectionIdLiteral":"266","humanId":"chap-22-sect-5","volumeId":"text","locale":"en","titleInfo":{"title":"Weakness and Defensiveness","inlineNumber":"V."},"annotation":"T-22.V","bodyHtml":"<div class=\"acim-text chap-22-sect-5\"> <div data-paragraph-id=\"266#1\"><p class=\"p-normal\"><span class=\"pnr\">1.</span> <span data-sentence-id=\"266#1:1\"><span class=\"snr noprint\">1</span>How does one overcome illusions?</span> <span data-sentence-id=\"266#1:2\"><span class=\"snr\">2</span>Surely not by force or anger, nor by opposing them in any way.</span> <span data-sentence-id=\"266#1:3\"><span class=\"snr\">3</span>Merely by letting reason tell you that they contradict reality.</span> <span data-sentence-id=\"266#1:4\"><span class=\"snr\">4</span>They go against what must be true.</span> <span data-sentence-id=\"266#1:5\"><span class=\"snr\">5</span>The opposition comes from them, and not reality.</span> <span data-sentence-id=\"266#1:6\"><span class=\"snr\">6</span>Reality opposes nothing.</span> <span data-sentence-id=\"266#1:7\"><span class=\"snr\">7</span>What merely is needs no defense, and offers none.</span> <span data-sentence-id=\"266#1:8\"><span class=\"snr\">8</span>Only illusions need defense because of weakness.</span> <span data-sentence-id=\"266#1:9\"><span class=\"snr\">9</span>And how can it be difficult to walk the way of truth when only weakness interferes?</span> <span data-sentence-id=\"266#1:10\"><span class=\"snr\">10</span><i>You</i> are the strong one in this seeming conflict.</span> <span data-sentence-id=\"266#1:11\"><span class=\"snr\">11</span>And you need no defense.</span> <span data-sentence-id=\"266#1:12\"><span class=\"snr\">12</span>Everything that needs defense you do not want, for anything that needs defense will weaken you.</span></p></div> <div data-paragraph-id=\"266#2\"><p class=\"p-normal\"><span class=\"pnr\">2.</span> <span data-sentence-id=\"266#2:1\"><span class=\"snr noprint\">1</span>Consider what the ego wants defenses for.</span> <span data-sentence-id=\"266#2:2\"><span class=\"snr\">2</span>Always to justify what goes against the truth, flies in the face of reason and makes no sense.</span> <span data-sentence-id=\"266#2:3\"><span class=\"snr\">3</span>Can this <i>be</i> justified?</span> <span data-sentence-id=\"266#2:4\"><span class=\"snr\">4</span>What can this be except an invitation to insanity, to save you from the truth?</span> <span data-sentence-id=\"266#2:5\"><span class=\"snr\">5</span>And what would you be saved from but what you fear?</span> <span data-sentence-id=\"266#2:6\"><span class=\"snr\">6</span>Belief in sin needs great defense, and at enormous cost.</span> <span data-sentence-id=\"266#2:7\"><span class=\"snr\">7</span>All that the Holy Spirit offers must be defended against and sacrificed.</span> <span data-sentence-id=\"266#2:8\"><span class=\"snr\">8</span>For sin is carved into a block out of your peace, and laid between you and its return.</span></p></div> <div data-paragraph-id=\"266#3\"><p class=\"p-normal\"><span class=\"pnr\">3.</span> <span data-sentence-id=\"266#3:1\"><span class=\"snr noprint\">1</span>Yet how can peace be so fragmented?</span> <span data-sentence-id=\"266#3:2\"><span class=\"snr\">2</span>It is still whole, and nothing has been taken from it.</span> <span data-sentence-id=\"266#3:3\"><span class=\"snr\">3</span>See how the means and the material of evil dreams are nothing.</span> <span data-sentence-id=\"266#3:4\"><span class=\"snr\">4</span>In truth you and your brother stand together, with nothing in between.</span> <span data-sentence-id=\"266#3:5\"><span class=\"snr\">5</span>God holds your hands, and what can separate whom He has joined as one with Him?</span> <span data-sentence-id=\"266#3:6\"><span class=\"snr\">6</span>It is your Father Whom you would defend against.</span> <span data-sentence-id=\"266#3:7\"><span class=\"snr\">7</span>Yet it remains impossible to keep love out.</span> <span data-sentence-id=\"266#3:8\"><span class=\"snr\">8</span>God rests with you in quiet, undefended and wholly undefending, for in this quiet state alone is strength and power.</span> <span data-sentence-id=\"266#3:9\"><span class=\"snr\">9</span>Here can no weakness enter, for here is no attack and therefore no illusions.</span> <span data-sentence-id=\"266#3:10\"><span class=\"snr\">10</span>Love rests in certainty.</span> <span data-sentence-id=\"266#3:11\"><span class=\"snr\">11</span>Only uncertainty can be defensive.</span> <span data-sentence-id=\"266#3:12\"><span class=\"snr\">12</span>And all uncertainty is doubt about yourself.</span></p></div> <div data-paragraph-id=\"266#4\"><p class=\"p-normal\"><span class=\"pnr\">4.</span> <span data-sentence-id=\"266#4:1\"><span class=\"snr noprint\">1</span>How weak is fear; how little and how meaningless.</span> <span data-sentence-id=\"266#4:2\"><span class=\"snr\">2</span>How insignificant before the quiet strength of those whom love has joined!</span> <span data-sentence-id=\"266#4:3\"><span class=\"snr\">3</span>This is your “enemy,”—a frightened mouse that would attack the universe.</span> <span data-sentence-id=\"266#4:4\"><span class=\"snr\">4</span>How likely is it that it will succeed?</span> <span data-sentence-id=\"266#4:5\"><span class=\"snr\">5</span>Can it be difficult to disregard its feeble squeaks that tell of its omnipotence, and would drown out the hymn of praise to its Creator that every heart throughout the universe forever sings as one?</span> <span data-sentence-id=\"266#4:6\"><span class=\"snr\">6</span>Which is the stronger?</span> <span data-sentence-id=\"266#4:7\"><span class=\"snr\">7</span>Is it this tiny mouse or everything that God created?</span> <span data-sentence-id=\"266#4:8\"><span class=\"snr\">8</span>You and your brother are not joined together by this mouse, but by the Will of God.</span> <span data-sentence-id=\"266#4:9\"><span class=\"snr\">9</span>And can a mouse betray whom God has joined?</span></p></div> <div data-paragraph-id=\"266#5\"><p class=\"p-normal\"><span class=\"pnr\">5.</span> <span data-sentence-id=\"266#5:1\"><span class=\"snr noprint\">1</span>If you but recognized how little stands between you and your awareness of your union with your brother!</span> <span data-sentence-id=\"266#5:2\"><span class=\"snr\">2</span>Be not deceived by the illusions it presents of size and thickness, weight, solidity and firmness of foundation.</span> <span data-sentence-id=\"266#5:3\"><span class=\"snr\">3</span>Yes, to the body’s eyes it looks like an enormous solid body, immovable as is a mountain.</span> <span data-sentence-id=\"266#5:4\"><span class=\"snr\">4</span>Yet within you is a Force that no illusions can resist.</span> <span data-sentence-id=\"266#5:5\"><span class=\"snr\">5</span>This body only seems to be immovable; this Force is irresistible in truth.</span> <span data-sentence-id=\"266#5:6\"><span class=\"snr\">6</span>What, then, must happen when they come together?</span> <span data-sentence-id=\"266#5:7\"><span class=\"snr\">7</span>Can the illusion of immovability be long defended from what is quietly passed through and gone beyond?</span></p></div> <div data-paragraph-id=\"266#6\"><p class=\"p-normal\"><span class=\"pnr\">6.</span> <span data-sentence-id=\"266#6:1\"><span class=\"snr noprint\">1</span>Forget not, when you feel the need arise to be defensive about anything, you have identified yourself with an illusion.</span> <span data-sentence-id=\"266#6:2\"><span class=\"snr\">2</span>And therefore feel that you are weak because you are alone.</span> <span data-sentence-id=\"266#6:3\"><span class=\"snr\">3</span>This is the cost of all illusions.</span> <span data-sentence-id=\"266#6:4\"><span class=\"snr\">4</span>Not one but rests on the belief that you are separate.</span> <span data-sentence-id=\"266#6:5\"><span class=\"snr\">5</span>Not one that does not seem to stand, heavy and solid and immovable, between you and your brother.</span> <span data-sentence-id=\"266#6:6\"><span class=\"snr\">6</span>And not one that truth cannot pass over lightly, and so easily that you must be convinced, in spite of what you thought it was, that it is nothing.</span> <span data-sentence-id=\"266#6:7\"><span class=\"snr\">7</span>If you forgive your brother, this <i>must</i> happen.</span> <span data-sentence-id=\"266#6:8\"><span class=\"snr\">8</span>For it is your unwillingness to overlook what seems to stand between you and your brother that makes it look impenetrable, and defends the illusion of its immovability.</span></p></div> </div>","firstWords":"How does one overcome illusions? Surely not by force or anger, nor by opposing them in any way. Merely by letting reason tell you that they contradict reality. They go against what must be true. The","contentType":"acim-content","seoTitle":"Chapter 22.V: Weakness and Defensiveness | ACIM","seoDescription":"✨ A Course in Miracles, read the complete Chapter 22.V “Weakness and Defensiveness”: How does one overcome illusions? Surely not by force or anger, nor by opposing them in any way.…","desktopBreadcrumbs":[{"label":"Text","leadsTo":{"locale":"en","sectionId":51,"slugs":["text","introduction"],"forceToc":true}},{"label":"Chapter 22: Salvation and the Holy Relationship","leadsTo":{"locale":"en","sectionId":261,"slugs":["chapter-22","introduction"],"forceToc":true}},{"label":"V. Weakness and Defensiveness","leadsTo":{"locale":"en","sectionId":266,"slugs":["chapter-22","weakness-and-defensiveness"]}}],"mobileBreadcrumbs":[{"label":"Text","leadsTo":{"locale":"en","sectionId":51,"slugs":["text","introduction"],"forceToc":true}},{"label":"Chapter 22: Salvation and the Holy Relationship","leadsTo":{"locale":"en","sectionId":261,"slugs":["chapter-22","introduction"],"forceToc":true}},{"label":"V. Weakness and Defensiveness","leadsTo":{"locale":"en","sectionId":266,"slugs":["chapter-22","weakness-and-defensiveness"]}}],"seoBreadcrumbs":[{"label":"A Course in Miracles","leadsTo":"dashboard"},{"label":"Text","leadsTo":{"locale":"en","sectionId":51,"slugs":["text","introduction"],"forceToc":true}},{"label":"Chapter 22","leadsTo":{"locale":"en","sectionId":261,"slugs":["chapter-22","introduction"],"forceToc":true}},{"label":"V. Weakness and Defensiveness","leadsTo":{"locale":"en","sectionId":266,"slugs":["chapter-22","weakness-and-defensiveness"]}}],"slugs":["chapter-22","weakness-and-defensiveness"],"canonicalLink":"https://acim.org/acim/chapter-22/weakness-and-defensiveness/en/s/266","link":"https://acim.org/acim/chapter-22/weakness-and-defensiveness/en/s/266","shortLink":"https://acim.org/acim/en/s/266","previousSectionId":265,"previousSectionSlugs":["chapter-22","the-branching-of-the-road"],"previousSectionLink":"https://acim.org/acim/chapter-22/the-branching-of-the-road/en/s/265","nextSectionId":267,"nextSectionSlugs":["chapter-22","the-light-of-the-holy-relationship"],"nextSectionLink":"https://acim.org/acim/chapter-22/the-light-of-the-holy-relationship/en/s/267","hreflangLinks":[{"hrefLang":"en","link":"https://acim.org/acim/en/s/266"}]}