{"sectionId":271,"sectionIdLiteral":"271","humanId":"chap-23-sect-2","volumeId":"text","locale":"en","titleInfo":{"title":"The Laws of Chaos","inlineNumber":"II."},"annotation":"T-23.II","bodyHtml":"<div class=\"acim-text chap-23-sect-2\"> <div data-paragraph-id=\"271#1\"><p class=\"p-normal\"><span class=\"pnr\">1.</span> <span data-sentence-id=\"271#1:1\"><span class=\"snr noprint\">1</span>The “laws” of chaos can be brought to light, though never understood.</span> <span data-sentence-id=\"271#1:2\"><span class=\"snr\">2</span>Chaotic laws are hardly meaningful, and therefore out of reason’s sphere.</span> <span data-sentence-id=\"271#1:3\"><span class=\"snr\">3</span>Yet they appear to be an obstacle to reason and to truth.</span> <span data-sentence-id=\"271#1:4\"><span class=\"snr\">4</span>Let us, then, look upon them calmly, that we may look beyond them, understanding what they are, not what they would maintain.</span> <span data-sentence-id=\"271#1:5\"><span class=\"snr\">5</span>It is essential it be understood what they are for, because it is their purpose to make meaningless, and to attack the truth.</span> <span data-sentence-id=\"271#1:6\"><span class=\"snr\">6</span>Here are the laws that rule the world you made.</span> <span data-sentence-id=\"271#1:7\"><span class=\"snr\">7</span>And yet they govern nothing, and need not be broken; merely looked upon and gone beyond.</span></p></div> <div data-paragraph-id=\"271#2\"><p class=\"p-normal\"><span class=\"pnr\">2.</span> <span data-sentence-id=\"271#2:1\"><span class=\"snr noprint\">1</span>The <i>first</i> chaotic law is that the truth is different for everyone.</span> <span data-sentence-id=\"271#2:2\"><span class=\"snr\">2</span>Like all these principles, this one maintains that each is separate and has a different set of thoughts that set him off from others.</span> <span data-sentence-id=\"271#2:3\"><span class=\"snr\">3</span>This principle evolves from the belief there is a hierarchy of illusions; some are more valuable and therefore true.</span> <span data-sentence-id=\"271#2:4\"><span class=\"snr\">4</span>Each one establishes this for himself, and makes it true by his attack on what another values.</span> <span data-sentence-id=\"271#2:5\"><span class=\"snr\">5</span>And this is justified because the values differ, and those who hold them seem to be unlike, and therefore enemies.</span></p></div> <div data-paragraph-id=\"271#3\"><p class=\"p-normal\"><span class=\"pnr\">3.</span> <span data-sentence-id=\"271#3:1\"><span class=\"snr noprint\">1</span>Think how this seems to interfere with the first principle of miracles.</span> <span data-sentence-id=\"271#3:2\"><span class=\"snr\">2</span>For this establishes degrees of truth among illusions, making it seem that some of them are harder to overcome than others.</span> <span data-sentence-id=\"271#3:3\"><span class=\"snr\">3</span>If it were realized that they are all the same and equally untrue; it would be easy, then, to understand that miracles apply to all of them.</span> <span data-sentence-id=\"271#3:4\"><span class=\"snr\">4</span>Errors of any kind can be corrected <i>because</i> they are untrue.</span> <span data-sentence-id=\"271#3:5\"><span class=\"snr\">5</span>When brought to truth instead of to each other, they merely disappear.</span> <span data-sentence-id=\"271#3:6\"><span class=\"snr\">6</span>No part of nothing can be more resistant to the truth than can another.</span></p></div> <div data-paragraph-id=\"271#4\"><p class=\"p-normal\"><span class=\"pnr\">4.</span> <span data-sentence-id=\"271#4:1\"><span class=\"snr noprint\">1</span>The <i>second</i> law of chaos, dear indeed to every worshipper of sin, is that each one <i>must</i> sin, and therefore deserves attack and death.</span> <span data-sentence-id=\"271#4:2\"><span class=\"snr\">2</span>This principle, closely related to the first, is the demand that errors call for punishment and not correction.</span> <span data-sentence-id=\"271#4:3\"><span class=\"snr\">3</span>For the destruction of the one who makes the error places him beyond correction and beyond forgiveness.</span> <span data-sentence-id=\"271#4:4\"><span class=\"snr\">4</span>What he has done is thus interpreted as an irrevocable sentence upon himself, which God Himself is powerless to overcome.</span> <span data-sentence-id=\"271#4:5\"><span class=\"snr\">5</span>Sin cannot be remitted, being the belief the Son of God can make mistakes for which his own destruction becomes inevitable.</span></p></div> <div data-paragraph-id=\"271#5\"><p class=\"p-normal\"><span class=\"pnr\">5.</span> <span data-sentence-id=\"271#5:1\"><span class=\"snr noprint\">1</span>Think what this seems to do to the relationship between the Father and the Son.</span> <span data-sentence-id=\"271#5:2\"><span class=\"snr\">2</span>Now it appears that They can never be One again.</span> <span data-sentence-id=\"271#5:3\"><span class=\"snr\">3</span>For One must always be condemned, and by the Other.</span> <span data-sentence-id=\"271#5:4\"><span class=\"snr\">4</span>Now are They different, and enemies.</span> <span data-sentence-id=\"271#5:5\"><span class=\"snr\">5</span>And Their relationship is one of opposition, just as the separate aspects of the Son meet only to conflict but not to join.</span> <span data-sentence-id=\"271#5:6\"><span class=\"snr\">6</span>One becomes weak, the other strong by his defeat.</span> <span data-sentence-id=\"271#5:7\"><span class=\"snr\">7</span>And fear of God and of each other now appears as sensible, made real by what the Son of God has done both to himself and his Creator.</span></p></div> <div data-paragraph-id=\"271#6\"><p class=\"p-normal\"><span class=\"pnr\">6.</span> <span data-sentence-id=\"271#6:1\"><span class=\"snr noprint\">1</span>The arrogance on which the laws of chaos stand could not be more apparent than emerges here.</span> <span data-sentence-id=\"271#6:2\"><span class=\"snr\">2</span>Here is a principle that would define what the Creator of reality must be; what He must think and what He must believe; and how He must respond, believing it.</span> <span data-sentence-id=\"271#6:3\"><span class=\"snr\">3</span>It is not seen as even necessary that He be asked about the truth of what has been established for His belief.</span> <span data-sentence-id=\"271#6:4\"><span class=\"snr\">4</span>His Son can tell Him this, and He has but the choice whether to take his word for it or be mistaken.</span> <span data-sentence-id=\"271#6:5\"><span class=\"snr\">5</span>This leads directly to the <i>third</i> preposterous belief that seems to make chaos eternal.</span> <span data-sentence-id=\"271#6:6\"><span class=\"snr\">6</span>For if God cannot be mistaken, He must accept His Son’s belief in what he is, and hate him for it.</span></p></div> <div data-paragraph-id=\"271#7\"><p class=\"p-normal\"><span class=\"pnr\">7.</span> <span data-sentence-id=\"271#7:1\"><span class=\"snr noprint\">1</span>See how the fear of God is reinforced by this third principle.</span> <span data-sentence-id=\"271#7:2\"><span class=\"snr\">2</span>Now it becomes impossible to turn to Him for help in misery.</span> <span data-sentence-id=\"271#7:3\"><span class=\"snr\">3</span>For now He has become the “enemy” Who caused it, to Whom appeal is useless.</span> <span data-sentence-id=\"271#7:4\"><span class=\"snr\">4</span>Nor can salvation lie within the Son, whose every aspect seems to be at war with Him, and justified in its attack.</span> <span data-sentence-id=\"271#7:5\"><span class=\"snr\">5</span>And now is conflict made inevitable, beyond the help of God.</span> <span data-sentence-id=\"271#7:6\"><span class=\"snr\">6</span>For now salvation must remain impossible, because the Savior has become the enemy.</span></p></div> <div data-paragraph-id=\"271#8\"><p class=\"p-normal\"><span class=\"pnr\">8.</span> <span data-sentence-id=\"271#8:1\"><span class=\"snr noprint\">1</span>There can be no release and no escape.</span> <span data-sentence-id=\"271#8:2\"><span class=\"snr\">2</span>Atonement thus becomes a myth, and vengeance, not forgiveness, is the Will of God.</span> <span data-sentence-id=\"271#8:3\"><span class=\"snr\">3</span>From where all this begins, there is no sight of help that can succeed.</span> <span data-sentence-id=\"271#8:4\"><span class=\"snr\">4</span>Only destruction can be the outcome.</span> <span data-sentence-id=\"271#8:5\"><span class=\"snr\">5</span>And God Himself seems to be siding with it, to overcome His Son.</span> <span data-sentence-id=\"271#8:6\"><span class=\"snr\">6</span>Think not the ego will enable you to find escape from what it wants.</span> <span data-sentence-id=\"271#8:7\"><span class=\"snr\">7</span>That is the function of this course, which does not value what the ego cherishes.</span></p></div> <div data-paragraph-id=\"271#9\"><p class=\"p-normal\"><span class=\"pnr\">9.</span> <span data-sentence-id=\"271#9:1\"><span class=\"snr noprint\">1</span>The ego values only what it takes.</span> <span data-sentence-id=\"271#9:2\"><span class=\"snr\">2</span>This leads to the <i>fourth</i> law of chaos, which, if the others are accepted, must be true.</span> <span data-sentence-id=\"271#9:3\"><span class=\"snr\">3</span>This seeming law is the belief you have what you have taken.</span> <span data-sentence-id=\"271#9:4\"><span class=\"snr\">4</span>By this, another’s loss becomes your gain, and thus it fails to recognize that you can never take away save from yourself.</span> <span data-sentence-id=\"271#9:5\"><span class=\"snr\">5</span>Yet all the other laws must lead to this.</span> <span data-sentence-id=\"271#9:6\"><span class=\"snr\">6</span>For enemies do not give willingly to one another, nor would they seek to share the things they value.</span> <span data-sentence-id=\"271#9:7\"><span class=\"snr\">7</span>And what your enemies would keep from you must be worth having, because they keep it hidden from your sight.</span></p></div> <div data-paragraph-id=\"271#10\"><p class=\"p-normal\"><span class=\"pnr\">10.</span> <span data-sentence-id=\"271#10:1\"><span class=\"snr noprint\">1</span>All of the mechanisms of madness are seen emerging here: the “enemy” made strong by keeping hidden the valuable inheritance that should be yours; your justified position and attack for what has been withheld; and the inevitable loss the enemy must suffer to save yourself.</span> <span data-sentence-id=\"271#10:2\"><span class=\"snr\">2</span>Thus do the guilty ones protest their “innocence.”</span> <span data-sentence-id=\"271#10:3\"><span class=\"snr\">3</span>Were they not forced into this foul attack by the unscrupulous behavior of the enemy, they would respond with only kindness.</span> <span data-sentence-id=\"271#10:4\"><span class=\"snr\">4</span>But in a savage world the kind cannot survive, so they must take or else be taken from.</span></p></div> <div data-paragraph-id=\"271#11\"><p class=\"p-normal\"><span class=\"pnr\">11.</span> <span data-sentence-id=\"271#11:1\"><span class=\"snr noprint\">1</span>And now there is a vague unanswered question, not yet “explained.”</span> <span data-sentence-id=\"271#11:2\"><span class=\"snr\">2</span>What is this precious thing, this priceless pearl, this hidden secret treasure, to be wrested in righteous wrath from this most treacherous and cunning enemy?</span> <span data-sentence-id=\"271#11:3\"><span class=\"snr\">3</span>It must be what you want but never found.</span> <span data-sentence-id=\"271#11:4\"><span class=\"snr\">4</span>And now you “understand” the reason why you found it not.</span> <span data-sentence-id=\"271#11:5\"><span class=\"snr\">5</span>For it was taken from you by this enemy, and hidden where you would not think to look.</span> <span data-sentence-id=\"271#11:6\"><span class=\"snr\">6</span>He hid it in his body, making it the cover for his guilt, the hiding place for what belongs to you.</span> <span data-sentence-id=\"271#11:7\"><span class=\"snr\">7</span>Now must his body be destroyed and sacrificed, that you may have that which belongs to you.</span> <span data-sentence-id=\"271#11:8\"><span class=\"snr\">8</span>His treachery demands his death, that you may live.</span> <span data-sentence-id=\"271#11:9\"><span class=\"snr\">9</span>And you attack only in self-defense.</span></p></div> <div data-paragraph-id=\"271#12\"><p class=\"p-normal\"><span class=\"pnr\">12.</span> <span data-sentence-id=\"271#12:1\"><span class=\"snr noprint\">1</span>But what is it you want that needs his death?</span> <span data-sentence-id=\"271#12:2\"><span class=\"snr\">2</span>Can you be sure your murderous attack is justified unless you know what it is for?</span> <span data-sentence-id=\"271#12:3\"><span class=\"snr\">3</span>And here a <i>final</i> principle of chaos comes to the “rescue.”</span> <span data-sentence-id=\"271#12:4\"><span class=\"snr\">4</span>It holds there is a substitute for love.</span> <span data-sentence-id=\"271#12:5\"><span class=\"snr\">5</span>This is the magic that will cure all of your pain; the missing factor in your madness that makes it “sane.”</span> <span data-sentence-id=\"271#12:6\"><span class=\"snr\">6</span>This is the reason why you must attack.</span> <span data-sentence-id=\"271#12:7\"><span class=\"snr\">7</span>Here is what makes your vengeance justified.</span> <span data-sentence-id=\"271#12:8\"><span class=\"snr\">8</span>Behold, unveiled, the ego’s secret gift, torn from your brother’s body, hidden there in malice and in hatred for the one to whom the gift belongs.</span> <span data-sentence-id=\"271#12:9\"><span class=\"snr\">9</span>He would deprive you of the secret ingredient that would give meaning to your life.</span> <span data-sentence-id=\"271#12:10\"><span class=\"snr\">10</span>The substitute for love, born of your enmity to your brother, must be salvation.</span> <span data-sentence-id=\"271#12:11\"><span class=\"snr\">11</span>It has no substitute, and there is only one.</span> <span data-sentence-id=\"271#12:12\"><span class=\"snr\">12</span>And all your relationships have but the purpose of seizing it and making it your own.</span></p></div> <div data-paragraph-id=\"271#13\"><p class=\"p-normal\"><span class=\"pnr\">13.</span> <span data-sentence-id=\"271#13:1\"><span class=\"snr noprint\">1</span>Never is your possession made complete.</span> <span data-sentence-id=\"271#13:2\"><span class=\"snr\">2</span>And never will your brother cease his attack on you for what you stole.</span> <span data-sentence-id=\"271#13:3\"><span class=\"snr\">3</span>Nor will God end His vengeance upon both, for in His madness He must have this substitute for love, and kill you both.</span> <span data-sentence-id=\"271#13:4\"><span class=\"snr\">4</span>You who believe you walk in sanity with feet on solid ground, and through a world where meaning can be found, consider this: These <i>are</i> the laws on which your “sanity” appears to rest.</span> <span data-sentence-id=\"271#13:5\"><span class=\"snr\">5</span>These <i>are</i> the principles which make the ground beneath your feet seem solid.</span> <span data-sentence-id=\"271#13:6\"><span class=\"snr\">6</span>And it <i>is</i> here you look for meaning.</span> <span data-sentence-id=\"271#13:7\"><span class=\"snr\">7</span>These are the laws you made for your salvation.</span> <span data-sentence-id=\"271#13:8\"><span class=\"snr\">8</span>They hold in place the substitute for Heaven which you prefer.</span> <span data-sentence-id=\"271#13:9\"><span class=\"snr\">9</span>This is their purpose; they were made for this.</span> <span data-sentence-id=\"271#13:10\"><span class=\"snr\">10</span>There is no point in asking what they mean.</span> <span data-sentence-id=\"271#13:11\"><span class=\"snr\">11</span>That is apparent.</span> <span data-sentence-id=\"271#13:12\"><span class=\"snr\">12</span>The means of madness must be insane.</span> <span data-sentence-id=\"271#13:13\"><span class=\"snr\">13</span>Are you as certain that you realize the goal is madness?</span></p></div> <div data-paragraph-id=\"271#14\"><p class=\"p-normal\"><span class=\"pnr\">14.</span> <span data-sentence-id=\"271#14:1\"><span class=\"snr noprint\">1</span>No one wants madness, nor does anyone cling to his madness if he sees that this is what it is.</span> <span data-sentence-id=\"271#14:2\"><span class=\"snr\">2</span>What protects madness is the belief that it is true.</span> <span data-sentence-id=\"271#14:3\"><span class=\"snr\">3</span>It is the function of insanity to take the place of truth.</span> <span data-sentence-id=\"271#14:4\"><span class=\"snr\">4</span>It must be seen as truth to be believed.</span> <span data-sentence-id=\"271#14:5\"><span class=\"snr\">5</span>And if it is the truth, then must its opposite, which was the truth before, be madness now.</span> <span data-sentence-id=\"271#14:6\"><span class=\"snr\">6</span>Such a reversal, completely turned around, with madness sanity, illusions true, attack a kindness, hatred love, and murder benediction, is the goal the laws of chaos serve.</span> <span data-sentence-id=\"271#14:7\"><span class=\"snr\">7</span>These are the means by which the laws of God appear to be reversed.</span> <span data-sentence-id=\"271#14:8\"><span class=\"snr\">8</span>Here do the laws of sin appear to hold love captive, and let sin go free.</span></p></div> <div data-paragraph-id=\"271#15\"><p class=\"p-normal\"><span class=\"pnr\">15.</span> <span data-sentence-id=\"271#15:1\"><span class=\"snr noprint\">1</span>These do not seem to be the goals of chaos, for by the great reversal they appear to be the laws of order.</span> <span data-sentence-id=\"271#15:2\"><span class=\"snr\">2</span>How could it not be so?</span> <span data-sentence-id=\"271#15:3\"><span class=\"snr\">3</span>Chaos is lawlessness, and has no laws.</span> <span data-sentence-id=\"271#15:4\"><span class=\"snr\">4</span>To be believed, its seeming laws must be perceived as real.</span> <span data-sentence-id=\"271#15:5\"><span class=\"snr\">5</span>Their goal of madness must be seen as sanity.</span> <span data-sentence-id=\"271#15:6\"><span class=\"snr\">6</span>And fear, with ashen lips and sightless eyes, blinded and terrible to look upon, is lifted to the throne of love, its dying conqueror, its substitute, the savior from salvation.</span> <span data-sentence-id=\"271#15:7\"><span class=\"snr\">7</span>How lovely do the laws of fear make death appear.</span> <span data-sentence-id=\"271#15:8\"><span class=\"snr\">8</span>Give thanks unto the hero on love’s throne, who saved the Son of God for fear and death!</span></p></div> <div data-paragraph-id=\"271#16\"><p class=\"p-normal\"><span class=\"pnr\">16.</span> <span data-sentence-id=\"271#16:1\"><span class=\"snr noprint\">1</span>And yet, how can it be that laws like these can be believed?</span> <span data-sentence-id=\"271#16:2\"><span class=\"snr\">2</span>There is a strange device that makes it possible.</span> <span data-sentence-id=\"271#16:3\"><span class=\"snr\">3</span>Nor is it unfamiliar; we have seen how it appears to function many times before.</span> <span data-sentence-id=\"271#16:4\"><span class=\"snr\">4</span>In truth it does not function, yet in dreams, where only shadows play the major roles, it seems most powerful.</span> <span data-sentence-id=\"271#16:5\"><span class=\"snr\">5</span>No law of chaos could compel belief but for the emphasis on form and disregard of content.</span> <span data-sentence-id=\"271#16:6\"><span class=\"snr\">6</span>No one who thinks that one of these laws is true sees what it says.</span> <span data-sentence-id=\"271#16:7\"><span class=\"snr\">7</span>Some forms it takes seem to have meaning, and that is all.</span></p></div> <div data-paragraph-id=\"271#17\"><p class=\"p-normal\"><span class=\"pnr\">17.</span> <span data-sentence-id=\"271#17:1\"><span class=\"snr noprint\">1</span>How can some forms of murder not mean death?</span> <span data-sentence-id=\"271#17:2\"><span class=\"snr\">2</span>Can an attack in any form be love?</span> <span data-sentence-id=\"271#17:3\"><span class=\"snr\">3</span>What form of condemnation is a blessing?</span> <span data-sentence-id=\"271#17:4\"><span class=\"snr\">4</span>Who makes his savior powerless and finds salvation?</span> <span data-sentence-id=\"271#17:5\"><span class=\"snr\">5</span>Let not the form of the attack on him deceive you.</span> <span data-sentence-id=\"271#17:6\"><span class=\"snr\">6</span>You cannot seek to harm him and be saved.</span> <span data-sentence-id=\"271#17:7\"><span class=\"snr\">7</span>Who can find safety from attack by turning on himself?</span> <span data-sentence-id=\"271#17:8\"><span class=\"snr\">8</span>How can it matter what the form this madness takes?</span> <span data-sentence-id=\"271#17:9\"><span class=\"snr\">9</span>It is a judgment that defeats itself, condemning what it says it wants to save.</span> <span data-sentence-id=\"271#17:10\"><span class=\"snr\">10</span>Be not deceived when madness takes a form you think is lovely.</span> <span data-sentence-id=\"271#17:11\"><span class=\"snr\">11</span>What is intent on your destruction is not your friend.</span></p></div> <div data-paragraph-id=\"271#18\"><p class=\"p-normal\"><span class=\"pnr\">18.</span> <span data-sentence-id=\"271#18:1\"><span class=\"snr noprint\">1</span>You would maintain, and think it true, that you do not believe these senseless laws, nor act upon them.</span> <span data-sentence-id=\"271#18:2\"><span class=\"snr\">2</span>And when you look at what they say, they cannot be believed.</span> <span data-sentence-id=\"271#18:3\"><span class=\"snr\">3</span>Brother, you <i>do</i> believe them.</span> <span data-sentence-id=\"271#18:4\"><span class=\"snr\">4</span>For how else could you perceive the form they take, with content such as this?</span> <span data-sentence-id=\"271#18:5\"><span class=\"snr\">5</span>Can any form of this be tenable?</span> <span data-sentence-id=\"271#18:6\"><span class=\"snr\">6</span>Yet you believe them <i>for</i> the form they take, and do not recognize the content.</span> <span data-sentence-id=\"271#18:7\"><span class=\"snr\">7</span>It never changes.</span> <span data-sentence-id=\"271#18:8\"><span class=\"snr\">8</span>Can you paint rosy lips upon a skeleton, dress it in loveliness, pet it and pamper it, and make it live?</span> <span data-sentence-id=\"271#18:9\"><span class=\"snr\">9</span>And can you be content with an illusion that you are living?</span></p></div> <div data-paragraph-id=\"271#19\"><p class=\"p-normal\"><span class=\"pnr\">19.</span> <span data-sentence-id=\"271#19:1\"><span class=\"snr noprint\">1</span>There is no life outside of Heaven.</span> <span data-sentence-id=\"271#19:2\"><span class=\"snr\">2</span>Where God created life, there life must be.</span> <span data-sentence-id=\"271#19:3\"><span class=\"snr\">3</span>In any state apart from Heaven life is illusion.</span> <span data-sentence-id=\"271#19:4\"><span class=\"snr\">4</span>At best it seems like life; at worst, like death.</span> <span data-sentence-id=\"271#19:5\"><span class=\"snr\">5</span>Yet both are judgments on what is not life, equal in their inaccuracy and lack of meaning.</span> <span data-sentence-id=\"271#19:6\"><span class=\"snr\">6</span>Life not in Heaven is impossible, and what is not in Heaven is not anywhere.</span> <span data-sentence-id=\"271#19:7\"><span class=\"snr\">7</span>Outside of Heaven, only the conflict of illusion stands; senseless, impossible and beyond all reason, and yet perceived as an eternal barrier to Heaven.</span> <span data-sentence-id=\"271#19:8\"><span class=\"snr\">8</span>Illusions are but forms.</span> <span data-sentence-id=\"271#19:9\"><span class=\"snr\">9</span>Their content is never true.</span></p></div> <div data-paragraph-id=\"271#20\"><p class=\"p-normal\"><span class=\"pnr\">20.</span> <span data-sentence-id=\"271#20:1\"><span class=\"snr noprint\">1</span>The laws of chaos govern all illusions.</span> <span data-sentence-id=\"271#20:2\"><span class=\"snr\">2</span>Their forms conflict, making it seem quite possible to value some above the others.</span> <span data-sentence-id=\"271#20:3\"><span class=\"snr\">3</span>Yet each one rests as surely on the belief the laws of chaos are the laws of order as do the others.</span> <span data-sentence-id=\"271#20:4\"><span class=\"snr\">4</span>Each one upholds these laws completely, offering a certain witness that these laws are true.</span> <span data-sentence-id=\"271#20:5\"><span class=\"snr\">5</span>The seeming gentler forms of the attack are no less certain in their witnessing, or their results.</span> <span data-sentence-id=\"271#20:6\"><span class=\"snr\">6</span>Certain it is illusions will bring fear because of the beliefs that they imply, not for their form.</span> <span data-sentence-id=\"271#20:7\"><span class=\"snr\">7</span>And lack of faith in love, in any form, attests to chaos as reality.</span></p></div> <div data-paragraph-id=\"271#21\"><p class=\"p-normal\"><span class=\"pnr\">21.</span> <span data-sentence-id=\"271#21:1\"><span class=\"snr noprint\">1</span>From the belief in sin, the faith in chaos must follow.</span> <span data-sentence-id=\"271#21:2\"><span class=\"snr\">2</span>It is because it follows that it seems to be a logical conclusion; a valid step in ordered thought.</span> <span data-sentence-id=\"271#21:3\"><span class=\"snr\">3</span>The steps to chaos do follow neatly from their starting point.</span> <span data-sentence-id=\"271#21:4\"><span class=\"snr\">4</span>Each is a different form in the progression of truth’s reversal, leading still deeper into terror and away from truth.</span> <span data-sentence-id=\"271#21:5\"><span class=\"snr\">5</span>Think not one step is smaller than another, nor that return from one is easier.</span> <span data-sentence-id=\"271#21:6\"><span class=\"snr\">6</span>The whole descent from Heaven lies in each one.</span> <span data-sentence-id=\"271#21:7\"><span class=\"snr\">7</span>And where your thinking starts, there must it end.</span></p></div> <div data-paragraph-id=\"271#22\"><p class=\"p-normal\"><span class=\"pnr\">22.</span> <span data-sentence-id=\"271#22:1\"><span class=\"snr noprint\">1</span>Brother, take not one step in the descent to hell.</span> <span data-sentence-id=\"271#22:2\"><span class=\"snr\">2</span>For having taken one, you will not recognize the rest for what they are.</span> <span data-sentence-id=\"271#22:3\"><span class=\"snr\">3</span>And they <i>will</i> follow.</span> <span data-sentence-id=\"271#22:4\"><span class=\"snr\">4</span>Attack in any form has placed your foot upon the twisted stairway that leads from Heaven.</span> <span data-sentence-id=\"271#22:5\"><span class=\"snr\">5</span>Yet any instant it is possible to have all this undone.</span> <span data-sentence-id=\"271#22:6\"><span class=\"snr\">6</span>How can you know whether you chose the stairs to Heaven or the way to hell?</span> <span data-sentence-id=\"271#22:7\"><span class=\"snr\">7</span>Quite easily.</span> <span data-sentence-id=\"271#22:8\"><span class=\"snr\">8</span>How do you feel?</span> <span data-sentence-id=\"271#22:9\"><span class=\"snr\">9</span>Is peace in your awareness?</span> <span data-sentence-id=\"271#22:10\"><span class=\"snr\">10</span>Are you certain which way you go?</span> <span data-sentence-id=\"271#22:11\"><span class=\"snr\">11</span>And are you sure the goal of Heaven can be reached?</span> <span data-sentence-id=\"271#22:12\"><span class=\"snr\">12</span>If not, you walk alone.</span> <span data-sentence-id=\"271#22:13\"><span class=\"snr\">13</span>Ask, then, your Friend to join with you, and give you certainty of where you go.</span></p></div> </div>","firstWords":"The “laws” of chaos can be brought to light, though never understood. Chaotic laws are hardly meaningful, and therefore out of reason’s sphere. Yet they appear to be an obstacle to reason and to","contentType":"acim-content","seoTitle":"Chapter 23.II: The Laws of Chaos | ACIM","seoDescription":"✨ A Course in Miracles, read the complete Chapter 23.II “The Laws of Chaos”: The “laws” of chaos can be brought to light, though never understood. Chaotic laws are hardly meaningful, and…","desktopBreadcrumbs":[{"label":"Text","leadsTo":{"locale":"en","sectionId":51,"slugs":["text","introduction"],"forceToc":true}},{"label":"Chapter 23: The War Against Yourself","leadsTo":{"locale":"en","sectionId":269,"slugs":["chapter-23","introduction"],"forceToc":true}},{"label":"II. The Laws of Chaos","leadsTo":{"locale":"en","sectionId":271,"slugs":["chapter-23","the-laws-of-chaos"]}}],"mobileBreadcrumbs":[{"label":"Text","leadsTo":{"locale":"en","sectionId":51,"slugs":["text","introduction"],"forceToc":true}},{"label":"Chapter 23: The War Against Yourself","leadsTo":{"locale":"en","sectionId":269,"slugs":["chapter-23","introduction"],"forceToc":true}},{"label":"II. The Laws of Chaos","leadsTo":{"locale":"en","sectionId":271,"slugs":["chapter-23","the-laws-of-chaos"]}}],"seoBreadcrumbs":[{"label":"A Course in Miracles","leadsTo":"dashboard"},{"label":"Text","leadsTo":{"locale":"en","sectionId":51,"slugs":["text","introduction"],"forceToc":true}},{"label":"Chapter 23","leadsTo":{"locale":"en","sectionId":269,"slugs":["chapter-23","introduction"],"forceToc":true}},{"label":"II. The Laws of Chaos","leadsTo":{"locale":"en","sectionId":271,"slugs":["chapter-23","the-laws-of-chaos"]}}],"slugs":["chapter-23","the-laws-of-chaos"],"canonicalLink":"https://acim.org/acim/chapter-23/the-laws-of-chaos/en/s/271","link":"https://acim.org/acim/chapter-23/the-laws-of-chaos/en/s/271","shortLink":"https://acim.org/acim/en/s/271","previousSectionId":270,"previousSectionSlugs":["chapter-23","the-irreconcilable-beliefs"],"previousSectionLink":"https://acim.org/acim/chapter-23/the-irreconcilable-beliefs/en/s/270","nextSectionId":272,"nextSectionSlugs":["chapter-23","salvation-without-compromise"],"nextSectionLink":"https://acim.org/acim/chapter-23/salvation-without-compromise/en/s/272","hreflangLinks":[{"hrefLang":"en","link":"https://acim.org/acim/en/s/271"}]}