{"sectionId":277,"sectionIdLiteral":"277","humanId":"chap-24-sect-2","volumeId":"text","locale":"en","titleInfo":{"title":"The Treachery of Specialness","inlineNumber":"II."},"annotation":"T-24.II","bodyHtml":"<div class=\"acim-text chap-24-sect-2\"> <div data-paragraph-id=\"277#1\"><p class=\"p-normal\"><span class=\"pnr\">1.</span> <span data-sentence-id=\"277#1:1\"><span class=\"snr noprint\">1</span>Comparison must be an ego device, for love makes none.</span> <span data-sentence-id=\"277#1:2\"><span class=\"snr\">2</span>Specialness always makes comparisons.</span> <span data-sentence-id=\"277#1:3\"><span class=\"snr\">3</span>It is established by a lack seen in another, and maintained by searching for, and keeping clear in sight, all lacks it can perceive.</span> <span data-sentence-id=\"277#1:4\"><span class=\"snr\">4</span>This does it seek, and this it looks upon.</span> <span data-sentence-id=\"277#1:5\"><span class=\"snr\">5</span>And always whom it thus diminishes would be your savior, had you not chosen to make of him a tiny measure of your specialness instead.</span> <span data-sentence-id=\"277#1:6\"><span class=\"snr\">6</span>Against the littleness you see in him you stand as tall and stately, clean and honest, pure and unsullied, by comparison with what you see.</span> <span data-sentence-id=\"277#1:7\"><span class=\"snr\">7</span>Nor do you understand it is yourself that you diminish thus.</span></p></div> <div data-paragraph-id=\"277#2\"><p class=\"p-normal\"><span class=\"pnr\">2.</span> <span data-sentence-id=\"277#2:1\"><span class=\"snr noprint\">1</span>Pursuit of specialness is always at the cost of peace.</span> <span data-sentence-id=\"277#2:2\"><span class=\"snr\">2</span>Who can attack his savior and cut him down, yet recognize his strong support?</span> <span data-sentence-id=\"277#2:3\"><span class=\"snr\">3</span>Who can detract from his omnipotence, yet share his power?</span> <span data-sentence-id=\"277#2:4\"><span class=\"snr\">4</span>And who can use him as the gauge of littleness, and be released from limits?</span> <span data-sentence-id=\"277#2:5\"><span class=\"snr\">5</span>You have a function in salvation.</span> <span data-sentence-id=\"277#2:6\"><span class=\"snr\">6</span>Its pursuit will bring you joy.</span> <span data-sentence-id=\"277#2:7\"><span class=\"snr\">7</span>But the pursuit of specialness must bring you pain.</span> <span data-sentence-id=\"277#2:8\"><span class=\"snr\">8</span>Here is a goal that would defeat salvation, and thus run counter to the Will of God.</span> <span data-sentence-id=\"277#2:9\"><span class=\"snr\">9</span>To value specialness is to esteem an alien will to which illusions of yourself are dearer than the truth.</span></p></div> <div data-paragraph-id=\"277#3\"><p class=\"p-normal\"><span class=\"pnr\">3.</span> <span data-sentence-id=\"277#3:1\"><span class=\"snr noprint\">1</span>Specialness is the idea of sin made real.</span> <span data-sentence-id=\"277#3:2\"><span class=\"snr\">2</span>Sin is impossible even to imagine without this base.</span> <span data-sentence-id=\"277#3:3\"><span class=\"snr\">3</span>For sin arose from it, out of nothingness; an evil flower with no roots at all.</span> <span data-sentence-id=\"277#3:4\"><span class=\"snr\">4</span>Here is the self-made “savior,” the “creator” who creates unlike the Father, and which made His Son like to itself and not like unto Him.</span> <span data-sentence-id=\"277#3:5\"><span class=\"snr\">5</span>His “special” sons are many, never one, each one in exile from himself, and Him of Whom they are a part.</span> <span data-sentence-id=\"277#3:6\"><span class=\"snr\">6</span>Nor do they love the Oneness which created them as one with Him.</span> <span data-sentence-id=\"277#3:7\"><span class=\"snr\">7</span>They chose their specialness instead of Heaven and instead of peace, and wrapped it carefully in sin, to keep it “safe” from truth.</span></p></div> <div data-paragraph-id=\"277#4\"><p class=\"p-normal\"><span class=\"pnr\">4.</span> <span data-sentence-id=\"277#4:1\"><span class=\"snr noprint\">1</span>You are not special.</span> <span data-sentence-id=\"277#4:2\"><span class=\"snr\">2</span>If you think you are, and would defend your specialness against the truth of what you really are, how can you know the truth?</span> <span data-sentence-id=\"277#4:3\"><span class=\"snr\">3</span>What answer that the Holy Spirit gives can reach you, when it is your specialness to which you listen, and which asks and answers?</span> <span data-sentence-id=\"277#4:4\"><span class=\"snr\">4</span>Its tiny answer, soundless in the melody that pours from God to you eternally in loving praise of what you are, is all you listen to.</span> <span data-sentence-id=\"277#4:5\"><span class=\"snr\">5</span>And that vast song of honor and of love for what you are seems silent and unheard before its “mightiness.”</span> <span data-sentence-id=\"277#4:6\"><span class=\"snr\">6</span>You strain your ears to hear its soundless voice, and yet the Call of God Himself is soundless to you.</span></p></div> <div data-paragraph-id=\"277#5\"><p class=\"p-normal\"><span class=\"pnr\">5.</span> <span data-sentence-id=\"277#5:1\"><span class=\"snr noprint\">1</span>You can defend your specialness, but never will you hear the Voice for God beside it.</span> <span data-sentence-id=\"277#5:2\"><span class=\"snr\">2</span>They speak a different language and they fall on different ears.</span> <span data-sentence-id=\"277#5:3\"><span class=\"snr\">3</span>To every special one a different message, and one with different meaning, is the truth.</span> <span data-sentence-id=\"277#5:4\"><span class=\"snr\">4</span>Yet how can truth be different to each one?</span> <span data-sentence-id=\"277#5:5\"><span class=\"snr\">5</span>The special messages the special hear convince them they are different and apart; each in his special sins and “safe” from love, which does not see his specialness at all.</span> <span data-sentence-id=\"277#5:6\"><span class=\"snr\">6</span>Christ’s vision is their “enemy,” for it sees not what they would look upon, and it would show them that the specialness they think they see is an illusion.</span></p></div> <div data-paragraph-id=\"277#6\"><p class=\"p-normal\"><span class=\"pnr\">6.</span> <span data-sentence-id=\"277#6:1\"><span class=\"snr noprint\">1</span>What would they see instead?</span> <span data-sentence-id=\"277#6:2\"><span class=\"snr\">2</span>The shining radiance of the Son of God, so like his Father that the memory of Him springs instantly to mind.</span> <span data-sentence-id=\"277#6:3\"><span class=\"snr\">3</span>And with this memory, the Son remembers his own creations, as like to him as he is to his Father.</span> <span data-sentence-id=\"277#6:4\"><span class=\"snr\">4</span>And all the world he made, and all his specialness, and all the sins he held in its defense against himself, will vanish as his mind accepts the truth about himself, as it returns to take their place.</span> <span data-sentence-id=\"277#6:5\"><span class=\"snr\">5</span>This is the only “cost” of truth: You will no longer see what never was, nor hear what makes no sound.</span> <span data-sentence-id=\"277#6:6\"><span class=\"snr\">6</span>Is it a sacrifice to give up nothing, and to receive the Love of God forever?</span></p></div> <div data-paragraph-id=\"277#7\"><p class=\"p-normal\"><span class=\"pnr\">7.</span> <span data-sentence-id=\"277#7:1\"><span class=\"snr noprint\">1</span>You who have chained your savior to your specialness, and given it his place, remember this: He has not lost the power to forgive you all the sins you think you placed between him and the function of salvation given him for you.</span> <span data-sentence-id=\"277#7:2\"><span class=\"snr\">2</span>Nor will you change his function, any more than you can change the truth in him and in yourself.</span> <span data-sentence-id=\"277#7:3\"><span class=\"snr\">3</span>But be you certain that the truth is just the same in both.</span> <span data-sentence-id=\"277#7:4\"><span class=\"snr\">4</span>It gives no different messages, and has one meaning.</span> <span data-sentence-id=\"277#7:5\"><span class=\"snr\">5</span>And it is one you and your brother both can understand, and one that brings release to both of you.</span> <span data-sentence-id=\"277#7:6\"><span class=\"snr\">6</span>Here stands your brother with the key to Heaven in his hand, held out to you.</span> <span data-sentence-id=\"277#7:7\"><span class=\"snr\">7</span>Let not the dream of specialness remain between you.</span> <span data-sentence-id=\"277#7:8\"><span class=\"snr\">8</span>What is one is joined in truth.</span></p></div> <div data-paragraph-id=\"277#8\"><p class=\"p-normal\"><span class=\"pnr\">8.</span> <span data-sentence-id=\"277#8:1\"><span class=\"snr noprint\">1</span>Think of the loveliness that you will see within yourself, when you have looked on him as on a friend.</span> <span data-sentence-id=\"277#8:2\"><span class=\"snr\">2</span>He <i>is</i> the enemy of specialness, but only friend to what is real in you.</span> <span data-sentence-id=\"277#8:3\"><span class=\"snr\">3</span>Not one attack you thought you made on him has taken from him the gift that God would have him give to you.</span> <span data-sentence-id=\"277#8:4\"><span class=\"snr\">4</span>His need to give it is as great as yours to have it.</span> <span data-sentence-id=\"277#8:5\"><span class=\"snr\">5</span>Let him forgive you all your specialness, and make you whole in mind and one with him.</span> <span data-sentence-id=\"277#8:6\"><span class=\"snr\">6</span>He waits for your forgiveness only that he may return it unto you.</span> <span data-sentence-id=\"277#8:7\"><span class=\"snr\">7</span>It is not God Who has condemned His Son, but you, to save his specialness and kill his Self.</span></p></div> <div data-paragraph-id=\"277#9\"><p class=\"p-normal\"><span class=\"pnr\">9.</span> <span data-sentence-id=\"277#9:1\"><span class=\"snr noprint\">1</span>You have come far along the way of truth; too far to falter now.</span> <span data-sentence-id=\"277#9:2\"><span class=\"snr\">2</span>Just one step more, and every vestige of the fear of God will melt away in love.</span> <span data-sentence-id=\"277#9:3\"><span class=\"snr\">3</span>Your brother’s specialness and yours <i>are</i> enemies, and bound in hate to kill each other and deny they are the same.</span> <span data-sentence-id=\"277#9:4\"><span class=\"snr\">4</span>Yet it is not illusions that have reached this final obstacle which seems to make God and His Heaven so remote that They cannot be reached.</span> <span data-sentence-id=\"277#9:5\"><span class=\"snr\">5</span>Here in this holy place does truth stand waiting to receive you and your brother in silent blessing, and in peace so real and so encompassing that nothing stands outside.</span> <span data-sentence-id=\"277#9:6\"><span class=\"snr\">6</span>Leave all illusions of yourself outside this place, to which you come in hope and honesty.</span></p></div> <div data-paragraph-id=\"277#10\"><p class=\"p-normal\"><span class=\"pnr\">10.</span> <span data-sentence-id=\"277#10:1\"><span class=\"snr noprint\">1</span>Here is your savior <i>from</i> your specialness.</span> <span data-sentence-id=\"277#10:2\"><span class=\"snr\">2</span>He is in need of your acceptance of himself as part of you, as you for his.</span> <span data-sentence-id=\"277#10:3\"><span class=\"snr\">3</span>You are alike to God as God is to Himself.</span> <span data-sentence-id=\"277#10:4\"><span class=\"snr\">4</span>He is not special, for He would not keep one part of what He is unto Himself, not given to His Son but kept for Him alone.</span> <span data-sentence-id=\"277#10:5\"><span class=\"snr\">5</span>And it is this you fear, for if He is not special, then He willed His Son to be like Him, and your brother <i>is</i> like you.</span> <span data-sentence-id=\"277#10:6\"><span class=\"snr\">6</span>Not special, but possessed of everything, including you.</span> <span data-sentence-id=\"277#10:7\"><span class=\"snr\">7</span>Give him but what he has, remembering God gave Himself to you and your brother in equal love, that both might share the universe with Him Who chose that love could never be divided, and kept separate from what it is and must forever be.</span></p></div> <div data-paragraph-id=\"277#11\"><p class=\"p-normal\"><span class=\"pnr\">11.</span> <span data-sentence-id=\"277#11:1\"><span class=\"snr noprint\">1</span>You <i>are</i> your brother’s; part of love was not denied to him.</span> <span data-sentence-id=\"277#11:2\"><span class=\"snr\">2</span>But can it be that you have lost because he is complete?</span> <span data-sentence-id=\"277#11:3\"><span class=\"snr\">3</span>What has been given him makes you complete, as it does him.</span> <span data-sentence-id=\"277#11:4\"><span class=\"snr\">4</span>God’s Love gave you to him and him to you because He gave Himself.</span> <span data-sentence-id=\"277#11:5\"><span class=\"snr\">5</span>What is the same as God is one with Him.</span> <span data-sentence-id=\"277#11:6\"><span class=\"snr\">6</span>And only specialness could make the truth of God and you as one seem anything but Heaven, with the hope of peace at last in sight.</span></p></div> <div data-paragraph-id=\"277#12\"><p class=\"p-normal\"><span class=\"pnr\">12.</span> <span data-sentence-id=\"277#12:1\"><span class=\"snr noprint\">1</span>Specialness is the seal of treachery upon the gift of love.</span> <span data-sentence-id=\"277#12:2\"><span class=\"snr\">2</span>Whatever serves its purpose must be given to kill.</span> <span data-sentence-id=\"277#12:3\"><span class=\"snr\">3</span>No gift that bears its seal but offers treachery to giver and receiver.</span> <span data-sentence-id=\"277#12:4\"><span class=\"snr\">4</span>Not one glance from eyes it veils but looks on sight of death.</span> <span data-sentence-id=\"277#12:5\"><span class=\"snr\">5</span>Not one believer in its potency but seeks for bargains and for compromise that would establish sin love’s substitute, and serve it faithfully.</span> <span data-sentence-id=\"277#12:6\"><span class=\"snr\">6</span>And no relationship that holds its purpose dear but clings to murder as safety’s weapon, and the great defender of all illusions from the “threat” of love.</span></p></div> <div data-paragraph-id=\"277#13\"><p class=\"p-normal\"><span class=\"pnr\">13.</span> <span data-sentence-id=\"277#13:1\"><span class=\"snr noprint\">1</span>The hope of specialness makes it seem possible God made the body as the prison house that keeps His Son from Him.</span> <span data-sentence-id=\"277#13:2\"><span class=\"snr\">2</span>For it demands a special place God cannot enter, and a hiding place where none is welcome but your tiny self.</span> <span data-sentence-id=\"277#13:3\"><span class=\"snr\">3</span>Nothing is sacred here but unto you, and you alone, apart and separate from all your brothers; safe from all intrusions of sanity upon illusions; safe from God and safe for conflict everlasting.</span> <span data-sentence-id=\"277#13:4\"><span class=\"snr\">4</span>Here are the gates of hell you closed upon yourself, to rule in madness and in loneliness your special kingdom, apart from God, away from truth and from salvation.</span></p></div> <div data-paragraph-id=\"277#14\"><p class=\"p-normal\"><span class=\"pnr\">14.</span> <span data-sentence-id=\"277#14:1\"><span class=\"snr noprint\">1</span>The key you threw away God gave your brother, whose holy hands would offer it to you when you were ready to accept His plan for your salvation in the place of yours.</span> <span data-sentence-id=\"277#14:2\"><span class=\"snr\">2</span>How could this readiness be reached save through the sight of all your misery, and the awareness that your plan has failed, and will forever fail to bring you peace and joy of any kind?</span> <span data-sentence-id=\"277#14:3\"><span class=\"snr\">3</span>Through this despair you travel now, yet it is but illusion of despair.</span> <span data-sentence-id=\"277#14:4\"><span class=\"snr\">4</span>The death of specialness is not your death, but your awaking into life eternal.</span> <span data-sentence-id=\"277#14:5\"><span class=\"snr\">5</span>You but emerge from an illusion of what you are to the acceptance of yourself as God created you.</span></p></div> </div>","firstWords":"Comparison must be an ego device, for love makes none. Specialness always makes comparisons. It is established by a lack seen in another, and maintained by searching for, and keeping clear in sight,","contentType":"acim-content","seoTitle":"Chapter 24.II: The Treachery of Specialness | ACIM","seoDescription":"✨ A Course in Miracles, read the complete Chapter 24.II “The Treachery of Specialness”: Comparison must be an ego device, for love makes none. Specialness always makes comparisons. It is…","desktopBreadcrumbs":[{"label":"Text","leadsTo":{"locale":"en","sectionId":51,"slugs":["text","introduction"],"forceToc":true}},{"label":"Chapter 24: The Goal of Specialness","leadsTo":{"locale":"en","sectionId":275,"slugs":["chapter-24","introduction"],"forceToc":true}},{"label":"II. The Treachery of Specialness","leadsTo":{"locale":"en","sectionId":277,"slugs":["chapter-24","the-treachery-of-specialness"]}}],"mobileBreadcrumbs":[{"label":"Text","leadsTo":{"locale":"en","sectionId":51,"slugs":["text","introduction"],"forceToc":true}},{"label":"Chapter 24: The Goal of Specialness","leadsTo":{"locale":"en","sectionId":275,"slugs":["chapter-24","introduction"],"forceToc":true}},{"label":"II. The Treachery of Specialness","leadsTo":{"locale":"en","sectionId":277,"slugs":["chapter-24","the-treachery-of-specialness"]}}],"seoBreadcrumbs":[{"label":"A Course in Miracles","leadsTo":"dashboard"},{"label":"Text","leadsTo":{"locale":"en","sectionId":51,"slugs":["text","introduction"],"forceToc":true}},{"label":"Chapter 24","leadsTo":{"locale":"en","sectionId":275,"slugs":["chapter-24","introduction"],"forceToc":true}},{"label":"II. The Treachery of Specialness","leadsTo":{"locale":"en","sectionId":277,"slugs":["chapter-24","the-treachery-of-specialness"]}}],"slugs":["chapter-24","the-treachery-of-specialness"],"canonicalLink":"https://acim.org/acim/chapter-24/the-treachery-of-specialness/en/s/277","link":"https://acim.org/acim/chapter-24/the-treachery-of-specialness/en/s/277","shortLink":"https://acim.org/acim/en/s/277","previousSectionId":276,"previousSectionSlugs":["chapter-24","specialness-as-a-substitute-for-love"],"previousSectionLink":"https://acim.org/acim/chapter-24/specialness-as-a-substitute-for-love/en/s/276","nextSectionId":278,"nextSectionSlugs":["chapter-24","the-forgiveness-of-specialness"],"nextSectionLink":"https://acim.org/acim/chapter-24/the-forgiveness-of-specialness/en/s/278","hreflangLinks":[{"hrefLang":"en","link":"https://acim.org/acim/en/s/277"}]}