{"sectionId":278,"sectionIdLiteral":"278","humanId":"chap-24-sect-3","volumeId":"text","locale":"en","titleInfo":{"title":"The Forgiveness of Specialness","inlineNumber":"III."},"annotation":"T-24.III","bodyHtml":"<div class=\"acim-text chap-24-sect-3\"> <div data-paragraph-id=\"278#1\"><p class=\"p-normal\"><span class=\"pnr\">1.</span> <span data-sentence-id=\"278#1:1\"><span class=\"snr noprint\">1</span>Forgiveness is the end of specialness.</span> <span data-sentence-id=\"278#1:2\"><span class=\"snr\">2</span>Only illusions can be forgiven, and then they disappear.</span> <span data-sentence-id=\"278#1:3\"><span class=\"snr\">3</span>Forgiveness is release from all illusions, and that is why it is impossible but partly to forgive.</span> <span data-sentence-id=\"278#1:4\"><span class=\"snr\">4</span>No one who clings to one illusion can see himself as sinless, for he holds one error to himself as lovely still.</span> <span data-sentence-id=\"278#1:5\"><span class=\"snr\">5</span>And so he calls it “unforgivable,” and makes it sin.</span> <span data-sentence-id=\"278#1:6\"><span class=\"snr\">6</span>How can he then give his forgiveness wholly, when he would not receive it for himself?</span> <span data-sentence-id=\"278#1:7\"><span class=\"snr\">7</span>For it is sure he would receive it wholly the instant that he gave it so.</span> <span data-sentence-id=\"278#1:8\"><span class=\"snr\">8</span>And thus his secret guilt would disappear, forgiven by himself.</span></p></div> <div data-paragraph-id=\"278#2\"><p class=\"p-normal\"><span class=\"pnr\">2.</span> <span data-sentence-id=\"278#2:1\"><span class=\"snr noprint\">1</span>Whatever form of specialness you cherish, you have made sin.</span> <span data-sentence-id=\"278#2:2\"><span class=\"snr\">2</span>Inviolate it stands, strongly defended with all your puny might against the Will of God.</span> <span data-sentence-id=\"278#2:3\"><span class=\"snr\">3</span>And thus it stands against yourself; <i>your</i> enemy, not God’s.</span> <span data-sentence-id=\"278#2:4\"><span class=\"snr\">4</span>So does it seem to split you off from God, and make you separate from Him as its defender.</span> <span data-sentence-id=\"278#2:5\"><span class=\"snr\">5</span>You would protect what God created not.</span> <span data-sentence-id=\"278#2:6\"><span class=\"snr\">6</span>And yet, this idol that seems to give you power has taken it away.</span> <span data-sentence-id=\"278#2:7\"><span class=\"snr\">7</span>For you have given your brother’s birthright to it, leaving him alone and unforgiven, and yourself in sin beside him, both in misery, before the idol that can save you not.</span></p></div> <div data-paragraph-id=\"278#3\"><p class=\"p-normal\"><span class=\"pnr\">3.</span> <span data-sentence-id=\"278#3:1\"><span class=\"snr noprint\">1</span>It is not <i>you</i> who are so vulnerable and open to attack that just a word, a little whisper that you do not like, a circumstance that suits you not, or an event that you did not anticipate upsets your world, and hurls it into chaos.</span> <span data-sentence-id=\"278#3:2\"><span class=\"snr\">2</span>Truth is not frail.</span> <span data-sentence-id=\"278#3:3\"><span class=\"snr\">3</span>Illusions leave it perfectly unmoved and undisturbed.</span> <span data-sentence-id=\"278#3:4\"><span class=\"snr\">4</span>But specialness is not the truth in you.</span> <span data-sentence-id=\"278#3:5\"><span class=\"snr\">5</span><i>It</i> can be thrown off balance by anything.</span> <span data-sentence-id=\"278#3:6\"><span class=\"snr\">6</span>What rests on nothing never can be stable.</span> <span data-sentence-id=\"278#3:7\"><span class=\"snr\">7</span>However large and overblown it seems to be, it still must rock and turn and whirl about with every breeze.</span></p></div> <div data-paragraph-id=\"278#4\"><p class=\"p-normal\"><span class=\"pnr\">4.</span> <span data-sentence-id=\"278#4:1\"><span class=\"snr noprint\">1</span>Without foundation nothing is secure.</span> <span data-sentence-id=\"278#4:2\"><span class=\"snr\">2</span>Would God have left His Son in such a state, where safety has no meaning?</span> <span data-sentence-id=\"278#4:3\"><span class=\"snr\">3</span>No, His Son is safe, resting on Him.</span> <span data-sentence-id=\"278#4:4\"><span class=\"snr\">4</span>It is your specialness that is attacked by everything that walks and breathes, or creeps or crawls, or even lives at all.</span> <span data-sentence-id=\"278#4:5\"><span class=\"snr\">5</span>Nothing is safe from its attack, and it is safe from nothing.</span> <span data-sentence-id=\"278#4:6\"><span class=\"snr\">6</span>It will forevermore be unforgiving, for that is what it is; a secret vow that what God wants for you will never be, and that you will oppose His Will forever.</span> <span data-sentence-id=\"278#4:7\"><span class=\"snr\">7</span>Nor is it possible the two can ever be the same, while specialness stands like a flaming sword of death between them, and makes them enemies.</span></p></div> <div data-paragraph-id=\"278#5\"><p class=\"p-normal\"><span class=\"pnr\">5.</span> <span data-sentence-id=\"278#5:1\"><span class=\"snr noprint\">1</span>God asks for your forgiveness.</span> <span data-sentence-id=\"278#5:2\"><span class=\"snr\">2</span>He would have no separation, like an alien will, rise between what He wills for you and what you will.</span> <span data-sentence-id=\"278#5:3\"><span class=\"snr\">3</span>They <i>are</i> the same, for neither One wills specialness.</span> <span data-sentence-id=\"278#5:4\"><span class=\"snr\">4</span>How could They will the death of love itself?</span> <span data-sentence-id=\"278#5:5\"><span class=\"snr\">5</span>Yet They are powerless to make attack upon illusions.</span> <span data-sentence-id=\"278#5:6\"><span class=\"snr\">6</span>They are not bodies; as one Mind They wait for all illusions to be brought to Them, and left behind.</span> <span data-sentence-id=\"278#5:7\"><span class=\"snr\">7</span>Salvation challenges not even death.</span> <span data-sentence-id=\"278#5:8\"><span class=\"snr\">8</span>And God Himself, Who knows that death is not your will, must say, “Thy will be done” because you think it is.</span></p></div> <div data-paragraph-id=\"278#6\"><p class=\"p-normal\"><span class=\"pnr\">6.</span> <span data-sentence-id=\"278#6:1\"><span class=\"snr noprint\">1</span>Forgive the great Creator of the universe, the Source of life, of love and holiness, the perfect Father of a perfect Son, for your illusions of your specialness.</span> <span data-sentence-id=\"278#6:2\"><span class=\"snr\">2</span>Here is the hell you chose to be your home.</span> <span data-sentence-id=\"278#6:3\"><span class=\"snr\">3</span>He chose not this for you.</span> <span data-sentence-id=\"278#6:4\"><span class=\"snr\">4</span>Ask not He enter this.</span> <span data-sentence-id=\"278#6:5\"><span class=\"snr\">5</span>The way is barred to love and to salvation.</span> <span data-sentence-id=\"278#6:6\"><span class=\"snr\">6</span>Yet if you would release your brother from the depths of hell, you have forgiven Him Whose Will it is you rest forever in the arms of peace, in perfect safety, and without the heat and malice of one thought of specialness to mar your rest.</span> <span data-sentence-id=\"278#6:7\"><span class=\"snr\">7</span>Forgive the Holy One the specialness He could not give, and that you made instead.</span></p></div> <div data-paragraph-id=\"278#7\"><p class=\"p-normal\"><span class=\"pnr\">7.</span> <span data-sentence-id=\"278#7:1\"><span class=\"snr noprint\">1</span>The special ones are all asleep, surrounded by a world of loveliness they do not see.</span> <span data-sentence-id=\"278#7:2\"><span class=\"snr\">2</span>Freedom and peace and joy stand there, beside the bier on which they sleep, and call them to come forth and waken from their dream of death.</span> <span data-sentence-id=\"278#7:3\"><span class=\"snr\">3</span>Yet they hear nothing.</span> <span data-sentence-id=\"278#7:4\"><span class=\"snr\">4</span>They are lost in dreams of specialness.</span> <span data-sentence-id=\"278#7:5\"><span class=\"snr\">5</span>They hate the call that would awaken them, and they curse God because He did not make their dream reality.</span> <span data-sentence-id=\"278#7:6\"><span class=\"snr\">6</span>Curse God and die, but not by Him Who made not death; but only in the dream.</span> <span data-sentence-id=\"278#7:7\"><span class=\"snr\">7</span>Open your eyes a little; see the savior God gave to you that you might look on him, and give him back his birthright.</span> <span data-sentence-id=\"278#7:8\"><span class=\"snr\">8</span>It is yours.</span></p></div> <div data-paragraph-id=\"278#8\"><p class=\"p-normal\"><span class=\"pnr\">8.</span> <span data-sentence-id=\"278#8:1\"><span class=\"snr noprint\">1</span>The slaves of specialness will yet be free.</span> <span data-sentence-id=\"278#8:2\"><span class=\"snr\">2</span>Such is the Will of God and of His Son.</span> <span data-sentence-id=\"278#8:3\"><span class=\"snr\">3</span>Would God condemn Himself to hell and to damnation?</span> <span data-sentence-id=\"278#8:4\"><span class=\"snr\">4</span>And do you will that this be done unto your savior?</span> <span data-sentence-id=\"278#8:5\"><span class=\"snr\">5</span>God calls to you from him to join His Will to save you both from hell.</span> <span data-sentence-id=\"278#8:6\"><span class=\"snr\">6</span>Look on the print of nails upon his hands that he holds out for your forgiveness.</span> <span data-sentence-id=\"278#8:7\"><span class=\"snr\">7</span>God asks your mercy on His Son and on Himself.</span> <span data-sentence-id=\"278#8:8\"><span class=\"snr\">8</span>Deny Them not.</span> <span data-sentence-id=\"278#8:9\"><span class=\"snr\">9</span>They ask of you but that your will be done.</span> <span data-sentence-id=\"278#8:10\"><span class=\"snr\">10</span>They seek your love that you may love yourself.</span> <span data-sentence-id=\"278#8:11\"><span class=\"snr\">11</span>Love not your specialness instead of Them.</span> <span data-sentence-id=\"278#8:12\"><span class=\"snr\">12</span>The print of nails is on your hands as well.</span> <span data-sentence-id=\"278#8:13\"><span class=\"snr\">13</span>Forgive your Father it was not His Will that you be crucified.</span></p></div> </div>","firstWords":"Forgiveness is the end of specialness. Only illusions can be forgiven, and then they disappear. Forgiveness is release from all illusions, and that is why it is impossible but partly to forgive. No","contentType":"acim-content","seoTitle":"Chapter 24.III: The Forgiveness of Specialness | ACIM","seoDescription":"✨ A Course in Miracles, read the complete Chapter 24.III “The Forgiveness of Specialness”: Forgiveness is the end of specialness. Only illusions can be forgiven, and then they disappear.…","desktopBreadcrumbs":[{"label":"Text","leadsTo":{"locale":"en","sectionId":51,"slugs":["text","introduction"],"forceToc":true}},{"label":"Chapter 24: The Goal of Specialness","leadsTo":{"locale":"en","sectionId":275,"slugs":["chapter-24","introduction"],"forceToc":true}},{"label":"III. The Forgiveness of Specialness","leadsTo":{"locale":"en","sectionId":278,"slugs":["chapter-24","the-forgiveness-of-specialness"]}}],"mobileBreadcrumbs":[{"label":"Text","leadsTo":{"locale":"en","sectionId":51,"slugs":["text","introduction"],"forceToc":true}},{"label":"Chapter 24: The Goal of Specialness","leadsTo":{"locale":"en","sectionId":275,"slugs":["chapter-24","introduction"],"forceToc":true}},{"label":"III. The Forgiveness of Specialness","leadsTo":{"locale":"en","sectionId":278,"slugs":["chapter-24","the-forgiveness-of-specialness"]}}],"seoBreadcrumbs":[{"label":"A Course in Miracles","leadsTo":"dashboard"},{"label":"Text","leadsTo":{"locale":"en","sectionId":51,"slugs":["text","introduction"],"forceToc":true}},{"label":"Chapter 24","leadsTo":{"locale":"en","sectionId":275,"slugs":["chapter-24","introduction"],"forceToc":true}},{"label":"III. The Forgiveness of Specialness","leadsTo":{"locale":"en","sectionId":278,"slugs":["chapter-24","the-forgiveness-of-specialness"]}}],"slugs":["chapter-24","the-forgiveness-of-specialness"],"canonicalLink":"https://acim.org/acim/chapter-24/the-forgiveness-of-specialness/en/s/278","link":"https://acim.org/acim/chapter-24/the-forgiveness-of-specialness/en/s/278","shortLink":"https://acim.org/acim/en/s/278","previousSectionId":277,"previousSectionSlugs":["chapter-24","the-treachery-of-specialness"],"previousSectionLink":"https://acim.org/acim/chapter-24/the-treachery-of-specialness/en/s/277","nextSectionId":279,"nextSectionSlugs":["chapter-24","specialness-versus-sinlessness"],"nextSectionLink":"https://acim.org/acim/chapter-24/specialness-versus-sinlessness/en/s/279","hreflangLinks":[{"hrefLang":"en","link":"https://acim.org/acim/en/s/278"}]}