{"sectionId":279,"sectionIdLiteral":"279","humanId":"chap-24-sect-4","volumeId":"text","locale":"en","titleInfo":{"title":"Specialness versus Sinlessness","inlineNumber":"IV."},"annotation":"T-24.IV","bodyHtml":"<div class=\"acim-text chap-24-sect-4\"> <div data-paragraph-id=\"279#1\"><p class=\"p-normal\"><span class=\"pnr\">1.</span> <span data-sentence-id=\"279#1:1\"><span class=\"snr noprint\">1</span>Specialness is a lack of trust in anyone except yourself.</span> <span data-sentence-id=\"279#1:2\"><span class=\"snr\">2</span>Faith is invested in yourself alone.</span> <span data-sentence-id=\"279#1:3\"><span class=\"snr\">3</span>Everything else becomes your enemy; feared and attacked, deadly and dangerous, hated and worthy only of destruction.</span> <span data-sentence-id=\"279#1:4\"><span class=\"snr\">4</span>Whatever gentleness it offers is but deception, but its hate is real.</span> <span data-sentence-id=\"279#1:5\"><span class=\"snr\">5</span>In danger of destruction it must kill, and you are drawn to it to kill it first.</span> <span data-sentence-id=\"279#1:6\"><span class=\"snr\">6</span>And such is guilt’s attraction.</span> <span data-sentence-id=\"279#1:7\"><span class=\"snr\">7</span>Here is death enthroned as savior; crucifixion is now redemption, and salvation can only mean destruction of the world, except yourself.</span></p></div> <div data-paragraph-id=\"279#2\"><p class=\"p-normal\"><span class=\"pnr\">2.</span> <span data-sentence-id=\"279#2:1\"><span class=\"snr noprint\">1</span>What could the purpose of the body be but specialness?</span> <span data-sentence-id=\"279#2:2\"><span class=\"snr\">2</span>And it is this that makes it frail and helpless in its own defense.</span> <span data-sentence-id=\"279#2:3\"><span class=\"snr\">3</span>It was conceived to make <i>you</i> frail and helpless.</span> <span data-sentence-id=\"279#2:4\"><span class=\"snr\">4</span>The goal of separation is its curse.</span> <span data-sentence-id=\"279#2:5\"><span class=\"snr\">5</span>Yet bodies have no goal.</span> <span data-sentence-id=\"279#2:6\"><span class=\"snr\">6</span>Purpose is of the mind.</span> <span data-sentence-id=\"279#2:7\"><span class=\"snr\">7</span>And minds can change as they desire.</span> <span data-sentence-id=\"279#2:8\"><span class=\"snr\">8</span>What they are, and all their attributes, they cannot change.</span> <span data-sentence-id=\"279#2:9\"><span class=\"snr\">9</span>But what they hold as purpose can be changed, and body states must shift accordingly.</span> <span data-sentence-id=\"279#2:10\"><span class=\"snr\">10</span>Of itself the body can do nothing.</span> <span data-sentence-id=\"279#2:11\"><span class=\"snr\">11</span>See it as means to hurt, and it is hurt.</span> <span data-sentence-id=\"279#2:12\"><span class=\"snr\">12</span>See it as means to heal, and it is healed.</span></p></div> <div data-paragraph-id=\"279#3\"><p class=\"p-normal\"><span class=\"pnr\">3.</span> <span data-sentence-id=\"279#3:1\"><span class=\"snr noprint\">1</span>You can but hurt yourself.</span> <span data-sentence-id=\"279#3:2\"><span class=\"snr\">2</span>This has been oft repeated, but is difficult to grasp as yet.</span> <span data-sentence-id=\"279#3:3\"><span class=\"snr\">3</span>To minds intent on specialness it is impossible.</span> <span data-sentence-id=\"279#3:4\"><span class=\"snr\">4</span>Yet to those who wish to heal and not attack, it is quite obvious.</span> <span data-sentence-id=\"279#3:5\"><span class=\"snr\">5</span>The purpose of attack is in the mind, and its effects are felt but where it is.</span> <span data-sentence-id=\"279#3:6\"><span class=\"snr\">6</span>Nor is the mind limited; so must it be that harmful purpose hurts the mind as one.</span> <span data-sentence-id=\"279#3:7\"><span class=\"snr\">7</span>Nothing could make less sense to specialness.</span> <span data-sentence-id=\"279#3:8\"><span class=\"snr\">8</span>Nothing could make more sense to miracles.</span> <span data-sentence-id=\"279#3:9\"><span class=\"snr\">9</span>For miracles are merely change of purpose from hurt to healing.</span> <span data-sentence-id=\"279#3:10\"><span class=\"snr\">10</span>This shift in purpose does “endanger” specialness, but only in the sense that all illusions are “threatened” by the truth.</span> <span data-sentence-id=\"279#3:11\"><span class=\"snr\">11</span>They will not stand before it.</span> <span data-sentence-id=\"279#3:12\"><span class=\"snr\">12</span>Yet what comfort has ever been in them, that you would keep the gift your Father asks from Him, and give it there instead?</span> <span data-sentence-id=\"279#3:13\"><span class=\"snr\">13</span>Given to Him, the universe is yours.</span> <span data-sentence-id=\"279#3:14\"><span class=\"snr\">14</span>Offered to them, no gifts can be returned.</span> <span data-sentence-id=\"279#3:15\"><span class=\"snr\">15</span>What you have given specialness has left you bankrupt and your treasure house barren and empty, with an open door inviting everything that would disturb your peace to enter and destroy.</span></p></div> <div data-paragraph-id=\"279#4\"><p class=\"p-normal\"><span class=\"pnr\">4.</span> <span data-sentence-id=\"279#4:1\"><span class=\"snr noprint\">1</span>Earlier I said consider not the means by which salvation is attained, nor how to reach it.</span> <span data-sentence-id=\"279#4:2\"><span class=\"snr\">2</span>But do consider, and consider well, whether it is your wish that you might see your brother sinless.</span> <span data-sentence-id=\"279#4:3\"><span class=\"snr\">3</span>To specialness the answer must be “no.”</span> <span data-sentence-id=\"279#4:4\"><span class=\"snr\">4</span>A sinless brother <i>is</i> its enemy, while sin, if it were possible, would be its friend.</span> <span data-sentence-id=\"279#4:5\"><span class=\"snr\">5</span>Your brother’s sin would justify itself, and give it meaning that the truth denies.</span> <span data-sentence-id=\"279#4:6\"><span class=\"snr\">6</span>All that is real proclaims his sinlessness.</span> <span data-sentence-id=\"279#4:7\"><span class=\"snr\">7</span>All that is false proclaims his sins as real.</span> <span data-sentence-id=\"279#4:8\"><span class=\"snr\">8</span>If he is sinful, then is your reality not real, but just a dream of specialness that lasts an instant, crumbling into dust.</span></p></div> <div data-paragraph-id=\"279#5\"><p class=\"p-normal\"><span class=\"pnr\">5.</span> <span data-sentence-id=\"279#5:1\"><span class=\"snr noprint\">1</span>Do not defend this senseless dream, in which God is bereft of what He loves, and you remain beyond salvation.</span> <span data-sentence-id=\"279#5:2\"><span class=\"snr\">2</span>Only this is certain in this shifting world that has no meaning in reality: When peace is not with you entirely, and when you suffer pain of any kind, you have beheld some sin within your brother, and have rejoiced at what you thought was there.</span> <span data-sentence-id=\"279#5:3\"><span class=\"snr\">3</span>Your specialness seemed safe because of it.</span> <span data-sentence-id=\"279#5:4\"><span class=\"snr\">4</span>And thus you saved what you appointed to be your savior, and crucified the one whom God has given you instead.</span> <span data-sentence-id=\"279#5:5\"><span class=\"snr\">5</span>So are you bound with him, for you are one.</span> <span data-sentence-id=\"279#5:6\"><span class=\"snr\">6</span>And so is specialness his “enemy,” and yours as well.</span></p></div> </div>","firstWords":"Specialness is a lack of trust in anyone except yourself. Faith is invested in yourself alone. Everything else becomes your enemy; feared and attacked, deadly and dangerous, hated and worthy only of","contentType":"acim-content","seoTitle":"Chapter 24.IV: Specialness versus Sinlessness | ACIM","seoDescription":"✨ A Course in Miracles, read the complete Chapter 24.IV “Specialness versus Sinlessness”: Specialness is a lack of trust in anyone except yourself. Faith is invested in yourself alone.…","desktopBreadcrumbs":[{"label":"Text","leadsTo":{"locale":"en","sectionId":51,"slugs":["text","introduction"],"forceToc":true}},{"label":"Chapter 24: The Goal of Specialness","leadsTo":{"locale":"en","sectionId":275,"slugs":["chapter-24","introduction"],"forceToc":true}},{"label":"IV. Specialness versus Sinlessness","leadsTo":{"locale":"en","sectionId":279,"slugs":["chapter-24","specialness-versus-sinlessness"]}}],"mobileBreadcrumbs":[{"label":"Text","leadsTo":{"locale":"en","sectionId":51,"slugs":["text","introduction"],"forceToc":true}},{"label":"Chapter 24: The Goal of Specialness","leadsTo":{"locale":"en","sectionId":275,"slugs":["chapter-24","introduction"],"forceToc":true}},{"label":"IV. Specialness versus Sinlessness","leadsTo":{"locale":"en","sectionId":279,"slugs":["chapter-24","specialness-versus-sinlessness"]}}],"seoBreadcrumbs":[{"label":"A Course in Miracles","leadsTo":"dashboard"},{"label":"Text","leadsTo":{"locale":"en","sectionId":51,"slugs":["text","introduction"],"forceToc":true}},{"label":"Chapter 24","leadsTo":{"locale":"en","sectionId":275,"slugs":["chapter-24","introduction"],"forceToc":true}},{"label":"IV. Specialness versus Sinlessness","leadsTo":{"locale":"en","sectionId":279,"slugs":["chapter-24","specialness-versus-sinlessness"]}}],"slugs":["chapter-24","specialness-versus-sinlessness"],"canonicalLink":"https://acim.org/acim/chapter-24/specialness-versus-sinlessness/en/s/279","link":"https://acim.org/acim/chapter-24/specialness-versus-sinlessness/en/s/279","shortLink":"https://acim.org/acim/en/s/279","previousSectionId":278,"previousSectionSlugs":["chapter-24","the-forgiveness-of-specialness"],"previousSectionLink":"https://acim.org/acim/chapter-24/the-forgiveness-of-specialness/en/s/278","nextSectionId":280,"nextSectionSlugs":["chapter-24","the-christ-in-you"],"nextSectionLink":"https://acim.org/acim/chapter-24/the-christ-in-you/en/s/280","hreflangLinks":[{"hrefLang":"en","link":"https://acim.org/acim/en/s/279"}]}