{"sectionId":282,"sectionIdLiteral":"282","humanId":"chap-24-sect-7","volumeId":"text","locale":"en","titleInfo":{"title":"The Meeting Place","inlineNumber":"VII."},"annotation":"T-24.VII","bodyHtml":"<div class=\"acim-text chap-24-sect-7\"> <div data-paragraph-id=\"282#1\"><p class=\"p-normal\"><span class=\"pnr\">1.</span> <span data-sentence-id=\"282#1:1\"><span class=\"snr noprint\">1</span>How bitterly does everyone tied to this world defend the specialness he wants to be the truth!</span> <span data-sentence-id=\"282#1:2\"><span class=\"snr\">2</span>His wish is law to him, and he obeys.</span> <span data-sentence-id=\"282#1:3\"><span class=\"snr\">3</span>Nothing his specialness demands does he withhold.</span> <span data-sentence-id=\"282#1:4\"><span class=\"snr\">4</span>Nothing it needs does he deny to what he loves.</span> <span data-sentence-id=\"282#1:5\"><span class=\"snr\">5</span>And while it calls to him he hears no other Voice.</span> <span data-sentence-id=\"282#1:6\"><span class=\"snr\">6</span>No effort is too great, no cost too much, no price too dear to save his specialness from the least slight, the tiniest attack, the whispered doubt, the hint of threat, or anything but deepest reverence.</span> <span data-sentence-id=\"282#1:7\"><span class=\"snr\">7</span>This is your son, beloved of you as you are to your Father.</span> <span data-sentence-id=\"282#1:8\"><span class=\"snr\">8</span>Yet it stands in place of your creations, who <i>are</i> son to you, that you might share the Fatherhood of God, not snatch it from Him.</span> <span data-sentence-id=\"282#1:9\"><span class=\"snr\">9</span>What is this son that you have made to be your strength?</span> <span data-sentence-id=\"282#1:10\"><span class=\"snr\">10</span>What is this child of earth on whom such love is lavished?</span> <span data-sentence-id=\"282#1:11\"><span class=\"snr\">11</span>What is this parody of God’s creation that takes the place of yours?</span> <span data-sentence-id=\"282#1:12\"><span class=\"snr\">12</span>And where are they, now that the host of God has found another son whom he prefers to them?</span></p></div> <div data-paragraph-id=\"282#2\"><p class=\"p-normal\"><span class=\"pnr\">2.</span> <span data-sentence-id=\"282#2:1\"><span class=\"snr noprint\">1</span>The memory of God shines not alone.</span> <span data-sentence-id=\"282#2:2\"><span class=\"snr\">2</span>What is within your brother still contains all of creation, everything created and creating, born and unborn as yet, still in the future or apparently gone by.</span> <span data-sentence-id=\"282#2:3\"><span class=\"snr\">3</span>What is in him is changeless, and your changelessness is recognized in its acknowledgment.</span> <span data-sentence-id=\"282#2:4\"><span class=\"snr\">4</span>The holiness in you belongs to him.</span> <span data-sentence-id=\"282#2:5\"><span class=\"snr\">5</span>And by your seeing it in him, returns to you.</span> <span data-sentence-id=\"282#2:6\"><span class=\"snr\">6</span>All of the tribute you have given specialness belongs to him, and thus returns to you.</span> <span data-sentence-id=\"282#2:7\"><span class=\"snr\">7</span>All of the love and care, the strong protection, the thought by day and night, the deep concern, the powerful conviction this is you, belong to him.</span> <span data-sentence-id=\"282#2:8\"><span class=\"snr\">8</span>Nothing you gave to specialness but is his due.</span> <span data-sentence-id=\"282#2:9\"><span class=\"snr\">9</span>And nothing due him is not due to you.</span></p></div> <div data-paragraph-id=\"282#3\"><p class=\"p-normal\"><span class=\"pnr\">3.</span> <span data-sentence-id=\"282#3:1\"><span class=\"snr noprint\">1</span>How can you know your worth while specialness claims you instead?</span> <span data-sentence-id=\"282#3:2\"><span class=\"snr\">2</span>How can you fail to know it in his holiness?</span> <span data-sentence-id=\"282#3:3\"><span class=\"snr\">3</span>Seek not to make your specialness the truth, for if it were you would be lost indeed.</span> <span data-sentence-id=\"282#3:4\"><span class=\"snr\">4</span>Be thankful, rather, it is given you to see his holiness <i>because</i> it is the truth.</span> <span data-sentence-id=\"282#3:5\"><span class=\"snr\">5</span>And what is true in him must be as true in you.</span></p></div> <div data-paragraph-id=\"282#4\"><p class=\"p-normal\"><span class=\"pnr\">4.</span> <span data-sentence-id=\"282#4:1\"><span class=\"snr noprint\">1</span>Ask yourself this: Can <i>you</i> protect the mind?</span> <span data-sentence-id=\"282#4:2\"><span class=\"snr\">2</span>The body, yes, a little; not from time, but temporarily.</span> <span data-sentence-id=\"282#4:3\"><span class=\"snr\">3</span>And much you think you save, you hurt.</span> <span data-sentence-id=\"282#4:4\"><span class=\"snr\">4</span>What would you save it <i>for?</i></span> <span data-sentence-id=\"282#4:5\"><span class=\"snr\">5</span>For in that choice lie both its health and harm.</span> <span data-sentence-id=\"282#4:6\"><span class=\"snr\">6</span>Save it for show, as bait to catch another fish, to house your specialness in better style, or weave a frame of loveliness around your hate, and you condemn it to decay and death.</span> <span data-sentence-id=\"282#4:7\"><span class=\"snr\">7</span>And if you see this purpose in your brother’s, such is your condemnation of your own.</span> <span data-sentence-id=\"282#4:8\"><span class=\"snr\">8</span>Weave, rather, then, a frame of holiness around him, that the truth may shine on him, and give <i>you</i> safety from decay.</span></p></div> <div data-paragraph-id=\"282#5\"><p class=\"p-normal\"><span class=\"pnr\">5.</span> <span data-sentence-id=\"282#5:1\"><span class=\"snr noprint\">1</span>The Father keeps what He created safe.</span> <span data-sentence-id=\"282#5:2\"><span class=\"snr\">2</span>You cannot touch it with the false ideas you made, because it was created not by you.</span> <span data-sentence-id=\"282#5:3\"><span class=\"snr\">3</span>Let not your foolish fancies frighten you.</span> <span data-sentence-id=\"282#5:4\"><span class=\"snr\">4</span>What is immortal cannot be attacked; what is but temporal has no effect.</span> <span data-sentence-id=\"282#5:5\"><span class=\"snr\">5</span>Only the purpose that you see in it has meaning, and if that is true, its safety rests secure.</span> <span data-sentence-id=\"282#5:6\"><span class=\"snr\">6</span>If not, it has no purpose, and is means for nothing.</span> <span data-sentence-id=\"282#5:7\"><span class=\"snr\">7</span>Whatever is perceived as means for truth shares in its holiness, and rests in light as safely as itself.</span> <span data-sentence-id=\"282#5:8\"><span class=\"snr\">8</span>Nor will that light go out when it is gone.</span> <span data-sentence-id=\"282#5:9\"><span class=\"snr\">9</span>Its holy purpose gave it immortality, setting another light in Heaven, where your creations recognize a gift from you, a sign that you have not forgotten them.</span></p></div> <div data-paragraph-id=\"282#6\"><p class=\"p-normal\"><span class=\"pnr\">6.</span> <span data-sentence-id=\"282#6:1\"><span class=\"snr noprint\">1</span>The test of everything on earth is simply this; “What is it <i>for?</i>”</span> <span data-sentence-id=\"282#6:2\"><span class=\"snr\">2</span>The answer makes it what it is for you.</span> <span data-sentence-id=\"282#6:3\"><span class=\"snr\">3</span>It has no meaning of itself, yet you can give reality to it, according to the purpose that you serve.</span> <span data-sentence-id=\"282#6:4\"><span class=\"snr\">4</span>Here you are but means, along with it.</span> <span data-sentence-id=\"282#6:5\"><span class=\"snr\">5</span>God is a Means as well as End.</span> <span data-sentence-id=\"282#6:6\"><span class=\"snr\">6</span>In Heaven, means and end are one, and one with Him.</span> <span data-sentence-id=\"282#6:7\"><span class=\"snr\">7</span>This is the state of true creation, found not within time, but in eternity.</span> <span data-sentence-id=\"282#6:8\"><span class=\"snr\">8</span>To no one here is this describable.</span> <span data-sentence-id=\"282#6:9\"><span class=\"snr\">9</span>Nor is there any way to learn what this condition means.</span> <span data-sentence-id=\"282#6:10\"><span class=\"snr\">10</span>Not till you go past learning to the Given; not till you make again a holy home for your creations is it understood.</span></p></div> <div data-paragraph-id=\"282#7\"><p class=\"p-normal\"><span class=\"pnr\">7.</span> <span data-sentence-id=\"282#7:1\"><span class=\"snr noprint\">1</span>A co-creator with the Father must have a Son.</span> <span data-sentence-id=\"282#7:2\"><span class=\"snr\">2</span>Yet must this Son have been created like Himself.</span> <span data-sentence-id=\"282#7:3\"><span class=\"snr\">3</span>A perfect being, all-encompassing and all-encompassed, nothing to add and nothing taken from; not born of size nor place nor time, nor held to limits or uncertainties of any kind.</span> <span data-sentence-id=\"282#7:4\"><span class=\"snr\">4</span>Here do the means and end unite as one, nor does this one have any end at all.</span> <span data-sentence-id=\"282#7:5\"><span class=\"snr\">5</span>All this is true, and yet it has no meaning to anyone who still retains one unlearned lesson in his memory, one thought with purpose still uncertain, or one wish with a divided aim.</span></p></div> <div data-paragraph-id=\"282#8\"><p class=\"p-normal\"><span class=\"pnr\">8.</span> <span data-sentence-id=\"282#8:1\"><span class=\"snr noprint\">1</span>This course makes no attempt to teach what cannot easily be learned.</span> <span data-sentence-id=\"282#8:2\"><span class=\"snr\">2</span>Its scope does not exceed your own, except to say that what is yours will come to you when you are ready.</span> <span data-sentence-id=\"282#8:3\"><span class=\"snr\">3</span>Here are the means and the purpose separate because they were so made and so perceived.</span> <span data-sentence-id=\"282#8:4\"><span class=\"snr\">4</span>And therefore do we deal with them as if they were.</span> <span data-sentence-id=\"282#8:5\"><span class=\"snr\">5</span>It is essential it be kept in mind that all perception still is upside down until its purpose has been understood.</span> <span data-sentence-id=\"282#8:6\"><span class=\"snr\">6</span>Perception does not seem to be a means.</span> <span data-sentence-id=\"282#8:7\"><span class=\"snr\">7</span>And it is this that makes it hard to grasp the whole extent to which it must depend on what you see it for.</span> <span data-sentence-id=\"282#8:8\"><span class=\"snr\">8</span>Perception seems to teach you what you see.</span> <span data-sentence-id=\"282#8:9\"><span class=\"snr\">9</span>Yet it but witnesses to what you taught.</span> <span data-sentence-id=\"282#8:10\"><span class=\"snr\">10</span>It is the outward picture of a wish; an image that you wanted to be true.</span></p></div> <div data-paragraph-id=\"282#9\"><p class=\"p-normal\"><span class=\"pnr\">9.</span> <span data-sentence-id=\"282#9:1\"><span class=\"snr noprint\">1</span>Look at yourself, and you will see a body.</span> <span data-sentence-id=\"282#9:2\"><span class=\"snr\">2</span>Look at this body in a different light and it looks different.</span> <span data-sentence-id=\"282#9:3\"><span class=\"snr\">3</span>And without a light it seems that it is gone.</span> <span data-sentence-id=\"282#9:4\"><span class=\"snr\">4</span>Yet you are reassured that it is there because you still can feel it with your hands and hear it move.</span> <span data-sentence-id=\"282#9:5\"><span class=\"snr\">5</span>Here is an image that you want to be yourself.</span> <span data-sentence-id=\"282#9:6\"><span class=\"snr\">6</span>It is the means to make your wish come true.</span> <span data-sentence-id=\"282#9:7\"><span class=\"snr\">7</span>It gives the eyes with which you look on it, the hands that feel it, and the ears with which you listen to the sounds it makes.</span> <span data-sentence-id=\"282#9:8\"><span class=\"snr\">8</span>It proves its own reality to you.</span></p></div> <div data-paragraph-id=\"282#10\"><p class=\"p-normal\"><span class=\"pnr\">10.</span> <span data-sentence-id=\"282#10:1\"><span class=\"snr noprint\">1</span>Thus is the body made a theory of yourself, with no provisions made for evidence beyond itself, and no escape within its sight.</span> <span data-sentence-id=\"282#10:2\"><span class=\"snr\">2</span>Its course is sure, when seen through its own eyes.</span> <span data-sentence-id=\"282#10:3\"><span class=\"snr\">3</span>It grows and withers, flourishes and dies.</span> <span data-sentence-id=\"282#10:4\"><span class=\"snr\">4</span>And you cannot conceive of you apart from it.</span> <span data-sentence-id=\"282#10:5\"><span class=\"snr\">5</span>You brand it sinful and you hate its acts, judging it evil.</span> <span data-sentence-id=\"282#10:6\"><span class=\"snr\">6</span>Yet your specialness whispers, “Here is my own beloved son, in whom I am well pleased.”</span> <span data-sentence-id=\"282#10:7\"><span class=\"snr\">7</span>Thus does the “son” become the means to serve his “father’s” purpose.</span> <span data-sentence-id=\"282#10:8\"><span class=\"snr\">8</span>Not identical, not even like, but still a means to offer to the “father” what he wants.</span> <span data-sentence-id=\"282#10:9\"><span class=\"snr\">9</span>Such is the travesty on God’s creation.</span> <span data-sentence-id=\"282#10:10\"><span class=\"snr\">10</span>For as His Son’s creation gave Him joy and witness to His Love and shared His purpose, so does the body testify to the idea that made it, and speak for its reality and truth.</span></p></div> <div data-paragraph-id=\"282#11\"><p class=\"p-normal\"><span class=\"pnr\">11.</span> <span data-sentence-id=\"282#11:1\"><span class=\"snr noprint\">1</span>And thus are two sons made, and both appear to walk this earth without a meeting place and no encounter.</span> <span data-sentence-id=\"282#11:2\"><span class=\"snr\">2</span>One do you perceive outside yourself, your own beloved son.</span> <span data-sentence-id=\"282#11:3\"><span class=\"snr\">3</span>The other rests within, his Father’s Son, within your brother as he is in you.</span> <span data-sentence-id=\"282#11:4\"><span class=\"snr\">4</span>Their difference does not lie in how they look, nor where they go, nor even what they do.</span> <span data-sentence-id=\"282#11:5\"><span class=\"snr\">5</span>They have a different purpose.</span> <span data-sentence-id=\"282#11:6\"><span class=\"snr\">6</span>It is this that joins them to their like, and separates each from all aspects with a different purpose.</span> <span data-sentence-id=\"282#11:7\"><span class=\"snr\">7</span>The Son of God retains his Father’s Will.</span> <span data-sentence-id=\"282#11:8\"><span class=\"snr\">8</span>The son of man perceives an alien will and wishes it were so.</span> <span data-sentence-id=\"282#11:9\"><span class=\"snr\">9</span>And thus does his perception serve his wish by giving it appearances of truth.</span> <span data-sentence-id=\"282#11:10\"><span class=\"snr\">10</span>Yet can perception serve another goal.</span> <span data-sentence-id=\"282#11:11\"><span class=\"snr\">11</span>It is not bound to specialness but by your choice.</span> <span data-sentence-id=\"282#11:12\"><span class=\"snr\">12</span>And it is given you to make a different choice, and use perception for a different purpose.</span> <span data-sentence-id=\"282#11:13\"><span class=\"snr\">13</span>And what you see will serve that purpose well, and prove its own reality to you.</span></p></div> </div>","firstWords":"How bitterly does everyone tied to this world defend the specialness he wants to be the truth! His wish is law to him, and he obeys. Nothing his specialness demands does he withhold. Nothing it needs","contentType":"acim-content","seoTitle":"Chapter 24.VII: The Meeting Place | ACIM","seoDescription":"✨ A Course in Miracles, read the complete Chapter 24.VII “The Meeting Place”: How bitterly does everyone tied to this world defend the specialness he wants to be the truth! His wish is…","desktopBreadcrumbs":[{"label":"Text","leadsTo":{"locale":"en","sectionId":51,"slugs":["text","introduction"],"forceToc":true}},{"label":"Chapter 24: The Goal of Specialness","leadsTo":{"locale":"en","sectionId":275,"slugs":["chapter-24","introduction"],"forceToc":true}},{"label":"VII. The Meeting Place","leadsTo":{"locale":"en","sectionId":282,"slugs":["chapter-24","the-meeting-place"]}}],"mobileBreadcrumbs":[{"label":"Text","leadsTo":{"locale":"en","sectionId":51,"slugs":["text","introduction"],"forceToc":true}},{"label":"Chapter 24: The Goal of Specialness","leadsTo":{"locale":"en","sectionId":275,"slugs":["chapter-24","introduction"],"forceToc":true}},{"label":"VII. The Meeting Place","leadsTo":{"locale":"en","sectionId":282,"slugs":["chapter-24","the-meeting-place"]}}],"seoBreadcrumbs":[{"label":"A Course in Miracles","leadsTo":"dashboard"},{"label":"Text","leadsTo":{"locale":"en","sectionId":51,"slugs":["text","introduction"],"forceToc":true}},{"label":"Chapter 24","leadsTo":{"locale":"en","sectionId":275,"slugs":["chapter-24","introduction"],"forceToc":true}},{"label":"VII. The Meeting Place","leadsTo":{"locale":"en","sectionId":282,"slugs":["chapter-24","the-meeting-place"]}}],"slugs":["chapter-24","the-meeting-place"],"canonicalLink":"https://acim.org/acim/chapter-24/the-meeting-place/en/s/282","link":"https://acim.org/acim/chapter-24/the-meeting-place/en/s/282","shortLink":"https://acim.org/acim/en/s/282","previousSectionId":281,"previousSectionSlugs":["chapter-24","salvation-from-fear"],"previousSectionLink":"https://acim.org/acim/chapter-24/salvation-from-fear/en/s/281","nextSectionId":284,"nextSectionSlugs":["chapter-25","introduction"],"nextSectionLink":"https://acim.org/acim/chapter-25/introduction/en/s/284","hreflangLinks":[{"hrefLang":"en","link":"https://acim.org/acim/en/s/282"}]}