{"sectionId":284,"sectionIdLiteral":"284","humanId":"chap-25-intro","volumeId":"text","locale":"en","titleInfo":{"chapterTitle":{"ownlineNumber":"Chapter 25","title":"The Justice of God"},"title":"Introduction"},"annotation":"T-25.in","bodyHtml":"<div class=\"acim-text chap-25-intro\"> <div data-paragraph-id=\"284#1\"><p class=\"p-normal\"><span class=\"pnr\">1.</span> <span data-sentence-id=\"284#1:1\"><span class=\"snr noprint\">1</span>The Christ in you inhabits not a body.</span> <span data-sentence-id=\"284#1:2\"><span class=\"snr\">2</span>Yet He is in you.</span> <span data-sentence-id=\"284#1:3\"><span class=\"snr\">3</span>And thus it must be that you are not within a body.</span> <span data-sentence-id=\"284#1:4\"><span class=\"snr\">4</span>What is within you cannot be outside.</span> <span data-sentence-id=\"284#1:5\"><span class=\"snr\">5</span>And it is certain that you cannot be apart from what is at the very center of your life.</span> <span data-sentence-id=\"284#1:6\"><span class=\"snr\">6</span>What gives you life cannot be housed in death.</span> <span data-sentence-id=\"284#1:7\"><span class=\"snr\">7</span>No more can you.</span> <span data-sentence-id=\"284#1:8\"><span class=\"snr\">8</span>Christ is within a frame of Holiness whose only purpose is that He may be made manifest to those who know Him not, that He may call to them to come to Him and see Him where they thought their bodies were.</span> <span data-sentence-id=\"284#1:9\"><span class=\"snr\">9</span>Then will their bodies melt away, that they may frame His Holiness in them.</span></p></div> <div data-paragraph-id=\"284#2\"><p class=\"p-normal\"><span class=\"pnr\">2.</span> <span data-sentence-id=\"284#2:1\"><span class=\"snr noprint\">1</span>No one who carries Christ in him can fail to recognize Him everywhere.</span> <span data-sentence-id=\"284#2:2\"><span class=\"snr\">2</span><i>Except</i> in bodies.</span> <span data-sentence-id=\"284#2:3\"><span class=\"snr\">3</span>And as long as he believes he is in a body, where he thinks he is He cannot be.</span> <span data-sentence-id=\"284#2:4\"><span class=\"snr\">4</span>And so he carries Him unknowingly, and does not make Him manifest.</span> <span data-sentence-id=\"284#2:5\"><span class=\"snr\">5</span>And thus he does not recognize Him where He is.</span> <span data-sentence-id=\"284#2:6\"><span class=\"snr\">6</span>The son of man is not the risen Christ.</span> <span data-sentence-id=\"284#2:7\"><span class=\"snr\">7</span>Yet does the Son of God abide exactly where he is, and walks with him within his holiness, as plain to see as is his specialness set forth within his body.</span></p></div> <div data-paragraph-id=\"284#3\"><p class=\"p-normal\"><span class=\"pnr\">3.</span> <span data-sentence-id=\"284#3:1\"><span class=\"snr noprint\">1</span>The body needs no healing.</span> <span data-sentence-id=\"284#3:2\"><span class=\"snr\">2</span>But the mind that thinks it is a body is sick indeed!</span> <span data-sentence-id=\"284#3:3\"><span class=\"snr\">3</span>And it is here that Christ sets forth the remedy.</span> <span data-sentence-id=\"284#3:4\"><span class=\"snr\">4</span>His purpose folds the body in His light, and fills it with the Holiness that shines from Him.</span> <span data-sentence-id=\"284#3:5\"><span class=\"snr\">5</span>And nothing that the body says or does but makes Him manifest.</span> <span data-sentence-id=\"284#3:6\"><span class=\"snr\">6</span>To those who know Him not it carries Him in gentleness and love, to heal their minds.</span> <span data-sentence-id=\"284#3:7\"><span class=\"snr\">7</span>Such is the mission that your brother has for you.</span> <span data-sentence-id=\"284#3:8\"><span class=\"snr\">8</span>And such it must be that your mission is for him.</span></p></div> </div>","firstWords":"The Christ in you inhabits not a body. Yet He is in you. And thus it must be that you are not within a body. What is within you cannot be outside. And it is certain that you cannot be apart from what","contentType":"acim-content","seoTitle":"Chapter 25.in: The Justice of God: Introduction | ACIM","seoDescription":"✨ A Course in Miracles, read the complete Chapter 25.in “The Justice of God: Introduction”: The Christ in you inhabits not a body. Yet He is in you. And thus it must be that you are not…","desktopBreadcrumbs":[{"label":"Text","leadsTo":{"locale":"en","sectionId":51,"slugs":["text","introduction"],"forceToc":true}},{"label":"Chapter 25: The Justice of God","leadsTo":{"locale":"en","sectionId":284,"slugs":["chapter-25","introduction"],"forceToc":true}},{"label":"Introduction","leadsTo":{"locale":"en","sectionId":284,"slugs":["chapter-25","introduction"]}}],"mobileBreadcrumbs":[{"label":"Text","leadsTo":{"locale":"en","sectionId":51,"slugs":["text","introduction"],"forceToc":true}},{"label":"Chapter 25: The Justice of God","leadsTo":{"locale":"en","sectionId":284,"slugs":["chapter-25","introduction"],"forceToc":true}},{"label":"Introduction","leadsTo":{"locale":"en","sectionId":284,"slugs":["chapter-25","introduction"]}}],"seoBreadcrumbs":[{"label":"A Course in Miracles","leadsTo":"dashboard"},{"label":"Text","leadsTo":{"locale":"en","sectionId":51,"slugs":["text","introduction"],"forceToc":true}},{"label":"Chapter 25","leadsTo":{"locale":"en","sectionId":284,"slugs":["chapter-25","introduction"],"forceToc":true}},{"label":"Introduction","leadsTo":{"locale":"en","sectionId":284,"slugs":["chapter-25","introduction"]}}],"slugs":["chapter-25","introduction"],"canonicalLink":"https://acim.org/acim/chapter-25/introduction/en/s/284","link":"https://acim.org/acim/chapter-25/introduction/en/s/284","shortLink":"https://acim.org/acim/en/s/284","previousSectionId":282,"previousSectionSlugs":["chapter-24","the-meeting-place"],"previousSectionLink":"https://acim.org/acim/chapter-24/the-meeting-place/en/s/282","nextSectionId":285,"nextSectionSlugs":["chapter-25","the-link-to-truth"],"nextSectionLink":"https://acim.org/acim/chapter-25/the-link-to-truth/en/s/285","hreflangLinks":[{"hrefLang":"en","link":"https://acim.org/acim/en/s/284"}]}