{"sectionId":285,"sectionIdLiteral":"285","humanId":"chap-25-sect-1","volumeId":"text","locale":"en","titleInfo":{"title":"The Link to Truth","inlineNumber":"I."},"annotation":"T-25.I","bodyHtml":"<div class=\"acim-text chap-25-sect-1\"> <div data-paragraph-id=\"285#1\"><p class=\"p-normal\"><span class=\"pnr\">1.</span> <span data-sentence-id=\"285#1:1\"><span class=\"snr noprint\">1</span>It cannot be that it is hard to do the task that Christ appointed you to do, since it is He Who does it.</span> <span data-sentence-id=\"285#1:2\"><span class=\"snr\">2</span>And in the doing of it will you learn the body merely seems to be the means to do it.</span> <span data-sentence-id=\"285#1:3\"><span class=\"snr\">3</span>For the Mind is His.</span> <span data-sentence-id=\"285#1:4\"><span class=\"snr\">4</span>And so it must be yours.</span> <span data-sentence-id=\"285#1:5\"><span class=\"snr\">5</span>His Holiness directs the body through the mind at one with Him.</span> <span data-sentence-id=\"285#1:6\"><span class=\"snr\">6</span>And you are manifest unto your holy brother, as he to you.</span> <span data-sentence-id=\"285#1:7\"><span class=\"snr\">7</span>Here is the meeting of the holy Christ unto Himself; nor any differences perceived to stand between the aspects of His Holiness, which meet and join and raise Him to His Father, whole and pure and worthy of His everlasting Love.</span></p></div> <div data-paragraph-id=\"285#2\"><p class=\"p-normal\"><span class=\"pnr\">2.</span> <span data-sentence-id=\"285#2:1\"><span class=\"snr noprint\">1</span>How can you manifest the Christ in you except to look on holiness and see Him there?</span> <span data-sentence-id=\"285#2:2\"><span class=\"snr\">2</span>Perception tells you <i>you</i> are manifest in what you see.</span> <span data-sentence-id=\"285#2:3\"><span class=\"snr\">3</span>Behold the body, and you will believe that you are there.</span> <span data-sentence-id=\"285#2:4\"><span class=\"snr\">4</span>And every body that you look upon reminds you of yourself; your sinfulness, your evil and, above all, your death.</span> <span data-sentence-id=\"285#2:5\"><span class=\"snr\">5</span>And would you not despise the one who tells you this, and seek his death instead?</span> <span data-sentence-id=\"285#2:6\"><span class=\"snr\">6</span>The message and the messenger are one.</span> <span data-sentence-id=\"285#2:7\"><span class=\"snr\">7</span>And you must see your brother as yourself.</span> <span data-sentence-id=\"285#2:8\"><span class=\"snr\">8</span>Framed in his body you will see your sinfulness, wherein you stand condemned.</span> <span data-sentence-id=\"285#2:9\"><span class=\"snr\">9</span>Set in his holiness, the Christ in him proclaims Himself as you.</span></p></div> <div data-paragraph-id=\"285#3\"><p class=\"p-normal\"><span class=\"pnr\">3.</span> <span data-sentence-id=\"285#3:1\"><span class=\"snr noprint\">1</span>Perception is a choice of what you want yourself to be; the world you want to live in, and the state in which you think your mind will be content and satisfied.</span> <span data-sentence-id=\"285#3:2\"><span class=\"snr\">2</span>It chooses where you think your safety lies, at your decision.</span> <span data-sentence-id=\"285#3:3\"><span class=\"snr\">3</span>It reveals yourself to you as you would have you be.</span> <span data-sentence-id=\"285#3:4\"><span class=\"snr\">4</span>And always is it faithful to your purpose, from which it never separates, nor gives the slightest witness unto anything the purpose in your mind upholdeth not.</span> <span data-sentence-id=\"285#3:5\"><span class=\"snr\">5</span>Perception is a part of what it is your purpose to behold, for means and end are never separate.</span> <span data-sentence-id=\"285#3:6\"><span class=\"snr\">6</span>And thus you learn what seems to have a life apart has none.</span></p></div> <div data-paragraph-id=\"285#4\"><p class=\"p-normal\"><span class=\"pnr\">4.</span> <span data-sentence-id=\"285#4:1\"><span class=\"snr noprint\">1</span><i>You</i> are the means for God; not separate, nor with a life apart from His.</span> <span data-sentence-id=\"285#4:2\"><span class=\"snr\">2</span>His life is manifest in you who are His Son.</span> <span data-sentence-id=\"285#4:3\"><span class=\"snr\">3</span>Each aspect of Himself is framed in holiness and perfect purity, in love celestial and so complete it wishes only that it may release all that it looks upon unto itself.</span> <span data-sentence-id=\"285#4:4\"><span class=\"snr\">4</span>Its radiance shines through each body that it looks upon, and brushes all its darkness into light merely by looking past it <i>to</i> the light.</span> <span data-sentence-id=\"285#4:5\"><span class=\"snr\">5</span>The veil is lifted through its gentleness, and nothing hides the face of Christ from its beholders.</span> <span data-sentence-id=\"285#4:6\"><span class=\"snr\">6</span>You and your brother stand before Him now, to let Him draw aside the veil that seems to keep you separate and apart.</span></p></div> <div data-paragraph-id=\"285#5\"><p class=\"p-normal\"><span class=\"pnr\">5.</span> <span data-sentence-id=\"285#5:1\"><span class=\"snr noprint\">1</span>Since you believe that you are separate, Heaven presents itself to you as separate, too.</span> <span data-sentence-id=\"285#5:2\"><span class=\"snr\">2</span>Not that it is in truth, but that the link that has been given you to join the truth may reach to you through what you understand.</span> <span data-sentence-id=\"285#5:3\"><span class=\"snr\">3</span>Father and Son and Holy Spirit are as One, as all your brothers join as one in truth.</span> <span data-sentence-id=\"285#5:4\"><span class=\"snr\">4</span>Christ and His Father never have been separate, and Christ abides within your understanding, in the part of you that shares His Father’s Will.</span> <span data-sentence-id=\"285#5:5\"><span class=\"snr\">5</span>The Holy Spirit links the other part—the tiny, mad desire to be separate, different and special—to the Christ, to make the oneness clear to what is really one.</span> <span data-sentence-id=\"285#5:6\"><span class=\"snr\">6</span>In this world this is not understood, but can be taught.</span></p></div> <div data-paragraph-id=\"285#6\"><p class=\"p-normal\"><span class=\"pnr\">6.</span> <span data-sentence-id=\"285#6:1\"><span class=\"snr noprint\">1</span>The Holy Spirit serves Christ’s purpose in your mind, so that the aim of specialness can be corrected where the error lies.</span> <span data-sentence-id=\"285#6:2\"><span class=\"snr\">2</span>Because His purpose still is one with both the Father and the Son, He knows the Will of God and what you really will.</span> <span data-sentence-id=\"285#6:3\"><span class=\"snr\">3</span>But this is understood by mind perceived as one, aware that it is one, and so experienced.</span> <span data-sentence-id=\"285#6:4\"><span class=\"snr\">4</span>It is the Holy Spirit’s function to teach you how this oneness is experienced, what you must do that it can be experienced, and where you should go to do it.</span></p></div> <div data-paragraph-id=\"285#7\"><p class=\"p-normal\"><span class=\"pnr\">7.</span> <span data-sentence-id=\"285#7:1\"><span class=\"snr noprint\">1</span>All this takes note of time and place as if they were discrete, for while you think that part of you is separate, the concept of a Oneness joined as One is meaningless.</span> <span data-sentence-id=\"285#7:2\"><span class=\"snr\">2</span>It is apparent that a mind so split could never be the Teacher of a Oneness which unites all things within Itself.</span> <span data-sentence-id=\"285#7:3\"><span class=\"snr\">3</span>And so What is within this mind, and does unite all things together, must be its Teacher.</span> <span data-sentence-id=\"285#7:4\"><span class=\"snr\">4</span>Yet must It use the language that this mind can understand, in the condition in which it thinks it is.</span> <span data-sentence-id=\"285#7:5\"><span class=\"snr\">5</span>And It must use all learning to transfer illusions to the truth, taking all false ideas of what you are, and leading you beyond them to the truth that <i>is</i> beyond them.</span> <span data-sentence-id=\"285#7:6\"><span class=\"snr\">6</span>All this can very simply be reduced to this:</span></p> <p class=\"p-prayer\"><span data-sentence-id=\"285#7:7\"><span class=\"snr\">7</span>What is the same can not be different, and what is one can not have separate parts.</span></p></div> </div>","firstWords":"It cannot be that it is hard to do the task that Christ appointed you to do, since it is He Who does it. And in the doing of it will you learn the body merely seems to be the means to do it. For the","contentType":"acim-content","seoTitle":"Chapter 25.I: The Link to Truth | ACIM","seoDescription":"✨ A Course in Miracles, read the complete Chapter 25.I “The Link to Truth”: It cannot be that it is hard to do the task that Christ appointed you to do, since it is He Who does it. And…","desktopBreadcrumbs":[{"label":"Text","leadsTo":{"locale":"en","sectionId":51,"slugs":["text","introduction"],"forceToc":true}},{"label":"Chapter 25: The Justice of God","leadsTo":{"locale":"en","sectionId":284,"slugs":["chapter-25","introduction"],"forceToc":true}},{"label":"I. The Link to Truth","leadsTo":{"locale":"en","sectionId":285,"slugs":["chapter-25","the-link-to-truth"]}}],"mobileBreadcrumbs":[{"label":"Text","leadsTo":{"locale":"en","sectionId":51,"slugs":["text","introduction"],"forceToc":true}},{"label":"Chapter 25: The Justice of God","leadsTo":{"locale":"en","sectionId":284,"slugs":["chapter-25","introduction"],"forceToc":true}},{"label":"I. The Link to Truth","leadsTo":{"locale":"en","sectionId":285,"slugs":["chapter-25","the-link-to-truth"]}}],"seoBreadcrumbs":[{"label":"A Course in Miracles","leadsTo":"dashboard"},{"label":"Text","leadsTo":{"locale":"en","sectionId":51,"slugs":["text","introduction"],"forceToc":true}},{"label":"Chapter 25","leadsTo":{"locale":"en","sectionId":284,"slugs":["chapter-25","introduction"],"forceToc":true}},{"label":"I. The Link to Truth","leadsTo":{"locale":"en","sectionId":285,"slugs":["chapter-25","the-link-to-truth"]}}],"slugs":["chapter-25","the-link-to-truth"],"canonicalLink":"https://acim.org/acim/chapter-25/the-link-to-truth/en/s/285","link":"https://acim.org/acim/chapter-25/the-link-to-truth/en/s/285","shortLink":"https://acim.org/acim/en/s/285","previousSectionId":284,"previousSectionSlugs":["chapter-25","introduction"],"previousSectionLink":"https://acim.org/acim/chapter-25/introduction/en/s/284","nextSectionId":286,"nextSectionSlugs":["chapter-25","the-savior-from-the-dark"],"nextSectionLink":"https://acim.org/acim/chapter-25/the-savior-from-the-dark/en/s/286","hreflangLinks":[{"hrefLang":"en","link":"https://acim.org/acim/en/s/285"}]}