{"sectionId":289,"sectionIdLiteral":"289","humanId":"chap-25-sect-5","volumeId":"text","locale":"en","titleInfo":{"title":"The State of Sinlessness","inlineNumber":"V."},"annotation":"T-25.V","bodyHtml":"<div class=\"acim-text chap-25-sect-5\"> <div data-paragraph-id=\"289#1\"><p class=\"p-normal\"><span class=\"pnr\">1.</span> <span data-sentence-id=\"289#1:1\"><span class=\"snr noprint\">1</span>The state of sinlessness is merely this: The whole desire to attack is gone, and so there is no reason to perceive the Son of God as other than he is.</span> <span data-sentence-id=\"289#1:2\"><span class=\"snr\">2</span>The need for guilt is gone because it has no purpose, and is meaningless without the goal of sin.</span> <span data-sentence-id=\"289#1:3\"><span class=\"snr\">3</span>Attack and sin are bound as one illusion, each the cause and aim and justifier of the other.</span> <span data-sentence-id=\"289#1:4\"><span class=\"snr\">4</span>Each is meaningless alone, but seems to draw a meaning from the other.</span> <span data-sentence-id=\"289#1:5\"><span class=\"snr\">5</span>Each depends upon the other for whatever sense it seems to have.</span> <span data-sentence-id=\"289#1:6\"><span class=\"snr\">6</span>And no one could believe in one unless the other were the truth, for each attests the other must be true.</span></p></div> <div data-paragraph-id=\"289#2\"><p class=\"p-normal\"><span class=\"pnr\">2.</span> <span data-sentence-id=\"289#2:1\"><span class=\"snr noprint\">1</span>Attack makes Christ your enemy, and God along with Him.</span> <span data-sentence-id=\"289#2:2\"><span class=\"snr\">2</span>Must you not be afraid with “enemies” like these?</span> <span data-sentence-id=\"289#2:3\"><span class=\"snr\">3</span>And must you not be fearful of yourself?</span> <span data-sentence-id=\"289#2:4\"><span class=\"snr\">4</span>For you have hurt yourself, and made your Self your “enemy.”</span> <span data-sentence-id=\"289#2:5\"><span class=\"snr\">5</span>And now you must believe you are not you, but something alien to yourself and “something else,” a “something” to be feared instead of loved.</span> <span data-sentence-id=\"289#2:6\"><span class=\"snr\">6</span>Who would attack whatever he perceives as wholly innocent?</span> <span data-sentence-id=\"289#2:7\"><span class=\"snr\">7</span>And who, <i>because</i> he wishes to attack, can fail to think he must be guilty to maintain the wish, while wanting innocence?</span> <span data-sentence-id=\"289#2:8\"><span class=\"snr\">8</span>For who could see the Son of God as innocent and wish him dead?</span> <span data-sentence-id=\"289#2:9\"><span class=\"snr\">9</span>Christ stands before you, each time you look upon your brother.</span> <span data-sentence-id=\"289#2:10\"><span class=\"snr\">10</span>He has not gone because your eyes are closed.</span> <span data-sentence-id=\"289#2:11\"><span class=\"snr\">11</span>But what is there to see by searching for your Savior, seeing Him through sightless eyes?</span></p></div> <div data-paragraph-id=\"289#3\"><p class=\"p-normal\"><span class=\"pnr\">3.</span> <span data-sentence-id=\"289#3:1\"><span class=\"snr noprint\">1</span>It is not Christ you see by looking thus.</span> <span data-sentence-id=\"289#3:2\"><span class=\"snr\">2</span>It is the “enemy,” confused with Christ, you look upon.</span> <span data-sentence-id=\"289#3:3\"><span class=\"snr\">3</span>And hate because there is no sin in him for you to see.</span> <span data-sentence-id=\"289#3:4\"><span class=\"snr\">4</span>Nor do you hear his plaintive call, unchanged in content in whatever form the call is made, that you unite with him, and join with him in innocence and peace.</span> <span data-sentence-id=\"289#3:5\"><span class=\"snr\">5</span>And yet, beneath the ego’s senseless shrieks, such is the call that God has given him, that you might hear in him His Call to you, and answer by returning unto God what is His Own.</span></p></div> <div data-paragraph-id=\"289#4\"><p class=\"p-normal\"><span class=\"pnr\">4.</span> <span data-sentence-id=\"289#4:1\"><span class=\"snr noprint\">1</span>The Son of God asks only this of you; that you return to him what is his due, that you may share in it with him.</span> <span data-sentence-id=\"289#4:2\"><span class=\"snr\">2</span>Alone does neither have it.</span> <span data-sentence-id=\"289#4:3\"><span class=\"snr\">3</span>So must it remain useless to both.</span> <span data-sentence-id=\"289#4:4\"><span class=\"snr\">4</span>Together, it will give to each an equal strength to save the other, and save himself along with him.</span> <span data-sentence-id=\"289#4:5\"><span class=\"snr\">5</span>Forgiven by you, your savior offers you salvation.</span> <span data-sentence-id=\"289#4:6\"><span class=\"snr\">6</span>Condemned by you, he offers death to you.</span> <span data-sentence-id=\"289#4:7\"><span class=\"snr\">7</span>In everyone you see but the reflection of what you choose to have him be to you.</span> <span data-sentence-id=\"289#4:8\"><span class=\"snr\">8</span>If you decide against his proper function, the only one he has in truth, you are depriving him of all the joy he would have found if he fulfilled the role God gave to him.</span> <span data-sentence-id=\"289#4:9\"><span class=\"snr\">9</span>But think not Heaven is lost to him alone.</span> <span data-sentence-id=\"289#4:10\"><span class=\"snr\">10</span>Nor can it be regained unless the way is shown to him through you, that you may find it, walking by his side.</span></p></div> <div data-paragraph-id=\"289#5\"><p class=\"p-normal\"><span class=\"pnr\">5.</span> <span data-sentence-id=\"289#5:1\"><span class=\"snr noprint\">1</span>It is no sacrifice that he be saved, for by his freedom will you gain your own.</span> <span data-sentence-id=\"289#5:2\"><span class=\"snr\">2</span>To let his function be fulfilled is but the means to let yours be.</span> <span data-sentence-id=\"289#5:3\"><span class=\"snr\">3</span>And so you walk toward Heaven or toward hell, but not alone.</span> <span data-sentence-id=\"289#5:4\"><span class=\"snr\">4</span>How beautiful his sinlessness will be when you perceive it!</span> <span data-sentence-id=\"289#5:5\"><span class=\"snr\">5</span>And how great will be your joy, when he is free to offer you the gift of sight God gave to him for you!</span> <span data-sentence-id=\"289#5:6\"><span class=\"snr\">6</span>He has no need but this; that you allow him freedom to complete the task God gave to him.</span> <span data-sentence-id=\"289#5:7\"><span class=\"snr\">7</span>Remembering but this; that what he does you do, along with him.</span> <span data-sentence-id=\"289#5:8\"><span class=\"snr\">8</span>And as you see him, so do you define the function he will have for you, until you see him differently and let him be what God appointed that he be to you.</span></p></div> <div data-paragraph-id=\"289#6\"><p class=\"p-normal\"><span class=\"pnr\">6.</span> <span data-sentence-id=\"289#6:1\"><span class=\"snr noprint\">1</span>Against the hatred that the Son of God may cherish toward himself, is God believed to be without the power to save what He created from the pain of hell.</span> <span data-sentence-id=\"289#6:2\"><span class=\"snr\">2</span>But in the love he shows himself is God made free to let His Will be done.</span> <span data-sentence-id=\"289#6:3\"><span class=\"snr\">3</span>In your brother you see the picture of your own belief in what the Will of God must be for you.</span> <span data-sentence-id=\"289#6:4\"><span class=\"snr\">4</span>In your forgiveness will you understand His Love for you; through your attack believe He hates you, thinking Heaven must be hell.</span> <span data-sentence-id=\"289#6:5\"><span class=\"snr\">5</span>Look once again upon your brother, not without the understanding that he is the way to Heaven or to hell, as you perceive him.</span> <span data-sentence-id=\"289#6:6\"><span class=\"snr\">6</span>But forget not this; the role you give to him is given you, and you will walk the way you pointed out to him because it is your judgment on yourself.</span></p></div> </div>","firstWords":"The state of sinlessness is merely this: The whole desire to attack is gone, and so there is no reason to perceive the Son of God as other than he is. The need for guilt is gone because it has no","contentType":"acim-content","seoTitle":"Chapter 25.V: The State of Sinlessness | ACIM","seoDescription":"✨ A Course in Miracles, read the complete Chapter 25.V “The State of Sinlessness”: The state of sinlessness is merely this: The whole desire to attack is gone, and so there is no reason…","desktopBreadcrumbs":[{"label":"Text","leadsTo":{"locale":"en","sectionId":51,"slugs":["text","introduction"],"forceToc":true}},{"label":"Chapter 25: The Justice of God","leadsTo":{"locale":"en","sectionId":284,"slugs":["chapter-25","introduction"],"forceToc":true}},{"label":"V. The State of Sinlessness","leadsTo":{"locale":"en","sectionId":289,"slugs":["chapter-25","the-state-of-sinlessness"]}}],"mobileBreadcrumbs":[{"label":"Text","leadsTo":{"locale":"en","sectionId":51,"slugs":["text","introduction"],"forceToc":true}},{"label":"Chapter 25: The Justice of God","leadsTo":{"locale":"en","sectionId":284,"slugs":["chapter-25","introduction"],"forceToc":true}},{"label":"V. The State of Sinlessness","leadsTo":{"locale":"en","sectionId":289,"slugs":["chapter-25","the-state-of-sinlessness"]}}],"seoBreadcrumbs":[{"label":"A Course in Miracles","leadsTo":"dashboard"},{"label":"Text","leadsTo":{"locale":"en","sectionId":51,"slugs":["text","introduction"],"forceToc":true}},{"label":"Chapter 25","leadsTo":{"locale":"en","sectionId":284,"slugs":["chapter-25","introduction"],"forceToc":true}},{"label":"V. The State of Sinlessness","leadsTo":{"locale":"en","sectionId":289,"slugs":["chapter-25","the-state-of-sinlessness"]}}],"slugs":["chapter-25","the-state-of-sinlessness"],"canonicalLink":"https://acim.org/acim/chapter-25/the-state-of-sinlessness/en/s/289","link":"https://acim.org/acim/chapter-25/the-state-of-sinlessness/en/s/289","shortLink":"https://acim.org/acim/en/s/289","previousSectionId":288,"previousSectionSlugs":["chapter-25","the-light-you-bring"],"previousSectionLink":"https://acim.org/acim/chapter-25/the-light-you-bring/en/s/288","nextSectionId":290,"nextSectionSlugs":["chapter-25","the-special-function"],"nextSectionLink":"https://acim.org/acim/chapter-25/the-special-function/en/s/290","hreflangLinks":[{"hrefLang":"en","link":"https://acim.org/acim/en/s/289"}]}