{"sectionId":297,"sectionIdLiteral":"297","humanId":"chap-26-sect-3","volumeId":"text","locale":"en","titleInfo":{"title":"The Borderland","inlineNumber":"III."},"annotation":"T-26.III","bodyHtml":"<div class=\"acim-text chap-26-sect-3\"> <div data-paragraph-id=\"297#1\"><p class=\"p-normal\"><span class=\"pnr\">1.</span> <span data-sentence-id=\"297#1:1\"><span class=\"snr noprint\">1</span>Complexity is not of God.</span> <span data-sentence-id=\"297#1:2\"><span class=\"snr\">2</span>How could it be, when all He knows is one?</span> <span data-sentence-id=\"297#1:3\"><span class=\"snr\">3</span>He knows of one creation, one reality, one truth and but one Son.</span> <span data-sentence-id=\"297#1:4\"><span class=\"snr\">4</span>Nothing conflicts with oneness.</span> <span data-sentence-id=\"297#1:5\"><span class=\"snr\">5</span>How, then, could there be complexity in Him?</span> <span data-sentence-id=\"297#1:6\"><span class=\"snr\">6</span>What is there to decide?</span> <span data-sentence-id=\"297#1:7\"><span class=\"snr\">7</span>For it is conflict that makes choice possible.</span> <span data-sentence-id=\"297#1:8\"><span class=\"snr\">8</span>The truth is simple; it is one, without an opposite.</span> <span data-sentence-id=\"297#1:9\"><span class=\"snr\">9</span>And how could strife enter in its simple presence, and bring complexity where oneness is?</span> <span data-sentence-id=\"297#1:10\"><span class=\"snr\">10</span>The truth makes no decisions, for there is nothing to decide <i>between.</i></span> <span data-sentence-id=\"297#1:11\"><span class=\"snr\">11</span>And only if there were could choosing be a necessary step in the advance toward oneness.</span> <span data-sentence-id=\"297#1:12\"><span class=\"snr\">12</span>What is everything leaves room for nothing else.</span> <span data-sentence-id=\"297#1:13\"><span class=\"snr\">13</span>Yet is this magnitude beyond the scope of this curriculum.</span> <span data-sentence-id=\"297#1:14\"><span class=\"snr\">14</span>Nor is it necessary we dwell on anything that cannot be immediately grasped.</span></p></div> <div data-paragraph-id=\"297#2\"><p class=\"p-normal\"><span class=\"pnr\">2.</span> <span data-sentence-id=\"297#2:1\"><span class=\"snr noprint\">1</span>There is a borderland of thought that stands between this world and Heaven.</span> <span data-sentence-id=\"297#2:2\"><span class=\"snr\">2</span>It is not a place, and when you reach it is apart from time.</span> <span data-sentence-id=\"297#2:3\"><span class=\"snr\">3</span>Here is the meeting place where thoughts are brought together; where conflicting values meet and all illusions are laid down beside the truth, where they are judged to be untrue.</span> <span data-sentence-id=\"297#2:4\"><span class=\"snr\">4</span>This borderland is just beyond the gate of Heaven.</span> <span data-sentence-id=\"297#2:5\"><span class=\"snr\">5</span>Here is every thought made pure and wholly simple.</span> <span data-sentence-id=\"297#2:6\"><span class=\"snr\">6</span>Here is sin denied, and everything that <i>is</i> received instead.</span></p></div> <div data-paragraph-id=\"297#3\"><p class=\"p-normal\"><span class=\"pnr\">3.</span> <span data-sentence-id=\"297#3:1\"><span class=\"snr noprint\">1</span>This is the journey’s end.</span> <span data-sentence-id=\"297#3:2\"><span class=\"snr\">2</span>We have referred to it as the real world.</span> <span data-sentence-id=\"297#3:3\"><span class=\"snr\">3</span>And yet there is a contradiction here, in that the words imply a limited reality, a partial truth, a segment of the universe made true.</span> <span data-sentence-id=\"297#3:4\"><span class=\"snr\">4</span>This is because knowledge makes no attack upon perception.</span> <span data-sentence-id=\"297#3:5\"><span class=\"snr\">5</span>They are brought together, and only one continues past the gate where Oneness is.</span> <span data-sentence-id=\"297#3:6\"><span class=\"snr\">6</span>Salvation is a borderland where place and time and choice have meaning still, and yet it can be seen that they are temporary, out of place, and every choice has been already made.</span></p></div> <div data-paragraph-id=\"297#4\"><p class=\"p-normal\"><span class=\"pnr\">4.</span> <span data-sentence-id=\"297#4:1\"><span class=\"snr noprint\">1</span>Nothing the Son of God believes can be destroyed.</span> <span data-sentence-id=\"297#4:2\"><span class=\"snr\">2</span>But what is truth to him must be brought to the last comparison that he will ever make; the last evaluation that will be possible, the final judgment upon this world.</span> <span data-sentence-id=\"297#4:3\"><span class=\"snr\">3</span>It is the judgment of the truth upon illusion, of knowledge on perception: “It has no meaning, and does not exist.”</span> <span data-sentence-id=\"297#4:4\"><span class=\"snr\">4</span>This is not your decision.</span> <span data-sentence-id=\"297#4:5\"><span class=\"snr\">5</span>It is but a simple statement of a simple fact.</span> <span data-sentence-id=\"297#4:6\"><span class=\"snr\">6</span>But in this world there are no simple facts, because what is the same and what is different remain unclear.</span> <span data-sentence-id=\"297#4:7\"><span class=\"snr\">7</span>The one essential thing to make a choice at all is this distinction.</span> <span data-sentence-id=\"297#4:8\"><span class=\"snr\">8</span>And herein lies the difference between the worlds.</span> <span data-sentence-id=\"297#4:9\"><span class=\"snr\">9</span>In this one, choice is made impossible.</span> <span data-sentence-id=\"297#4:10\"><span class=\"snr\">10</span>In the real world is choosing simplified.</span></p></div> <div data-paragraph-id=\"297#5\"><p class=\"p-normal\"><span class=\"pnr\">5.</span> <span data-sentence-id=\"297#5:1\"><span class=\"snr noprint\">1</span>Salvation stops just short of Heaven, for only perception needs salvation.</span> <span data-sentence-id=\"297#5:2\"><span class=\"snr\">2</span>Heaven was never lost, and so cannot be saved.</span> <span data-sentence-id=\"297#5:3\"><span class=\"snr\">3</span>Yet who can make a choice between the wish for Heaven and the wish for hell unless he recognizes they are not the same?</span> <span data-sentence-id=\"297#5:4\"><span class=\"snr\">4</span>This difference is the learning goal this course has set.</span> <span data-sentence-id=\"297#5:5\"><span class=\"snr\">5</span>It will not go beyond this aim.</span> <span data-sentence-id=\"297#5:6\"><span class=\"snr\">6</span>Its only purpose is to teach what is the same and what is different, leaving room to make the only choice that can be made.</span></p></div> <div data-paragraph-id=\"297#6\"><p class=\"p-normal\"><span class=\"pnr\">6.</span> <span data-sentence-id=\"297#6:1\"><span class=\"snr noprint\">1</span>There is no basis for a choice in this complex and overcomplicated world.</span> <span data-sentence-id=\"297#6:2\"><span class=\"snr\">2</span>For no one understands what is the same, and seems to choose where no choice really is.</span> <span data-sentence-id=\"297#6:3\"><span class=\"snr\">3</span>The real world is the area of choice made real, not in the outcome, but in the perception of alternatives for choice.</span> <span data-sentence-id=\"297#6:4\"><span class=\"snr\">4</span>That there is choice is an illusion.</span> <span data-sentence-id=\"297#6:5\"><span class=\"snr\">5</span>Yet within this one lies the undoing of every illusion, not excepting this.</span></p></div> <div data-paragraph-id=\"297#7\"><p class=\"p-normal\"><span class=\"pnr\">7.</span> <span data-sentence-id=\"297#7:1\"><span class=\"snr noprint\">1</span>Is not this like your special function, where the separation is undone by change of purpose in what once was specialness, and now is union?</span> <span data-sentence-id=\"297#7:2\"><span class=\"snr\">2</span>All illusions are but one.</span> <span data-sentence-id=\"297#7:3\"><span class=\"snr\">3</span>And in the recognition this is so lies the ability to give up all attempts to choose between them, and to make them different.</span> <span data-sentence-id=\"297#7:4\"><span class=\"snr\">4</span>How simple is the choice between two things so clearly unalike.</span> <span data-sentence-id=\"297#7:5\"><span class=\"snr\">5</span>There is no conflict here.</span> <span data-sentence-id=\"297#7:6\"><span class=\"snr\">6</span>No sacrifice is possible in the relinquishment of an illusion recognized as such.</span> <span data-sentence-id=\"297#7:7\"><span class=\"snr\">7</span>Where all reality has been withdrawn from what was never true, can it be hard to give it up, and choose what <i>must</i> be true?</span></p></div> </div>","firstWords":"Complexity is not of God. How could it be, when all He knows is one? He knows of one creation, one reality, one truth and but one Son. Nothing conflicts with oneness. How, then, could there be","contentType":"acim-content","seoTitle":"Chapter 26.III: The Borderland | ACIM","seoDescription":"✨ A Course in Miracles, read the complete Chapter 26.III “The Borderland”: Complexity is not of God. How could it be, when all He knows is one? He knows of one creation, one reality, one…","desktopBreadcrumbs":[{"label":"Text","leadsTo":{"locale":"en","sectionId":51,"slugs":["text","introduction"],"forceToc":true}},{"label":"Chapter 26: The Transition","leadsTo":{"locale":"en","sectionId":295,"slugs":["chapter-26","the-sacrifice-of-oneness"],"forceToc":true}},{"label":"III. The Borderland","leadsTo":{"locale":"en","sectionId":297,"slugs":["chapter-26","the-borderland"]}}],"mobileBreadcrumbs":[{"label":"Text","leadsTo":{"locale":"en","sectionId":51,"slugs":["text","introduction"],"forceToc":true}},{"label":"Chapter 26: The Transition","leadsTo":{"locale":"en","sectionId":295,"slugs":["chapter-26","the-sacrifice-of-oneness"],"forceToc":true}},{"label":"III. The Borderland","leadsTo":{"locale":"en","sectionId":297,"slugs":["chapter-26","the-borderland"]}}],"seoBreadcrumbs":[{"label":"A Course in Miracles","leadsTo":"dashboard"},{"label":"Text","leadsTo":{"locale":"en","sectionId":51,"slugs":["text","introduction"],"forceToc":true}},{"label":"Chapter 26","leadsTo":{"locale":"en","sectionId":295,"slugs":["chapter-26","the-sacrifice-of-oneness"],"forceToc":true}},{"label":"III. The Borderland","leadsTo":{"locale":"en","sectionId":297,"slugs":["chapter-26","the-borderland"]}}],"slugs":["chapter-26","the-borderland"],"canonicalLink":"https://acim.org/acim/chapter-26/the-borderland/en/s/297","link":"https://acim.org/acim/chapter-26/the-borderland/en/s/297","shortLink":"https://acim.org/acim/en/s/297","previousSectionId":296,"previousSectionSlugs":["chapter-26","many-forms-one-correction"],"previousSectionLink":"https://acim.org/acim/chapter-26/many-forms-one-correction/en/s/296","nextSectionId":298,"nextSectionSlugs":["chapter-26","where-sin-has-left"],"nextSectionLink":"https://acim.org/acim/chapter-26/where-sin-has-left/en/s/298","hreflangLinks":[{"hrefLang":"en","link":"https://acim.org/acim/en/s/297"}]}