{"sectionId":319,"sectionIdLiteral":"319","humanId":"chap-28-sect-5","volumeId":"text","locale":"en","titleInfo":{"title":"The Alternate to Dreams of Fear","inlineNumber":"V."},"annotation":"T-28.V","bodyHtml":"<div class=\"acim-text chap-28-sect-5\"> <div data-paragraph-id=\"319#1\"><p class=\"p-normal\"><span class=\"pnr\">1.</span> <span data-sentence-id=\"319#1:1\"><span class=\"snr noprint\">1</span>What is a sense of sickness but a sense of limitation?</span> <span data-sentence-id=\"319#1:2\"><span class=\"snr\">2</span>Of a splitting <i>off</i> and separating <i>from</i>?</span> <span data-sentence-id=\"319#1:3\"><span class=\"snr\">3</span>A gap that is perceived between you and your brother, and what is now seen as health?</span> <span data-sentence-id=\"319#1:4\"><span class=\"snr\">4</span>And so the good is seen to be outside; the evil, in.</span> <span data-sentence-id=\"319#1:5\"><span class=\"snr\">5</span>And thus is sickness separating off the self from good, and keeping evil in.</span> <span data-sentence-id=\"319#1:6\"><span class=\"snr\">6</span>God is the Alternate to dreams of fear.</span> <span data-sentence-id=\"319#1:7\"><span class=\"snr\">7</span>Who shares in them can never share in Him.</span> <span data-sentence-id=\"319#1:8\"><span class=\"snr\">8</span>But who withdraws his mind from sharing them <i>is</i> sharing Him.</span> <span data-sentence-id=\"319#1:9\"><span class=\"snr\">9</span>There is no other choice.</span> <span data-sentence-id=\"319#1:10\"><span class=\"snr\">10</span>Except you share it, nothing can exist.</span> <span data-sentence-id=\"319#1:11\"><span class=\"snr\">11</span>And you exist because God shared His Will with you, that His creation might create.</span></p></div> <div data-paragraph-id=\"319#2\"><p class=\"p-normal\"><span class=\"pnr\">2.</span> <span data-sentence-id=\"319#2:1\"><span class=\"snr noprint\">1</span>It is the sharing of the evil dreams of hate and malice, bitterness and death, of sin and suffering and pain and loss, that makes them real.</span> <span data-sentence-id=\"319#2:2\"><span class=\"snr\">2</span>Unshared, they are perceived as meaningless.</span> <span data-sentence-id=\"319#2:3\"><span class=\"snr\">3</span>The fear is gone from them because you did not give them your support.</span> <span data-sentence-id=\"319#2:4\"><span class=\"snr\">4</span>Where fear has gone there love must come, because there are but these alternatives.</span> <span data-sentence-id=\"319#2:5\"><span class=\"snr\">5</span>Where one appears, the other disappears.</span> <span data-sentence-id=\"319#2:6\"><span class=\"snr\">6</span>And which you share becomes the only one you have.</span> <span data-sentence-id=\"319#2:7\"><span class=\"snr\">7</span>You have the one that you accept, because it is the only one you wish to have.</span></p></div> <div data-paragraph-id=\"319#3\"><p class=\"p-normal\"><span class=\"pnr\">3.</span> <span data-sentence-id=\"319#3:1\"><span class=\"snr noprint\">1</span>You share no evil dreams if you forgive the dreamer, and perceive that he is not the dream he made.</span> <span data-sentence-id=\"319#3:2\"><span class=\"snr\">2</span>And so he cannot be a part of yours, from which you both are free.</span> <span data-sentence-id=\"319#3:3\"><span class=\"snr\">3</span>Forgiveness separates the dreamer from the evil dream, and thus releases him.</span> <span data-sentence-id=\"319#3:4\"><span class=\"snr\">4</span>Remember if you share an evil dream, you will believe you are the dream you share.</span> <span data-sentence-id=\"319#3:5\"><span class=\"snr\">5</span>And fearing it, you will not want to know your own Identity, because you think that It is fearful.</span> <span data-sentence-id=\"319#3:6\"><span class=\"snr\">6</span>And you will deny your Self, and walk upon an alien ground which your Creator did not make, and where you seem to be a something you are not.</span> <span data-sentence-id=\"319#3:7\"><span class=\"snr\">7</span>You will make war upon your Self, which seems to be your enemy; and will attack your brother, as a part of what you hate.</span> <span data-sentence-id=\"319#3:8\"><span class=\"snr\">8</span>There is no compromise.</span> <span data-sentence-id=\"319#3:9\"><span class=\"snr\">9</span>You are your Self or an illusion.</span> <span data-sentence-id=\"319#3:10\"><span class=\"snr\">10</span>What can be between illusion and the truth?</span> <span data-sentence-id=\"319#3:11\"><span class=\"snr\">11</span>A middle ground, where you can be a thing that is not you, must be a dream and cannot be the truth.</span></p></div> <div data-paragraph-id=\"319#4\"><p class=\"p-normal\"><span class=\"pnr\">4.</span> <span data-sentence-id=\"319#4:1\"><span class=\"snr noprint\">1</span>You have conceived a little gap between illusions and the truth to be the place where all your safety lies, and where your Self is safely hidden by what you have made.</span> <span data-sentence-id=\"319#4:2\"><span class=\"snr\">2</span>Here is a world established that is sick, and this the world the body’s eyes perceive.</span> <span data-sentence-id=\"319#4:3\"><span class=\"snr\">3</span>Here are the sounds it hears; the voices that its ears were made to hear.</span> <span data-sentence-id=\"319#4:4\"><span class=\"snr\">4</span>Yet sights and sounds the body can perceive are meaningless.</span> <span data-sentence-id=\"319#4:5\"><span class=\"snr\">5</span>It cannot see nor hear.</span> <span data-sentence-id=\"319#4:6\"><span class=\"snr\">6</span>It does not know what seeing <i>is</i>; what listening is <i>for.</i></span> <span data-sentence-id=\"319#4:7\"><span class=\"snr\">7</span>It is as little able to perceive as it can judge or understand or know.</span> <span data-sentence-id=\"319#4:8\"><span class=\"snr\">8</span>Its eyes are blind; its ears are deaf.</span> <span data-sentence-id=\"319#4:9\"><span class=\"snr\">9</span>It can not think, and so it cannot have effects.</span></p></div> <div data-paragraph-id=\"319#5\"><p class=\"p-normal\"><span class=\"pnr\">5.</span> <span data-sentence-id=\"319#5:1\"><span class=\"snr noprint\">1</span>What is there God created to be sick?</span> <span data-sentence-id=\"319#5:2\"><span class=\"snr\">2</span>And what that He created not can be?</span> <span data-sentence-id=\"319#5:3\"><span class=\"snr\">3</span>Let not your eyes behold a dream; your ears bear witness to illusion.</span> <span data-sentence-id=\"319#5:4\"><span class=\"snr\">4</span>They were made to look upon a world that is not there; to hear the voices that can make no sound.</span> <span data-sentence-id=\"319#5:5\"><span class=\"snr\">5</span>Yet are there other sounds and other sights that <i>can</i> be seen and heard and understood.</span> <span data-sentence-id=\"319#5:6\"><span class=\"snr\">6</span>For eyes and ears are senses without sense, and what they see and hear they but report.</span> <span data-sentence-id=\"319#5:7\"><span class=\"snr\">7</span>It is not they that hear and see, but you, who put together every jagged piece, each senseless scrap and shred of evidence, and make a witness to the world you want.</span> <span data-sentence-id=\"319#5:8\"><span class=\"snr\">8</span>Let not the body’s ears and eyes perceive these countless fragments seen within the gap that you imagined, and let them persuade their maker his imaginings are real.</span></p></div> <div data-paragraph-id=\"319#6\"><p class=\"p-normal\"><span class=\"pnr\">6.</span> <span data-sentence-id=\"319#6:1\"><span class=\"snr noprint\">1</span>Creation proves reality because it shares the function all creation shares.</span> <span data-sentence-id=\"319#6:2\"><span class=\"snr\">2</span>It is not made of little bits of glass, a piece of wood, a thread or two, perhaps, all put together to attest its truth.</span> <span data-sentence-id=\"319#6:3\"><span class=\"snr\">3</span>Reality does not depend on this.</span> <span data-sentence-id=\"319#6:4\"><span class=\"snr\">4</span>There is no gap that separates the truth from dreams and from illusions.</span> <span data-sentence-id=\"319#6:5\"><span class=\"snr\">5</span>Truth has left no room for them in any place or time.</span> <span data-sentence-id=\"319#6:6\"><span class=\"snr\">6</span>For it fills every place and every time, and makes them wholly indivisible.</span></p></div> <div data-paragraph-id=\"319#7\"><p class=\"p-normal\"><span class=\"pnr\">7.</span> <span data-sentence-id=\"319#7:1\"><span class=\"snr noprint\">1</span>You who believe there is a little gap between you and your brother, do not see that it is here you are as prisoners in a world perceived to be existing here.</span> <span data-sentence-id=\"319#7:2\"><span class=\"snr\">2</span>The world you see does not exist, because the place where you perceive it is not real.</span> <span data-sentence-id=\"319#7:3\"><span class=\"snr\">3</span>The gap is carefully concealed in fog, and misty pictures rise to cover it with vague uncertain forms and changing shapes, forever unsubstantial and unsure.</span> <span data-sentence-id=\"319#7:4\"><span class=\"snr\">4</span>Yet in the gap is nothing.</span> <span data-sentence-id=\"319#7:5\"><span class=\"snr\">5</span>And there are no awesome secrets and no darkened tombs where terror rises from the bones of death.</span> <span data-sentence-id=\"319#7:6\"><span class=\"snr\">6</span>Look at the little gap, and you behold the innocence and emptiness of sin that you will see within yourself, when you have lost the fear of recognizing love.</span></p></div> </div>","firstWords":"What is a sense of sickness but a sense of limitation? Of a splitting off and separating from? A gap that is perceived between you and your brother, and what is now seen as health? And so the good is","contentType":"acim-content","seoTitle":"Chapter 28.V: The Alternate to Dreams of Fear | ACIM","seoDescription":"✨ A Course in Miracles, read the complete Chapter 28.V “The Alternate to Dreams of Fear”: What is a sense of sickness but a sense of limitation? Of a splitting off and separating from? A…","desktopBreadcrumbs":[{"label":"Text","leadsTo":{"locale":"en","sectionId":51,"slugs":["text","introduction"],"forceToc":true}},{"label":"Chapter 28: The Undoing of Fear","leadsTo":{"locale":"en","sectionId":315,"slugs":["chapter-28","the-present-memory"],"forceToc":true}},{"label":"V. The Alternate to Dreams of Fear","leadsTo":{"locale":"en","sectionId":319,"slugs":["chapter-28","the-alternate-to-dreams-of-fear"]}}],"mobileBreadcrumbs":[{"label":"Text","leadsTo":{"locale":"en","sectionId":51,"slugs":["text","introduction"],"forceToc":true}},{"label":"Chapter 28: The Undoing of Fear","leadsTo":{"locale":"en","sectionId":315,"slugs":["chapter-28","the-present-memory"],"forceToc":true}},{"label":"V. The Alternate to Dreams of Fear","leadsTo":{"locale":"en","sectionId":319,"slugs":["chapter-28","the-alternate-to-dreams-of-fear"]}}],"seoBreadcrumbs":[{"label":"A Course in Miracles","leadsTo":"dashboard"},{"label":"Text","leadsTo":{"locale":"en","sectionId":51,"slugs":["text","introduction"],"forceToc":true}},{"label":"Chapter 28","leadsTo":{"locale":"en","sectionId":315,"slugs":["chapter-28","the-present-memory"],"forceToc":true}},{"label":"V. The Alternate to Dreams of Fear","leadsTo":{"locale":"en","sectionId":319,"slugs":["chapter-28","the-alternate-to-dreams-of-fear"]}}],"slugs":["chapter-28","the-alternate-to-dreams-of-fear"],"canonicalLink":"https://acim.org/acim/chapter-28/the-alternate-to-dreams-of-fear/en/s/319","link":"https://acim.org/acim/chapter-28/the-alternate-to-dreams-of-fear/en/s/319","shortLink":"https://acim.org/acim/en/s/319","previousSectionId":318,"previousSectionSlugs":["chapter-28","the-greater-joining"],"previousSectionLink":"https://acim.org/acim/chapter-28/the-greater-joining/en/s/318","nextSectionId":320,"nextSectionSlugs":["chapter-28","the-secret-vows"],"nextSectionLink":"https://acim.org/acim/chapter-28/the-secret-vows/en/s/320","hreflangLinks":[{"hrefLang":"en","link":"https://acim.org/acim/en/s/319"}]}