{"sectionId":323,"sectionIdLiteral":"323","humanId":"chap-29-sect-1","volumeId":"text","locale":"en","titleInfo":{"chapterTitle":{"ownlineNumber":"Chapter 29","title":"The Awakening"},"title":"The Closing of the Gap","inlineNumber":"I."},"annotation":"T-29.I","bodyHtml":"<div class=\"acim-text chap-29-sect-1\"> <div data-paragraph-id=\"323#1\"><p class=\"p-normal\"><span class=\"pnr\">1.</span> <span data-sentence-id=\"323#1:1\"><span class=\"snr noprint\">1</span>There is no time, no place, no state where God is absent.</span> <span data-sentence-id=\"323#1:2\"><span class=\"snr\">2</span>There is nothing to be feared.</span> <span data-sentence-id=\"323#1:3\"><span class=\"snr\">3</span>There is no way in which a gap could be conceived of in the Wholeness that is His.</span> <span data-sentence-id=\"323#1:4\"><span class=\"snr\">4</span>The compromise the least and littlest gap would represent in His eternal Love is quite impossible.</span> <span data-sentence-id=\"323#1:5\"><span class=\"snr\">5</span>For it would mean His Love could harbor just a hint of hate, His gentleness turn sometimes to attack, and His eternal patience sometimes fail.</span> <span data-sentence-id=\"323#1:6\"><span class=\"snr\">6</span>All this do you believe, when you perceive a gap between your brother and yourself.</span> <span data-sentence-id=\"323#1:7\"><span class=\"snr\">7</span>How could you trust Him, then?</span> <span data-sentence-id=\"323#1:8\"><span class=\"snr\">8</span>For He must be deceptive in His Love.</span> <span data-sentence-id=\"323#1:9\"><span class=\"snr\">9</span>Be wary, then; let Him not come too close, and leave a gap between you and His Love, through which you can escape if there be need for you to flee.</span></p></div> <div data-paragraph-id=\"323#2\"><p class=\"p-normal\"><span class=\"pnr\">2.</span> <span data-sentence-id=\"323#2:1\"><span class=\"snr noprint\">1</span>Here is the fear of God most plainly seen.</span> <span data-sentence-id=\"323#2:2\"><span class=\"snr\">2</span>For love <i>is</i> treacherous to those who fear, since fear and hate can never be apart.</span> <span data-sentence-id=\"323#2:3\"><span class=\"snr\">3</span>No one who hates but is afraid of love, and therefore must he be afraid of God.</span> <span data-sentence-id=\"323#2:4\"><span class=\"snr\">4</span>Certain it is he knows not what love means.</span> <span data-sentence-id=\"323#2:5\"><span class=\"snr\">5</span>He fears to love and loves to hate, and so he thinks that love is fearful; hate is love.</span> <span data-sentence-id=\"323#2:6\"><span class=\"snr\">6</span>This is the consequence the little gap must bring to those who cherish it, and think that it is their salvation and their hope.</span></p></div> <div data-paragraph-id=\"323#3\"><p class=\"p-normal\"><span class=\"pnr\">3.</span> <span data-sentence-id=\"323#3:1\"><span class=\"snr noprint\">1</span>The fear of God!</span> <span data-sentence-id=\"323#3:2\"><span class=\"snr\">2</span>The greatest obstacle that peace must flow across has not yet gone.</span> <span data-sentence-id=\"323#3:3\"><span class=\"snr\">3</span>The rest are past, but this one still remains to block your path, and make the way to light seem dark and fearful, perilous and bleak.</span> <span data-sentence-id=\"323#3:4\"><span class=\"snr\">4</span>You had decided that your brother is your enemy.</span> <span data-sentence-id=\"323#3:5\"><span class=\"snr\">5</span>Sometimes a friend, perhaps, provided that your separate interests made your friendship possible a little while.</span> <span data-sentence-id=\"323#3:6\"><span class=\"snr\">6</span>But not without a gap perceived between you and him, lest he turn again into an enemy.</span> <span data-sentence-id=\"323#3:7\"><span class=\"snr\">7</span>Let him come close to you, and you jumped back; as you approached, did he but instantly withdraw.</span> <span data-sentence-id=\"323#3:8\"><span class=\"snr\">8</span>A cautious friendship, and limited in scope and carefully restricted in amount, became the treaty that you had made with him.</span> <span data-sentence-id=\"323#3:9\"><span class=\"snr\">9</span>Thus you and your brother but shared a qualified entente, in which a clause of separation was a point you both agreed to keep intact.</span> <span data-sentence-id=\"323#3:10\"><span class=\"snr\">10</span>And violating this was thought to be a breach of treaty not to be allowed.</span></p></div> <div data-paragraph-id=\"323#4\"><p class=\"p-normal\"><span class=\"pnr\">4.</span> <span data-sentence-id=\"323#4:1\"><span class=\"snr noprint\">1</span>The gap between you and your brother is not one of space between two separate bodies.</span> <span data-sentence-id=\"323#4:2\"><span class=\"snr\">2</span>And this but seems to be dividing off your separate minds.</span> <span data-sentence-id=\"323#4:3\"><span class=\"snr\">3</span>It is the symbol of a promise made to meet when you prefer, and separate till you and he elect to meet again.</span> <span data-sentence-id=\"323#4:4\"><span class=\"snr\">4</span>And then your bodies seem to get in touch, and thereby signify a meeting place to join.</span> <span data-sentence-id=\"323#4:5\"><span class=\"snr\">5</span>But always is it possible for you and him to go your separate ways.</span> <span data-sentence-id=\"323#4:6\"><span class=\"snr\">6</span>Conditional upon the “right” to separate will you and he agree to meet from time to time, and keep apart in intervals of separation, which do protect you from the “sacrifice” of love.</span> <span data-sentence-id=\"323#4:7\"><span class=\"snr\">7</span>The body saves you, for it gets away from total sacrifice and gives to you the time in which to build again your separate self, which you truly believe diminishes as you and your brother meet.</span></p></div> <div data-paragraph-id=\"323#5\"><p class=\"p-normal\"><span class=\"pnr\">5.</span> <span data-sentence-id=\"323#5:1\"><span class=\"snr noprint\">1</span>The body could not separate your mind from your brother’s unless you wanted it to be a cause of separation and of distance seen between you and him.</span> <span data-sentence-id=\"323#5:2\"><span class=\"snr\">2</span>Thus do you endow it with a power that lies not within itself.</span> <span data-sentence-id=\"323#5:3\"><span class=\"snr\">3</span>And herein lies its power over you.</span> <span data-sentence-id=\"323#5:4\"><span class=\"snr\">4</span>For now you think that it determines when your brother and you meet, and limits your ability to make communion with your brother’s mind.</span> <span data-sentence-id=\"323#5:5\"><span class=\"snr\">5</span>And now it tells you where to go and how to go there, what is feasible for you to undertake, and what you cannot do.</span> <span data-sentence-id=\"323#5:6\"><span class=\"snr\">6</span>It dictates what its health can tolerate, and what will tire it and make it sick.</span> <span data-sentence-id=\"323#5:7\"><span class=\"snr\">7</span>And its “inherent” weaknesses set up the limitations on what you would do, and keep your purpose limited and weak.</span></p></div> <div data-paragraph-id=\"323#6\"><p class=\"p-normal\"><span class=\"pnr\">6.</span> <span data-sentence-id=\"323#6:1\"><span class=\"snr noprint\">1</span>The body will accommodate to this, if you would have it so.</span> <span data-sentence-id=\"323#6:2\"><span class=\"snr\">2</span>It will allow but limited indulgences in “love,” with intervals of hatred in between.</span> <span data-sentence-id=\"323#6:3\"><span class=\"snr\">3</span>And it will take command of when to “love,” and when to shrink more safely into fear.</span> <span data-sentence-id=\"323#6:4\"><span class=\"snr\">4</span>It will be sick because you do not know what loving means.</span> <span data-sentence-id=\"323#6:5\"><span class=\"snr\">5</span>And so you must misuse each circumstance and everyone you meet, and see in them a purpose not your own.</span></p></div> <div data-paragraph-id=\"323#7\"><p class=\"p-normal\"><span class=\"pnr\">7.</span> <span data-sentence-id=\"323#7:1\"><span class=\"snr noprint\">1</span>It is not love that asks a sacrifice.</span> <span data-sentence-id=\"323#7:2\"><span class=\"snr\">2</span>But fear demands the sacrifice of love, for in love’s presence fear cannot abide.</span> <span data-sentence-id=\"323#7:3\"><span class=\"snr\">3</span>For hate to be maintained, love must be feared; and only sometimes present, sometimes gone.</span> <span data-sentence-id=\"323#7:4\"><span class=\"snr\">4</span>Thus is love seen as treacherous, because it seems to come and go uncertainly, and offer no stability to you.</span> <span data-sentence-id=\"323#7:5\"><span class=\"snr\">5</span>You do not see how limited and weak is your allegiance, and how frequently you have demanded that love go away, and leave you quietly alone in “peace.”</span></p></div> <div data-paragraph-id=\"323#8\"><p class=\"p-normal\"><span class=\"pnr\">8.</span> <span data-sentence-id=\"323#8:1\"><span class=\"snr noprint\">1</span>The body, innocent of goals, is your excuse for variable goals you hold, and force the body to maintain.</span> <span data-sentence-id=\"323#8:2\"><span class=\"snr\">2</span>You do not fear its weakness, but its lack of strength <i>or</i> weakness.</span> <span data-sentence-id=\"323#8:3\"><span class=\"snr\">3</span>Would you know that nothing stands between you and your brother?</span> <span data-sentence-id=\"323#8:4\"><span class=\"snr\">4</span>Would you know there is no gap behind which you can hide?</span> <span data-sentence-id=\"323#8:5\"><span class=\"snr\">5</span>There is a shock that comes to those who learn their savior is their enemy no more.</span> <span data-sentence-id=\"323#8:6\"><span class=\"snr\">6</span>There is a wariness that is aroused by learning that the body is not real.</span> <span data-sentence-id=\"323#8:7\"><span class=\"snr\">7</span>And there are overtones of seeming fear around the happy message, “God is Love.”</span></p></div> <div data-paragraph-id=\"323#9\"><p class=\"p-normal\"><span class=\"pnr\">9.</span> <span data-sentence-id=\"323#9:1\"><span class=\"snr noprint\">1</span>Yet all that happens when the gap is gone is peace eternal.</span> <span data-sentence-id=\"323#9:2\"><span class=\"snr\">2</span>Nothing more than that, and nothing less.</span> <span data-sentence-id=\"323#9:3\"><span class=\"snr\">3</span>Without the fear of God, what could induce you to abandon Him?</span> <span data-sentence-id=\"323#9:4\"><span class=\"snr\">4</span>What toys or trinkets in the gap could serve to hold you back an instant from His Love?</span> <span data-sentence-id=\"323#9:5\"><span class=\"snr\">5</span>Would you allow the body to say “no” to Heaven’s calling, were you not afraid to find a loss of self in finding God?</span> <span data-sentence-id=\"323#9:6\"><span class=\"snr\">6</span>Yet can your self be lost by being found?</span></p></div> </div>","firstWords":"There is no time, no place, no state where God is absent. There is nothing to be feared. There is no way in which a gap could be conceived of in the Wholeness that is His. The compromise the least","contentType":"acim-content","seoTitle":"Chapter 29.I: The Awakening: The Closing of… | ACIM","seoDescription":"✨ A Course in Miracles, read the complete Chapter 29.I “The Awakening: The Closing of the Gap”: There is no time, no place, no state where God is absent. There is nothing to be feared.…","desktopBreadcrumbs":[{"label":"Text","leadsTo":{"locale":"en","sectionId":51,"slugs":["text","introduction"],"forceToc":true}},{"label":"Chapter 29: The Awakening","leadsTo":{"locale":"en","sectionId":323,"slugs":["chapter-29","the-closing-of-the-gap"],"forceToc":true}},{"label":"I. The Closing of the Gap","leadsTo":{"locale":"en","sectionId":323,"slugs":["chapter-29","the-closing-of-the-gap"]}}],"mobileBreadcrumbs":[{"label":"Text","leadsTo":{"locale":"en","sectionId":51,"slugs":["text","introduction"],"forceToc":true}},{"label":"Chapter 29: The Awakening","leadsTo":{"locale":"en","sectionId":323,"slugs":["chapter-29","the-closing-of-the-gap"],"forceToc":true}},{"label":"I. The Closing of the Gap","leadsTo":{"locale":"en","sectionId":323,"slugs":["chapter-29","the-closing-of-the-gap"]}}],"seoBreadcrumbs":[{"label":"A Course in Miracles","leadsTo":"dashboard"},{"label":"Text","leadsTo":{"locale":"en","sectionId":51,"slugs":["text","introduction"],"forceToc":true}},{"label":"Chapter 29","leadsTo":{"locale":"en","sectionId":323,"slugs":["chapter-29","the-closing-of-the-gap"],"forceToc":true}},{"label":"I. The Closing of the Gap","leadsTo":{"locale":"en","sectionId":323,"slugs":["chapter-29","the-closing-of-the-gap"]}}],"slugs":["chapter-29","the-closing-of-the-gap"],"canonicalLink":"https://acim.org/acim/chapter-29/the-closing-of-the-gap/en/s/323","link":"https://acim.org/acim/chapter-29/the-closing-of-the-gap/en/s/323","shortLink":"https://acim.org/acim/en/s/323","previousSectionId":321,"previousSectionSlugs":["chapter-28","the-ark-of-safety"],"previousSectionLink":"https://acim.org/acim/chapter-28/the-ark-of-safety/en/s/321","nextSectionId":324,"nextSectionSlugs":["chapter-29","the-coming-of-the-guest"],"nextSectionLink":"https://acim.org/acim/chapter-29/the-coming-of-the-guest/en/s/324","hreflangLinks":[{"hrefLang":"en","link":"https://acim.org/acim/en/s/323"}]}