{"sectionId":325,"sectionIdLiteral":"325","humanId":"chap-29-sect-3","volumeId":"text","locale":"en","titleInfo":{"title":"God’s Witnesses","inlineNumber":"III."},"annotation":"T-29.III","bodyHtml":"<div class=\"acim-text chap-29-sect-3\"> <div data-paragraph-id=\"325#1\"><p class=\"p-normal\"><span class=\"pnr\">1.</span> <span data-sentence-id=\"325#1:1\"><span class=\"snr noprint\">1</span>Condemn your savior not because he thinks he is a body.</span> <span data-sentence-id=\"325#1:2\"><span class=\"snr\">2</span>For beyond his dreams is his reality.</span> <span data-sentence-id=\"325#1:3\"><span class=\"snr\">3</span>But he must learn he is a savior first, before he can remember what he is.</span> <span data-sentence-id=\"325#1:4\"><span class=\"snr\">4</span>And he must save who would be saved.</span> <span data-sentence-id=\"325#1:5\"><span class=\"snr\">5</span>On saving you depends his happiness.</span> <span data-sentence-id=\"325#1:6\"><span class=\"snr\">6</span>For who is savior but the one who gives salvation?</span> <span data-sentence-id=\"325#1:7\"><span class=\"snr\">7</span>Thus he learns it must be his to give.</span> <span data-sentence-id=\"325#1:8\"><span class=\"snr\">8</span>Unless he gives he will not know he has, for giving is the proof of having.</span> <span data-sentence-id=\"325#1:9\"><span class=\"snr\">9</span>Only those who think that God is lessened by their strength could fail to understand this must be so.</span> <span data-sentence-id=\"325#1:10\"><span class=\"snr\">10</span>For who could give unless he has, and who could lose by giving what must be increased thereby?</span></p></div> <div data-paragraph-id=\"325#2\"><p class=\"p-normal\"><span class=\"pnr\">2.</span> <span data-sentence-id=\"325#2:1\"><span class=\"snr noprint\">1</span>Think you the Father lost Himself when He created you?</span> <span data-sentence-id=\"325#2:2\"><span class=\"snr\">2</span>Was He made weak because He shared His Love?</span> <span data-sentence-id=\"325#2:3\"><span class=\"snr\">3</span>Was He made incomplete by your perfection?</span> <span data-sentence-id=\"325#2:4\"><span class=\"snr\">4</span>Or are you the proof that He is perfect and complete?</span> <span data-sentence-id=\"325#2:5\"><span class=\"snr\">5</span>Deny Him not His witness in the dream His Son prefers to his reality.</span> <span data-sentence-id=\"325#2:6\"><span class=\"snr\">6</span>He must be savior from the dream he made, that he be free of it.</span> <span data-sentence-id=\"325#2:7\"><span class=\"snr\">7</span>He must see someone else as not a body, one with him without the wall the world has built to keep apart all living things who know not that they live.</span></p></div> <div data-paragraph-id=\"325#3\"><p class=\"p-normal\"><span class=\"pnr\">3.</span> <span data-sentence-id=\"325#3:1\"><span class=\"snr noprint\">1</span>Within the dream of bodies and of death is yet one theme of truth; no more, perhaps, than just a tiny spark, a space of light created in the dark, where God still shines.</span> <span data-sentence-id=\"325#3:2\"><span class=\"snr\">2</span>You cannot wake yourself.</span> <span data-sentence-id=\"325#3:3\"><span class=\"snr\">3</span>Yet you can let yourself be wakened.</span> <span data-sentence-id=\"325#3:4\"><span class=\"snr\">4</span>You can overlook your brother’s dreams.</span> <span data-sentence-id=\"325#3:5\"><span class=\"snr\">5</span>So perfectly can you forgive him his illusions he becomes your savior from your dreams.</span> <span data-sentence-id=\"325#3:6\"><span class=\"snr\">6</span>And as you see him shining in the space of light where God abides within the darkness, you will see that God Himself is where his body is.</span> <span data-sentence-id=\"325#3:7\"><span class=\"snr\">7</span>Before this light the body disappears, as heavy shadows must give way to light.</span> <span data-sentence-id=\"325#3:8\"><span class=\"snr\">8</span>The darkness cannot choose that it remain.</span> <span data-sentence-id=\"325#3:9\"><span class=\"snr\">9</span>The coming of the light means it is gone.</span> <span data-sentence-id=\"325#3:10\"><span class=\"snr\">10</span>In glory will you see your brother then, and understand what really fills the gap so long perceived as keeping you apart.</span> <span data-sentence-id=\"325#3:11\"><span class=\"snr\">11</span>There, in its place, God’s witness has set forth the gentle way of kindness to God’s Son.</span> <span data-sentence-id=\"325#3:12\"><span class=\"snr\">12</span>Whom you forgive is given power to forgive you your illusions.</span> <span data-sentence-id=\"325#3:13\"><span class=\"snr\">13</span>By your gift of freedom is it given unto you.</span></p></div> <div data-paragraph-id=\"325#4\"><p class=\"p-normal\"><span class=\"pnr\">4.</span> <span data-sentence-id=\"325#4:1\"><span class=\"snr noprint\">1</span>Make way for love, which you did not create, but which you can extend.</span> <span data-sentence-id=\"325#4:2\"><span class=\"snr\">2</span>On earth this means forgive your brother, that the darkness may be lifted from your mind.</span> <span data-sentence-id=\"325#4:3\"><span class=\"snr\">3</span>When light has come to him through your forgiveness, he will not forget his savior, leaving him unsaved.</span> <span data-sentence-id=\"325#4:4\"><span class=\"snr\">4</span>For it was in your face he saw the light that he would keep beside him, as he walks through darkness to the everlasting light.</span></p></div> <div data-paragraph-id=\"325#5\"><p class=\"p-normal\"><span class=\"pnr\">5.</span> <span data-sentence-id=\"325#5:1\"><span class=\"snr noprint\">1</span>How holy are you, that the Son of God can be your savior in the midst of dreams of desolation and disaster.</span> <span data-sentence-id=\"325#5:2\"><span class=\"snr\">2</span>See how eagerly he comes, and steps aside from heavy shadows that have hidden him, and shines on you in gratitude and love.</span> <span data-sentence-id=\"325#5:3\"><span class=\"snr\">3</span>He is himself, but not himself alone.</span> <span data-sentence-id=\"325#5:4\"><span class=\"snr\">4</span>And as his Father lost not part of him in your creation, so the light in him is brighter still because you gave your light to him, to save him from the dark.</span> <span data-sentence-id=\"325#5:5\"><span class=\"snr\">5</span>And now the light in you must be as bright as shines in him.</span> <span data-sentence-id=\"325#5:6\"><span class=\"snr\">6</span>This is the spark that shines within the dream; that you can help him waken, and be sure his waking eyes will rest on you.</span> <span data-sentence-id=\"325#5:7\"><span class=\"snr\">7</span>And in his glad salvation you are saved.</span></p></div> </div>","firstWords":"Condemn your savior not because he thinks he is a body. For beyond his dreams is his reality. But he must learn he is a savior first, before he can remember what he is. And he must save who would be","contentType":"acim-content","seoTitle":"Chapter 29.III: God’s Witnesses | ACIM","seoDescription":"✨ A Course in Miracles, read the complete Chapter 29.III “God’s Witnesses”: Condemn your savior not because he thinks he is a body. For beyond his dreams is his reality. But he must…","desktopBreadcrumbs":[{"label":"Text","leadsTo":{"locale":"en","sectionId":51,"slugs":["text","introduction"],"forceToc":true}},{"label":"Chapter 29: The Awakening","leadsTo":{"locale":"en","sectionId":323,"slugs":["chapter-29","the-closing-of-the-gap"],"forceToc":true}},{"label":"III. God’s Witnesses","leadsTo":{"locale":"en","sectionId":325,"slugs":["chapter-29","gods-witnesses"]}}],"mobileBreadcrumbs":[{"label":"Text","leadsTo":{"locale":"en","sectionId":51,"slugs":["text","introduction"],"forceToc":true}},{"label":"Chapter 29: The Awakening","leadsTo":{"locale":"en","sectionId":323,"slugs":["chapter-29","the-closing-of-the-gap"],"forceToc":true}},{"label":"III. God’s Witnesses","leadsTo":{"locale":"en","sectionId":325,"slugs":["chapter-29","gods-witnesses"]}}],"seoBreadcrumbs":[{"label":"A Course in Miracles","leadsTo":"dashboard"},{"label":"Text","leadsTo":{"locale":"en","sectionId":51,"slugs":["text","introduction"],"forceToc":true}},{"label":"Chapter 29","leadsTo":{"locale":"en","sectionId":323,"slugs":["chapter-29","the-closing-of-the-gap"],"forceToc":true}},{"label":"III. God’s Witnesses","leadsTo":{"locale":"en","sectionId":325,"slugs":["chapter-29","gods-witnesses"]}}],"slugs":["chapter-29","gods-witnesses"],"canonicalLink":"https://acim.org/acim/chapter-29/gods-witnesses/en/s/325","link":"https://acim.org/acim/chapter-29/gods-witnesses/en/s/325","shortLink":"https://acim.org/acim/en/s/325","previousSectionId":324,"previousSectionSlugs":["chapter-29","the-coming-of-the-guest"],"previousSectionLink":"https://acim.org/acim/chapter-29/the-coming-of-the-guest/en/s/324","nextSectionId":326,"nextSectionSlugs":["chapter-29","dream-roles"],"nextSectionLink":"https://acim.org/acim/chapter-29/dream-roles/en/s/326","hreflangLinks":[{"hrefLang":"en","link":"https://acim.org/acim/en/s/325"}]}