{"sectionId":326,"sectionIdLiteral":"326","humanId":"chap-29-sect-4","volumeId":"text","locale":"en","titleInfo":{"title":"Dream Roles","inlineNumber":"IV."},"annotation":"T-29.IV","bodyHtml":"<div class=\"acim-text chap-29-sect-4\"> <div data-paragraph-id=\"326#1\"><p class=\"p-normal\"><span class=\"pnr\">1.</span> <span data-sentence-id=\"326#1:1\"><span class=\"snr noprint\">1</span>Do you believe that truth can be but some illusions?</span> <span data-sentence-id=\"326#1:2\"><span class=\"snr\">2</span>They are dreams <i>because</i> they are not true.</span> <span data-sentence-id=\"326#1:3\"><span class=\"snr\">3</span>Their equal lack of truth becomes the basis for the miracle, which means that you have understood that dreams are dreams; and that escape depends, not on the dream, but only on awaking.</span> <span data-sentence-id=\"326#1:4\"><span class=\"snr\">4</span>Could it be some dreams are kept, and others wakened from?</span> <span data-sentence-id=\"326#1:5\"><span class=\"snr\">5</span>The choice is not between which dreams to keep, but only if you want to live in dreams or to awaken from them.</span> <span data-sentence-id=\"326#1:6\"><span class=\"snr\">6</span>Thus it is the miracle does not select some dreams to leave untouched by its beneficence.</span> <span data-sentence-id=\"326#1:7\"><span class=\"snr\">7</span>You cannot dream some dreams and wake from some, for you are either sleeping or awake.</span> <span data-sentence-id=\"326#1:8\"><span class=\"snr\">8</span>And dreaming goes with only one of these.</span></p></div> <div data-paragraph-id=\"326#2\"><p class=\"p-normal\"><span class=\"pnr\">2.</span> <span data-sentence-id=\"326#2:1\"><span class=\"snr noprint\">1</span>The dreams you think you like would hold you back as much as those in which the fear is seen.</span> <span data-sentence-id=\"326#2:2\"><span class=\"snr\">2</span>For every dream is but a dream of fear, no matter what the form it seems to take.</span> <span data-sentence-id=\"326#2:3\"><span class=\"snr\">3</span>The fear is seen within, without, or both.</span> <span data-sentence-id=\"326#2:4\"><span class=\"snr\">4</span>Or it can be disguised in pleasant form.</span> <span data-sentence-id=\"326#2:5\"><span class=\"snr\">5</span>But never is it absent from the dream, for fear is the material of dreams, from which they all are made.</span> <span data-sentence-id=\"326#2:6\"><span class=\"snr\">6</span>Their form can change, but they cannot be made of something else.</span> <span data-sentence-id=\"326#2:7\"><span class=\"snr\">7</span>The miracle were treacherous indeed if it allowed you still to be afraid because you did not recognize the fear.</span> <span data-sentence-id=\"326#2:8\"><span class=\"snr\">8</span>You would not then be willing to awake, for which the miracle prepares the way.</span></p></div> <div data-paragraph-id=\"326#3\"><p class=\"p-normal\"><span class=\"pnr\">3.</span> <span data-sentence-id=\"326#3:1\"><span class=\"snr noprint\">1</span>In simplest form, it can be said attack is a response to function unfulfilled as you perceive the function.</span> <span data-sentence-id=\"326#3:2\"><span class=\"snr\">2</span>It can be in you or someone else, but where it is perceived it will be there it is attacked.</span> <span data-sentence-id=\"326#3:3\"><span class=\"snr\">3</span>Depression or assault must be the theme of every dream, for they are made of fear.</span> <span data-sentence-id=\"326#3:4\"><span class=\"snr\">4</span>The thin disguise of pleasure and of joy in which they may be wrapped but slightly veils the heavy lump of fear that is their core.</span> <span data-sentence-id=\"326#3:5\"><span class=\"snr\">5</span>And it is this the miracle perceives, and not the wrappings in which it is bound.</span></p></div> <div data-paragraph-id=\"326#4\"><p class=\"p-normal\"><span class=\"pnr\">4.</span> <span data-sentence-id=\"326#4:1\"><span class=\"snr noprint\">1</span>When you are angry, is it not because someone has failed to fill the function you allotted him?</span> <span data-sentence-id=\"326#4:2\"><span class=\"snr\">2</span>And does not this become the “reason” your attack is justified?</span> <span data-sentence-id=\"326#4:3\"><span class=\"snr\">3</span>The dreams you think you like are those in which the functions you have given have been filled; the needs which you ascribe to you are met.</span> <span data-sentence-id=\"326#4:4\"><span class=\"snr\">4</span>It does not matter if they be fulfilled or merely wanted.</span> <span data-sentence-id=\"326#4:5\"><span class=\"snr\">5</span>It is the idea that they exist from which the fears arise.</span> <span data-sentence-id=\"326#4:6\"><span class=\"snr\">6</span>Dreams are not wanted more or less.</span> <span data-sentence-id=\"326#4:7\"><span class=\"snr\">7</span>They are desired or not.</span> <span data-sentence-id=\"326#4:8\"><span class=\"snr\">8</span>And each one represents some function that you have assigned; some goal which an event, or body, or a thing <i>should</i> represent, and <i>should</i> achieve for you.</span> <span data-sentence-id=\"326#4:9\"><span class=\"snr\">9</span>If it succeeds you think you like the dream.</span> <span data-sentence-id=\"326#4:10\"><span class=\"snr\">10</span>If it should fail you think the dream is sad.</span> <span data-sentence-id=\"326#4:11\"><span class=\"snr\">11</span>But whether it succeeds or fails is not its core, but just the flimsy covering.</span></p></div> <div data-paragraph-id=\"326#5\"><p class=\"p-normal\"><span class=\"pnr\">5.</span> <span data-sentence-id=\"326#5:1\"><span class=\"snr noprint\">1</span>How happy would your dreams become if you were not the one who gave the “proper” role to every figure which the dream contains.</span> <span data-sentence-id=\"326#5:2\"><span class=\"snr\">2</span>No one can fail but your idea of him, and there is no betrayal but of this.</span> <span data-sentence-id=\"326#5:3\"><span class=\"snr\">3</span>The core of dreams the Holy Spirit gives is never one of fear.</span> <span data-sentence-id=\"326#5:4\"><span class=\"snr\">4</span>The coverings may not appear to change, but what they mean has changed because they cover something else.</span> <span data-sentence-id=\"326#5:5\"><span class=\"snr\">5</span>Perceptions are determined by their purpose, in that they seem to be what they are for.</span> <span data-sentence-id=\"326#5:6\"><span class=\"snr\">6</span>A shadow figure who attacks becomes a brother giving you a chance to help, if this becomes the function of the dream.</span> <span data-sentence-id=\"326#5:7\"><span class=\"snr\">7</span>And dreams of sadness thus are turned to joy.</span></p></div> <div data-paragraph-id=\"326#6\"><p class=\"p-normal\"><span class=\"pnr\">6.</span> <span data-sentence-id=\"326#6:1\"><span class=\"snr noprint\">1</span>What is your brother for?</span> <span data-sentence-id=\"326#6:2\"><span class=\"snr\">2</span>You do not know, because your function is obscure to you.</span> <span data-sentence-id=\"326#6:3\"><span class=\"snr\">3</span>Do not ascribe a role to him that you imagine would bring happiness to you.</span> <span data-sentence-id=\"326#6:4\"><span class=\"snr\">4</span>And do not try to hurt him when he fails to take the part that you assigned to him, in what you dream your life was meant to be.</span> <span data-sentence-id=\"326#6:5\"><span class=\"snr\">5</span>He asks for help in every dream he has, and you have help to give him if you see the function of the dream as He perceives its function, Who can utilize all dreams as means to serve the function given Him.</span> <span data-sentence-id=\"326#6:6\"><span class=\"snr\">6</span>Because He loves the dreamer, not the dream, each dream becomes an offering of love.</span> <span data-sentence-id=\"326#6:7\"><span class=\"snr\">7</span>For at its center is His Love for you, which lights whatever form it takes with love.</span></p></div> </div>","firstWords":"Do you believe that truth can be but some illusions? They are dreams because they are not true. Their equal lack of truth becomes the basis for the miracle, which means that you have understood that","contentType":"acim-content","seoTitle":"Chapter 29.IV: Dream Roles | ACIM","seoDescription":"✨ A Course in Miracles, read the complete Chapter 29.IV “Dream Roles”: Do you believe that truth can be but some illusions? They are dreams because they are not true. Their equal lack of…","desktopBreadcrumbs":[{"label":"Text","leadsTo":{"locale":"en","sectionId":51,"slugs":["text","introduction"],"forceToc":true}},{"label":"Chapter 29: The Awakening","leadsTo":{"locale":"en","sectionId":323,"slugs":["chapter-29","the-closing-of-the-gap"],"forceToc":true}},{"label":"IV. Dream Roles","leadsTo":{"locale":"en","sectionId":326,"slugs":["chapter-29","dream-roles"]}}],"mobileBreadcrumbs":[{"label":"Text","leadsTo":{"locale":"en","sectionId":51,"slugs":["text","introduction"],"forceToc":true}},{"label":"Chapter 29: The Awakening","leadsTo":{"locale":"en","sectionId":323,"slugs":["chapter-29","the-closing-of-the-gap"],"forceToc":true}},{"label":"IV. Dream Roles","leadsTo":{"locale":"en","sectionId":326,"slugs":["chapter-29","dream-roles"]}}],"seoBreadcrumbs":[{"label":"A Course in Miracles","leadsTo":"dashboard"},{"label":"Text","leadsTo":{"locale":"en","sectionId":51,"slugs":["text","introduction"],"forceToc":true}},{"label":"Chapter 29","leadsTo":{"locale":"en","sectionId":323,"slugs":["chapter-29","the-closing-of-the-gap"],"forceToc":true}},{"label":"IV. Dream Roles","leadsTo":{"locale":"en","sectionId":326,"slugs":["chapter-29","dream-roles"]}}],"slugs":["chapter-29","dream-roles"],"canonicalLink":"https://acim.org/acim/chapter-29/dream-roles/en/s/326","link":"https://acim.org/acim/chapter-29/dream-roles/en/s/326","shortLink":"https://acim.org/acim/en/s/326","previousSectionId":325,"previousSectionSlugs":["chapter-29","gods-witnesses"],"previousSectionLink":"https://acim.org/acim/chapter-29/gods-witnesses/en/s/325","nextSectionId":327,"nextSectionSlugs":["chapter-29","the-changeless-dwelling-place"],"nextSectionLink":"https://acim.org/acim/chapter-29/the-changeless-dwelling-place/en/s/327","hreflangLinks":[{"hrefLang":"en","link":"https://acim.org/acim/en/s/326"}]}