{"sectionId":328,"sectionIdLiteral":"328","humanId":"chap-29-sect-6","volumeId":"text","locale":"en","titleInfo":{"title":"Forgiveness and the End of Time","inlineNumber":"VI."},"annotation":"T-29.VI","bodyHtml":"<div class=\"acim-text chap-29-sect-6\"> <div data-paragraph-id=\"328#1\"><p class=\"p-normal\"><span class=\"pnr\">1.</span> <span data-sentence-id=\"328#1:1\"><span class=\"snr noprint\">1</span>How willing are you to forgive your brother?</span> <span data-sentence-id=\"328#1:2\"><span class=\"snr\">2</span>How much do you desire peace instead of endless strife and misery and pain?</span> <span data-sentence-id=\"328#1:3\"><span class=\"snr\">3</span>These questions are the same, in different form.</span> <span data-sentence-id=\"328#1:4\"><span class=\"snr\">4</span>Forgiveness is your peace, for herein lies the end of separation and the dream of danger and destruction, sin and death; of madness and of murder, grief and loss.</span> <span data-sentence-id=\"328#1:5\"><span class=\"snr\">5</span>This is the “sacrifice” salvation asks, and gladly offers peace instead of this.</span></p></div> <div data-paragraph-id=\"328#2\"><p class=\"p-normal\"><span class=\"pnr\">2.</span> <span data-sentence-id=\"328#2:1\"><span class=\"snr noprint\">1</span>Swear not to die, you holy Son of God!</span> <span data-sentence-id=\"328#2:2\"><span class=\"snr\">2</span>You make a bargain that you cannot keep.</span> <span data-sentence-id=\"328#2:3\"><span class=\"snr\">3</span>The Son of Life cannot be killed.</span> <span data-sentence-id=\"328#2:4\"><span class=\"snr\">4</span>He is immortal as his Father.</span> <span data-sentence-id=\"328#2:5\"><span class=\"snr\">5</span>What he is cannot be changed.</span> <span data-sentence-id=\"328#2:6\"><span class=\"snr\">6</span>He is the only thing in all the universe that must be one.</span> <span data-sentence-id=\"328#2:7\"><span class=\"snr\">7</span>What <i>seems</i> eternal all will have an end.</span> <span data-sentence-id=\"328#2:8\"><span class=\"snr\">8</span>The stars will disappear, and night and day will be no more.</span> <span data-sentence-id=\"328#2:9\"><span class=\"snr\">9</span>All things that come and go, the tides, the seasons and the lives of men; all things that change with time and bloom and fade will not return.</span> <span data-sentence-id=\"328#2:10\"><span class=\"snr\">10</span>Where time has set an end is not where the eternal is.</span> <span data-sentence-id=\"328#2:11\"><span class=\"snr\">11</span>God’s Son can never change by what men made of him.</span> <span data-sentence-id=\"328#2:12\"><span class=\"snr\">12</span>He will be as he was and as he is, for time appointed not his destiny, nor set the hour of his birth and death.</span> <span data-sentence-id=\"328#2:13\"><span class=\"snr\">13</span>Forgiveness will not change him.</span> <span data-sentence-id=\"328#2:14\"><span class=\"snr\">14</span>Yet time waits upon forgiveness that the things of time may disappear because they have no use.</span></p></div> <div data-paragraph-id=\"328#3\"><p class=\"p-normal\"><span class=\"pnr\">3.</span> <span data-sentence-id=\"328#3:1\"><span class=\"snr noprint\">1</span>Nothing survives its purpose.</span> <span data-sentence-id=\"328#3:2\"><span class=\"snr\">2</span>If it be conceived to die, then die it must unless it does not take this purpose as its own.</span> <span data-sentence-id=\"328#3:3\"><span class=\"snr\">3</span>Change is the only thing that can be made a blessing here, where purpose is not fixed, however changeless it appears to be.</span> <span data-sentence-id=\"328#3:4\"><span class=\"snr\">4</span>Think not that you can set a goal unlike God’s purpose for you, and establish it as changeless and eternal.</span> <span data-sentence-id=\"328#3:5\"><span class=\"snr\">5</span>You can give yourself a purpose that you do not have.</span> <span data-sentence-id=\"328#3:6\"><span class=\"snr\">6</span>But you can not remove the power to change your mind, and see another purpose there.</span></p></div> <div data-paragraph-id=\"328#4\"><p class=\"p-normal\"><span class=\"pnr\">4.</span> <span data-sentence-id=\"328#4:1\"><span class=\"snr noprint\">1</span>Change is the greatest gift God gave to all that you would make eternal, to ensure that only Heaven would not pass away.</span> <span data-sentence-id=\"328#4:2\"><span class=\"snr\">2</span>You were not born to die.</span> <span data-sentence-id=\"328#4:3\"><span class=\"snr\">3</span>You cannot change, because your function has been fixed by God.</span> <span data-sentence-id=\"328#4:4\"><span class=\"snr\">4</span>All other goals are set in time and change that time might be preserved, excepting one.</span> <span data-sentence-id=\"328#4:5\"><span class=\"snr\">5</span>Forgiveness does not aim at keeping time, but at its ending, when it has no use.</span> <span data-sentence-id=\"328#4:6\"><span class=\"snr\">6</span>Its purpose ended, it is gone.</span> <span data-sentence-id=\"328#4:7\"><span class=\"snr\">7</span>And where it once held seeming sway is now restored the function God established for His Son in full awareness.</span> <span data-sentence-id=\"328#4:8\"><span class=\"snr\">8</span>Time can set no end to its fulfillment nor its changelessness.</span> <span data-sentence-id=\"328#4:9\"><span class=\"snr\">9</span>There is no death because the living share the function their Creator gave to them.</span> <span data-sentence-id=\"328#4:10\"><span class=\"snr\">10</span>Life’s function cannot be to die.</span> <span data-sentence-id=\"328#4:11\"><span class=\"snr\">11</span>It must be life’s extension, that it be as one forever and forever, without end.</span></p></div> <div data-paragraph-id=\"328#5\"><p class=\"p-normal\"><span class=\"pnr\">5.</span> <span data-sentence-id=\"328#5:1\"><span class=\"snr noprint\">1</span>This world will bind your feet and tie your hands and kill your body only if you think that it was made to crucify God’s Son.</span> <span data-sentence-id=\"328#5:2\"><span class=\"snr\">2</span>For even though it was a dream of death, you need not let it stand for this to you.</span> <span data-sentence-id=\"328#5:3\"><span class=\"snr\">3</span>Let <i>this</i> be changed, and nothing in the world but must be changed as well.</span> <span data-sentence-id=\"328#5:4\"><span class=\"snr\">4</span>For nothing here but is defined as what you see it for.</span></p></div> <div data-paragraph-id=\"328#6\"><p class=\"p-normal\"><span class=\"pnr\">6.</span> <span data-sentence-id=\"328#6:1\"><span class=\"snr noprint\">1</span>How lovely is the world whose purpose is forgiveness of God’s Son!</span> <span data-sentence-id=\"328#6:2\"><span class=\"snr\">2</span>How free from fear, how filled with blessing and with happiness!</span> <span data-sentence-id=\"328#6:3\"><span class=\"snr\">3</span>And what a joyous thing it is to dwell a little while in such a happy place!</span> <span data-sentence-id=\"328#6:4\"><span class=\"snr\">4</span>Nor can it be forgot, in such a world, it <i>is</i> a little while till timelessness comes quietly to take the place of time.</span></p></div> </div>","firstWords":"How willing are you to forgive your brother? How much do you desire peace instead of endless strife and misery and pain? These questions are the same, in different form. Forgiveness is your peace,","contentType":"acim-content","seoTitle":"Chapter 29.VI: Forgiveness and the End of Time | ACIM","seoDescription":"✨ A Course in Miracles, read the complete Chapter 29.VI “Forgiveness and the End of Time”: How willing are you to forgive your brother? How much do you desire peace instead of endless…","desktopBreadcrumbs":[{"label":"Text","leadsTo":{"locale":"en","sectionId":51,"slugs":["text","introduction"],"forceToc":true}},{"label":"Chapter 29: The Awakening","leadsTo":{"locale":"en","sectionId":323,"slugs":["chapter-29","the-closing-of-the-gap"],"forceToc":true}},{"label":"VI. Forgiveness and the End of Time","leadsTo":{"locale":"en","sectionId":328,"slugs":["chapter-29","forgiveness-and-the-end-of-time"]}}],"mobileBreadcrumbs":[{"label":"Text","leadsTo":{"locale":"en","sectionId":51,"slugs":["text","introduction"],"forceToc":true}},{"label":"Chapter 29: The Awakening","leadsTo":{"locale":"en","sectionId":323,"slugs":["chapter-29","the-closing-of-the-gap"],"forceToc":true}},{"label":"VI. Forgiveness and the End of Time","leadsTo":{"locale":"en","sectionId":328,"slugs":["chapter-29","forgiveness-and-the-end-of-time"]}}],"seoBreadcrumbs":[{"label":"A Course in Miracles","leadsTo":"dashboard"},{"label":"Text","leadsTo":{"locale":"en","sectionId":51,"slugs":["text","introduction"],"forceToc":true}},{"label":"Chapter 29","leadsTo":{"locale":"en","sectionId":323,"slugs":["chapter-29","the-closing-of-the-gap"],"forceToc":true}},{"label":"VI. Forgiveness and the End of Time","leadsTo":{"locale":"en","sectionId":328,"slugs":["chapter-29","forgiveness-and-the-end-of-time"]}}],"slugs":["chapter-29","forgiveness-and-the-end-of-time"],"canonicalLink":"https://acim.org/acim/chapter-29/forgiveness-and-the-end-of-time/en/s/328","link":"https://acim.org/acim/chapter-29/forgiveness-and-the-end-of-time/en/s/328","shortLink":"https://acim.org/acim/en/s/328","previousSectionId":327,"previousSectionSlugs":["chapter-29","the-changeless-dwelling-place"],"previousSectionLink":"https://acim.org/acim/chapter-29/the-changeless-dwelling-place/en/s/327","nextSectionId":329,"nextSectionSlugs":["chapter-29","seek-not-outside-yourself"],"nextSectionLink":"https://acim.org/acim/chapter-29/seek-not-outside-yourself/en/s/329","hreflangLinks":[{"hrefLang":"en","link":"https://acim.org/acim/en/s/328"}]}