{"sectionId":330,"sectionIdLiteral":"330","humanId":"chap-29-sect-8","volumeId":"text","locale":"en","titleInfo":{"title":"The Anti-Christ","inlineNumber":"VIII."},"annotation":"T-29.VIII","bodyHtml":"<div class=\"acim-text chap-29-sect-8\"> <div data-paragraph-id=\"330#1\"><p class=\"p-normal\"><span class=\"pnr\">1.</span> <span data-sentence-id=\"330#1:1\"><span class=\"snr noprint\">1</span>What is an idol?</span> <span data-sentence-id=\"330#1:2\"><span class=\"snr\">2</span>Do you think you know?</span> <span data-sentence-id=\"330#1:3\"><span class=\"snr\">3</span>For idols are unrecognized as such, and never seen for what they really are.</span> <span data-sentence-id=\"330#1:4\"><span class=\"snr\">4</span>That is the only power that they have.</span> <span data-sentence-id=\"330#1:5\"><span class=\"snr\">5</span>Their purpose is obscure, and they are feared and worshipped, both, <i>because</i> you do not know what they are for, and why they have been made.</span> <span data-sentence-id=\"330#1:6\"><span class=\"snr\">6</span>An idol is an image of your brother that you would value more than what he is.</span> <span data-sentence-id=\"330#1:7\"><span class=\"snr\">7</span>Idols are made that he may be replaced, no matter what their form.</span> <span data-sentence-id=\"330#1:8\"><span class=\"snr\">8</span>And it is this that never is perceived and recognized.</span> <span data-sentence-id=\"330#1:9\"><span class=\"snr\">9</span>Be it a body or a thing, a place, a situation or a circumstance, an object owned or wanted, or a right demanded or achieved, it is the same.</span></p></div> <div data-paragraph-id=\"330#2\"><p class=\"p-normal\"><span class=\"pnr\">2.</span> <span data-sentence-id=\"330#2:1\"><span class=\"snr noprint\">1</span>Let not their form deceive you.</span> <span data-sentence-id=\"330#2:2\"><span class=\"snr\">2</span>Idols are but substitutes for your reality.</span> <span data-sentence-id=\"330#2:3\"><span class=\"snr\">3</span>In some way, you believe they will complete your little self, for safety in a world perceived as dangerous, with forces massed against your confidence and peace of mind.</span> <span data-sentence-id=\"330#2:4\"><span class=\"snr\">4</span>They have the power to supply your lacks, and add the value that you do not have.</span> <span data-sentence-id=\"330#2:5\"><span class=\"snr\">5</span>No one believes in idols who has not enslaved himself to littleness and loss.</span> <span data-sentence-id=\"330#2:6\"><span class=\"snr\">6</span>And thus must seek beyond his little self for strength to raise his head, and stand apart from all the misery the world reflects.</span> <span data-sentence-id=\"330#2:7\"><span class=\"snr\">7</span>This is the penalty for looking not within for certainty and quiet calm that liberates you from the world, and lets you stand apart, in quiet and in peace.</span></p></div> <div data-paragraph-id=\"330#3\"><p class=\"p-normal\"><span class=\"pnr\">3.</span> <span data-sentence-id=\"330#3:1\"><span class=\"snr noprint\">1</span>An idol is a false impression, or a false belief; some form of anti-Christ, that constitutes a gap between the Christ and what you see.</span> <span data-sentence-id=\"330#3:2\"><span class=\"snr\">2</span>An idol is a wish, made tangible and given form, and thus perceived as real and seen outside the mind.</span> <span data-sentence-id=\"330#3:3\"><span class=\"snr\">3</span>Yet it is still a thought, and cannot leave the mind that is its source.</span> <span data-sentence-id=\"330#3:4\"><span class=\"snr\">4</span>Nor is its form apart from the idea it represents.</span> <span data-sentence-id=\"330#3:5\"><span class=\"snr\">5</span>All forms of anti-Christ oppose the Christ.</span> <span data-sentence-id=\"330#3:6\"><span class=\"snr\">6</span>And fall before His face like a dark veil that seems to shut you off from Him, alone in darkness.</span> <span data-sentence-id=\"330#3:7\"><span class=\"snr\">7</span>Yet the light is there.</span> <span data-sentence-id=\"330#3:8\"><span class=\"snr\">8</span>A cloud does not put out the sun.</span> <span data-sentence-id=\"330#3:9\"><span class=\"snr\">9</span>No more a veil can banish what it seems to separate, nor darken by one whit the light itself.</span></p></div> <div data-paragraph-id=\"330#4\"><p class=\"p-normal\"><span class=\"pnr\">4.</span> <span data-sentence-id=\"330#4:1\"><span class=\"snr noprint\">1</span>This world of idols <i>is</i> a veil across the face of Christ, because its purpose is to separate your brother from yourself.</span> <span data-sentence-id=\"330#4:2\"><span class=\"snr\">2</span>A dark and fearful purpose, yet a thought without the power to change one blade of grass from something living to a sign of death.</span> <span data-sentence-id=\"330#4:3\"><span class=\"snr\">3</span>Its form is nowhere, for its source abides within your mind where God abideth not.</span> <span data-sentence-id=\"330#4:4\"><span class=\"snr\">4</span>Where is this place where what is everywhere has been excluded and been kept apart?</span> <span data-sentence-id=\"330#4:5\"><span class=\"snr\">5</span>What hand could be held up to block God’s way?</span> <span data-sentence-id=\"330#4:6\"><span class=\"snr\">6</span>Whose voice could make demand He enter not?</span> <span data-sentence-id=\"330#4:7\"><span class=\"snr\">7</span>The “more-than-everything” is not a thing to make you tremble and to quail in fear.</span> <span data-sentence-id=\"330#4:8\"><span class=\"snr\">8</span>Christ’s enemy is nowhere.</span> <span data-sentence-id=\"330#4:9\"><span class=\"snr\">9</span>He can take no form in which he ever will be real.</span></p></div> <div data-paragraph-id=\"330#5\"><p class=\"p-normal\"><span class=\"pnr\">5.</span> <span data-sentence-id=\"330#5:1\"><span class=\"snr noprint\">1</span>What is an idol?</span> <span data-sentence-id=\"330#5:2\"><span class=\"snr\">2</span>Nothing!</span> <span data-sentence-id=\"330#5:3\"><span class=\"snr\">3</span>It must be believed before it seems to come to life, and given power that it may be feared.</span> <span data-sentence-id=\"330#5:4\"><span class=\"snr\">4</span>Its life and power are its believer’s gift, and this is what the miracle restores to what <i>has</i> life and power worthy of the gift of Heaven and eternal peace.</span> <span data-sentence-id=\"330#5:5\"><span class=\"snr\">5</span>The miracle does not restore the truth, the light the veil between has not put out.</span> <span data-sentence-id=\"330#5:6\"><span class=\"snr\">6</span>It merely lifts the veil, and lets the truth shine unencumbered, being what it is.</span> <span data-sentence-id=\"330#5:7\"><span class=\"snr\">7</span>It does not need belief to be itself, for it has been created; so it <i>is.</i></span></p></div> <div data-paragraph-id=\"330#6\"><p class=\"p-normal\"><span class=\"pnr\">6.</span> <span data-sentence-id=\"330#6:1\"><span class=\"snr noprint\">1</span>An idol is established by belief, and when it is withdrawn the idol “dies.”</span> <span data-sentence-id=\"330#6:2\"><span class=\"snr\">2</span>This is the anti-Christ; the strange idea there is a power past omnipotence, a place beyond the infinite, a time transcending the eternal.</span> <span data-sentence-id=\"330#6:3\"><span class=\"snr\">3</span>Here the world of idols has been set by the idea this power and place and time are given form, and shape the world where the impossible has happened.</span> <span data-sentence-id=\"330#6:4\"><span class=\"snr\">4</span>Here the deathless come to die, the all-encompassing to suffer loss, the timeless to be made the slaves of time.</span> <span data-sentence-id=\"330#6:5\"><span class=\"snr\">5</span>Here does the changeless change; the peace of God, forever given to all living things, give way to chaos.</span> <span data-sentence-id=\"330#6:6\"><span class=\"snr\">6</span>And the Son of God, as perfect, sinless and as loving as his Father, come to hate a little while; to suffer pain and finally to die.</span></p></div> <div data-paragraph-id=\"330#7\"><p class=\"p-normal\"><span class=\"pnr\">7.</span> <span data-sentence-id=\"330#7:1\"><span class=\"snr noprint\">1</span>Where is an idol?</span> <span data-sentence-id=\"330#7:2\"><span class=\"snr\">2</span>Nowhere!</span> <span data-sentence-id=\"330#7:3\"><span class=\"snr\">3</span>Can there be a gap in what is infinite, a place where time can interrupt eternity?</span> <span data-sentence-id=\"330#7:4\"><span class=\"snr\">4</span>A place of darkness set where all is light, a dismal alcove separated off from what is endless, <i>has</i> no place to be.</span> <span data-sentence-id=\"330#7:5\"><span class=\"snr\">5</span>An idol is beyond where God has set all things forever, and has left no room for anything to be except His Will.</span> <span data-sentence-id=\"330#7:6\"><span class=\"snr\">6</span>Nothing and nowhere must an idol be, while God is everything and everywhere.</span></p></div> <div data-paragraph-id=\"330#8\"><p class=\"p-normal\"><span class=\"pnr\">8.</span> <span data-sentence-id=\"330#8:1\"><span class=\"snr noprint\">1</span>What purpose has an idol, then?</span> <span data-sentence-id=\"330#8:2\"><span class=\"snr\">2</span>What is it for?</span> <span data-sentence-id=\"330#8:3\"><span class=\"snr\">3</span>This is the only question that has many answers, each depending on the one of whom the question has been asked.</span> <span data-sentence-id=\"330#8:4\"><span class=\"snr\">4</span>The world believes in idols.</span> <span data-sentence-id=\"330#8:5\"><span class=\"snr\">5</span>No one comes unless he worshipped them, and still attempts to seek for one that yet might offer him a gift reality does not contain.</span> <span data-sentence-id=\"330#8:6\"><span class=\"snr\">6</span>Each worshipper of idols harbors hope his special deities will give him more than other men possess.</span> <span data-sentence-id=\"330#8:7\"><span class=\"snr\">7</span>It must be more.</span> <span data-sentence-id=\"330#8:8\"><span class=\"snr\">8</span>It does not really matter more of what; more beauty, more intelligence, more wealth, or even more affliction and more pain.</span> <span data-sentence-id=\"330#8:9\"><span class=\"snr\">9</span>But more of something is an idol for.</span> <span data-sentence-id=\"330#8:10\"><span class=\"snr\">10</span>And when one fails another takes its place, with hope of finding more of something else.</span> <span data-sentence-id=\"330#8:11\"><span class=\"snr\">11</span>Be not deceived by forms the “something” takes.</span> <span data-sentence-id=\"330#8:12\"><span class=\"snr\">12</span>An idol is a means for getting more.</span> <span data-sentence-id=\"330#8:13\"><span class=\"snr\">13</span>And it is this that is against God’s Will.</span></p></div> <div data-paragraph-id=\"330#9\"><p class=\"p-normal\"><span class=\"pnr\">9.</span> <span data-sentence-id=\"330#9:1\"><span class=\"snr noprint\">1</span>God has not many Sons, but only One.</span> <span data-sentence-id=\"330#9:2\"><span class=\"snr\">2</span>Who can have more, and who be given less?</span> <span data-sentence-id=\"330#9:3\"><span class=\"snr\">3</span>In Heaven would the Son of God but laugh, if idols could intrude upon his peace.</span> <span data-sentence-id=\"330#9:4\"><span class=\"snr\">4</span>It is for him the Holy Spirit speaks, and tells you idols have no purpose here.</span> <span data-sentence-id=\"330#9:5\"><span class=\"snr\">5</span>For more than Heaven can you never have.</span> <span data-sentence-id=\"330#9:6\"><span class=\"snr\">6</span>If Heaven is within, why would you seek for idols that would make of Heaven less, to give you more than God bestowed upon your brother and on you, as one with Him?</span> <span data-sentence-id=\"330#9:7\"><span class=\"snr\">7</span>God gave you all there is.</span> <span data-sentence-id=\"330#9:8\"><span class=\"snr\">8</span>And to be sure you could not lose it, did He also give the same to every living thing as well.</span> <span data-sentence-id=\"330#9:9\"><span class=\"snr\">9</span>And thus is every living thing a part of you, as of Himself.</span> <span data-sentence-id=\"330#9:10\"><span class=\"snr\">10</span>No idol can establish you as more than God.</span> <span data-sentence-id=\"330#9:11\"><span class=\"snr\">11</span>But you will never be content with being less.</span></p></div> </div>","firstWords":"What is an idol? Do you think you know? For idols are unrecognized as such, and never seen for what they really are. That is the only power that they have. Their purpose is obscure, and they are","contentType":"acim-content","seoTitle":"Chapter 29.VIII: The Anti-Christ | ACIM","seoDescription":"✨ A Course in Miracles, read the complete Chapter 29.VIII “The Anti-Christ”: What is an idol? Do you think you know? For idols are unrecognized as such, and never seen for what they…","desktopBreadcrumbs":[{"label":"Text","leadsTo":{"locale":"en","sectionId":51,"slugs":["text","introduction"],"forceToc":true}},{"label":"Chapter 29: The Awakening","leadsTo":{"locale":"en","sectionId":323,"slugs":["chapter-29","the-closing-of-the-gap"],"forceToc":true}},{"label":"VIII. The Anti-Christ","leadsTo":{"locale":"en","sectionId":330,"slugs":["chapter-29","the-anti-christ"]}}],"mobileBreadcrumbs":[{"label":"Text","leadsTo":{"locale":"en","sectionId":51,"slugs":["text","introduction"],"forceToc":true}},{"label":"Chapter 29: The Awakening","leadsTo":{"locale":"en","sectionId":323,"slugs":["chapter-29","the-closing-of-the-gap"],"forceToc":true}},{"label":"VIII. The Anti-Christ","leadsTo":{"locale":"en","sectionId":330,"slugs":["chapter-29","the-anti-christ"]}}],"seoBreadcrumbs":[{"label":"A Course in Miracles","leadsTo":"dashboard"},{"label":"Text","leadsTo":{"locale":"en","sectionId":51,"slugs":["text","introduction"],"forceToc":true}},{"label":"Chapter 29","leadsTo":{"locale":"en","sectionId":323,"slugs":["chapter-29","the-closing-of-the-gap"],"forceToc":true}},{"label":"VIII. The Anti-Christ","leadsTo":{"locale":"en","sectionId":330,"slugs":["chapter-29","the-anti-christ"]}}],"slugs":["chapter-29","the-anti-christ"],"canonicalLink":"https://acim.org/acim/chapter-29/the-anti-christ/en/s/330","link":"https://acim.org/acim/chapter-29/the-anti-christ/en/s/330","shortLink":"https://acim.org/acim/en/s/330","previousSectionId":329,"previousSectionSlugs":["chapter-29","seek-not-outside-yourself"],"previousSectionLink":"https://acim.org/acim/chapter-29/seek-not-outside-yourself/en/s/329","nextSectionId":331,"nextSectionSlugs":["chapter-29","the-forgiving-dream"],"nextSectionLink":"https://acim.org/acim/chapter-29/the-forgiving-dream/en/s/331","hreflangLinks":[{"hrefLang":"en","link":"https://acim.org/acim/en/s/330"}]}