{"sectionId":333,"sectionIdLiteral":"333","humanId":"chap-30-intro","volumeId":"text","locale":"en","titleInfo":{"chapterTitle":{"ownlineNumber":"Chapter 30","title":"The New Beginning"},"title":"Introduction"},"annotation":"T-30.in","bodyHtml":"<div class=\"acim-text chap-30-intro\"> <div data-paragraph-id=\"333#1\"><p class=\"p-normal\"><span class=\"pnr\">1.</span> <span data-sentence-id=\"333#1:1\"><span class=\"snr noprint\">1</span>The new beginning now becomes the focus of the curriculum.</span> <span data-sentence-id=\"333#1:2\"><span class=\"snr\">2</span>The goal is clear, but now you need specific methods for attaining it.</span> <span data-sentence-id=\"333#1:3\"><span class=\"snr\">3</span>The speed by which it can be reached depends on this one thing alone; your willingness to practice every step.</span> <span data-sentence-id=\"333#1:4\"><span class=\"snr\">4</span>Each one will help a little, every time it is attempted.</span> <span data-sentence-id=\"333#1:5\"><span class=\"snr\">5</span>And together will these steps lead you from dreams of judgment to forgiving dreams and out of pain and fear.</span> <span data-sentence-id=\"333#1:6\"><span class=\"snr\">6</span>They are not new to you, but they are more ideas than rules of thought to you as yet.</span> <span data-sentence-id=\"333#1:7\"><span class=\"snr\">7</span>So now we need to practice them awhile, until they are the rules by which you live.</span> <span data-sentence-id=\"333#1:8\"><span class=\"snr\">8</span>We seek to make them habits now, so you will have them ready for whatever need.</span></p></div> </div>","firstWords":"The new beginning now becomes the focus of the curriculum. The goal is clear, but now you need specific methods for attaining it. The speed by which it can be reached depends on this one thing alone;","contentType":"acim-content","seoTitle":"Chapter 30.in: The New Beginning: Introduction | ACIM","seoDescription":"✨ A Course in Miracles, read the complete Chapter 30.in “The New Beginning: Introduction”: The new beginning now becomes the focus of the curriculum. The goal is clear, but now you need…","desktopBreadcrumbs":[{"label":"Text","leadsTo":{"locale":"en","sectionId":51,"slugs":["text","introduction"],"forceToc":true}},{"label":"Chapter 30: The New Beginning","leadsTo":{"locale":"en","sectionId":333,"slugs":["chapter-30","introduction"],"forceToc":true}},{"label":"Introduction","leadsTo":{"locale":"en","sectionId":333,"slugs":["chapter-30","introduction"]}}],"mobileBreadcrumbs":[{"label":"Text","leadsTo":{"locale":"en","sectionId":51,"slugs":["text","introduction"],"forceToc":true}},{"label":"Chapter 30: The New Beginning","leadsTo":{"locale":"en","sectionId":333,"slugs":["chapter-30","introduction"],"forceToc":true}},{"label":"Introduction","leadsTo":{"locale":"en","sectionId":333,"slugs":["chapter-30","introduction"]}}],"seoBreadcrumbs":[{"label":"A Course in Miracles","leadsTo":"dashboard"},{"label":"Text","leadsTo":{"locale":"en","sectionId":51,"slugs":["text","introduction"],"forceToc":true}},{"label":"Chapter 30","leadsTo":{"locale":"en","sectionId":333,"slugs":["chapter-30","introduction"],"forceToc":true}},{"label":"Introduction","leadsTo":{"locale":"en","sectionId":333,"slugs":["chapter-30","introduction"]}}],"slugs":["chapter-30","introduction"],"canonicalLink":"https://acim.org/acim/chapter-30/introduction/en/s/333","link":"https://acim.org/acim/chapter-30/introduction/en/s/333","shortLink":"https://acim.org/acim/en/s/333","previousSectionId":331,"previousSectionSlugs":["chapter-29","the-forgiving-dream"],"previousSectionLink":"https://acim.org/acim/chapter-29/the-forgiving-dream/en/s/331","nextSectionId":334,"nextSectionSlugs":["chapter-30","rules-for-decision"],"nextSectionLink":"https://acim.org/acim/chapter-30/rules-for-decision/en/s/334","hreflangLinks":[{"hrefLang":"en","link":"https://acim.org/acim/en/s/333"}]}