{"sectionId":335,"sectionIdLiteral":"335","humanId":"chap-30-sect-2","volumeId":"text","locale":"en","titleInfo":{"title":"Freedom of Will","inlineNumber":"II."},"annotation":"T-30.II","bodyHtml":"<div class=\"acim-text chap-30-sect-2\"> <div data-paragraph-id=\"335#1\"><p class=\"p-normal\"><span class=\"pnr\">1.</span> <span data-sentence-id=\"335#1:1\"><span class=\"snr noprint\">1</span>Do you not understand that to oppose the Holy Spirit is to fight <i>yourself?</i></span> <span data-sentence-id=\"335#1:2\"><span class=\"snr\">2</span>He tells you but your will; He speaks for you.</span> <span data-sentence-id=\"335#1:3\"><span class=\"snr\">3</span>In His Divinity is but your own.</span> <span data-sentence-id=\"335#1:4\"><span class=\"snr\">4</span>And all He knows is but your knowledge, saved for you that you may do your will through Him.</span> <span data-sentence-id=\"335#1:5\"><span class=\"snr\">5</span>God <i>asks</i> you do your will.</span> <span data-sentence-id=\"335#1:6\"><span class=\"snr\">6</span>He joins with <i>you.</i></span> <span data-sentence-id=\"335#1:7\"><span class=\"snr\">7</span>He did not set His Kingdom up alone.</span> <span data-sentence-id=\"335#1:8\"><span class=\"snr\">8</span>And Heaven itself but represents your will, where everything created is for you.</span> <span data-sentence-id=\"335#1:9\"><span class=\"snr\">9</span>No spark of life but was created with your glad consent, as you would have it be.</span> <span data-sentence-id=\"335#1:10\"><span class=\"snr\">10</span>And not one Thought that God has ever had but waited for your blessing to be born.</span> <span data-sentence-id=\"335#1:11\"><span class=\"snr\">11</span>God is no enemy to you.</span> <span data-sentence-id=\"335#1:12\"><span class=\"snr\">12</span>He asks no more than that He hear you call Him “Friend.”</span></p></div> <div data-paragraph-id=\"335#2\"><p class=\"p-normal\"><span class=\"pnr\">2.</span> <span data-sentence-id=\"335#2:1\"><span class=\"snr noprint\">1</span>How wonderful it is to do your will!</span> <span data-sentence-id=\"335#2:2\"><span class=\"snr\">2</span>For that is freedom.</span> <span data-sentence-id=\"335#2:3\"><span class=\"snr\">3</span>There is nothing else that ever should be called by freedom’s name.</span> <span data-sentence-id=\"335#2:4\"><span class=\"snr\">4</span>Unless you do your will you are not free.</span> <span data-sentence-id=\"335#2:5\"><span class=\"snr\">5</span>And would God leave His Son without what he has chosen for himself?</span> <span data-sentence-id=\"335#2:6\"><span class=\"snr\">6</span>God but ensured that you would never lose your will when He gave you His perfect Answer.</span> <span data-sentence-id=\"335#2:7\"><span class=\"snr\">7</span>Hear It now, that you may be reminded of His Love and learn your will.</span> <span data-sentence-id=\"335#2:8\"><span class=\"snr\">8</span>God would not have His Son made prisoner to what he does not want.</span> <span data-sentence-id=\"335#2:9\"><span class=\"snr\">9</span>He joins with you in willing you be free.</span> <span data-sentence-id=\"335#2:10\"><span class=\"snr\">10</span>And to oppose Him is to make a choice against yourself, and choose that you be bound.</span></p></div> <div data-paragraph-id=\"335#3\"><p class=\"p-normal\"><span class=\"pnr\">3.</span> <span data-sentence-id=\"335#3:1\"><span class=\"snr noprint\">1</span>Look once again upon your enemy, the one you chose to hate instead of love.</span> <span data-sentence-id=\"335#3:2\"><span class=\"snr\">2</span>For thus was hatred born into the world, and thus the rule of fear established there.</span> <span data-sentence-id=\"335#3:3\"><span class=\"snr\">3</span>Now hear God speak to you, through Him Who is His Voice and yours as well, reminding you that it is not your will to hate and be a prisoner to fear, a slave to death, a little creature with a little life.</span> <span data-sentence-id=\"335#3:4\"><span class=\"snr\">4</span>Your will is boundless; it is not your will that it be bound.</span> <span data-sentence-id=\"335#3:5\"><span class=\"snr\">5</span>What lies in you has joined with God Himself in all creation’s birth.</span> <span data-sentence-id=\"335#3:6\"><span class=\"snr\">6</span>Remember Him Who has created you, and through your will created everything.</span> <span data-sentence-id=\"335#3:7\"><span class=\"snr\">7</span>Not one created thing but gives you thanks, for it is by your will that it was born.</span> <span data-sentence-id=\"335#3:8\"><span class=\"snr\">8</span>No light of Heaven shines except for you, for it was set in Heaven by your will.</span></p></div> <div data-paragraph-id=\"335#4\"><p class=\"p-normal\"><span class=\"pnr\">4.</span> <span data-sentence-id=\"335#4:1\"><span class=\"snr noprint\">1</span>What cause have you for anger in a world that merely waits your blessing to be free?</span> <span data-sentence-id=\"335#4:2\"><span class=\"snr\">2</span>If you be prisoner, then God Himself could not be free.</span> <span data-sentence-id=\"335#4:3\"><span class=\"snr\">3</span>For what is done to him whom God so loves is done to God Himself.</span> <span data-sentence-id=\"335#4:4\"><span class=\"snr\">4</span>Think not He wills to bind you, Who has made you co-creator of the universe along with Him.</span> <span data-sentence-id=\"335#4:5\"><span class=\"snr\">5</span>He would but keep your will forever and forever limitless.</span> <span data-sentence-id=\"335#4:6\"><span class=\"snr\">6</span>This world awaits the freedom you will give when you have recognized that you are free.</span> <span data-sentence-id=\"335#4:7\"><span class=\"snr\">7</span>But you will not forgive the world until you have forgiven Him Who gave your will to you.</span> <span data-sentence-id=\"335#4:8\"><span class=\"snr\">8</span>For it is by your will the world is given freedom.</span> <span data-sentence-id=\"335#4:9\"><span class=\"snr\">9</span>Nor can you be free apart from Him Whose holy Will you share.</span></p></div> <div data-paragraph-id=\"335#5\"><p class=\"p-normal\"><span class=\"pnr\">5.</span> <span data-sentence-id=\"335#5:1\"><span class=\"snr noprint\">1</span>God turns to you to ask the world be saved, for by your own salvation is it healed.</span> <span data-sentence-id=\"335#5:2\"><span class=\"snr\">2</span>And no one walks upon the earth but must depend on your decision, that he learn death has no power over him, because he shares your freedom as he shares your will.</span> <span data-sentence-id=\"335#5:3\"><span class=\"snr\">3</span>It <i>is</i> your will to heal him, and because you have decided with him, he is healed.</span> <span data-sentence-id=\"335#5:4\"><span class=\"snr\">4</span>And now is God forgiven, for you chose to look upon your brother as a friend.</span></p></div> </div>","firstWords":"Do you not understand that to oppose the Holy Spirit is to fight yourself? He tells you but your will; He speaks for you. In His Divinity is but your own. And all He knows is but your knowledge,","contentType":"acim-content","seoTitle":"Chapter 30.II: Freedom of Will | ACIM","seoDescription":"✨ A Course in Miracles, read the complete Chapter 30.II “Freedom of Will”: Do you not understand that to oppose the Holy Spirit is to fight yourself? He tells you but your will; He…","desktopBreadcrumbs":[{"label":"Text","leadsTo":{"locale":"en","sectionId":51,"slugs":["text","introduction"],"forceToc":true}},{"label":"Chapter 30: The New Beginning","leadsTo":{"locale":"en","sectionId":333,"slugs":["chapter-30","introduction"],"forceToc":true}},{"label":"II. Freedom of Will","leadsTo":{"locale":"en","sectionId":335,"slugs":["chapter-30","freedom-of-will"]}}],"mobileBreadcrumbs":[{"label":"Text","leadsTo":{"locale":"en","sectionId":51,"slugs":["text","introduction"],"forceToc":true}},{"label":"Chapter 30: The New Beginning","leadsTo":{"locale":"en","sectionId":333,"slugs":["chapter-30","introduction"],"forceToc":true}},{"label":"II. Freedom of Will","leadsTo":{"locale":"en","sectionId":335,"slugs":["chapter-30","freedom-of-will"]}}],"seoBreadcrumbs":[{"label":"A Course in Miracles","leadsTo":"dashboard"},{"label":"Text","leadsTo":{"locale":"en","sectionId":51,"slugs":["text","introduction"],"forceToc":true}},{"label":"Chapter 30","leadsTo":{"locale":"en","sectionId":333,"slugs":["chapter-30","introduction"],"forceToc":true}},{"label":"II. Freedom of Will","leadsTo":{"locale":"en","sectionId":335,"slugs":["chapter-30","freedom-of-will"]}}],"slugs":["chapter-30","freedom-of-will"],"canonicalLink":"https://acim.org/acim/chapter-30/freedom-of-will/en/s/335","link":"https://acim.org/acim/chapter-30/freedom-of-will/en/s/335","shortLink":"https://acim.org/acim/en/s/335","previousSectionId":334,"previousSectionSlugs":["chapter-30","rules-for-decision"],"previousSectionLink":"https://acim.org/acim/chapter-30/rules-for-decision/en/s/334","nextSectionId":336,"nextSectionSlugs":["chapter-30","beyond-all-idols"],"nextSectionLink":"https://acim.org/acim/chapter-30/beyond-all-idols/en/s/336","hreflangLinks":[{"hrefLang":"en","link":"https://acim.org/acim/en/s/335"}]}