{"sectionId":40,"sectionIdLiteral":"040","humanId":"preface-heading","volumeId":"extra","locale":"en","titleInfo":{"title":"Preface"},"annotation":"Preface","bodyHtml":"<div class=\"acim-text preface-heading\"> <div data-paragraph-id=\"040#1\"><p class=\"p-normal\"><span class=\"pnr noprint\">1</span><span data-sentence-id=\"040#1:1\"><span class=\"snr noprint\">1</span>This Preface was written in 1977, in response to many requests for a brief introduction to <i>A Course in Miracles</i>.</span> <span data-sentence-id=\"040#1:2\"><span class=\"snr noprint\">2</span>The first two parts—<i>How It Came; What It Is</i>—Helen Schucman wrote herself; the final part—<i>What It Says</i>—was written by the process of inner dictation described in the Preface.</span></p></div> </div>","firstWords":"1This Preface was written in 1977, in response to many requests for a brief introduction to A Course in Miracles. The first two parts—How It Came; What It Is—Helen Schucman wrote herself; the final","contentType":"acim-content","seoTitle":"Preface | ACIM","seoDescription":"✨ A Course in Miracles: “Preface”: 1This Preface was written in 1977, in response to many requests for a brief introduction to A Course in Miracles. The first two parts—How It Came; What…","desktopBreadcrumbs":[{"label":"Preface","leadsTo":{"locale":"en","sectionId":40,"slugs":["preface"]}}],"mobileBreadcrumbs":[{"label":"Preface","leadsTo":{"locale":"en","sectionId":40,"slugs":["preface"]}}],"seoBreadcrumbs":[{"label":"A Course in Miracles","leadsTo":"dashboard"},{"label":"Preface","leadsTo":{"locale":"en","sectionId":40,"slugs":["preface"]}}],"slugs":["preface"],"canonicalLink":"https://acim.org/acim/preface/en/s/40","link":"https://acim.org/acim/preface/en/s/40","shortLink":"https://acim.org/acim/en/s/40","previousSectionId":null,"previousSectionSlugs":[],"previousSectionLink":null,"nextSectionId":41,"nextSectionSlugs":["preface","how-it-came"],"nextSectionLink":"https://acim.org/acim/preface/how-it-came/en/s/41","hreflangLinks":[{"hrefLang":"en","link":"https://acim.org/acim/en/s/40"}]}