{"sectionId":405,"sectionIdLiteral":"405","humanId":"lesson-3","volumeId":"workbook","locale":"en","titleInfo":{"title":"I do not understand anything I see in this room  [on this street, from this window, in this place].","tocTitle":"I do not understand anything I see…","ownlineNumber":"Lesson 3"},"annotation":"W-3","bodyHtml":"<div class=\"acim-text lesson-3\"> <div data-paragraph-id=\"405#1\"><p class=\"p-normal\"><span class=\"pnr\">1.</span> <span data-sentence-id=\"405#1:1\"><span class=\"snr noprint\">1</span>Apply this idea in the same way as the previous ones, without making distinctions of any kind.</span> <span data-sentence-id=\"405#1:2\"><span class=\"snr\">2</span>Whatever you see becomes a proper subject for applying the idea.</span> <span data-sentence-id=\"405#1:3\"><span class=\"snr\">3</span>Be sure that you do not question the suitability of anything for application of the idea.</span> <span data-sentence-id=\"405#1:4\"><span class=\"snr\">4</span>These are not exercises in judgment.</span> <span data-sentence-id=\"405#1:5\"><span class=\"snr\">5</span>Anything is suitable if you see it.</span> <span data-sentence-id=\"405#1:6\"><span class=\"snr\">6</span>Some of the things you see may have emotionally charged meaning for you.</span> <span data-sentence-id=\"405#1:7\"><span class=\"snr\">7</span>Try to lay such feelings aside, and merely use these things exactly as you would anything else.</span></p></div> <div data-paragraph-id=\"405#2\"><p class=\"p-normal\"><span class=\"pnr\">2.</span> <span data-sentence-id=\"405#2:1\"><span class=\"snr noprint\">1</span>The point of the exercises is to help you clear your mind of all past associations, to see things exactly as they appear to you now, and to realize how little you really understand about them.</span> <span data-sentence-id=\"405#2:2\"><span class=\"snr\">2</span>It is therefore essential that you keep a perfectly open mind, unhampered by judgment, in selecting the things to which the idea for the day is to be applied.</span> <span data-sentence-id=\"405#2:3\"><span class=\"snr\">3</span>For this purpose one thing is like another; equally suitable and therefore equally useful.</span></p></div> </div>","firstWords":"Apply this idea in the same way as the previous ones, without making distinctions of any kind. Whatever you see becomes a proper subject for applying the idea. Be sure that you do not question the","contentType":"acim-content","seoTitle":"Lesson 3: I do not understand anything I see… | ACIM","seoDescription":"✨ A Course in Miracles with 🎧 Audio! Read and listen to Lesson 3 “I do not understand anything I see…”: Apply this idea in the same way as the previous ones, without making distinctions…","desktopBreadcrumbs":[{"label":"Workbook","leadsTo":{"locale":"en","sectionId":401,"slugs":["workbook","introduction"],"forceToc":true}},{"label":"Part I","leadsTo":{"locale":"en","sectionId":403,"slugs":["lesson-1","nothing-i-see-means-anything"],"forceToc":true}},{"label":"Lesson 3","leadsTo":{"locale":"en","sectionId":405,"slugs":["lesson-3","i-do-not-understand-anything-i-see"]}}],"mobileBreadcrumbs":[{"label":"Workbook","leadsTo":{"locale":"en","sectionId":401,"slugs":["workbook","introduction"],"forceToc":true}},{"label":"Part I","leadsTo":{"locale":"en","sectionId":403,"slugs":["lesson-1","nothing-i-see-means-anything"],"forceToc":true}},{"label":"Lesson 3","leadsTo":{"locale":"en","sectionId":405,"slugs":["lesson-3","i-do-not-understand-anything-i-see"]}}],"seoBreadcrumbs":[{"label":"A Course in Miracles","leadsTo":"dashboard"},{"label":"Workbook","leadsTo":{"locale":"en","sectionId":401,"slugs":["workbook","introduction"],"forceToc":true}},{"label":"Part I","leadsTo":{"locale":"en","sectionId":403,"slugs":["lesson-1","nothing-i-see-means-anything"],"forceToc":true}},{"label":"Lesson 3","leadsTo":{"locale":"en","sectionId":405,"slugs":["lesson-3","i-do-not-understand-anything-i-see"]}}],"slugs":["lesson-3","i-do-not-understand-anything-i-see"],"canonicalLink":"https://acim.org/acim/lesson-3/i-do-not-understand-anything-i-see/en/s/405","link":"https://acim.org/acim/lesson-3/i-do-not-understand-anything-i-see/en/s/405","shortLink":"https://acim.org/acim/en/s/405","previousSectionId":404,"previousSectionSlugs":["lesson-2","i-have-given-everything-i-see-all-the-meaning-that"],"previousSectionLink":"https://acim.org/acim/lesson-2/i-have-given-everything-i-see-all-the-meaning-that/en/s/404","nextSectionId":406,"nextSectionSlugs":["lesson-4","these-thoughts-do-not-mean-anything"],"nextSectionLink":"https://acim.org/acim/lesson-4/these-thoughts-do-not-mean-anything/en/s/406","hreflangLinks":[{"hrefLang":"en","link":"https://acim.org/acim/en/s/405"}]}