{"sectionId":406,"sectionIdLiteral":"406","humanId":"lesson-4","volumeId":"workbook","locale":"en","titleInfo":{"title":"These thoughts do not mean anything. They are like  the things I see in this room [on this street,  from this window, in this place].","tocTitle":"These thoughts do not mean anything.","ownlineNumber":"Lesson 4"},"annotation":"W-4","bodyHtml":"<div class=\"acim-text lesson-4\"> <div data-paragraph-id=\"406#1\"><p class=\"p-normal\"><span class=\"pnr\">1.</span> <span data-sentence-id=\"406#1:1\"><span class=\"snr noprint\">1</span>Unlike the preceding ones, these exercises do not begin with the idea for the day.</span> <span data-sentence-id=\"406#1:2\"><span class=\"snr\">2</span>In these practice periods, begin with noting the thoughts that are crossing your mind for about a minute.</span> <span data-sentence-id=\"406#1:3\"><span class=\"snr\">3</span>Then apply the idea to them.</span> <span data-sentence-id=\"406#1:4\"><span class=\"snr\">4</span>If you are already aware of unhappy thoughts, use them as subjects for the idea.</span> <span data-sentence-id=\"406#1:5\"><span class=\"snr\">5</span>Do not, however, select only the thoughts you think are “bad.”</span> <span data-sentence-id=\"406#1:6\"><span class=\"snr\">6</span>You will find, if you train yourself to look at your thoughts, that they represent such a mixture that, in a sense, none of them can be called “good” or “bad.”</span> <span data-sentence-id=\"406#1:7\"><span class=\"snr\">7</span>This is why they do not mean anything.</span></p></div> <div data-paragraph-id=\"406#2\"><p class=\"p-normal\"><span class=\"pnr\">2.</span> <span data-sentence-id=\"406#2:1\"><span class=\"snr noprint\">1</span>In selecting the subjects for the application of today’s idea, the usual specificity is required.</span> <span data-sentence-id=\"406#2:2\"><span class=\"snr\">2</span>Do not be afraid to use “good” thoughts as well as “bad.”</span> <span data-sentence-id=\"406#2:3\"><span class=\"snr\">3</span>None of them represents your real thoughts, which are being covered up by them.</span> <span data-sentence-id=\"406#2:4\"><span class=\"snr\">4</span>The “good” ones are but shadows of what lies beyond, and shadows make sight difficult.</span> <span data-sentence-id=\"406#2:5\"><span class=\"snr\">5</span>The “bad” ones are blocks to sight, and make seeing impossible.</span> <span data-sentence-id=\"406#2:6\"><span class=\"snr\">6</span>You do not want either.</span></p></div> <div data-paragraph-id=\"406#3\"><p class=\"p-normal\"><span class=\"pnr\">3.</span> <span data-sentence-id=\"406#3:1\"><span class=\"snr noprint\">1</span>This is a major exercise, and will be repeated from time to time in somewhat different form.</span> <span data-sentence-id=\"406#3:2\"><span class=\"snr\">2</span>The aim here is to train you in the first steps toward the goal of separating the meaningless from the meaningful.</span> <span data-sentence-id=\"406#3:3\"><span class=\"snr\">3</span>It is a first attempt in the long-range purpose of learning to see the meaningless as outside you, and the meaningful within.</span> <span data-sentence-id=\"406#3:4\"><span class=\"snr\">4</span>It is also the beginning of training your mind to recognize what is the same and what is different.</span></p></div> <div data-paragraph-id=\"406#4\"><p class=\"p-normal\"><span class=\"pnr\">4.</span> <span data-sentence-id=\"406#4:1\"><span class=\"snr noprint\">1</span>In using your thoughts for application of the idea for today, identify each thought by the central figure or event it contains; for example:</span></p> <p class=\"p-prayer\"><span data-sentence-id=\"406#4:2\"><span class=\"snr\">2</span>This thought about _________ does not mean anything.<br/></span> <span data-sentence-id=\"406#4:3\"><span class=\"snr\">3</span>It is like the things I see in this room [on this street, and so on].</span></p></div> <div data-paragraph-id=\"406#5\"><p class=\"p-normal\"><span class=\"pnr\">5.</span> <span data-sentence-id=\"406#5:1\"><span class=\"snr noprint\">1</span>You can also use the idea for a particular thought that you recognize as harmful.</span> <span data-sentence-id=\"406#5:2\"><span class=\"snr\">2</span>This practice is useful, but is not a substitute for the more random procedures to be followed for the exercises.</span> <span data-sentence-id=\"406#5:3\"><span class=\"snr\">3</span>Do not, however, examine your mind for more than a minute or so.</span> <span data-sentence-id=\"406#5:4\"><span class=\"snr\">4</span>You are too inexperienced as yet to avoid a tendency to become pointlessly preoccupied.</span></p></div> <div data-paragraph-id=\"406#6\"><p class=\"p-normal\"><span class=\"pnr\">6.</span> <span data-sentence-id=\"406#6:1\"><span class=\"snr noprint\">1</span>Further, since these exercises are the first of their kind, you may find the suspension of judgment in connection with thoughts particularly difficult.</span> <span data-sentence-id=\"406#6:2\"><span class=\"snr\">2</span>Do not repeat these exercises more than three or four times during the day.</span> <span data-sentence-id=\"406#6:3\"><span class=\"snr\">3</span>We will return to them later.</span></p></div> </div>","firstWords":"Unlike the preceding ones, these exercises do not begin with the idea for the day. In these practice periods, begin with noting the thoughts that are crossing your mind for about a minute. Then apply","contentType":"acim-content","seoTitle":"Lesson 4: These thoughts do not mean anything | ACIM","seoDescription":"✨ A Course in Miracles with 🎧 Audio! Read and listen to Lesson 4 “These thoughts do not mean anything”: Unlike the preceding ones, these exercises do not begin with the idea for the…","desktopBreadcrumbs":[{"label":"Workbook","leadsTo":{"locale":"en","sectionId":401,"slugs":["workbook","introduction"],"forceToc":true}},{"label":"Part I","leadsTo":{"locale":"en","sectionId":403,"slugs":["lesson-1","nothing-i-see-means-anything"],"forceToc":true}},{"label":"Lesson 4","leadsTo":{"locale":"en","sectionId":406,"slugs":["lesson-4","these-thoughts-do-not-mean-anything"]}}],"mobileBreadcrumbs":[{"label":"Workbook","leadsTo":{"locale":"en","sectionId":401,"slugs":["workbook","introduction"],"forceToc":true}},{"label":"Part I","leadsTo":{"locale":"en","sectionId":403,"slugs":["lesson-1","nothing-i-see-means-anything"],"forceToc":true}},{"label":"Lesson 4","leadsTo":{"locale":"en","sectionId":406,"slugs":["lesson-4","these-thoughts-do-not-mean-anything"]}}],"seoBreadcrumbs":[{"label":"A Course in Miracles","leadsTo":"dashboard"},{"label":"Workbook","leadsTo":{"locale":"en","sectionId":401,"slugs":["workbook","introduction"],"forceToc":true}},{"label":"Part I","leadsTo":{"locale":"en","sectionId":403,"slugs":["lesson-1","nothing-i-see-means-anything"],"forceToc":true}},{"label":"Lesson 4","leadsTo":{"locale":"en","sectionId":406,"slugs":["lesson-4","these-thoughts-do-not-mean-anything"]}}],"slugs":["lesson-4","these-thoughts-do-not-mean-anything"],"canonicalLink":"https://acim.org/acim/lesson-4/these-thoughts-do-not-mean-anything/en/s/406","link":"https://acim.org/acim/lesson-4/these-thoughts-do-not-mean-anything/en/s/406","shortLink":"https://acim.org/acim/en/s/406","previousSectionId":405,"previousSectionSlugs":["lesson-3","i-do-not-understand-anything-i-see"],"previousSectionLink":"https://acim.org/acim/lesson-3/i-do-not-understand-anything-i-see/en/s/405","nextSectionId":407,"nextSectionSlugs":["lesson-5","i-am-never-upset-for-the-reason-i-think"],"nextSectionLink":"https://acim.org/acim/lesson-5/i-am-never-upset-for-the-reason-i-think/en/s/407","hreflangLinks":[{"hrefLang":"en","link":"https://acim.org/acim/en/s/406"}]}