{"sectionId":408,"sectionIdLiteral":"408","humanId":"lesson-6","volumeId":"workbook","locale":"en","titleInfo":{"title":"I am upset because I see something that is not there.","ownlineNumber":"Lesson 6"},"annotation":"W-6","bodyHtml":"<div class=\"acim-text lesson-6\"> <div data-paragraph-id=\"408#1\"><p class=\"p-normal\"><span class=\"pnr\">1.</span> <span data-sentence-id=\"408#1:1\"><span class=\"snr noprint\">1</span>The exercises with this idea are very similar to the preceding ones.</span> <span data-sentence-id=\"408#1:2\"><span class=\"snr\">2</span>Again, it is necessary to name both the form of upset (anger, fear, worry, depression and so on) and the perceived source very specifically for any application of the idea.</span> <span data-sentence-id=\"408#1:3\"><span class=\"snr\">3</span>For example:</span></p> <p class=\"p-prayer\"><span data-sentence-id=\"408#1:4\"><span class=\"snr\">4</span>I am angry at _________ because I see something that is not there.<br/></span> <span data-sentence-id=\"408#1:5\"><span class=\"snr\">5</span>I am worried about _________ because I see something that is not there.</span></p></div> <div data-paragraph-id=\"408#2\"><p class=\"p-normal\"><span class=\"pnr\">2.</span> <span data-sentence-id=\"408#2:1\"><span class=\"snr noprint\">1</span>Today’s idea is useful for application to anything that seems to upset you, and can profitably be used throughout the day for that purpose.</span> <span data-sentence-id=\"408#2:2\"><span class=\"snr\">2</span>However, the three or four practice periods which are required should be preceded by a minute or so of mind searching, as before, and the application of the idea to each upsetting thought uncovered in the search.</span></p></div> <div data-paragraph-id=\"408#3\"><p class=\"p-normal\"><span class=\"pnr\">3.</span> <span data-sentence-id=\"408#3:1\"><span class=\"snr noprint\">1</span>Again, if you resist applying the idea to some upsetting thoughts more than to others, remind yourself of the two cautions stated in the previous lesson:</span></p> <p class=\"p-prayer\"><span data-sentence-id=\"408#3:2\"><span class=\"snr\">2</span>There are no small upsets.</span> <span data-sentence-id=\"408#3:3\"><span class=\"snr\">3</span>They are all equally disturbing to my peace of mind.</span></p> <p class=\"p-normal\"><span data-sentence-id=\"408#3:4\"><span class=\"snr\">4</span>And:</span></p> <p class=\"p-prayer\"><span data-sentence-id=\"408#3:5\"><span class=\"snr\">5</span>I cannot keep this form of upset and let the others go.</span> <span data-sentence-id=\"408#3:6\"><span class=\"snr\">6</span>For the purposes of these exercises, then, I will regard them all as the same.</span></p></div> </div>","firstWords":"The exercises with this idea are very similar to the preceding ones. Again, it is necessary to name both the form of upset (anger, fear, worry, depression and so on) and the perceived source very","contentType":"acim-content","seoTitle":"Lesson 6: I am upset because I see something… | ACIM","seoDescription":"✨ A Course in Miracles with 🎧 Audio! Read and listen to Lesson 6 “I am upset because I see something that is not there”: The exercises with this idea are very similar to the preceding…","desktopBreadcrumbs":[{"label":"Workbook","leadsTo":{"locale":"en","sectionId":401,"slugs":["workbook","introduction"],"forceToc":true}},{"label":"Part I","leadsTo":{"locale":"en","sectionId":403,"slugs":["lesson-1","nothing-i-see-means-anything"],"forceToc":true}},{"label":"Lesson 6","leadsTo":{"locale":"en","sectionId":408,"slugs":["lesson-6","i-am-upset-because-i-see-something-that-is-not-there"]}}],"mobileBreadcrumbs":[{"label":"Workbook","leadsTo":{"locale":"en","sectionId":401,"slugs":["workbook","introduction"],"forceToc":true}},{"label":"Part I","leadsTo":{"locale":"en","sectionId":403,"slugs":["lesson-1","nothing-i-see-means-anything"],"forceToc":true}},{"label":"Lesson 6","leadsTo":{"locale":"en","sectionId":408,"slugs":["lesson-6","i-am-upset-because-i-see-something-that-is-not-there"]}}],"seoBreadcrumbs":[{"label":"A Course in Miracles","leadsTo":"dashboard"},{"label":"Workbook","leadsTo":{"locale":"en","sectionId":401,"slugs":["workbook","introduction"],"forceToc":true}},{"label":"Part I","leadsTo":{"locale":"en","sectionId":403,"slugs":["lesson-1","nothing-i-see-means-anything"],"forceToc":true}},{"label":"Lesson 6","leadsTo":{"locale":"en","sectionId":408,"slugs":["lesson-6","i-am-upset-because-i-see-something-that-is-not-there"]}}],"slugs":["lesson-6","i-am-upset-because-i-see-something-that-is-not-there"],"canonicalLink":"https://acim.org/acim/lesson-6/i-am-upset-because-i-see-something-that-is-not-there/en/s/408","link":"https://acim.org/acim/lesson-6/i-am-upset-because-i-see-something-that-is-not-there/en/s/408","shortLink":"https://acim.org/acim/en/s/408","previousSectionId":407,"previousSectionSlugs":["lesson-5","i-am-never-upset-for-the-reason-i-think"],"previousSectionLink":"https://acim.org/acim/lesson-5/i-am-never-upset-for-the-reason-i-think/en/s/407","nextSectionId":409,"nextSectionSlugs":["lesson-7","i-see-only-the-past"],"nextSectionLink":"https://acim.org/acim/lesson-7/i-see-only-the-past/en/s/409","hreflangLinks":[{"hrefLang":"en","link":"https://acim.org/acim/en/s/408"}]}