{"sectionId":412,"sectionIdLiteral":"412","humanId":"lesson-10","volumeId":"workbook","locale":"en","titleInfo":{"title":"My thoughts do not mean anything.","ownlineNumber":"Lesson 10"},"annotation":"W-10","bodyHtml":"<div class=\"acim-text lesson-10\"> <div data-paragraph-id=\"412#1\"><p class=\"p-normal\"><span class=\"pnr\">1.</span> <span data-sentence-id=\"412#1:1\"><span class=\"snr noprint\">1</span>This idea applies to all the thoughts of which you are aware, or become aware in the practice periods.</span> <span data-sentence-id=\"412#1:2\"><span class=\"snr\">2</span>The reason the idea is applicable to all of them is that they are not your real thoughts.</span> <span data-sentence-id=\"412#1:3\"><span class=\"snr\">3</span>We have made this distinction before, and will do so again.</span> <span data-sentence-id=\"412#1:4\"><span class=\"snr\">4</span>You have no basis for comparison as yet.</span> <span data-sentence-id=\"412#1:5\"><span class=\"snr\">5</span>When you do, you will have no doubt that what you once believed were your thoughts did not mean anything.</span></p></div> <div data-paragraph-id=\"412#2\"><p class=\"p-normal\"><span class=\"pnr\">2.</span> <span data-sentence-id=\"412#2:1\"><span class=\"snr noprint\">1</span>This is the second time we have used this kind of idea.</span> <span data-sentence-id=\"412#2:2\"><span class=\"snr\">2</span>The form is only slightly different.</span> <span data-sentence-id=\"412#2:3\"><span class=\"snr\">3</span>This time the idea is introduced with “My thoughts” instead of “These thoughts,” and no link is made overtly with the things around you.</span> <span data-sentence-id=\"412#2:4\"><span class=\"snr\">4</span>The emphasis is now on the lack of reality of what you think you think.</span></p></div> <div data-paragraph-id=\"412#3\"><p class=\"p-normal\"><span class=\"pnr\">3.</span> <span data-sentence-id=\"412#3:1\"><span class=\"snr noprint\">1</span>This aspect of the correction process began with the idea that the thoughts of which you are aware are meaningless, outside rather than within; and then stressed their past rather than their present status.</span> <span data-sentence-id=\"412#3:2\"><span class=\"snr\">2</span>Now we are emphasizing that the presence of these “thoughts” means that you are not thinking.</span> <span data-sentence-id=\"412#3:3\"><span class=\"snr\">3</span>This is merely another way of repeating our earlier statement that your mind is really a blank.</span> <span data-sentence-id=\"412#3:4\"><span class=\"snr\">4</span>To recognize this is to recognize nothingness when you think you see it.</span> <span data-sentence-id=\"412#3:5\"><span class=\"snr\">5</span>As such, it is the prerequisite for vision.</span></p></div> <div data-paragraph-id=\"412#4\"><p class=\"p-normal\"><span class=\"pnr\">4.</span> <span data-sentence-id=\"412#4:1\"><span class=\"snr noprint\">1</span>Close your eyes for these exercises, and introduce them by repeating the idea for today quite slowly to yourself.</span> <span data-sentence-id=\"412#4:2\"><span class=\"snr\">2</span>Then add:</span></p> <p class=\"p-prayer\"><span data-sentence-id=\"412#4:3\"><span class=\"snr\">3</span>This idea will help to release me from all that I now believe.</span></p> <p class=\"p-normal\"><span data-sentence-id=\"412#4:4\"><span class=\"snr\">4</span>The exercises consist, as before, in searching your mind for all the thoughts that are available to you, without selection or judgment.</span> <span data-sentence-id=\"412#4:5\"><span class=\"snr\">5</span>Try to avoid classification of any kind.</span> <span data-sentence-id=\"412#4:6\"><span class=\"snr\">6</span>In fact, if you find it helpful to do so, you might imagine that you are watching an oddly assorted procession going by, which has little if any personal meaning to you.</span> <span data-sentence-id=\"412#4:7\"><span class=\"snr\">7</span>As each one crosses your mind, say:</span></p> <p class=\"p-prayer\"><span data-sentence-id=\"412#4:8\"><span class=\"snr\">8</span>My thought about _________ does not mean anything.<br/></span> <span data-sentence-id=\"412#4:9\"><span class=\"snr\">9</span>My thought about _________ does not mean anything.</span></p></div> <div data-paragraph-id=\"412#5\"><p class=\"p-normal\"><span class=\"pnr\">5.</span> <span data-sentence-id=\"412#5:1\"><span class=\"snr noprint\">1</span>Today’s thought can obviously serve for any thought that distresses you at any time.</span> <span data-sentence-id=\"412#5:2\"><span class=\"snr\">2</span>In addition, five practice periods are recommended, each involving no more than a minute or so of mind searching.</span> <span data-sentence-id=\"412#5:3\"><span class=\"snr\">3</span>It is not recommended that this time period be extended, and it should be reduced to half a minute or less if you experience discomfort.</span> <span data-sentence-id=\"412#5:4\"><span class=\"snr\">4</span>Remember, however, to repeat the idea slowly before applying it specifically, and also to add:</span></p> <p class=\"p-prayer\"><span data-sentence-id=\"412#5:5\"><span class=\"snr\">5</span>This idea will help to release me from all that I now believe.</span></p></div> </div>","firstWords":"This idea applies to all the thoughts of which you are aware, or become aware in the practice periods. The reason the idea is applicable to all of them is that they are not your real thoughts. We","contentType":"acim-content","seoTitle":"Lesson 10: My thoughts do not mean anything | ACIM","seoDescription":"✨ A Course in Miracles with 🎧 Audio! Read and listen to Lesson 10 “My thoughts do not mean anything”: This idea applies to all the thoughts of which you are aware, or become aware in…","desktopBreadcrumbs":[{"label":"Workbook","leadsTo":{"locale":"en","sectionId":401,"slugs":["workbook","introduction"],"forceToc":true}},{"label":"Part I","leadsTo":{"locale":"en","sectionId":403,"slugs":["lesson-1","nothing-i-see-means-anything"],"forceToc":true}},{"label":"Lesson 10","leadsTo":{"locale":"en","sectionId":412,"slugs":["lesson-10","my-thoughts-do-not-mean-anything"]}}],"mobileBreadcrumbs":[{"label":"Workbook","leadsTo":{"locale":"en","sectionId":401,"slugs":["workbook","introduction"],"forceToc":true}},{"label":"Part I","leadsTo":{"locale":"en","sectionId":403,"slugs":["lesson-1","nothing-i-see-means-anything"],"forceToc":true}},{"label":"Lesson 10","leadsTo":{"locale":"en","sectionId":412,"slugs":["lesson-10","my-thoughts-do-not-mean-anything"]}}],"seoBreadcrumbs":[{"label":"A Course in Miracles","leadsTo":"dashboard"},{"label":"Workbook","leadsTo":{"locale":"en","sectionId":401,"slugs":["workbook","introduction"],"forceToc":true}},{"label":"Part I","leadsTo":{"locale":"en","sectionId":403,"slugs":["lesson-1","nothing-i-see-means-anything"],"forceToc":true}},{"label":"Lesson 10","leadsTo":{"locale":"en","sectionId":412,"slugs":["lesson-10","my-thoughts-do-not-mean-anything"]}}],"slugs":["lesson-10","my-thoughts-do-not-mean-anything"],"canonicalLink":"https://acim.org/acim/lesson-10/my-thoughts-do-not-mean-anything/en/s/412","link":"https://acim.org/acim/lesson-10/my-thoughts-do-not-mean-anything/en/s/412","shortLink":"https://acim.org/acim/en/s/412","previousSectionId":411,"previousSectionSlugs":["lesson-9","i-see-nothing-as-it-is-now"],"previousSectionLink":"https://acim.org/acim/lesson-9/i-see-nothing-as-it-is-now/en/s/411","nextSectionId":413,"nextSectionSlugs":["lesson-11","my-meaningless-thoughts-are-showing-me-a"],"nextSectionLink":"https://acim.org/acim/lesson-11/my-meaningless-thoughts-are-showing-me-a/en/s/413","hreflangLinks":[{"hrefLang":"en","link":"https://acim.org/acim/en/s/412"}]}