{"sectionId":413,"sectionIdLiteral":"413","humanId":"lesson-11","volumeId":"workbook","locale":"en","titleInfo":{"title":"My meaningless thoughts are showing me a  meaningless world.","ownlineNumber":"Lesson 11"},"annotation":"W-11","bodyHtml":"<div class=\"acim-text lesson-11\"> <div data-paragraph-id=\"413#1\"><p class=\"p-normal\"><span class=\"pnr\">1.</span> <span data-sentence-id=\"413#1:1\"><span class=\"snr noprint\">1</span>This is the first idea we have had that is related to a major phase of the correction process; the reversal of the thinking of the world.</span> <span data-sentence-id=\"413#1:2\"><span class=\"snr\">2</span>It seems as if the world determines what you perceive.</span> <span data-sentence-id=\"413#1:3\"><span class=\"snr\">3</span>Today’s idea introduces the concept that your thoughts determine the world you see.</span> <span data-sentence-id=\"413#1:4\"><span class=\"snr\">4</span>Be glad indeed to practice the idea in its initial form, for in this idea is your release made sure.</span> <span data-sentence-id=\"413#1:5\"><span class=\"snr\">5</span>The key to forgiveness lies in it.</span></p></div> <div data-paragraph-id=\"413#2\"><p class=\"p-normal\"><span class=\"pnr\">2.</span> <span data-sentence-id=\"413#2:1\"><span class=\"snr noprint\">1</span>The practice periods for today’s idea are to be undertaken somewhat differently from the previous ones.</span> <span data-sentence-id=\"413#2:2\"><span class=\"snr\">2</span>Begin with your eyes closed, and repeat the idea slowly to yourself.</span> <span data-sentence-id=\"413#2:3\"><span class=\"snr\">3</span>Then open your eyes and look about, near and far, up and down,—anywhere.</span> <span data-sentence-id=\"413#2:4\"><span class=\"snr\">4</span>During the minute or so to be spent in using the idea merely repeat it to yourself, being sure to do so without haste, and with no sense of urgency or effort.</span></p></div> <div data-paragraph-id=\"413#3\"><p class=\"p-normal\"><span class=\"pnr\">3.</span> <span data-sentence-id=\"413#3:1\"><span class=\"snr noprint\">1</span>To do these exercises for maximum benefit, the eyes should move from one thing to another fairly rapidly, since they should not linger on anything in particular.</span> <span data-sentence-id=\"413#3:2\"><span class=\"snr\">2</span>The words, however, should be used in an unhurried, even leisurely fashion.</span> <span data-sentence-id=\"413#3:3\"><span class=\"snr\">3</span>The introduction to this idea, in particular, should be practiced as casually as possible.</span> <span data-sentence-id=\"413#3:4\"><span class=\"snr\">4</span>It contains the foundation for the peace, relaxation and freedom from worry that we are trying to achieve.</span> <span data-sentence-id=\"413#3:5\"><span class=\"snr\">5</span>On concluding the exercises, close your eyes and repeat the idea once more slowly to yourself.</span></p></div> <div data-paragraph-id=\"413#4\"><p class=\"p-normal\"><span class=\"pnr\">4.</span> <span data-sentence-id=\"413#4:1\"><span class=\"snr noprint\">1</span>Three practice periods today will probably be sufficient.</span> <span data-sentence-id=\"413#4:2\"><span class=\"snr\">2</span>However, if there is little or no uneasiness and an inclination to do more, as many as five may be undertaken.</span> <span data-sentence-id=\"413#4:3\"><span class=\"snr\">3</span>More than this is not recommended.</span></p></div> </div>","firstWords":"This is the first idea we have had that is related to a major phase of the correction process; the reversal of the thinking of the world. It seems as if the world determines what you perceive.","contentType":"acim-content","seoTitle":"Lesson 11: My meaningless thoughts are showing… | ACIM","seoDescription":"✨ A Course in Miracles with 🎧 Audio! Read and listen to Lesson 11 “My meaningless thoughts are showing me a meaningless world”: This is the first idea we have had that is related to a…","desktopBreadcrumbs":[{"label":"Workbook","leadsTo":{"locale":"en","sectionId":401,"slugs":["workbook","introduction"],"forceToc":true}},{"label":"Part I","leadsTo":{"locale":"en","sectionId":403,"slugs":["lesson-1","nothing-i-see-means-anything"],"forceToc":true}},{"label":"Lesson 11","leadsTo":{"locale":"en","sectionId":413,"slugs":["lesson-11","my-meaningless-thoughts-are-showing-me-a"]}}],"mobileBreadcrumbs":[{"label":"Workbook","leadsTo":{"locale":"en","sectionId":401,"slugs":["workbook","introduction"],"forceToc":true}},{"label":"Part I","leadsTo":{"locale":"en","sectionId":403,"slugs":["lesson-1","nothing-i-see-means-anything"],"forceToc":true}},{"label":"Lesson 11","leadsTo":{"locale":"en","sectionId":413,"slugs":["lesson-11","my-meaningless-thoughts-are-showing-me-a"]}}],"seoBreadcrumbs":[{"label":"A Course in Miracles","leadsTo":"dashboard"},{"label":"Workbook","leadsTo":{"locale":"en","sectionId":401,"slugs":["workbook","introduction"],"forceToc":true}},{"label":"Part I","leadsTo":{"locale":"en","sectionId":403,"slugs":["lesson-1","nothing-i-see-means-anything"],"forceToc":true}},{"label":"Lesson 11","leadsTo":{"locale":"en","sectionId":413,"slugs":["lesson-11","my-meaningless-thoughts-are-showing-me-a"]}}],"slugs":["lesson-11","my-meaningless-thoughts-are-showing-me-a"],"canonicalLink":"https://acim.org/acim/lesson-11/my-meaningless-thoughts-are-showing-me-a/en/s/413","link":"https://acim.org/acim/lesson-11/my-meaningless-thoughts-are-showing-me-a/en/s/413","shortLink":"https://acim.org/acim/en/s/413","previousSectionId":412,"previousSectionSlugs":["lesson-10","my-thoughts-do-not-mean-anything"],"previousSectionLink":"https://acim.org/acim/lesson-10/my-thoughts-do-not-mean-anything/en/s/412","nextSectionId":414,"nextSectionSlugs":["lesson-12","i-am-upset-because-i-see-a-meaningless-world"],"nextSectionLink":"https://acim.org/acim/lesson-12/i-am-upset-because-i-see-a-meaningless-world/en/s/414","hreflangLinks":[{"hrefLang":"en","link":"https://acim.org/acim/en/s/413"}]}