{"sectionId":420,"sectionIdLiteral":"420","humanId":"lesson-18","volumeId":"workbook","locale":"en","titleInfo":{"title":"I am not alone in experiencing the effects of my seeing.","ownlineNumber":"Lesson 18"},"annotation":"W-18","bodyHtml":"<div class=\"acim-text lesson-18\"> <div data-paragraph-id=\"420#1\"><p class=\"p-normal\"><span class=\"pnr\">1.</span> <span data-sentence-id=\"420#1:1\"><span class=\"snr noprint\">1</span>The idea for today is another step in learning that the thoughts which give rise to what you see are never neutral or unimportant.</span> <span data-sentence-id=\"420#1:2\"><span class=\"snr\">2</span>It also emphasizes the idea that minds are joined, which will be given increasing stress later on.</span></p></div> <div data-paragraph-id=\"420#2\"><p class=\"p-normal\"><span class=\"pnr\">2.</span> <span data-sentence-id=\"420#2:1\"><span class=\"snr noprint\">1</span>Today’s idea does not refer to what you see as much as to how you see it.</span> <span data-sentence-id=\"420#2:2\"><span class=\"snr\">2</span>Therefore, the exercises for today emphasize this aspect of your perception.</span> <span data-sentence-id=\"420#2:3\"><span class=\"snr\">3</span>The three or four practice periods which are recommended should be done as follows:</span></p></div> <div data-paragraph-id=\"420#3\"><p class=\"p-normal\"><span class=\"pnr\">3.</span> <span data-sentence-id=\"420#3:1\"><span class=\"snr noprint\">1</span>Look about you, selecting subjects for the application of the idea for today as randomly as possible, and keeping your eyes on each one long enough to say:</span></p> <p class=\"p-prayer\"><span data-sentence-id=\"420#3:2\"><span class=\"snr\">2</span>I am not alone in experiencing the effects of how I see _____.</span></p> <p class=\"p-normal\"><span data-sentence-id=\"420#3:3\"><span class=\"snr\">3</span>Conclude each practice period by repeating the more general statement:</span></p> <p class=\"p-prayer\"><span data-sentence-id=\"420#3:4\"><span class=\"snr\">4</span>I am not alone in experiencing the effects of my seeing.</span> </p> <p class=\"p-normal\"><span data-sentence-id=\"420#3:5\"><span class=\"snr\">5</span>A minute or so, or even less, will be sufficient for each practice period.</span></p></div> </div>","firstWords":"The idea for today is another step in learning that the thoughts which give rise to what you see are never neutral or unimportant. It also emphasizes the idea that minds are joined, which will be","contentType":"acim-content","seoTitle":"Lesson 18: I am not alone in experiencing the… | ACIM","seoDescription":"✨ A Course in Miracles with 🎧 Audio! Read and listen to Lesson 18 “I am not alone in experiencing the effects of my seeing”: The idea for today is another step in learning that the…","desktopBreadcrumbs":[{"label":"Workbook","leadsTo":{"locale":"en","sectionId":401,"slugs":["workbook","introduction"],"forceToc":true}},{"label":"Part I","leadsTo":{"locale":"en","sectionId":403,"slugs":["lesson-1","nothing-i-see-means-anything"],"forceToc":true}},{"label":"Lesson 18","leadsTo":{"locale":"en","sectionId":420,"slugs":["lesson-18","i-am-not-alone-in-experiencing-the-effects-of-my"]}}],"mobileBreadcrumbs":[{"label":"Workbook","leadsTo":{"locale":"en","sectionId":401,"slugs":["workbook","introduction"],"forceToc":true}},{"label":"Part I","leadsTo":{"locale":"en","sectionId":403,"slugs":["lesson-1","nothing-i-see-means-anything"],"forceToc":true}},{"label":"Lesson 18","leadsTo":{"locale":"en","sectionId":420,"slugs":["lesson-18","i-am-not-alone-in-experiencing-the-effects-of-my"]}}],"seoBreadcrumbs":[{"label":"A Course in Miracles","leadsTo":"dashboard"},{"label":"Workbook","leadsTo":{"locale":"en","sectionId":401,"slugs":["workbook","introduction"],"forceToc":true}},{"label":"Part I","leadsTo":{"locale":"en","sectionId":403,"slugs":["lesson-1","nothing-i-see-means-anything"],"forceToc":true}},{"label":"Lesson 18","leadsTo":{"locale":"en","sectionId":420,"slugs":["lesson-18","i-am-not-alone-in-experiencing-the-effects-of-my"]}}],"slugs":["lesson-18","i-am-not-alone-in-experiencing-the-effects-of-my"],"canonicalLink":"https://acim.org/acim/lesson-18/i-am-not-alone-in-experiencing-the-effects-of-my/en/s/420","link":"https://acim.org/acim/lesson-18/i-am-not-alone-in-experiencing-the-effects-of-my/en/s/420","shortLink":"https://acim.org/acim/en/s/420","previousSectionId":419,"previousSectionSlugs":["lesson-17","i-see-no-neutral-things"],"previousSectionLink":"https://acim.org/acim/lesson-17/i-see-no-neutral-things/en/s/419","nextSectionId":421,"nextSectionSlugs":["lesson-19","i-am-not-alone-in-experiencing-the-effects-of-my"],"nextSectionLink":"https://acim.org/acim/lesson-19/i-am-not-alone-in-experiencing-the-effects-of-my/en/s/421","hreflangLinks":[{"hrefLang":"en","link":"https://acim.org/acim/en/s/420"}]}