{"sectionId":421,"sectionIdLiteral":"421","humanId":"lesson-19","volumeId":"workbook","locale":"en","titleInfo":{"title":"I am not alone in experiencing the effects of my thoughts.","ownlineNumber":"Lesson 19"},"annotation":"W-19","bodyHtml":"<div class=\"acim-text lesson-19\"> <div data-paragraph-id=\"421#1\"><p class=\"p-normal\"><span class=\"pnr\">1.</span> <span data-sentence-id=\"421#1:1\"><span class=\"snr noprint\">1</span>The idea for today is obviously the reason why your seeing does not affect you alone.</span> <span data-sentence-id=\"421#1:2\"><span class=\"snr\">2</span>You will notice that at times the ideas related to thinking precede those related to perceiving, while at other times the order is reversed.</span> <span data-sentence-id=\"421#1:3\"><span class=\"snr\">3</span>The reason is that the order does not matter.</span> <span data-sentence-id=\"421#1:4\"><span class=\"snr\">4</span>Thinking and its results are really simultaneous, for cause and effect are never separate.</span></p></div> <div data-paragraph-id=\"421#2\"><p class=\"p-normal\"><span class=\"pnr\">2.</span> <span data-sentence-id=\"421#2:1\"><span class=\"snr noprint\">1</span>Today we are again emphasizing the fact that minds are joined.</span> <span data-sentence-id=\"421#2:2\"><span class=\"snr\">2</span>This is rarely a wholly welcome idea at first, since it seems to carry with it an enormous sense of responsibility, and may even be regarded as an “invasion of privacy.”</span> <span data-sentence-id=\"421#2:3\"><span class=\"snr\">3</span>Yet it is a fact that there are no private thoughts.</span> <span data-sentence-id=\"421#2:4\"><span class=\"snr\">4</span>Despite your initial resistance to this idea, you will yet understand that it must be true if salvation is possible at all.</span> <span data-sentence-id=\"421#2:5\"><span class=\"snr\">5</span>And salvation must be possible because it is the Will of God.</span></p></div> <div data-paragraph-id=\"421#3\"><p class=\"p-normal\"><span class=\"pnr\">3.</span> <span data-sentence-id=\"421#3:1\"><span class=\"snr noprint\">1</span>The minute or so of mind searching which today’s exercises require is to be undertaken with eyes closed.</span> <span data-sentence-id=\"421#3:2\"><span class=\"snr\">2</span>The idea for today is to be repeated first, and then the mind should be carefully searched for the thoughts it contains at that time.</span> <span data-sentence-id=\"421#3:3\"><span class=\"snr\">3</span>As you consider each one, name it in terms of the central person or theme it contains, and holding it in your mind as you do so, say:</span></p> <p class=\"p-prayer\"><span data-sentence-id=\"421#3:4\"><span class=\"snr\">4</span>I am not alone in experiencing the effects of this thought about _____________.</span></p></div> <div data-paragraph-id=\"421#4\"><p class=\"p-normal\"><span class=\"pnr\">4.</span> <span data-sentence-id=\"421#4:1\"><span class=\"snr noprint\">1</span>The requirement of as much indiscriminateness as possible in selecting subjects for the practice periods should be quite familiar to you by now, and will no longer be repeated each day, although it will occasionally be included as a reminder.</span> <span data-sentence-id=\"421#4:2\"><span class=\"snr\">2</span>Do not forget, however, that random selection of subjects for all practice periods remains essential throughout.</span> <span data-sentence-id=\"421#4:3\"><span class=\"snr\">3</span>Lack of order in this connection will ultimately make the recognition of lack of order in miracles meaningful to you.</span></p></div> <div data-paragraph-id=\"421#5\"><p class=\"p-normal\"><span class=\"pnr\">5.</span> <span data-sentence-id=\"421#5:1\"><span class=\"snr noprint\">1</span>Apart from the “as needed” application of today’s idea, at least three practice periods are required, shortening the length of time involved, if necessary.</span> <span data-sentence-id=\"421#5:2\"><span class=\"snr\">2</span>Do not attempt more than four.</span></p></div> </div>","firstWords":"The idea for today is obviously the reason why your seeing does not affect you alone. You will notice that at times the ideas related to thinking precede those related to perceiving, while at other","contentType":"acim-content","seoTitle":"Lesson 19: I am not alone in experiencing the… | ACIM","seoDescription":"✨ A Course in Miracles with 🎧 Audio! Read and listen to Lesson 19 “I am not alone in experiencing the effects of my thoughts”: The idea for today is obviously the reason why your seeing…","desktopBreadcrumbs":[{"label":"Workbook","leadsTo":{"locale":"en","sectionId":401,"slugs":["workbook","introduction"],"forceToc":true}},{"label":"Part I","leadsTo":{"locale":"en","sectionId":403,"slugs":["lesson-1","nothing-i-see-means-anything"],"forceToc":true}},{"label":"Lesson 19","leadsTo":{"locale":"en","sectionId":421,"slugs":["lesson-19","i-am-not-alone-in-experiencing-the-effects-of-my"]}}],"mobileBreadcrumbs":[{"label":"Workbook","leadsTo":{"locale":"en","sectionId":401,"slugs":["workbook","introduction"],"forceToc":true}},{"label":"Part I","leadsTo":{"locale":"en","sectionId":403,"slugs":["lesson-1","nothing-i-see-means-anything"],"forceToc":true}},{"label":"Lesson 19","leadsTo":{"locale":"en","sectionId":421,"slugs":["lesson-19","i-am-not-alone-in-experiencing-the-effects-of-my"]}}],"seoBreadcrumbs":[{"label":"A Course in Miracles","leadsTo":"dashboard"},{"label":"Workbook","leadsTo":{"locale":"en","sectionId":401,"slugs":["workbook","introduction"],"forceToc":true}},{"label":"Part I","leadsTo":{"locale":"en","sectionId":403,"slugs":["lesson-1","nothing-i-see-means-anything"],"forceToc":true}},{"label":"Lesson 19","leadsTo":{"locale":"en","sectionId":421,"slugs":["lesson-19","i-am-not-alone-in-experiencing-the-effects-of-my"]}}],"slugs":["lesson-19","i-am-not-alone-in-experiencing-the-effects-of-my"],"canonicalLink":"https://acim.org/acim/lesson-19/i-am-not-alone-in-experiencing-the-effects-of-my/en/s/421","link":"https://acim.org/acim/lesson-19/i-am-not-alone-in-experiencing-the-effects-of-my/en/s/421","shortLink":"https://acim.org/acim/en/s/421","previousSectionId":420,"previousSectionSlugs":["lesson-18","i-am-not-alone-in-experiencing-the-effects-of-my"],"previousSectionLink":"https://acim.org/acim/lesson-18/i-am-not-alone-in-experiencing-the-effects-of-my/en/s/420","nextSectionId":422,"nextSectionSlugs":["lesson-20","i-am-determined-to-see"],"nextSectionLink":"https://acim.org/acim/lesson-20/i-am-determined-to-see/en/s/422","hreflangLinks":[{"hrefLang":"en","link":"https://acim.org/acim/en/s/421"}]}