{"sectionId":424,"sectionIdLiteral":"424","humanId":"lesson-22","volumeId":"workbook","locale":"en","titleInfo":{"title":"What I see is a form of vengeance.","ownlineNumber":"Lesson 22"},"annotation":"W-22","bodyHtml":"<div class=\"acim-text lesson-22\"> <div data-paragraph-id=\"424#1\"><p class=\"p-normal\"><span class=\"pnr\">1.</span> <span data-sentence-id=\"424#1:1\"><span class=\"snr noprint\">1</span>Today’s idea accurately describes the way anyone who holds attack thoughts in his mind must see the world.</span> <span data-sentence-id=\"424#1:2\"><span class=\"snr\">2</span>Having projected his anger onto the world, he sees vengeance about to strike at him.</span> <span data-sentence-id=\"424#1:3\"><span class=\"snr\">3</span>His own attack is thus perceived as self defense.</span> <span data-sentence-id=\"424#1:4\"><span class=\"snr\">4</span>This becomes an increasingly vicious circle until he is willing to change how he sees.</span> <span data-sentence-id=\"424#1:5\"><span class=\"snr\">5</span>Otherwise, thoughts of attack and counter-attack will preoccupy him and people his entire world.</span> <span data-sentence-id=\"424#1:6\"><span class=\"snr\">6</span>What peace of mind is possible to him then?</span></p></div> <div data-paragraph-id=\"424#2\"><p class=\"p-normal\"><span class=\"pnr\">2.</span> <span data-sentence-id=\"424#2:1\"><span class=\"snr noprint\">1</span>It is from this savage fantasy that you want to escape.</span> <span data-sentence-id=\"424#2:2\"><span class=\"snr\">2</span>Is it not joyous news to hear that it is not real?</span> <span data-sentence-id=\"424#2:3\"><span class=\"snr\">3</span>Is it not a happy discovery to find that you can escape?</span> <span data-sentence-id=\"424#2:4\"><span class=\"snr\">4</span>You made what you would destroy; everything that you hate and would attack and kill.</span> <span data-sentence-id=\"424#2:5\"><span class=\"snr\">5</span>All that you fear does not exist.</span></p></div> <div data-paragraph-id=\"424#3\"><p class=\"p-normal\"><span class=\"pnr\">3.</span> <span data-sentence-id=\"424#3:1\"><span class=\"snr noprint\">1</span>Look at the world about you at least five times today, for at least a minute each time.</span> <span data-sentence-id=\"424#3:2\"><span class=\"snr\">2</span>As your eyes move slowly from one object to another, from one body to another, say to yourself:</span></p> <p class=\"p-prayer\"><span data-sentence-id=\"424#3:3\"><span class=\"snr\">3</span>I see only the perishable.<br/></span> <span data-sentence-id=\"424#3:4\"><span class=\"snr\">4</span>I see nothing that will last.<br/></span> <span data-sentence-id=\"424#3:5\"><span class=\"snr\">5</span>What I see is not real.<br/></span> <span data-sentence-id=\"424#3:6\"><span class=\"snr\">6</span>What I see is a form of vengeance.</span></p> <p class=\"p-normal\"><span data-sentence-id=\"424#3:7\"><span class=\"snr\">7</span>At the end of each practice period, ask yourself:</span></p> <p class=\"p-prayer\"><span data-sentence-id=\"424#3:8\"><span class=\"snr\">8</span>Is this the world I really want to see?</span></p> <p class=\"p-normal\"><span data-sentence-id=\"424#3:9\"><span class=\"snr\">9</span>The answer is surely obvious.</span></p></div> </div>","firstWords":"Today’s idea accurately describes the way anyone who holds attack thoughts in his mind must see the world. Having projected his anger onto the world, he sees vengeance about to strike at him. His own","contentType":"acim-content","seoTitle":"Lesson 22: What I see is a form of vengeance | ACIM","seoDescription":"✨ A Course in Miracles with 🎧 Audio! Read and listen to Lesson 22 “What I see is a form of vengeance”: Today’s idea accurately describes the way anyone who holds attack thoughts in his…","desktopBreadcrumbs":[{"label":"Workbook","leadsTo":{"locale":"en","sectionId":401,"slugs":["workbook","introduction"],"forceToc":true}},{"label":"Part I","leadsTo":{"locale":"en","sectionId":403,"slugs":["lesson-1","nothing-i-see-means-anything"],"forceToc":true}},{"label":"Lesson 22","leadsTo":{"locale":"en","sectionId":424,"slugs":["lesson-22","what-i-see-is-a-form-of-vengeance"]}}],"mobileBreadcrumbs":[{"label":"Workbook","leadsTo":{"locale":"en","sectionId":401,"slugs":["workbook","introduction"],"forceToc":true}},{"label":"Part I","leadsTo":{"locale":"en","sectionId":403,"slugs":["lesson-1","nothing-i-see-means-anything"],"forceToc":true}},{"label":"Lesson 22","leadsTo":{"locale":"en","sectionId":424,"slugs":["lesson-22","what-i-see-is-a-form-of-vengeance"]}}],"seoBreadcrumbs":[{"label":"A Course in Miracles","leadsTo":"dashboard"},{"label":"Workbook","leadsTo":{"locale":"en","sectionId":401,"slugs":["workbook","introduction"],"forceToc":true}},{"label":"Part I","leadsTo":{"locale":"en","sectionId":403,"slugs":["lesson-1","nothing-i-see-means-anything"],"forceToc":true}},{"label":"Lesson 22","leadsTo":{"locale":"en","sectionId":424,"slugs":["lesson-22","what-i-see-is-a-form-of-vengeance"]}}],"slugs":["lesson-22","what-i-see-is-a-form-of-vengeance"],"canonicalLink":"https://acim.org/acim/lesson-22/what-i-see-is-a-form-of-vengeance/en/s/424","link":"https://acim.org/acim/lesson-22/what-i-see-is-a-form-of-vengeance/en/s/424","shortLink":"https://acim.org/acim/en/s/424","previousSectionId":423,"previousSectionSlugs":["lesson-21","i-am-determined-to-see-things-differently"],"previousSectionLink":"https://acim.org/acim/lesson-21/i-am-determined-to-see-things-differently/en/s/423","nextSectionId":425,"nextSectionSlugs":["lesson-23","i-can-escape-from-the-world-i-see-by-giving-up"],"nextSectionLink":"https://acim.org/acim/lesson-23/i-can-escape-from-the-world-i-see-by-giving-up/en/s/425","hreflangLinks":[{"hrefLang":"en","link":"https://acim.org/acim/en/s/424"}]}