{"sectionId":427,"sectionIdLiteral":"427","humanId":"lesson-25","volumeId":"workbook","locale":"en","titleInfo":{"title":"I do not know what anything is for.","ownlineNumber":"Lesson 25"},"annotation":"W-25","bodyHtml":"<div class=\"acim-text lesson-25\"> <div data-paragraph-id=\"427#1\"><p class=\"p-normal\"><span class=\"pnr\">1.</span> <span data-sentence-id=\"427#1:1\"><span class=\"snr noprint\">1</span>Purpose is meaning.</span> <span data-sentence-id=\"427#1:2\"><span class=\"snr\">2</span>Today’s idea explains why nothing you see means anything.</span> <span data-sentence-id=\"427#1:3\"><span class=\"snr\">3</span>You do not know what it is for.</span> <span data-sentence-id=\"427#1:4\"><span class=\"snr\">4</span>Therefore, it is meaningless to you.</span> <span data-sentence-id=\"427#1:5\"><span class=\"snr\">5</span>Everything is for your own best interests.</span> <span data-sentence-id=\"427#1:6\"><span class=\"snr\">6</span>That is what it is for; that is its purpose; that is what it means.</span> <span data-sentence-id=\"427#1:7\"><span class=\"snr\">7</span>It is in recognizing this that your goals become unified.</span> <span data-sentence-id=\"427#1:8\"><span class=\"snr\">8</span>It is in recognizing this that what you see is given meaning.</span></p></div> <div data-paragraph-id=\"427#2\"><p class=\"p-normal\"><span class=\"pnr\">2.</span> <span data-sentence-id=\"427#2:1\"><span class=\"snr noprint\">1</span>You perceive the world and everything in it as meaningful in terms of ego goals.</span> <span data-sentence-id=\"427#2:2\"><span class=\"snr\">2</span>These goals have nothing to do with your own best interests, because the ego is not you.</span> <span data-sentence-id=\"427#2:3\"><span class=\"snr\">3</span>This false identification makes you incapable of understanding what anything is for.</span> <span data-sentence-id=\"427#2:4\"><span class=\"snr\">4</span>As a result, you are bound to misuse it.</span> <span data-sentence-id=\"427#2:5\"><span class=\"snr\">5</span>When you believe this, you will try to withdraw the goals you have assigned to the world, instead of attempting to reinforce them.</span></p></div> <div data-paragraph-id=\"427#3\"><p class=\"p-normal\"><span class=\"pnr\">3.</span> <span data-sentence-id=\"427#3:1\"><span class=\"snr noprint\">1</span>Another way of describing the goals you now perceive is to say that they are all concerned with “personal” interests.</span> <span data-sentence-id=\"427#3:2\"><span class=\"snr\">2</span>Since you have no personal interests, your goals are really concerned with nothing.</span> <span data-sentence-id=\"427#3:3\"><span class=\"snr\">3</span>In cherishing them, therefore, you have no goals at all.</span> <span data-sentence-id=\"427#3:4\"><span class=\"snr\">4</span>And thus you do not know what anything is for.</span></p></div> <div data-paragraph-id=\"427#4\"><p class=\"p-normal\"><span class=\"pnr\">4.</span> <span data-sentence-id=\"427#4:1\"><span class=\"snr noprint\">1</span>Before you can make any sense out of the exercises for today, one more thought is necessary.</span> <span data-sentence-id=\"427#4:2\"><span class=\"snr\">2</span>At the most superficial levels, you do recognize purpose.</span> <span data-sentence-id=\"427#4:3\"><span class=\"snr\">3</span>Yet purpose cannot be understood at these levels.</span> <span data-sentence-id=\"427#4:4\"><span class=\"snr\">4</span>For example, you do understand that a telephone is for the purpose of talking to someone who is not physically in your immediate vicinity.</span> <span data-sentence-id=\"427#4:5\"><span class=\"snr\">5</span>What you do not understand is what you want to reach him for.</span> <span data-sentence-id=\"427#4:6\"><span class=\"snr\">6</span>And it is this that makes your contact with him meaningful or not.</span></p></div> <div data-paragraph-id=\"427#5\"><p class=\"p-normal\"><span class=\"pnr\">5.</span> <span data-sentence-id=\"427#5:1\"><span class=\"snr noprint\">1</span>It is crucial to your learning to be willing to give up the goals you have established for everything.</span> <span data-sentence-id=\"427#5:2\"><span class=\"snr\">2</span>The recognition that they are meaningless, rather than “good” or “bad,” is the only way to accomplish this.</span> <span data-sentence-id=\"427#5:3\"><span class=\"snr\">3</span>The idea for today is a step in this direction.</span></p></div> <div data-paragraph-id=\"427#6\"><p class=\"p-normal\"><span class=\"pnr\">6.</span> <span data-sentence-id=\"427#6:1\"><span class=\"snr noprint\">1</span>Six practice periods, each of two-minutes duration, are required.</span> <span data-sentence-id=\"427#6:2\"><span class=\"snr\">2</span>Each practice period should begin with a slow repetition of the idea for today, followed by looking about you and letting your glance rest on whatever happens to catch your eye, near or far, “important” or “unimportant,” “human” or “nonhuman.”</span> <span data-sentence-id=\"427#6:3\"><span class=\"snr\">3</span>With your eyes resting on each subject you so select, say, for example:</span></p> <p class=\"p-prayer\"><span data-sentence-id=\"427#6:4\"><span class=\"snr\">4</span>I do not know what this chair is for.<br/></span> <span data-sentence-id=\"427#6:5\"><span class=\"snr\">5</span>I do not know what this pencil is for.<br/></span> <span data-sentence-id=\"427#6:6\"><span class=\"snr\">6</span>I do not know what this hand is for.</span></p> <p class=\"p-normal\"><span data-sentence-id=\"427#6:7\"><span class=\"snr\">7</span>Say this quite slowly, without shifting your eyes from the subject until you have completed the statement about it.</span> <span data-sentence-id=\"427#6:8\"><span class=\"snr\">8</span>Then move on to the next subject, and apply today’s idea as before.</span></p></div> </div>","firstWords":"Purpose is meaning. Today’s idea explains why nothing you see means anything. You do not know what it is for. Therefore, it is meaningless to you. Everything is for your own best interests. That is","contentType":"acim-content","seoTitle":"Lesson 25: I do not know what anything is for | ACIM","seoDescription":"✨ A Course in Miracles with 🎧 Audio! Read and listen to Lesson 25 “I do not know what anything is for”: Purpose is meaning. Today’s idea explains why nothing you see means anything. You…","desktopBreadcrumbs":[{"label":"Workbook","leadsTo":{"locale":"en","sectionId":401,"slugs":["workbook","introduction"],"forceToc":true}},{"label":"Part I","leadsTo":{"locale":"en","sectionId":403,"slugs":["lesson-1","nothing-i-see-means-anything"],"forceToc":true}},{"label":"Lesson 25","leadsTo":{"locale":"en","sectionId":427,"slugs":["lesson-25","i-do-not-know-what-anything-is-for"]}}],"mobileBreadcrumbs":[{"label":"Workbook","leadsTo":{"locale":"en","sectionId":401,"slugs":["workbook","introduction"],"forceToc":true}},{"label":"Part I","leadsTo":{"locale":"en","sectionId":403,"slugs":["lesson-1","nothing-i-see-means-anything"],"forceToc":true}},{"label":"Lesson 25","leadsTo":{"locale":"en","sectionId":427,"slugs":["lesson-25","i-do-not-know-what-anything-is-for"]}}],"seoBreadcrumbs":[{"label":"A Course in Miracles","leadsTo":"dashboard"},{"label":"Workbook","leadsTo":{"locale":"en","sectionId":401,"slugs":["workbook","introduction"],"forceToc":true}},{"label":"Part I","leadsTo":{"locale":"en","sectionId":403,"slugs":["lesson-1","nothing-i-see-means-anything"],"forceToc":true}},{"label":"Lesson 25","leadsTo":{"locale":"en","sectionId":427,"slugs":["lesson-25","i-do-not-know-what-anything-is-for"]}}],"slugs":["lesson-25","i-do-not-know-what-anything-is-for"],"canonicalLink":"https://acim.org/acim/lesson-25/i-do-not-know-what-anything-is-for/en/s/427","link":"https://acim.org/acim/lesson-25/i-do-not-know-what-anything-is-for/en/s/427","shortLink":"https://acim.org/acim/en/s/427","previousSectionId":426,"previousSectionSlugs":["lesson-24","i-do-not-perceive-my-own-best-interests"],"previousSectionLink":"https://acim.org/acim/lesson-24/i-do-not-perceive-my-own-best-interests/en/s/426","nextSectionId":428,"nextSectionSlugs":["lesson-26","my-attack-thoughts-are-attacking-my"],"nextSectionLink":"https://acim.org/acim/lesson-26/my-attack-thoughts-are-attacking-my/en/s/428","hreflangLinks":[{"hrefLang":"en","link":"https://acim.org/acim/en/s/427"}]}