{"sectionId":432,"sectionIdLiteral":"432","humanId":"lesson-30","volumeId":"workbook","locale":"en","titleInfo":{"title":"God is in everything I see because God is in my mind.","ownlineNumber":"Lesson 30"},"annotation":"W-30","bodyHtml":"<div class=\"acim-text lesson-30\"> <div data-paragraph-id=\"432#1\"><p class=\"p-normal\"><span class=\"pnr\">1.</span> <span data-sentence-id=\"432#1:1\"><span class=\"snr noprint\">1</span>The idea for today is the springboard for vision.</span> <span data-sentence-id=\"432#1:2\"><span class=\"snr\">2</span>From this idea will the world open up before you, and you will look upon it and see in it what you have never seen before.</span> <span data-sentence-id=\"432#1:3\"><span class=\"snr\">3</span>Nor will what you saw before be even faintly visible to you.</span></p></div> <div data-paragraph-id=\"432#2\"><p class=\"p-normal\"><span class=\"pnr\">2.</span> <span data-sentence-id=\"432#2:1\"><span class=\"snr noprint\">1</span>Today we are trying to use a new kind of “projection.”</span> <span data-sentence-id=\"432#2:2\"><span class=\"snr\">2</span>We are not attempting to get rid of what we do not like by seeing it outside.</span> <span data-sentence-id=\"432#2:3\"><span class=\"snr\">3</span>Instead, we are trying to see in the world what is in our minds, and what we want to recognize is there.</span> <span data-sentence-id=\"432#2:4\"><span class=\"snr\">4</span>Thus, we are trying to join with what we see, rather than keeping it apart from us.</span> <span data-sentence-id=\"432#2:5\"><span class=\"snr\">5</span>That is the fundamental difference between vision and the way you see.</span></p></div> <div data-paragraph-id=\"432#3\"><p class=\"p-normal\"><span class=\"pnr\">3.</span> <span data-sentence-id=\"432#3:1\"><span class=\"snr noprint\">1</span>Today’s idea should be applied as often as possible throughout the day.</span> <span data-sentence-id=\"432#3:2\"><span class=\"snr\">2</span>Whenever you have a moment or so, repeat it to yourself slowly, looking about you, and trying to realize that the idea applies to everything you do see now, or could see now if it were within the range of your sight.</span></p></div> <div data-paragraph-id=\"432#4\"><p class=\"p-normal\"><span class=\"pnr\">4.</span> <span data-sentence-id=\"432#4:1\"><span class=\"snr noprint\">1</span>Real vision is not limited to concepts such as “near” and “far.”</span> <span data-sentence-id=\"432#4:2\"><span class=\"snr\">2</span>To help you begin to get used to this idea, try to think of things beyond your present range as well as those you can actually see, as you apply today’s idea.</span></p></div> <div data-paragraph-id=\"432#5\"><p class=\"p-normal\"><span class=\"pnr\">5.</span> <span data-sentence-id=\"432#5:1\"><span class=\"snr noprint\">1</span>Real vision is not only unlimited by space and distance, but it does not depend on the body’s eyes at all.</span> <span data-sentence-id=\"432#5:2\"><span class=\"snr\">2</span>The mind is its only source.</span> <span data-sentence-id=\"432#5:3\"><span class=\"snr\">3</span>To aid in helping you to become more accustomed to this idea as well, devote several practice periods to applying today’s idea with your eyes closed, using whatever subjects come to mind, and looking within rather than without.</span> <span data-sentence-id=\"432#5:4\"><span class=\"snr\">4</span>Today’s idea applies equally to both.</span></p></div> </div>","firstWords":"The idea for today is the springboard for vision. From this idea will the world open up before you, and you will look upon it and see in it what you have never seen before. Nor will what you saw","contentType":"acim-content","seoTitle":"Lesson 30: God is in everything I see because… | ACIM","seoDescription":"✨ A Course in Miracles with 🎧 Audio! Read and listen to Lesson 30 “God is in everything I see because God is in my mind”: The idea for today is the springboard for vision. From this…","desktopBreadcrumbs":[{"label":"Workbook","leadsTo":{"locale":"en","sectionId":401,"slugs":["workbook","introduction"],"forceToc":true}},{"label":"Part I","leadsTo":{"locale":"en","sectionId":403,"slugs":["lesson-1","nothing-i-see-means-anything"],"forceToc":true}},{"label":"Lesson 30","leadsTo":{"locale":"en","sectionId":432,"slugs":["lesson-30","god-is-in-everything-i-see-because-god-is-in-my-mind"]}}],"mobileBreadcrumbs":[{"label":"Workbook","leadsTo":{"locale":"en","sectionId":401,"slugs":["workbook","introduction"],"forceToc":true}},{"label":"Part I","leadsTo":{"locale":"en","sectionId":403,"slugs":["lesson-1","nothing-i-see-means-anything"],"forceToc":true}},{"label":"Lesson 30","leadsTo":{"locale":"en","sectionId":432,"slugs":["lesson-30","god-is-in-everything-i-see-because-god-is-in-my-mind"]}}],"seoBreadcrumbs":[{"label":"A Course in Miracles","leadsTo":"dashboard"},{"label":"Workbook","leadsTo":{"locale":"en","sectionId":401,"slugs":["workbook","introduction"],"forceToc":true}},{"label":"Part I","leadsTo":{"locale":"en","sectionId":403,"slugs":["lesson-1","nothing-i-see-means-anything"],"forceToc":true}},{"label":"Lesson 30","leadsTo":{"locale":"en","sectionId":432,"slugs":["lesson-30","god-is-in-everything-i-see-because-god-is-in-my-mind"]}}],"slugs":["lesson-30","god-is-in-everything-i-see-because-god-is-in-my-mind"],"canonicalLink":"https://acim.org/acim/lesson-30/god-is-in-everything-i-see-because-god-is-in-my-mind/en/s/432","link":"https://acim.org/acim/lesson-30/god-is-in-everything-i-see-because-god-is-in-my-mind/en/s/432","shortLink":"https://acim.org/acim/en/s/432","previousSectionId":431,"previousSectionSlugs":["lesson-29","god-is-in-everything-i-see"],"previousSectionLink":"https://acim.org/acim/lesson-29/god-is-in-everything-i-see/en/s/431","nextSectionId":433,"nextSectionSlugs":["lesson-31","i-am-not-the-victim-of-the-world-i-see"],"nextSectionLink":"https://acim.org/acim/lesson-31/i-am-not-the-victim-of-the-world-i-see/en/s/433","hreflangLinks":[{"hrefLang":"en","link":"https://acim.org/acim/en/s/432"}]}