{"sectionId":440,"sectionIdLiteral":"440","humanId":"lesson-38","volumeId":"workbook","locale":"en","titleInfo":{"title":"There is nothing my holiness cannot do.","ownlineNumber":"Lesson 38"},"annotation":"W-38","bodyHtml":"<div class=\"acim-text lesson-38\"> <div data-paragraph-id=\"440#1\"><p class=\"p-normal\"><span class=\"pnr\">1.</span> <span data-sentence-id=\"440#1:1\"><span class=\"snr noprint\">1</span>Your holiness reverses all the laws of the world.</span> <span data-sentence-id=\"440#1:2\"><span class=\"snr\">2</span>It is beyond every restriction of time, space, distance and limits of any kind.</span> <span data-sentence-id=\"440#1:3\"><span class=\"snr\">3</span>Your holiness is totally unlimited in its power because it establishes you as a Son of God, at one with the Mind of his Creator.</span></p></div> <div data-paragraph-id=\"440#2\"><p class=\"p-normal\"><span class=\"pnr\">2.</span> <span data-sentence-id=\"440#2:1\"><span class=\"snr noprint\">1</span>Through your holiness the power of God is made manifest.</span> <span data-sentence-id=\"440#2:2\"><span class=\"snr\">2</span>Through your holiness the power of God is made available.</span> <span data-sentence-id=\"440#2:3\"><span class=\"snr\">3</span>And there is nothing the power of God cannot do.</span> <span data-sentence-id=\"440#2:4\"><span class=\"snr\">4</span>Your holiness, then, can remove all pain, can end all sorrow, and can solve all problems.</span> <span data-sentence-id=\"440#2:5\"><span class=\"snr\">5</span>It can do so in connection with yourself and with anyone else.</span> <span data-sentence-id=\"440#2:6\"><span class=\"snr\">6</span>It is equal in its power to help anyone because it is equal in its power to save anyone.</span></p></div> <div data-paragraph-id=\"440#3\"><p class=\"p-normal\"><span class=\"pnr\">3.</span> <span data-sentence-id=\"440#3:1\"><span class=\"snr noprint\">1</span>If you are holy, so is everything God created.</span> <span data-sentence-id=\"440#3:2\"><span class=\"snr\">2</span>You are holy because all things He created are holy.</span> <span data-sentence-id=\"440#3:3\"><span class=\"snr\">3</span>And all things He created are holy because you are.</span> <span data-sentence-id=\"440#3:4\"><span class=\"snr\">4</span>In today’s exercises, we will apply the power of your holiness to all problems, difficulties or suffering in any form that you happen to think of, in yourself or in someone else.</span> <span data-sentence-id=\"440#3:5\"><span class=\"snr\">5</span>We will make no distinctions because there are no distinctions.</span></p></div> <div data-paragraph-id=\"440#4\"><p class=\"p-normal\"><span class=\"pnr\">4.</span> <span data-sentence-id=\"440#4:1\"><span class=\"snr noprint\">1</span>In the four longer practice periods, each preferably to last a full five minutes, repeat the idea for today, close your eyes, and then search your mind for any sense of loss or unhappiness of any kind as you see it.</span> <span data-sentence-id=\"440#4:2\"><span class=\"snr\">2</span>Try to make as little distinction as possible between a situation that is difficult for you, and one that is difficult for someone else.</span> <span data-sentence-id=\"440#4:3\"><span class=\"snr\">3</span>Identify the situation specifically, and also the name of the person concerned.</span> <span data-sentence-id=\"440#4:4\"><span class=\"snr\">4</span>Use this form in applying the idea for today:</span></p> <p class=\"p-prayer\"><span data-sentence-id=\"440#4:5\"><span class=\"snr\">5</span>In the situation involving _________ in which I see myself, there is nothing that my holiness cannot do.<br/></span> <span data-sentence-id=\"440#4:6\"><span class=\"snr\">6</span>In the situation involving _________ in which _________ sees himself, there is nothing my holiness cannot do.</span></p></div> <div data-paragraph-id=\"440#5\"><p class=\"p-normal\"><span class=\"pnr\">5.</span> <span data-sentence-id=\"440#5:1\"><span class=\"snr noprint\">1</span>From time to time you may want to vary this procedure, and add some relevant thoughts of your own.</span> <span data-sentence-id=\"440#5:2\"><span class=\"snr\">2</span>You might like, for example, to include thoughts such as:</span></p> <p class=\"p-prayer\"><span data-sentence-id=\"440#5:3\"><span class=\"snr\">3</span>There is nothing my holiness cannot do because the power of God lies in it.</span></p> <p class=\"p-normal\"><span data-sentence-id=\"440#5:4\"><span class=\"snr\">4</span>Introduce whatever variations appeal to you, but keep the exercises focused on the theme, “There is nothing my holiness cannot do.”</span> <span data-sentence-id=\"440#5:5\"><span class=\"snr\">5</span>The purpose of today’s exercises is to begin to instill in you a sense that you have dominion over all things because of what you are.</span></p></div> <div data-paragraph-id=\"440#6\"><p class=\"p-normal\"><span class=\"pnr\">6.</span> <span data-sentence-id=\"440#6:1\"><span class=\"snr noprint\">1</span>In the frequent shorter applications, apply the idea in its original form unless a specific problem concerning you or someone else arises, or comes to mind.</span> <span data-sentence-id=\"440#6:2\"><span class=\"snr\">2</span>In that event, use the more specific form in applying the idea to it.</span></p></div> </div>","firstWords":"Your holiness reverses all the laws of the world. It is beyond every restriction of time, space, distance and limits of any kind. Your holiness is totally unlimited in its power because it","contentType":"acim-content","seoTitle":"Lesson 38: There is nothing my holiness cannot… | ACIM","seoDescription":"✨ A Course in Miracles with 🎧 Audio! Read and listen to Lesson 38 “There is nothing my holiness cannot do”: Your holiness reverses all the laws of the world. It is beyond every…","desktopBreadcrumbs":[{"label":"Workbook","leadsTo":{"locale":"en","sectionId":401,"slugs":["workbook","introduction"],"forceToc":true}},{"label":"Part I","leadsTo":{"locale":"en","sectionId":403,"slugs":["lesson-1","nothing-i-see-means-anything"],"forceToc":true}},{"label":"Lesson 38","leadsTo":{"locale":"en","sectionId":440,"slugs":["lesson-38","there-is-nothing-my-holiness-cannot-do"]}}],"mobileBreadcrumbs":[{"label":"Workbook","leadsTo":{"locale":"en","sectionId":401,"slugs":["workbook","introduction"],"forceToc":true}},{"label":"Part I","leadsTo":{"locale":"en","sectionId":403,"slugs":["lesson-1","nothing-i-see-means-anything"],"forceToc":true}},{"label":"Lesson 38","leadsTo":{"locale":"en","sectionId":440,"slugs":["lesson-38","there-is-nothing-my-holiness-cannot-do"]}}],"seoBreadcrumbs":[{"label":"A Course in Miracles","leadsTo":"dashboard"},{"label":"Workbook","leadsTo":{"locale":"en","sectionId":401,"slugs":["workbook","introduction"],"forceToc":true}},{"label":"Part I","leadsTo":{"locale":"en","sectionId":403,"slugs":["lesson-1","nothing-i-see-means-anything"],"forceToc":true}},{"label":"Lesson 38","leadsTo":{"locale":"en","sectionId":440,"slugs":["lesson-38","there-is-nothing-my-holiness-cannot-do"]}}],"slugs":["lesson-38","there-is-nothing-my-holiness-cannot-do"],"canonicalLink":"https://acim.org/acim/lesson-38/there-is-nothing-my-holiness-cannot-do/en/s/440","link":"https://acim.org/acim/lesson-38/there-is-nothing-my-holiness-cannot-do/en/s/440","shortLink":"https://acim.org/acim/en/s/440","previousSectionId":439,"previousSectionSlugs":["lesson-37","my-holiness-blesses-the-world"],"previousSectionLink":"https://acim.org/acim/lesson-37/my-holiness-blesses-the-world/en/s/439","nextSectionId":441,"nextSectionSlugs":["lesson-39","my-holiness-is-my-salvation"],"nextSectionLink":"https://acim.org/acim/lesson-39/my-holiness-is-my-salvation/en/s/441","hreflangLinks":[{"hrefLang":"en","link":"https://acim.org/acim/en/s/440"}]}