{"sectionId":441,"sectionIdLiteral":"441","humanId":"lesson-39","volumeId":"workbook","locale":"en","titleInfo":{"title":"My holiness is my salvation.","ownlineNumber":"Lesson 39"},"annotation":"W-39","bodyHtml":"<div class=\"acim-text lesson-39\"> <div data-paragraph-id=\"441#1\"><p class=\"p-normal\"><span class=\"pnr\">1.</span> <span data-sentence-id=\"441#1:1\"><span class=\"snr noprint\">1</span>If guilt is hell, what is its opposite?</span> <span data-sentence-id=\"441#1:2\"><span class=\"snr\">2</span>Like the text for which this workbook was written, the ideas used for the exercises are very simple, very clear and totally unambiguous.</span> <span data-sentence-id=\"441#1:3\"><span class=\"snr\">3</span>We are not concerned with intellectual feats nor logical toys.</span> <span data-sentence-id=\"441#1:4\"><span class=\"snr\">4</span>We are dealing only in the very obvious, which has been overlooked in the clouds of complexity in which you think you think.</span></p></div> <div data-paragraph-id=\"441#2\"><p class=\"p-normal\"><span class=\"pnr\">2.</span> <span data-sentence-id=\"441#2:1\"><span class=\"snr noprint\">1</span>If guilt is hell, what is its opposite?</span> <span data-sentence-id=\"441#2:2\"><span class=\"snr\">2</span>This is not difficult, surely.</span> <span data-sentence-id=\"441#2:3\"><span class=\"snr\">3</span>The hesitation you may feel in answering is not due to the ambiguity of the question.</span> <span data-sentence-id=\"441#2:4\"><span class=\"snr\">4</span>But do you believe that guilt is hell?</span> <span data-sentence-id=\"441#2:5\"><span class=\"snr\">5</span>If you did, you would see at once how direct and simple the text is, and you would not need a workbook at all.</span> <span data-sentence-id=\"441#2:6\"><span class=\"snr\">6</span>No one needs practice to gain what is already his.</span></p></div> <div data-paragraph-id=\"441#3\"><p class=\"p-normal\"><span class=\"pnr\">3.</span> <span data-sentence-id=\"441#3:1\"><span class=\"snr noprint\">1</span>We have already said that your holiness is the salvation of the world.</span> <span data-sentence-id=\"441#3:2\"><span class=\"snr\">2</span>What about your own salvation?</span> <span data-sentence-id=\"441#3:3\"><span class=\"snr\">3</span>You cannot give what you do not have.</span> <span data-sentence-id=\"441#3:4\"><span class=\"snr\">4</span>A savior must be saved.</span> <span data-sentence-id=\"441#3:5\"><span class=\"snr\">5</span>How else can he teach salvation?</span> <span data-sentence-id=\"441#3:6\"><span class=\"snr\">6</span>Today’s exercises will apply to you, recognizing that your salvation is crucial to the salvation of the world.</span> <span data-sentence-id=\"441#3:7\"><span class=\"snr\">7</span>As you apply the exercises to your world, the whole world stands to benefit.</span></p></div> <div data-paragraph-id=\"441#4\"><p class=\"p-normal\"><span class=\"pnr\">4.</span> <span data-sentence-id=\"441#4:1\"><span class=\"snr noprint\">1</span>Your holiness is the answer to every question that was ever asked, is being asked now, or will be asked in the future.</span> <span data-sentence-id=\"441#4:2\"><span class=\"snr\">2</span>Your holiness means the end of guilt, and therefore the end of hell.</span> <span data-sentence-id=\"441#4:3\"><span class=\"snr\">3</span>Your holiness is the salvation of the world, and your own.</span> <span data-sentence-id=\"441#4:4\"><span class=\"snr\">4</span>How could you to whom your holiness belongs be excluded from it?</span> <span data-sentence-id=\"441#4:5\"><span class=\"snr\">5</span>God does not know unholiness.</span> <span data-sentence-id=\"441#4:6\"><span class=\"snr\">6</span>Can it be He does not know His Son?</span></p></div> <div data-paragraph-id=\"441#5\"><p class=\"p-normal\"><span class=\"pnr\">5.</span> <span data-sentence-id=\"441#5:1\"><span class=\"snr noprint\">1</span>A full five minutes are urged for the four longer practice periods for today, and longer and more frequent practice sessions are encouraged.</span> <span data-sentence-id=\"441#5:2\"><span class=\"snr\">2</span>If you want to exceed the minimum requirements, more rather than longer sessions are recommended, although both are suggested.</span></p></div> <div data-paragraph-id=\"441#6\"><p class=\"p-normal\"><span class=\"pnr\">6.</span> <span data-sentence-id=\"441#6:1\"><span class=\"snr noprint\">1</span>Begin the practice periods as usual, by repeating today’s idea to yourself.</span> <span data-sentence-id=\"441#6:2\"><span class=\"snr\">2</span>Then, with closed eyes, search out your unloving thoughts in whatever form they appear; uneasiness, depression, anger, fear, worry, attack, insecurity and so on.</span> <span data-sentence-id=\"441#6:3\"><span class=\"snr\">3</span>Whatever form they take, they are unloving and therefore fearful.</span> <span data-sentence-id=\"441#6:4\"><span class=\"snr\">4</span>And so it is from them that you need to be saved.</span></p></div> <div data-paragraph-id=\"441#7\"><p class=\"p-normal\"><span class=\"pnr\">7.</span> <span data-sentence-id=\"441#7:1\"><span class=\"snr noprint\">1</span>Specific situations, events or personalities you associate with unloving thoughts of any kind are suitable subjects for today’s exercises.</span> <span data-sentence-id=\"441#7:2\"><span class=\"snr\">2</span>It is imperative for your salvation that you see them differently.</span> <span data-sentence-id=\"441#7:3\"><span class=\"snr\">3</span>And it is your blessing on them that will save you and give you vision.</span></p></div> <div data-paragraph-id=\"441#8\"><p class=\"p-normal\"><span class=\"pnr\">8.</span> <span data-sentence-id=\"441#8:1\"><span class=\"snr noprint\">1</span>Slowly, without conscious selection and without undue emphasis on any one in particular, search your mind for every thought that stands between you and your salvation.</span> <span data-sentence-id=\"441#8:2\"><span class=\"snr\">2</span>Apply the idea for today to each of them in this way:</span></p> <p class=\"p-prayer\"><span data-sentence-id=\"441#8:3\"><span class=\"snr\">3</span>My unloving thoughts about _________ are keeping me in hell.</span> <span data-sentence-id=\"441#8:4\"><span class=\"snr\">4</span>My holiness is my salvation.</span></p></div> <div data-paragraph-id=\"441#9\"><p class=\"p-normal\"><span class=\"pnr\">9.</span> <span data-sentence-id=\"441#9:1\"><span class=\"snr noprint\">1</span>You may find these practice periods easier if you intersperse them with several short periods during which you merely repeat today’s idea to yourself slowly a few times.</span> <span data-sentence-id=\"441#9:2\"><span class=\"snr\">2</span>You may also find it helpful to include a few short intervals in which you just relax and do not seem to be thinking of anything.</span> <span data-sentence-id=\"441#9:3\"><span class=\"snr\">3</span>Sustained concentration is very difficult at first.</span> <span data-sentence-id=\"441#9:4\"><span class=\"snr\">4</span>It will become much easier as your mind becomes more disciplined and less distractible.</span></p></div> <div data-paragraph-id=\"441#10\"><p class=\"p-normal\"><span class=\"pnr\">10.</span> <span data-sentence-id=\"441#10:1\"><span class=\"snr noprint\">1</span>Meanwhile, you should feel free to introduce variety into the exercise periods in whatever form appeals to you.</span> <span data-sentence-id=\"441#10:2\"><span class=\"snr\">2</span>Do not, however, change the idea itself as you vary the method of applying it.</span> <span data-sentence-id=\"441#10:3\"><span class=\"snr\">3</span>However you elect to use it, the idea should be stated so that its meaning is the fact that your holiness is your salvation.</span> <span data-sentence-id=\"441#10:4\"><span class=\"snr\">4</span>End each practice period by repeating the idea in its original form once more, and adding:</span></p> <p class=\"p-prayer\"><span data-sentence-id=\"441#10:5\"><span class=\"snr\">5</span>If guilt is hell, what is its opposite?</span></p></div> <div data-paragraph-id=\"441#11\"><p class=\"p-normal\"><span class=\"pnr\">11.</span> <span data-sentence-id=\"441#11:1\"><span class=\"snr noprint\">1</span>In the shorter applications, which should be made some three or four times an hour and more if possible, you may ask yourself this question, repeat today’s idea, and preferably both.</span> <span data-sentence-id=\"441#11:2\"><span class=\"snr\">2</span>If temptations arise, a particularly helpful form of the idea is:</span></p> <p class=\"p-prayer\"><span data-sentence-id=\"441#11:3\"><span class=\"snr\">3</span>My holiness is my salvation from this.</span></p></div> </div>","firstWords":"If guilt is hell, what is its opposite? Like the text for which this workbook was written, the ideas used for the exercises are very simple, very clear and totally unambiguous. We are not concerned","contentType":"acim-content","seoTitle":"Lesson 39: My holiness is my salvation | ACIM","seoDescription":"✨ A Course in Miracles with 🎧 Audio! Read and listen to Lesson 39 “My holiness is my salvation”: If guilt is hell, what is its opposite? Like the text for which this workbook was…","desktopBreadcrumbs":[{"label":"Workbook","leadsTo":{"locale":"en","sectionId":401,"slugs":["workbook","introduction"],"forceToc":true}},{"label":"Part I","leadsTo":{"locale":"en","sectionId":403,"slugs":["lesson-1","nothing-i-see-means-anything"],"forceToc":true}},{"label":"Lesson 39","leadsTo":{"locale":"en","sectionId":441,"slugs":["lesson-39","my-holiness-is-my-salvation"]}}],"mobileBreadcrumbs":[{"label":"Workbook","leadsTo":{"locale":"en","sectionId":401,"slugs":["workbook","introduction"],"forceToc":true}},{"label":"Part I","leadsTo":{"locale":"en","sectionId":403,"slugs":["lesson-1","nothing-i-see-means-anything"],"forceToc":true}},{"label":"Lesson 39","leadsTo":{"locale":"en","sectionId":441,"slugs":["lesson-39","my-holiness-is-my-salvation"]}}],"seoBreadcrumbs":[{"label":"A Course in Miracles","leadsTo":"dashboard"},{"label":"Workbook","leadsTo":{"locale":"en","sectionId":401,"slugs":["workbook","introduction"],"forceToc":true}},{"label":"Part I","leadsTo":{"locale":"en","sectionId":403,"slugs":["lesson-1","nothing-i-see-means-anything"],"forceToc":true}},{"label":"Lesson 39","leadsTo":{"locale":"en","sectionId":441,"slugs":["lesson-39","my-holiness-is-my-salvation"]}}],"slugs":["lesson-39","my-holiness-is-my-salvation"],"canonicalLink":"https://acim.org/acim/lesson-39/my-holiness-is-my-salvation/en/s/441","link":"https://acim.org/acim/lesson-39/my-holiness-is-my-salvation/en/s/441","shortLink":"https://acim.org/acim/en/s/441","previousSectionId":440,"previousSectionSlugs":["lesson-38","there-is-nothing-my-holiness-cannot-do"],"previousSectionLink":"https://acim.org/acim/lesson-38/there-is-nothing-my-holiness-cannot-do/en/s/440","nextSectionId":442,"nextSectionSlugs":["lesson-40","i-am-blessed-as-a-son-of-god"],"nextSectionLink":"https://acim.org/acim/lesson-40/i-am-blessed-as-a-son-of-god/en/s/442","hreflangLinks":[{"hrefLang":"en","link":"https://acim.org/acim/en/s/441"}]}