{"sectionId":444,"sectionIdLiteral":"444","humanId":"lesson-42","volumeId":"workbook","locale":"en","titleInfo":{"title":"God is my strength. Vision is His gift.","ownlineNumber":"Lesson 42"},"annotation":"W-42","bodyHtml":"<div class=\"acim-text lesson-42\"> <div data-paragraph-id=\"444#1\"><p class=\"p-normal\"><span class=\"pnr\">1.</span> <span data-sentence-id=\"444#1:1\"><span class=\"snr noprint\">1</span>The idea for today combines two very powerful thoughts, both of major importance.</span> <span data-sentence-id=\"444#1:2\"><span class=\"snr\">2</span>It also sets forth a cause and effect relationship that explains why you cannot fail in your efforts to achieve the goal of the course.</span> <span data-sentence-id=\"444#1:3\"><span class=\"snr\">3</span>You will see because it is the Will of God.</span> <span data-sentence-id=\"444#1:4\"><span class=\"snr\">4</span>It is His strength, not your own, that gives you power.</span> <span data-sentence-id=\"444#1:5\"><span class=\"snr\">5</span>And it is His gift, rather than your own, that offers vision to you.</span></p></div> <div data-paragraph-id=\"444#2\"><p class=\"p-normal\"><span class=\"pnr\">2.</span> <span data-sentence-id=\"444#2:1\"><span class=\"snr noprint\">1</span>God is indeed your strength, and what He gives is truly given.</span> <span data-sentence-id=\"444#2:2\"><span class=\"snr\">2</span>This means that you can receive it any time and anywhere, wherever you are, and in whatever circumstance you find yourself.</span> <span data-sentence-id=\"444#2:3\"><span class=\"snr\">3</span>Your passage through time and space is not at random.</span> <span data-sentence-id=\"444#2:4\"><span class=\"snr\">4</span>You cannot but be in the right place at the right time.</span> <span data-sentence-id=\"444#2:5\"><span class=\"snr\">5</span>Such is the strength of God.</span> <span data-sentence-id=\"444#2:6\"><span class=\"snr\">6</span>Such are His gifts.</span></p></div> <div data-paragraph-id=\"444#3\"><p class=\"p-normal\"><span class=\"pnr\">3.</span> <span data-sentence-id=\"444#3:1\"><span class=\"snr noprint\">1</span>We will have two three-to-five-minute practice periods today, one as soon as possible after you wake, and another as close as possible to the time you go to sleep.</span> <span data-sentence-id=\"444#3:2\"><span class=\"snr\">2</span>It is better, however, to wait until you can sit quietly by yourself, at a time when you feel ready, than it is to be concerned with the time as such.</span></p></div> <div data-paragraph-id=\"444#4\"><p class=\"p-normal\"><span class=\"pnr\">4.</span> <span data-sentence-id=\"444#4:1\"><span class=\"snr noprint\">1</span>Begin these practice periods by repeating the idea for today slowly, with your eyes open, looking about you.</span> <span data-sentence-id=\"444#4:2\"><span class=\"snr\">2</span>Then close your eyes and repeat the idea again, even slower than before.</span> <span data-sentence-id=\"444#4:3\"><span class=\"snr\">3</span>After this, try to think of nothing except thoughts that occur to you in relation to the idea for the day.</span> <span data-sentence-id=\"444#4:4\"><span class=\"snr\">4</span>You might think, for example:</span></p> <p class=\"p-prayer\"><span data-sentence-id=\"444#4:5\"><span class=\"snr\">5</span>Vision must be possible.</span> <span data-sentence-id=\"444#4:6\"><span class=\"snr\">6</span>God gives truly,</span></p> <p class=\"p-normal\"><span data-sentence-id=\"444#4:6\">or:</span></p> <p class=\"p-prayer\"><span data-sentence-id=\"444#4:7\"><span class=\"snr\">7</span>God’s gifts to me must be mine, because He gave them to me.</span></p></div> <div data-paragraph-id=\"444#5\"><p class=\"p-normal\"><span class=\"pnr\">5.</span> <span data-sentence-id=\"444#5:1\"><span class=\"snr noprint\">1</span>Any thought that is clearly related to the idea for today is suitable.</span> <span data-sentence-id=\"444#5:2\"><span class=\"snr\">2</span>You may, in fact, be astonished at the amount of course-related understanding some of your thoughts contain.</span> <span data-sentence-id=\"444#5:3\"><span class=\"snr\">3</span>Let them come without censoring unless you find your mind is merely wandering, and you have let obviously irrelevant thoughts intrude.</span> <span data-sentence-id=\"444#5:4\"><span class=\"snr\">4</span>You may also reach a point where no thoughts at all seem to come to mind.</span> <span data-sentence-id=\"444#5:5\"><span class=\"snr\">5</span>If such interferences occur, open your eyes and repeat the thought once more while looking slowly about; close your eyes, repeat the idea once more, and then continue to look for related thoughts in your mind.</span></p></div> <div data-paragraph-id=\"444#6\"><p class=\"p-normal\"><span class=\"pnr\">6.</span> <span data-sentence-id=\"444#6:1\"><span class=\"snr noprint\">1</span>Remember, however, that active searching for relevant thoughts is not appropriate for today’s exercises.</span> <span data-sentence-id=\"444#6:2\"><span class=\"snr\">2</span>Try merely to step back and let the thoughts come.</span> <span data-sentence-id=\"444#6:3\"><span class=\"snr\">3</span>If you find this difficult, it is better to spend the practice period alternating between slow repetitions of the idea with eyes open, then with eyes closed, than it is to strain to find suitable thoughts.</span></p></div> <div data-paragraph-id=\"444#7\"><p class=\"p-normal\"><span class=\"pnr\">7.</span> <span data-sentence-id=\"444#7:1\"><span class=\"snr noprint\">1</span>There is no limit on the number of short practice periods that would be beneficial today.</span> <span data-sentence-id=\"444#7:2\"><span class=\"snr\">2</span>The idea for the day is a beginning step in bringing thoughts together, and teaching you that you are studying a unified thought system in which nothing is lacking that is needed, and nothing is included that is contradictory or irrelevant.</span></p></div> <div data-paragraph-id=\"444#8\"><p class=\"p-normal\"><span class=\"pnr\">8.</span> <span data-sentence-id=\"444#8:1\"><span class=\"snr noprint\">1</span>The more often you repeat the idea during the day, the more often you will be reminding yourself that the goal of the course is important to you, and that you have not forgotten it.</span></p></div> </div>","firstWords":"The idea for today combines two very powerful thoughts, both of major importance. It also sets forth a cause and effect relationship that explains why you cannot fail in your efforts to achieve the","contentType":"acim-content","seoTitle":"Lesson 42: God is my strength. Vision is His… | ACIM","seoDescription":"✨ A Course in Miracles with 🎧 Audio! Read and listen to Lesson 42 “God is my strength. Vision is His gift”: The idea for today combines two very powerful thoughts, both of major…","desktopBreadcrumbs":[{"label":"Workbook","leadsTo":{"locale":"en","sectionId":401,"slugs":["workbook","introduction"],"forceToc":true}},{"label":"Part I","leadsTo":{"locale":"en","sectionId":403,"slugs":["lesson-1","nothing-i-see-means-anything"],"forceToc":true}},{"label":"Lesson 42","leadsTo":{"locale":"en","sectionId":444,"slugs":["lesson-42","god-is-my-strength-vision-is-his-gift"]}}],"mobileBreadcrumbs":[{"label":"Workbook","leadsTo":{"locale":"en","sectionId":401,"slugs":["workbook","introduction"],"forceToc":true}},{"label":"Part I","leadsTo":{"locale":"en","sectionId":403,"slugs":["lesson-1","nothing-i-see-means-anything"],"forceToc":true}},{"label":"Lesson 42","leadsTo":{"locale":"en","sectionId":444,"slugs":["lesson-42","god-is-my-strength-vision-is-his-gift"]}}],"seoBreadcrumbs":[{"label":"A Course in Miracles","leadsTo":"dashboard"},{"label":"Workbook","leadsTo":{"locale":"en","sectionId":401,"slugs":["workbook","introduction"],"forceToc":true}},{"label":"Part I","leadsTo":{"locale":"en","sectionId":403,"slugs":["lesson-1","nothing-i-see-means-anything"],"forceToc":true}},{"label":"Lesson 42","leadsTo":{"locale":"en","sectionId":444,"slugs":["lesson-42","god-is-my-strength-vision-is-his-gift"]}}],"slugs":["lesson-42","god-is-my-strength-vision-is-his-gift"],"canonicalLink":"https://acim.org/acim/lesson-42/god-is-my-strength-vision-is-his-gift/en/s/444","link":"https://acim.org/acim/lesson-42/god-is-my-strength-vision-is-his-gift/en/s/444","shortLink":"https://acim.org/acim/en/s/444","previousSectionId":443,"previousSectionSlugs":["lesson-41","god-goes-with-me-wherever-i-go"],"previousSectionLink":"https://acim.org/acim/lesson-41/god-goes-with-me-wherever-i-go/en/s/443","nextSectionId":445,"nextSectionSlugs":["lesson-43","god-is-my-source-i-cannot-see-apart-from-him"],"nextSectionLink":"https://acim.org/acim/lesson-43/god-is-my-source-i-cannot-see-apart-from-him/en/s/445","hreflangLinks":[{"hrefLang":"en","link":"https://acim.org/acim/en/s/444"}]}