{"sectionId":450,"sectionIdLiteral":"450","humanId":"lesson-48","volumeId":"workbook","locale":"en","titleInfo":{"title":"There is nothing to fear.","ownlineNumber":"Lesson 48"},"annotation":"W-48","bodyHtml":"<div class=\"acim-text lesson-48\"> <div data-paragraph-id=\"450#1\"><p class=\"p-normal\"><span class=\"pnr\">1.</span> <span data-sentence-id=\"450#1:1\"><span class=\"snr noprint\">1</span>The idea for today simply states a fact.</span> <span data-sentence-id=\"450#1:2\"><span class=\"snr\">2</span>It is not a fact to those who believe in illusions, but illusions are not facts.</span> <span data-sentence-id=\"450#1:3\"><span class=\"snr\">3</span>In truth there is nothing to fear.</span> <span data-sentence-id=\"450#1:4\"><span class=\"snr\">4</span>It is very easy to recognize this.</span> <span data-sentence-id=\"450#1:5\"><span class=\"snr\">5</span>But it is very difficult to recognize it for those who want illusions to be true.</span></p></div> <div data-paragraph-id=\"450#2\"><p class=\"p-normal\"><span class=\"pnr\">2.</span> <span data-sentence-id=\"450#2:1\"><span class=\"snr noprint\">1</span>Today’s practice periods will be very short, very simple and very frequent.</span> <span data-sentence-id=\"450#2:2\"><span class=\"snr\">2</span>Merely repeat the idea as often as possible.</span> <span data-sentence-id=\"450#2:3\"><span class=\"snr\">3</span>You can use it with your eyes open at any time and in any situation.</span> <span data-sentence-id=\"450#2:4\"><span class=\"snr\">4</span>It is strongly recommended, however, that you take a minute or so whenever possible to close your eyes and repeat the idea slowly to yourself several times.</span> <span data-sentence-id=\"450#2:5\"><span class=\"snr\">5</span>It is particularly important that you use the idea immediately, should anything disturb your peace of mind.</span></p></div> <div data-paragraph-id=\"450#3\"><p class=\"p-normal\"><span class=\"pnr\">3.</span> <span data-sentence-id=\"450#3:1\"><span class=\"snr noprint\">1</span>The presence of fear is a sure sign that you are trusting in your own strength.</span> <span data-sentence-id=\"450#3:2\"><span class=\"snr\">2</span>The awareness that there is nothing to fear shows that somewhere in your mind, though not necessarily in a place you recognize as yet, you have remembered God, and let His strength take the place of your weakness.</span> <span data-sentence-id=\"450#3:3\"><span class=\"snr\">3</span>The instant you are willing to do this there is indeed nothing to fear.</span></p></div> </div>","firstWords":"The idea for today simply states a fact. It is not a fact to those who believe in illusions, but illusions are not facts. In truth there is nothing to fear. It is very easy to recognize this. But it","contentType":"acim-content","seoTitle":"Lesson 48: There is nothing to fear | ACIM","seoDescription":"✨ A Course in Miracles with 🎧 Audio! Read and listen to Lesson 48 “There is nothing to fear”: The idea for today simply states a fact. It is not a fact to those who believe in…","desktopBreadcrumbs":[{"label":"Workbook","leadsTo":{"locale":"en","sectionId":401,"slugs":["workbook","introduction"],"forceToc":true}},{"label":"Part I","leadsTo":{"locale":"en","sectionId":403,"slugs":["lesson-1","nothing-i-see-means-anything"],"forceToc":true}},{"label":"Lesson 48","leadsTo":{"locale":"en","sectionId":450,"slugs":["lesson-48","there-is-nothing-to-fear"]}}],"mobileBreadcrumbs":[{"label":"Workbook","leadsTo":{"locale":"en","sectionId":401,"slugs":["workbook","introduction"],"forceToc":true}},{"label":"Part I","leadsTo":{"locale":"en","sectionId":403,"slugs":["lesson-1","nothing-i-see-means-anything"],"forceToc":true}},{"label":"Lesson 48","leadsTo":{"locale":"en","sectionId":450,"slugs":["lesson-48","there-is-nothing-to-fear"]}}],"seoBreadcrumbs":[{"label":"A Course in Miracles","leadsTo":"dashboard"},{"label":"Workbook","leadsTo":{"locale":"en","sectionId":401,"slugs":["workbook","introduction"],"forceToc":true}},{"label":"Part I","leadsTo":{"locale":"en","sectionId":403,"slugs":["lesson-1","nothing-i-see-means-anything"],"forceToc":true}},{"label":"Lesson 48","leadsTo":{"locale":"en","sectionId":450,"slugs":["lesson-48","there-is-nothing-to-fear"]}}],"slugs":["lesson-48","there-is-nothing-to-fear"],"canonicalLink":"https://acim.org/acim/lesson-48/there-is-nothing-to-fear/en/s/450","link":"https://acim.org/acim/lesson-48/there-is-nothing-to-fear/en/s/450","shortLink":"https://acim.org/acim/en/s/450","previousSectionId":449,"previousSectionSlugs":["lesson-47","god-is-the-strength-in-which-i-trust"],"previousSectionLink":"https://acim.org/acim/lesson-47/god-is-the-strength-in-which-i-trust/en/s/449","nextSectionId":451,"nextSectionSlugs":["lesson-49","gods-voice-speaks-to-me-all-through-the-day"],"nextSectionLink":"https://acim.org/acim/lesson-49/gods-voice-speaks-to-me-all-through-the-day/en/s/451","hreflangLinks":[{"hrefLang":"en","link":"https://acim.org/acim/en/s/450"}]}