{"sectionId":453,"sectionIdLiteral":"453","humanId":"review-1-intro","volumeId":"workbook","locale":"en","titleInfo":{"superTitle":"Review I","title":"Introduction"},"annotation":"W-rI.in","bodyHtml":"<div class=\"acim-text review-1 review-1-intro\"> <div data-paragraph-id=\"453#1\"><p class=\"p-normal\"><span class=\"pnr\">1.</span> <span data-sentence-id=\"453#1:1\"><span class=\"snr noprint\">1</span>Beginning with today we will have a series of review periods.</span> <span data-sentence-id=\"453#1:2\"><span class=\"snr\">2</span>Each of them will cover five of the ideas already presented, starting with the first and ending with the fiftieth.</span> <span data-sentence-id=\"453#1:3\"><span class=\"snr\">3</span>There will be a few short comments after each of the ideas, which you should consider in your review.</span> <span data-sentence-id=\"453#1:4\"><span class=\"snr\">4</span>In the practice periods, the exercises should be done as follows:</span></p></div> <div data-paragraph-id=\"453#2\"><p class=\"p-normal\"><span class=\"pnr\">2.</span> <span data-sentence-id=\"453#2:1\"><span class=\"snr noprint\">1</span>Begin the day by reading the five ideas, with the comments included.</span> <span data-sentence-id=\"453#2:2\"><span class=\"snr\">2</span>Thereafter, it is not necessary to follow any particular order in considering them, though each one should be practiced at least once.</span> <span data-sentence-id=\"453#2:3\"><span class=\"snr\">3</span>Devote two minutes or more to each practice period, thinking about the idea and the related comments after reading them over.</span> <span data-sentence-id=\"453#2:4\"><span class=\"snr\">4</span>Do this as often as possible during the day.</span> <span data-sentence-id=\"453#2:5\"><span class=\"snr\">5</span>If any one of the five ideas appeals to you more than the others, concentrate on that one.</span> <span data-sentence-id=\"453#2:6\"><span class=\"snr\">6</span>At the end of the day, however, be sure to review all of them once more.</span></p></div> <div data-paragraph-id=\"453#3\"><p class=\"p-normal\"><span class=\"pnr\">3.</span> <span data-sentence-id=\"453#3:1\"><span class=\"snr noprint\">1</span>It is not necessary to cover the comments that follow each idea either literally or thoroughly in the practice periods.</span> <span data-sentence-id=\"453#3:2\"><span class=\"snr\">2</span>Try, rather, to emphasize the central point, and think about it as part of your review of the idea to which it relates.</span> <span data-sentence-id=\"453#3:3\"><span class=\"snr\">3</span>After you have read the idea and the related comments, the exercises should be done with your eyes closed and when you are alone in a quiet place, if possible.</span></p></div> <div data-paragraph-id=\"453#4\"><p class=\"p-normal\"><span class=\"pnr\">4.</span> <span data-sentence-id=\"453#4:1\"><span class=\"snr noprint\">1</span>This is emphasized for practice periods at your stage of learning.</span> <span data-sentence-id=\"453#4:2\"><span class=\"snr\">2</span>It will be necessary, however, that you learn to require no special settings in which to apply what you have learned.</span> <span data-sentence-id=\"453#4:3\"><span class=\"snr\">3</span>You will need your learning most in situations that appear to be upsetting, rather than in those that already seem to be calm and quiet.</span> <span data-sentence-id=\"453#4:4\"><span class=\"snr\">4</span>The purpose of your learning is to enable you to bring the quiet with you, and to heal distress and turmoil.</span> <span data-sentence-id=\"453#4:5\"><span class=\"snr\">5</span>This is not done by avoiding them and seeking a haven of isolation for yourself.</span></p></div> <div data-paragraph-id=\"453#5\"><p class=\"p-normal\"><span class=\"pnr\">5.</span> <span data-sentence-id=\"453#5:1\"><span class=\"snr noprint\">1</span>You will yet learn that peace is part of you, and requires only that you be there to embrace any situation in which you are.</span> <span data-sentence-id=\"453#5:2\"><span class=\"snr\">2</span>And finally you will learn that there is no limit to where you are, so that your peace is everywhere, as you are.</span></p></div> <div data-paragraph-id=\"453#6\"><p class=\"p-normal\"><span class=\"pnr\">6.</span> <span data-sentence-id=\"453#6:1\"><span class=\"snr noprint\">1</span>You will note that, for review purposes, some of the ideas are not given in quite their original form.</span> <span data-sentence-id=\"453#6:2\"><span class=\"snr\">2</span>Use them as they are given here.</span> <span data-sentence-id=\"453#6:3\"><span class=\"snr\">3</span>It is not necessary to return to the original statements, nor to apply the ideas as was suggested then.</span> <span data-sentence-id=\"453#6:4\"><span class=\"snr\">4</span>We are now emphasizing the relationships among the first fifty of the ideas we have covered, and the cohesiveness of the thought system to which they are leading you.</span></p></div> </div>","firstWords":"Beginning with today we will have a series of review periods. Each of them will cover five of the ideas already presented, starting with the first and ending with the fiftieth. There will be a few","contentType":"acim-content","seoTitle":"Review I: Introduction | ACIM","seoDescription":"✨ A Course in Miracles with 🎧 Audio! Read and listen to “Review I: Introduction” from the Workbook. Beginning with today we will have a series of review periods. Each of them will cover…","desktopBreadcrumbs":[{"label":"Workbook","leadsTo":{"locale":"en","sectionId":401,"slugs":["workbook","introduction"],"forceToc":true}},{"label":"Part I","leadsTo":{"locale":"en","sectionId":403,"slugs":["lesson-1","nothing-i-see-means-anything"],"forceToc":true}},{"label":"Review I","leadsTo":{"locale":"en","sectionId":453,"slugs":["review-i","introduction"]}}],"mobileBreadcrumbs":[{"label":"Workbook","leadsTo":{"locale":"en","sectionId":401,"slugs":["workbook","introduction"],"forceToc":true}},{"label":"Part I","leadsTo":{"locale":"en","sectionId":403,"slugs":["lesson-1","nothing-i-see-means-anything"],"forceToc":true}},{"label":"Review I","leadsTo":{"locale":"en","sectionId":453,"slugs":["review-i","introduction"]}}],"seoBreadcrumbs":[{"label":"A Course in Miracles","leadsTo":"dashboard"},{"label":"Workbook","leadsTo":{"locale":"en","sectionId":401,"slugs":["workbook","introduction"],"forceToc":true}},{"label":"Part I","leadsTo":{"locale":"en","sectionId":403,"slugs":["lesson-1","nothing-i-see-means-anything"],"forceToc":true}},{"label":"Review I","leadsTo":{"locale":"en","sectionId":453,"slugs":["review-i","introduction"]}}],"slugs":["review-i","introduction"],"canonicalLink":"https://acim.org/acim/review-i/introduction/en/s/453","link":"https://acim.org/acim/review-i/introduction/en/s/453","shortLink":"https://acim.org/acim/en/s/453","previousSectionId":452,"previousSectionSlugs":["lesson-50","i-am-sustained-by-the-love-of-god"],"previousSectionLink":"https://acim.org/acim/lesson-50/i-am-sustained-by-the-love-of-god/en/s/452","nextSectionId":454,"nextSectionSlugs":["review-i","lesson-51"],"nextSectionLink":"https://acim.org/acim/review-i/lesson-51/en/s/454","hreflangLinks":[{"hrefLang":"en","link":"https://acim.org/acim/en/s/453"}]}