{"sectionId":457,"sectionIdLiteral":"457","humanId":"lesson-54","volumeId":"workbook","locale":"en","titleInfo":{"ownlineNumber":"Lesson 54"},"annotation":"W-54","bodyHtml":"<div class=\"acim-text review-lesson review-1 lesson-54\"> <div data-paragraph-id=\"457#0\"><p class=\"p-review-intro\"><span data-sentence-id=\"457#0:1\">These are the review ideas for today:</span></p></div> <div data-paragraph-id=\"457#1\"><p class=\"p-lesson-ref\"><span class=\"pnr\">1.</span> <span data-sentence-id=\"457#1:1\"><span class=\"snr noprint\">1</span>(<span class=\"lref\">16</span>) <b>I have no neutral thoughts.</b></span></p> <p class=\"p-normal\"><span data-sentence-id=\"457#1:2\"><span class=\"snr\">2</span>Neutral thoughts are impossible because all thoughts have power.</span> <span data-sentence-id=\"457#1:3\"><span class=\"snr\">3</span>They will either make a false world or lead me to the real one.</span> <span data-sentence-id=\"457#1:4\"><span class=\"snr\">4</span>But thoughts cannot be without effects.</span> <span data-sentence-id=\"457#1:5\"><span class=\"snr\">5</span>As the world I see arises from my thinking errors, so will the real world rise before my eyes as I let my errors be corrected.</span> <span data-sentence-id=\"457#1:6\"><span class=\"snr\">6</span>My thoughts cannot be neither true nor false.</span> <span data-sentence-id=\"457#1:7\"><span class=\"snr\">7</span>They must be one or the other.</span> <span data-sentence-id=\"457#1:8\"><span class=\"snr\">8</span>What I see shows me which they are.</span></p></div> <div data-paragraph-id=\"457#2\"><p class=\"p-lesson-ref\"><span class=\"pnr\">2.</span> <span data-sentence-id=\"457#2:1\"><span class=\"snr noprint\">1</span>(<span class=\"lref\">17</span>) <b>I see no neutral things.</b></span></p> <p class=\"p-normal\"><span data-sentence-id=\"457#2:2\"><span class=\"snr\">2</span>What I see witnesses to what I think.</span> <span data-sentence-id=\"457#2:3\"><span class=\"snr\">3</span>If I did not think I would not exist, because life is thought.</span> <span data-sentence-id=\"457#2:4\"><span class=\"snr\">4</span>Let me look on the world I see as the representation of my own state of mind.</span> <span data-sentence-id=\"457#2:5\"><span class=\"snr\">5</span>I know that my state of mind can change.</span> <span data-sentence-id=\"457#2:6\"><span class=\"snr\">6</span>And so I also know the world I see can change as well.</span></p></div> <div data-paragraph-id=\"457#3\"><p class=\"p-lesson-ref\"><span class=\"pnr\">3.</span> <span data-sentence-id=\"457#3:1\"><span class=\"snr noprint\">1</span>(<span class=\"lref\">18</span>) <b>I am not alone in experiencing the effects of my seeing.</b></span></p> <p class=\"p-normal\"><span data-sentence-id=\"457#3:2\"><span class=\"snr\">2</span>If I have no private thoughts, I cannot see a private world.</span> <span data-sentence-id=\"457#3:3\"><span class=\"snr\">3</span>Even the mad idea of separation had to be shared before it could form the basis of the world I see.</span> <span data-sentence-id=\"457#3:4\"><span class=\"snr\">4</span>Yet that sharing was a sharing of nothing.</span> <span data-sentence-id=\"457#3:5\"><span class=\"snr\">5</span>I can also call upon my real thoughts, which share everything with everyone.</span> <span data-sentence-id=\"457#3:6\"><span class=\"snr\">6</span>As my thoughts of separation call to the separation thoughts of others, so my real thoughts awaken the real thoughts in them.</span> <span data-sentence-id=\"457#3:7\"><span class=\"snr\">7</span>And the world my real thoughts show me will dawn on their sight as well as mine.</span></p></div> <div data-paragraph-id=\"457#4\"><p class=\"p-lesson-ref\"><span class=\"pnr\">4.</span> <span data-sentence-id=\"457#4:1\"><span class=\"snr noprint\">1</span>(<span class=\"lref\">19</span>) <b>I am not alone in experiencing the effects of my thoughts.</b></span></p> <p class=\"p-normal\"><span data-sentence-id=\"457#4:2\"><span class=\"snr\">2</span>I am alone in nothing.</span> <span data-sentence-id=\"457#4:3\"><span class=\"snr\">3</span>Everything I think or say or do teaches all the universe.</span> <span data-sentence-id=\"457#4:4\"><span class=\"snr\">4</span>A Son of God cannot think or speak or act in vain.</span> <span data-sentence-id=\"457#4:5\"><span class=\"snr\">5</span>He cannot be alone in anything.</span> <span data-sentence-id=\"457#4:6\"><span class=\"snr\">6</span>It is therefore in my power to change every mind along with mine, for mine is the power of God.</span></p></div> <div data-paragraph-id=\"457#5\"><p class=\"p-lesson-ref\"><span class=\"pnr\">5.</span> <span data-sentence-id=\"457#5:1\"><span class=\"snr noprint\">1</span>(<span class=\"lref\">20</span>) <b>I am determined to see.</b></span></p> <p class=\"p-normal\"><span data-sentence-id=\"457#5:2\"><span class=\"snr\">2</span>Recognizing the shared nature of my thoughts, I am determined to see.</span> <span data-sentence-id=\"457#5:3\"><span class=\"snr\">3</span>I would look upon the witnesses that show me the thinking of the world has been changed.</span> <span data-sentence-id=\"457#5:4\"><span class=\"snr\">4</span>I would behold the proof that what has been done through me has enabled love to replace fear, laughter to replace tears, and abundance to replace loss.</span> <span data-sentence-id=\"457#5:5\"><span class=\"snr\">5</span>I would look upon the real world, and let it teach me that my will and the Will of God are one.</span></p></div> </div>","firstWords":"These are the review ideas for today: (16) I have no neutral thoughts. Neutral thoughts are impossible because all thoughts have power. They will either make a false world or lead me to the real one.","contentType":"acim-content","seoTitle":"Lesson 54: Review (16–20) | ACIM","seoDescription":"✨ A Course in Miracles with 🎧 Audio! Read and listen to Lesson 54 “Review (16–20)”: These are the review ideas for today: (16) I have no neutral thoughts. Neutral thoughts are…","desktopBreadcrumbs":[{"label":"Workbook","leadsTo":{"locale":"en","sectionId":401,"slugs":["workbook","introduction"],"forceToc":true}},{"label":"Part I","leadsTo":{"locale":"en","sectionId":403,"slugs":["lesson-1","nothing-i-see-means-anything"],"forceToc":true}},{"label":"Review I","leadsTo":{"locale":"en","sectionId":453,"slugs":["review-i","introduction"]}},{"label":"Lesson 54","leadsTo":{"locale":"en","sectionId":457,"slugs":["review-i","lesson-54"]}}],"mobileBreadcrumbs":[{"label":"Workbook","leadsTo":{"locale":"en","sectionId":401,"slugs":["workbook","introduction"],"forceToc":true}},{"label":"Part I","leadsTo":{"locale":"en","sectionId":403,"slugs":["lesson-1","nothing-i-see-means-anything"],"forceToc":true}},{"label":"Review I","leadsTo":{"locale":"en","sectionId":453,"slugs":["review-i","introduction"]}},{"label":"Lesson 54","leadsTo":{"locale":"en","sectionId":457,"slugs":["review-i","lesson-54"]}}],"seoBreadcrumbs":[{"label":"A Course in Miracles","leadsTo":"dashboard"},{"label":"Workbook","leadsTo":{"locale":"en","sectionId":401,"slugs":["workbook","introduction"],"forceToc":true}},{"label":"Part I","leadsTo":{"locale":"en","sectionId":403,"slugs":["lesson-1","nothing-i-see-means-anything"],"forceToc":true}},{"label":"Review I","leadsTo":{"locale":"en","sectionId":453,"slugs":["review-i","introduction"]}},{"label":"Lesson 54","leadsTo":{"locale":"en","sectionId":457,"slugs":["review-i","lesson-54"]}}],"slugs":["review-i","lesson-54"],"canonicalLink":"https://acim.org/acim/review-i/lesson-54/en/s/457","link":"https://acim.org/acim/review-i/lesson-54/en/s/457","shortLink":"https://acim.org/acim/en/s/457","previousSectionId":456,"previousSectionSlugs":["review-i","lesson-53"],"previousSectionLink":"https://acim.org/acim/review-i/lesson-53/en/s/456","nextSectionId":458,"nextSectionSlugs":["review-i","lesson-55"],"nextSectionLink":"https://acim.org/acim/review-i/lesson-55/en/s/458","hreflangLinks":[{"hrefLang":"en","link":"https://acim.org/acim/en/s/457"}]}