{"sectionId":460,"sectionIdLiteral":"460","humanId":"lesson-57","volumeId":"workbook","locale":"en","titleInfo":{"ownlineNumber":"Lesson 57"},"annotation":"W-57","bodyHtml":"<div class=\"acim-text review-lesson review-1 lesson-57\"> <div data-paragraph-id=\"460#0\"><p class=\"p-review-intro\"><span data-sentence-id=\"460#0:1\">Today let us review these ideas:</span></p></div> <div data-paragraph-id=\"460#1\"><p class=\"p-lesson-ref\"><span class=\"pnr\">1.</span> <span data-sentence-id=\"460#1:1\"><span class=\"snr noprint\">1</span>(<span class=\"lref\">31</span>) <b>I am not the victim of the world I see.</b></span></p> <p class=\"p-normal\"><span data-sentence-id=\"460#1:2\"><span class=\"snr\">2</span>How can I be the victim of a world that can be completely undone if I so choose?</span> <span data-sentence-id=\"460#1:3\"><span class=\"snr\">3</span>My chains are loosened.</span> <span data-sentence-id=\"460#1:4\"><span class=\"snr\">4</span>I can drop them off merely by desiring to do so.</span> <span data-sentence-id=\"460#1:5\"><span class=\"snr\">5</span>The prison door is open.</span> <span data-sentence-id=\"460#1:6\"><span class=\"snr\">6</span>I can leave simply by walking out.</span> <span data-sentence-id=\"460#1:7\"><span class=\"snr\">7</span>Nothing holds me in this world.</span> <span data-sentence-id=\"460#1:8\"><span class=\"snr\">8</span>Only my wish to stay keeps me a prisoner.</span> <span data-sentence-id=\"460#1:9\"><span class=\"snr\">9</span>I would give up my insane wishes and walk into the sunlight at last.</span></p></div> <div data-paragraph-id=\"460#2\"><p class=\"p-lesson-ref\"><span class=\"pnr\">2.</span> <span data-sentence-id=\"460#2:1\"><span class=\"snr noprint\">1</span>(<span class=\"lref\">32</span>) <b>I have invented the world I see.</b></span></p> <p class=\"p-normal\"><span data-sentence-id=\"460#2:2\"><span class=\"snr\">2</span>I made up the prison in which I see myself.</span> <span data-sentence-id=\"460#2:3\"><span class=\"snr\">3</span>All I need do is recognize this and I am free.</span> <span data-sentence-id=\"460#2:4\"><span class=\"snr\">4</span>I have deluded myself into believing it is possible to imprison the Son of God.</span> <span data-sentence-id=\"460#2:5\"><span class=\"snr\">5</span>I was bitterly mistaken in this belief, which I no longer want.</span> <span data-sentence-id=\"460#2:6\"><span class=\"snr\">6</span>The Son of God must be forever free.</span> <span data-sentence-id=\"460#2:7\"><span class=\"snr\">7</span>He is as God created him, and not what I would make of him.</span> <span data-sentence-id=\"460#2:8\"><span class=\"snr\">8</span>He is where God would have him be, and not where I thought to hold him prisoner.</span></p></div> <div data-paragraph-id=\"460#3\"><p class=\"p-lesson-ref\"><span class=\"pnr\">3.</span> <span data-sentence-id=\"460#3:1\"><span class=\"snr noprint\">1</span>(<span class=\"lref\">33</span>) <b>There is another way of looking at the world.</b></span></p> <p class=\"p-normal\"><span data-sentence-id=\"460#3:2\"><span class=\"snr\">2</span>Since the purpose of the world is not the one I ascribed to it, there must be another way of looking at it.</span> <span data-sentence-id=\"460#3:3\"><span class=\"snr\">3</span>I see everything upside down, and my thoughts are the opposite of truth.</span> <span data-sentence-id=\"460#3:4\"><span class=\"snr\">4</span>I see the world as a prison for God’s Son.</span> <span data-sentence-id=\"460#3:5\"><span class=\"snr\">5</span>It must be, then, that the world is really a place where he can be set free.</span> <span data-sentence-id=\"460#3:6\"><span class=\"snr\">6</span>I would look upon the world as it is, and see it as a place where the Son of God finds his freedom.</span></p></div> <div data-paragraph-id=\"460#4\"><p class=\"p-lesson-ref\"><span class=\"pnr\">4.</span> <span data-sentence-id=\"460#4:1\"><span class=\"snr noprint\">1</span>(<span class=\"lref\">34</span>) <b>I could see peace instead of this.</b></span></p> <p class=\"p-normal\"><span data-sentence-id=\"460#4:2\"><span class=\"snr\">2</span>When I see the world as a place of freedom, I realize that it reflects the laws of God instead of the rules I made up for it to obey.</span> <span data-sentence-id=\"460#4:3\"><span class=\"snr\">3</span>I will understand that peace, not war, abides in it.</span> <span data-sentence-id=\"460#4:4\"><span class=\"snr\">4</span>And I will perceive that peace also abides in the hearts of all who share this place with me.</span></p></div> <div data-paragraph-id=\"460#5\"><p class=\"p-lesson-ref\"><span class=\"pnr\">5.</span> <span data-sentence-id=\"460#5:1\"><span class=\"snr noprint\">1</span>(<span class=\"lref\">35</span>) <b>My mind is part of God’s.</b></span> <span data-sentence-id=\"460#5:2\"><span class=\"snr\">2</span><b>I am very holy.</b></span></p> <p class=\"p-normal\"><span data-sentence-id=\"460#5:3\"><span class=\"snr\">3</span>As I share the peace of the world with my brothers, I begin to understand that this peace comes from deep within myself.</span> <span data-sentence-id=\"460#5:4\"><span class=\"snr\">4</span>The world I look upon has taken on the light of my forgiveness, and shines forgiveness back at me.</span> <span data-sentence-id=\"460#5:5\"><span class=\"snr\">5</span>In this light I begin to see what my illusions about myself kept hidden.</span> <span data-sentence-id=\"460#5:6\"><span class=\"snr\">6</span>I begin to understand the holiness of all living things, including myself, and their oneness with me.</span></p></div> </div>","firstWords":"Today let us review these ideas: (31) I am not the victim of the world I see. How can I be the victim of a world that can be completely undone if I so choose? My chains are loosened. I can drop them","contentType":"acim-content","seoTitle":"Lesson 57: Review (31–35) | ACIM","seoDescription":"✨ A Course in Miracles with 🎧 Audio! Read and listen to Lesson 57 “Review (31–35)”: Today let us review these ideas: (31) I am not the victim of the world I see. How can I be the victim…","desktopBreadcrumbs":[{"label":"Workbook","leadsTo":{"locale":"en","sectionId":401,"slugs":["workbook","introduction"],"forceToc":true}},{"label":"Part I","leadsTo":{"locale":"en","sectionId":403,"slugs":["lesson-1","nothing-i-see-means-anything"],"forceToc":true}},{"label":"Review I","leadsTo":{"locale":"en","sectionId":453,"slugs":["review-i","introduction"]}},{"label":"Lesson 57","leadsTo":{"locale":"en","sectionId":460,"slugs":["review-i","lesson-57"]}}],"mobileBreadcrumbs":[{"label":"Workbook","leadsTo":{"locale":"en","sectionId":401,"slugs":["workbook","introduction"],"forceToc":true}},{"label":"Part I","leadsTo":{"locale":"en","sectionId":403,"slugs":["lesson-1","nothing-i-see-means-anything"],"forceToc":true}},{"label":"Review I","leadsTo":{"locale":"en","sectionId":453,"slugs":["review-i","introduction"]}},{"label":"Lesson 57","leadsTo":{"locale":"en","sectionId":460,"slugs":["review-i","lesson-57"]}}],"seoBreadcrumbs":[{"label":"A Course in Miracles","leadsTo":"dashboard"},{"label":"Workbook","leadsTo":{"locale":"en","sectionId":401,"slugs":["workbook","introduction"],"forceToc":true}},{"label":"Part I","leadsTo":{"locale":"en","sectionId":403,"slugs":["lesson-1","nothing-i-see-means-anything"],"forceToc":true}},{"label":"Review I","leadsTo":{"locale":"en","sectionId":453,"slugs":["review-i","introduction"]}},{"label":"Lesson 57","leadsTo":{"locale":"en","sectionId":460,"slugs":["review-i","lesson-57"]}}],"slugs":["review-i","lesson-57"],"canonicalLink":"https://acim.org/acim/review-i/lesson-57/en/s/460","link":"https://acim.org/acim/review-i/lesson-57/en/s/460","shortLink":"https://acim.org/acim/en/s/460","previousSectionId":459,"previousSectionSlugs":["review-i","lesson-56"],"previousSectionLink":"https://acim.org/acim/review-i/lesson-56/en/s/459","nextSectionId":461,"nextSectionSlugs":["review-i","lesson-58"],"nextSectionLink":"https://acim.org/acim/review-i/lesson-58/en/s/461","hreflangLinks":[{"hrefLang":"en","link":"https://acim.org/acim/en/s/460"}]}