{"sectionId":461,"sectionIdLiteral":"461","humanId":"lesson-58","volumeId":"workbook","locale":"en","titleInfo":{"ownlineNumber":"Lesson 58"},"annotation":"W-58","bodyHtml":"<div class=\"acim-text review-lesson review-1 lesson-58\"> <div data-paragraph-id=\"461#0\"><p class=\"p-review-intro\"><span data-sentence-id=\"461#0:1\">These ideas are for review today:</span></p></div> <div data-paragraph-id=\"461#1\"><p class=\"p-lesson-ref\"><span class=\"pnr\">1.</span> <span data-sentence-id=\"461#1:1\"><span class=\"snr noprint\">1</span>(<span class=\"lref\">36</span>) <b>My holiness envelops everything I see.</b></span></p> <p class=\"p-normal\"><span data-sentence-id=\"461#1:2\"><span class=\"snr\">2</span>From my holiness does the perception of the real world come.</span> <span data-sentence-id=\"461#1:3\"><span class=\"snr\">3</span>Having forgiven, I no longer see myself as guilty.</span> <span data-sentence-id=\"461#1:4\"><span class=\"snr\">4</span>I can accept the innocence that is the truth about me.</span> <span data-sentence-id=\"461#1:5\"><span class=\"snr\">5</span>Seen through understanding eyes, the holiness of the world is all I see, for I can picture only the thoughts I hold about myself.</span></p></div> <div data-paragraph-id=\"461#2\"><p class=\"p-lesson-ref\"><span class=\"pnr\">2.</span> <span data-sentence-id=\"461#2:1\"><span class=\"snr noprint\">1</span>(<span class=\"lref\">37</span>) <b>My holiness blesses the world.</b></span></p> <p class=\"p-normal\"><span data-sentence-id=\"461#2:2\"><span class=\"snr\">2</span>The perception of my holiness does not bless me alone.</span> <span data-sentence-id=\"461#2:3\"><span class=\"snr\">3</span>Everyone and everything I see in its light shares in the joy it brings to me.</span> <span data-sentence-id=\"461#2:4\"><span class=\"snr\">4</span>There is nothing that is apart from this joy, because there is nothing that does not share my holiness.</span> <span data-sentence-id=\"461#2:5\"><span class=\"snr\">5</span>As I recognize my holiness, so does the holiness of the world shine forth for everyone to see.</span></p></div> <div data-paragraph-id=\"461#3\"><p class=\"p-lesson-ref\"><span class=\"pnr\">3.</span> <span data-sentence-id=\"461#3:1\"><span class=\"snr noprint\">1</span>(<span class=\"lref\">38</span>) <b>There is nothing my holiness cannot do.</b></span></p> <p class=\"p-normal\"><span data-sentence-id=\"461#3:2\"><span class=\"snr\">2</span>My holiness is unlimited in its power to heal, because it is unlimited in its power to save.</span> <span data-sentence-id=\"461#3:3\"><span class=\"snr\">3</span>What is there to be saved from except illusions?</span> <span data-sentence-id=\"461#3:4\"><span class=\"snr\">4</span>And what are all illusions except false ideas about myself?</span> <span data-sentence-id=\"461#3:5\"><span class=\"snr\">5</span>My holiness undoes them all by asserting the truth about me.</span> <span data-sentence-id=\"461#3:6\"><span class=\"snr\">6</span>In the presence of my holiness, which I share with God Himself, all idols vanish.</span></p></div> <div data-paragraph-id=\"461#4\"><p class=\"p-lesson-ref\"><span class=\"pnr\">4.</span> <span data-sentence-id=\"461#4:1\"><span class=\"snr noprint\">1</span>(<span class=\"lref\">39</span>) <b>My holiness is my salvation.</b></span></p> <p class=\"p-normal\"><span data-sentence-id=\"461#4:2\"><span class=\"snr\">2</span>Since my holiness saves me from all guilt, recognizing my holiness is recognizing my salvation.</span> <span data-sentence-id=\"461#4:3\"><span class=\"snr\">3</span>It is also recognizing the salvation of the world.</span> <span data-sentence-id=\"461#4:4\"><span class=\"snr\">4</span>Once I have accepted my holiness, nothing can make me afraid.</span> <span data-sentence-id=\"461#4:5\"><span class=\"snr\">5</span>And because I am unafraid, everyone must share in my understanding, which is the gift of God to me and to the world.</span></p></div> <div data-paragraph-id=\"461#5\"><p class=\"p-lesson-ref\"><span class=\"pnr\">5.</span> <span data-sentence-id=\"461#5:1\"><span class=\"snr noprint\">1</span>(<span class=\"lref\">40</span>) <b>I am blessed as a Son of God.</b></span></p> <p class=\"p-normal\"><span data-sentence-id=\"461#5:2\"><span class=\"snr\">2</span>Herein lies my claim to all good and only good.</span> <span data-sentence-id=\"461#5:3\"><span class=\"snr\">3</span>I am blessed as a Son of God.</span> <span data-sentence-id=\"461#5:4\"><span class=\"snr\">4</span>All good things are mine, because God intended them for me.</span> <span data-sentence-id=\"461#5:5\"><span class=\"snr\">5</span>I cannot suffer any loss or deprivation or pain because of Who I am.</span> <span data-sentence-id=\"461#5:6\"><span class=\"snr\">6</span>My Father supports me, protects me, and directs me in all things.</span> <span data-sentence-id=\"461#5:7\"><span class=\"snr\">7</span>His care for me is infinite, and is with me forever.</span> <span data-sentence-id=\"461#5:8\"><span class=\"snr\">8</span>I am eternally blessed as His Son.</span></p></div> </div>","firstWords":"These ideas are for review today: (36) My holiness envelops everything I see. From my holiness does the perception of the real world come. Having forgiven, I no longer see myself as guilty. I can","contentType":"acim-content","seoTitle":"Lesson 58: Review (36–40) | ACIM","seoDescription":"✨ A Course in Miracles with 🎧 Audio! Read and listen to Lesson 58 “Review (36–40)”: These ideas are for review today: (36) My holiness envelops everything I see. From my holiness does…","desktopBreadcrumbs":[{"label":"Workbook","leadsTo":{"locale":"en","sectionId":401,"slugs":["workbook","introduction"],"forceToc":true}},{"label":"Part I","leadsTo":{"locale":"en","sectionId":403,"slugs":["lesson-1","nothing-i-see-means-anything"],"forceToc":true}},{"label":"Review I","leadsTo":{"locale":"en","sectionId":453,"slugs":["review-i","introduction"]}},{"label":"Lesson 58","leadsTo":{"locale":"en","sectionId":461,"slugs":["review-i","lesson-58"]}}],"mobileBreadcrumbs":[{"label":"Workbook","leadsTo":{"locale":"en","sectionId":401,"slugs":["workbook","introduction"],"forceToc":true}},{"label":"Part I","leadsTo":{"locale":"en","sectionId":403,"slugs":["lesson-1","nothing-i-see-means-anything"],"forceToc":true}},{"label":"Review I","leadsTo":{"locale":"en","sectionId":453,"slugs":["review-i","introduction"]}},{"label":"Lesson 58","leadsTo":{"locale":"en","sectionId":461,"slugs":["review-i","lesson-58"]}}],"seoBreadcrumbs":[{"label":"A Course in Miracles","leadsTo":"dashboard"},{"label":"Workbook","leadsTo":{"locale":"en","sectionId":401,"slugs":["workbook","introduction"],"forceToc":true}},{"label":"Part I","leadsTo":{"locale":"en","sectionId":403,"slugs":["lesson-1","nothing-i-see-means-anything"],"forceToc":true}},{"label":"Review I","leadsTo":{"locale":"en","sectionId":453,"slugs":["review-i","introduction"]}},{"label":"Lesson 58","leadsTo":{"locale":"en","sectionId":461,"slugs":["review-i","lesson-58"]}}],"slugs":["review-i","lesson-58"],"canonicalLink":"https://acim.org/acim/review-i/lesson-58/en/s/461","link":"https://acim.org/acim/review-i/lesson-58/en/s/461","shortLink":"https://acim.org/acim/en/s/461","previousSectionId":460,"previousSectionSlugs":["review-i","lesson-57"],"previousSectionLink":"https://acim.org/acim/review-i/lesson-57/en/s/460","nextSectionId":462,"nextSectionSlugs":["review-i","lesson-59"],"nextSectionLink":"https://acim.org/acim/review-i/lesson-59/en/s/462","hreflangLinks":[{"hrefLang":"en","link":"https://acim.org/acim/en/s/461"}]}