{"sectionId":465,"sectionIdLiteral":"465","humanId":"lesson-62","volumeId":"workbook","locale":"en","titleInfo":{"title":"Forgiveness is my function as the light of the world.","ownlineNumber":"Lesson 62"},"annotation":"W-62","bodyHtml":"<div class=\"acim-text lesson-62\"> <div data-paragraph-id=\"465#1\"><p class=\"p-normal\"><span class=\"pnr\">1.</span> <span data-sentence-id=\"465#1:1\"><span class=\"snr noprint\">1</span>It is your forgiveness that will bring the world of darkness to the light.</span> <span data-sentence-id=\"465#1:2\"><span class=\"snr\">2</span>It is your forgiveness that lets you recognize the light in which you see.</span> <span data-sentence-id=\"465#1:3\"><span class=\"snr\">3</span>Forgiveness is the demonstration that you are the light of the world.</span> <span data-sentence-id=\"465#1:4\"><span class=\"snr\">4</span>Through your forgiveness does the truth about yourself return to your memory.</span> <span data-sentence-id=\"465#1:5\"><span class=\"snr\">5</span>Therefore, in your forgiveness lies your salvation.</span></p></div> <div data-paragraph-id=\"465#2\"><p class=\"p-normal\"><span class=\"pnr\">2.</span> <span data-sentence-id=\"465#2:1\"><span class=\"snr noprint\">1</span>Illusions about yourself and the world are one.</span> <span data-sentence-id=\"465#2:2\"><span class=\"snr\">2</span>That is why all forgiveness is a gift to yourself.</span> <span data-sentence-id=\"465#2:3\"><span class=\"snr\">3</span>Your goal is to find out who you are, having denied your Identity by attacking creation and its Creator.</span> <span data-sentence-id=\"465#2:4\"><span class=\"snr\">4</span>Now you are learning how to remember the truth.</span> <span data-sentence-id=\"465#2:5\"><span class=\"snr\">5</span>For this attack must be replaced by forgiveness, so that thoughts of life may replace thoughts of death.</span></p></div> <div data-paragraph-id=\"465#3\"><p class=\"p-normal\"><span class=\"pnr\">3.</span> <span data-sentence-id=\"465#3:1\"><span class=\"snr noprint\">1</span>Remember that in every attack you call upon your own weakness, while each time you forgive you call upon the strength of Christ in you.</span> <span data-sentence-id=\"465#3:2\"><span class=\"snr\">2</span>Do you not then begin to understand what forgiveness will do for you?</span> <span data-sentence-id=\"465#3:3\"><span class=\"snr\">3</span>It will remove all sense of weakness, strain and fatigue from your mind.</span> <span data-sentence-id=\"465#3:4\"><span class=\"snr\">4</span>It will take away all fear and guilt and pain.</span> <span data-sentence-id=\"465#3:5\"><span class=\"snr\">5</span>It will restore the invulnerability and power God gave His Son to your awareness.</span></p></div> <div data-paragraph-id=\"465#4\"><p class=\"p-normal\"><span class=\"pnr\">4.</span> <span data-sentence-id=\"465#4:1\"><span class=\"snr noprint\">1</span>Let us be glad to begin and end this day by practicing today’s idea, and to use it as frequently as possible throughout the day.</span> <span data-sentence-id=\"465#4:2\"><span class=\"snr\">2</span>It will help to make the day as happy for you as God wants you to be.</span> <span data-sentence-id=\"465#4:3\"><span class=\"snr\">3</span>And it will help those around you, as well as those who seem to be far away in space and time, to share this happiness with you.</span></p></div> <div data-paragraph-id=\"465#5\"><p class=\"p-normal\"><span class=\"pnr\">5.</span> <span data-sentence-id=\"465#5:1\"><span class=\"snr noprint\">1</span>As often as you can, closing your eyes if possible, say to yourself today:</span></p> <p class=\"p-prayer\"><span data-sentence-id=\"465#5:2\"><span class=\"snr\">2</span>Forgiveness is my function as the light of the world.<br/></span> <span data-sentence-id=\"465#5:3\"><span class=\"snr\">3</span>I would fulfill my function that I may be happy.</span></p> <p class=\"p-normal\"><span data-sentence-id=\"465#5:4\"><span class=\"snr\">4</span>Then devote a minute or two to considering your function and the happiness and release it will bring you.</span> <span data-sentence-id=\"465#5:5\"><span class=\"snr\">5</span>Let related thoughts come freely, for your heart will recognize these words, and in your mind is the awareness they are true.</span> <span data-sentence-id=\"465#5:6\"><span class=\"snr\">6</span>Should your attention wander, repeat the idea and add:</span></p> <p class=\"p-prayer\"><span data-sentence-id=\"465#5:7\"><span class=\"snr\">7</span>I would remember this because I want to be happy.</span></p></div> </div>","firstWords":"It is your forgiveness that will bring the world of darkness to the light. It is your forgiveness that lets you recognize the light in which you see. Forgiveness is the demonstration that you are the","contentType":"acim-content","seoTitle":"Lesson 62: Forgiveness is my function as the… | ACIM","seoDescription":"✨ A Course in Miracles with 🎧 Audio! Read and listen to Lesson 62 “Forgiveness is my function as the light of the world”: It is your forgiveness that will bring the world of darkness to…","desktopBreadcrumbs":[{"label":"Workbook","leadsTo":{"locale":"en","sectionId":401,"slugs":["workbook","introduction"],"forceToc":true}},{"label":"Part I","leadsTo":{"locale":"en","sectionId":403,"slugs":["lesson-1","nothing-i-see-means-anything"],"forceToc":true}},{"label":"Lesson 62","leadsTo":{"locale":"en","sectionId":465,"slugs":["lesson-62","forgiveness-is-my-function-as-the-light-of-the"]}}],"mobileBreadcrumbs":[{"label":"Workbook","leadsTo":{"locale":"en","sectionId":401,"slugs":["workbook","introduction"],"forceToc":true}},{"label":"Part I","leadsTo":{"locale":"en","sectionId":403,"slugs":["lesson-1","nothing-i-see-means-anything"],"forceToc":true}},{"label":"Lesson 62","leadsTo":{"locale":"en","sectionId":465,"slugs":["lesson-62","forgiveness-is-my-function-as-the-light-of-the"]}}],"seoBreadcrumbs":[{"label":"A Course in Miracles","leadsTo":"dashboard"},{"label":"Workbook","leadsTo":{"locale":"en","sectionId":401,"slugs":["workbook","introduction"],"forceToc":true}},{"label":"Part I","leadsTo":{"locale":"en","sectionId":403,"slugs":["lesson-1","nothing-i-see-means-anything"],"forceToc":true}},{"label":"Lesson 62","leadsTo":{"locale":"en","sectionId":465,"slugs":["lesson-62","forgiveness-is-my-function-as-the-light-of-the"]}}],"slugs":["lesson-62","forgiveness-is-my-function-as-the-light-of-the"],"canonicalLink":"https://acim.org/acim/lesson-62/forgiveness-is-my-function-as-the-light-of-the/en/s/465","link":"https://acim.org/acim/lesson-62/forgiveness-is-my-function-as-the-light-of-the/en/s/465","shortLink":"https://acim.org/acim/en/s/465","previousSectionId":464,"previousSectionSlugs":["lesson-61","i-am-the-light-of-the-world"],"previousSectionLink":"https://acim.org/acim/lesson-61/i-am-the-light-of-the-world/en/s/464","nextSectionId":466,"nextSectionSlugs":["lesson-63","the-light-of-the-world-brings-peace-to-every-mind"],"nextSectionLink":"https://acim.org/acim/lesson-63/the-light-of-the-world-brings-peace-to-every-mind/en/s/466","hreflangLinks":[{"hrefLang":"en","link":"https://acim.org/acim/en/s/465"}]}