{"sectionId":467,"sectionIdLiteral":"467","humanId":"lesson-64","volumeId":"workbook","locale":"en","titleInfo":{"title":"Let me not forget my function.","ownlineNumber":"Lesson 64"},"annotation":"W-64","bodyHtml":"<div class=\"acim-text lesson-64\"> <div data-paragraph-id=\"467#1\"><p class=\"p-normal\"><span class=\"pnr\">1.</span> <span data-sentence-id=\"467#1:1\"><span class=\"snr noprint\">1</span>Today’s idea is merely another way of saying “Let me not wander into temptation.”</span> <span data-sentence-id=\"467#1:2\"><span class=\"snr\">2</span>The purpose of the world you see is to obscure your function of forgiveness, and provide you with a justification for forgetting it.</span> <span data-sentence-id=\"467#1:3\"><span class=\"snr\">3</span>It is the temptation to abandon God and His Son by taking on a physical appearance.</span> <span data-sentence-id=\"467#1:4\"><span class=\"snr\">4</span>It is this the body’s eyes look upon.</span></p></div> <div data-paragraph-id=\"467#2\"><p class=\"p-normal\"><span class=\"pnr\">2.</span> <span data-sentence-id=\"467#2:1\"><span class=\"snr noprint\">1</span>Nothing the body’s eyes seem to see can be anything but a form of temptation, since this was the purpose of the body itself.</span> <span data-sentence-id=\"467#2:2\"><span class=\"snr\">2</span>Yet we have learned that the Holy Spirit has another use for all the illusions you have made, and therefore He sees another purpose in them.</span> <span data-sentence-id=\"467#2:3\"><span class=\"snr\">3</span>To the Holy Spirit, the world is a place where you learn to forgive yourself what you think of as your sins.</span> <span data-sentence-id=\"467#2:4\"><span class=\"snr\">4</span>In this perception, the physical appearance of temptation becomes the spiritual recognition of salvation.</span></p></div> <div data-paragraph-id=\"467#3\"><p class=\"p-normal\"><span class=\"pnr\">3.</span> <span data-sentence-id=\"467#3:1\"><span class=\"snr noprint\">1</span>To review our last few lessons, your function here is to be the light of the world, a function given you by God.</span> <span data-sentence-id=\"467#3:2\"><span class=\"snr\">2</span>It is only the arrogance of the ego that leads you to question this, and only the fear of the ego that induces you to regard yourself as unworthy of the task assigned to you by God Himself.</span> <span data-sentence-id=\"467#3:3\"><span class=\"snr\">3</span>The world’s salvation awaits your forgiveness, because through it does the Son of God escape from all illusions, and thus from all temptation.</span> <span data-sentence-id=\"467#3:4\"><span class=\"snr\">4</span>The Son of God is you.</span></p></div> <div data-paragraph-id=\"467#4\"><p class=\"p-normal\"><span class=\"pnr\">4.</span> <span data-sentence-id=\"467#4:1\"><span class=\"snr noprint\">1</span>Only by fulfilling the function given you by God will you be happy.</span> <span data-sentence-id=\"467#4:2\"><span class=\"snr\">2</span>That is because your function is to be happy by using the means by which happiness becomes inevitable.</span> <span data-sentence-id=\"467#4:3\"><span class=\"snr\">3</span>There is no other way.</span> <span data-sentence-id=\"467#4:4\"><span class=\"snr\">4</span>Therefore, every time you choose whether or not to fulfill your function, you are really choosing whether or not to be happy.</span></p></div> <div data-paragraph-id=\"467#5\"><p class=\"p-normal\"><span class=\"pnr\">5.</span> <span data-sentence-id=\"467#5:1\"><span class=\"snr noprint\">1</span>Let us remember this today.</span> <span data-sentence-id=\"467#5:2\"><span class=\"snr\">2</span>Let us remind ourselves of it in the morning and again at night, and all through the day as well.</span> <span data-sentence-id=\"467#5:3\"><span class=\"snr\">3</span>Prepare yourself in advance for all the decisions you will make today by remembering they are all really very simple.</span> <span data-sentence-id=\"467#5:4\"><span class=\"snr\">4</span>Each one will lead to happiness or unhappiness.</span> <span data-sentence-id=\"467#5:5\"><span class=\"snr\">5</span>Can such a simple decision really be difficult to make?</span> <span data-sentence-id=\"467#5:6\"><span class=\"snr\">6</span>Let not the form of the decision deceive you.</span> <span data-sentence-id=\"467#5:7\"><span class=\"snr\">7</span>Complexity of form does not imply complexity of content.</span> <span data-sentence-id=\"467#5:8\"><span class=\"snr\">8</span>It is impossible that any decision on earth can have a content different from just this one simple choice.</span> <span data-sentence-id=\"467#5:9\"><span class=\"snr\">9</span>That is the only choice the Holy Spirit sees.</span> <span data-sentence-id=\"467#5:10\"><span class=\"snr\">10</span>Therefore it is the only choice there is.</span></p></div> <div data-paragraph-id=\"467#6\"><p class=\"p-normal\"><span class=\"pnr\">6.</span> <span data-sentence-id=\"467#6:1\"><span class=\"snr noprint\">1</span>Today, then, let us practice with these thoughts:</span></p> <p class=\"p-prayer\"><span data-sentence-id=\"467#6:2\"><span class=\"snr\">2</span>Let me not forget my function.<br/></span> <span data-sentence-id=\"467#6:3\"><span class=\"snr\">3</span>Let me not try to substitute mine for God’s.<br/></span> <span data-sentence-id=\"467#6:4\"><span class=\"snr\">4</span>Let me forgive and be happy.</span></p> <p class=\"p-normal\"><span data-sentence-id=\"467#6:5\"><span class=\"snr\">5</span>At least once devote ten or fifteen minutes today to reflecting on this with closed eyes.</span> <span data-sentence-id=\"467#6:6\"><span class=\"snr\">6</span>Related thoughts will come to help you, if you remember the crucial importance of your function to you and to the world.</span></p></div> <div data-paragraph-id=\"467#7\"><p class=\"p-normal\"><span class=\"pnr\">7.</span> <span data-sentence-id=\"467#7:1\"><span class=\"snr noprint\">1</span>In the frequent applications of today’s idea throughout the day, devote several minutes to reviewing these thoughts, and then thinking about them and about nothing else.</span> <span data-sentence-id=\"467#7:2\"><span class=\"snr\">2</span>This will be difficult, at first particularly, since you are not proficient in the mind discipline that it requires.</span> <span data-sentence-id=\"467#7:3\"><span class=\"snr\">3</span>You may need to repeat “Let me not forget my function” quite often to help you concentrate.</span></p></div> <div data-paragraph-id=\"467#8\"><p class=\"p-normal\"><span class=\"pnr\">8.</span> <span data-sentence-id=\"467#8:1\"><span class=\"snr noprint\">1</span>Two forms of shorter practice periods are required.</span> <span data-sentence-id=\"467#8:2\"><span class=\"snr\">2</span>At times, do the exercises with your eyes closed, trying to concentrate on the thoughts you are using.</span> <span data-sentence-id=\"467#8:3\"><span class=\"snr\">3</span>At other times, keep your eyes open after reviewing the thoughts, and then look slowly and unselectively around you, telling yourself:</span></p> <p class=\"p-prayer\"><span data-sentence-id=\"467#8:4\"><span class=\"snr\">4</span>This is the world it is my function to save.</span></p></div> </div>","firstWords":"Today’s idea is merely another way of saying “Let me not wander into temptation.” The purpose of the world you see is to obscure your function of forgiveness, and provide you with a justification for","contentType":"acim-content","seoTitle":"Lesson 64: Let me not forget my function | ACIM","seoDescription":"✨ A Course in Miracles with 🎧 Audio! Read and listen to Lesson 64 “Let me not forget my function”: Today’s idea is merely another way of saying “Let me not wander into temptation.” The…","desktopBreadcrumbs":[{"label":"Workbook","leadsTo":{"locale":"en","sectionId":401,"slugs":["workbook","introduction"],"forceToc":true}},{"label":"Part I","leadsTo":{"locale":"en","sectionId":403,"slugs":["lesson-1","nothing-i-see-means-anything"],"forceToc":true}},{"label":"Lesson 64","leadsTo":{"locale":"en","sectionId":467,"slugs":["lesson-64","let-me-not-forget-my-function"]}}],"mobileBreadcrumbs":[{"label":"Workbook","leadsTo":{"locale":"en","sectionId":401,"slugs":["workbook","introduction"],"forceToc":true}},{"label":"Part I","leadsTo":{"locale":"en","sectionId":403,"slugs":["lesson-1","nothing-i-see-means-anything"],"forceToc":true}},{"label":"Lesson 64","leadsTo":{"locale":"en","sectionId":467,"slugs":["lesson-64","let-me-not-forget-my-function"]}}],"seoBreadcrumbs":[{"label":"A Course in Miracles","leadsTo":"dashboard"},{"label":"Workbook","leadsTo":{"locale":"en","sectionId":401,"slugs":["workbook","introduction"],"forceToc":true}},{"label":"Part I","leadsTo":{"locale":"en","sectionId":403,"slugs":["lesson-1","nothing-i-see-means-anything"],"forceToc":true}},{"label":"Lesson 64","leadsTo":{"locale":"en","sectionId":467,"slugs":["lesson-64","let-me-not-forget-my-function"]}}],"slugs":["lesson-64","let-me-not-forget-my-function"],"canonicalLink":"https://acim.org/acim/lesson-64/let-me-not-forget-my-function/en/s/467","link":"https://acim.org/acim/lesson-64/let-me-not-forget-my-function/en/s/467","shortLink":"https://acim.org/acim/en/s/467","previousSectionId":466,"previousSectionSlugs":["lesson-63","the-light-of-the-world-brings-peace-to-every-mind"],"previousSectionLink":"https://acim.org/acim/lesson-63/the-light-of-the-world-brings-peace-to-every-mind/en/s/466","nextSectionId":468,"nextSectionSlugs":["lesson-65","my-only-function-is-the-one-god-gave-me"],"nextSectionLink":"https://acim.org/acim/lesson-65/my-only-function-is-the-one-god-gave-me/en/s/468","hreflangLinks":[{"hrefLang":"en","link":"https://acim.org/acim/en/s/467"}]}