{"sectionId":483,"sectionIdLiteral":"483","humanId":"lesson-80","volumeId":"workbook","locale":"en","titleInfo":{"title":"Let me recognize my problems have been solved.","ownlineNumber":"Lesson 80"},"annotation":"W-80","bodyHtml":"<div class=\"acim-text lesson-80\"> <div data-paragraph-id=\"483#1\"><p class=\"p-normal\"><span class=\"pnr\">1.</span> <span data-sentence-id=\"483#1:1\"><span class=\"snr noprint\">1</span>If you are willing to recognize your problems, you will recognize that you have no problems.</span> <span data-sentence-id=\"483#1:2\"><span class=\"snr\">2</span>Your one central problem has been answered, and you have no other.</span> <span data-sentence-id=\"483#1:3\"><span class=\"snr\">3</span>Therefore, you must be at peace.</span> <span data-sentence-id=\"483#1:4\"><span class=\"snr\">4</span>Salvation thus depends on recognizing this one problem, and understanding that it has been solved.</span> <span data-sentence-id=\"483#1:5\"><span class=\"snr\">5</span>One problem, one solution.</span> <span data-sentence-id=\"483#1:6\"><span class=\"snr\">6</span>Salvation is accomplished.</span> <span data-sentence-id=\"483#1:7\"><span class=\"snr\">7</span>Freedom from conflict has been given you.</span> <span data-sentence-id=\"483#1:8\"><span class=\"snr\">8</span>Accept that fact, and you are ready to take your rightful place in God’s plan for salvation.</span></p></div> <div data-paragraph-id=\"483#2\"><p class=\"p-normal\"><span class=\"pnr\">2.</span> <span data-sentence-id=\"483#2:1\"><span class=\"snr noprint\">1</span>Your only problem has been solved!</span> <span data-sentence-id=\"483#2:2\"><span class=\"snr\">2</span>Repeat this over and over to yourself today, with gratitude and conviction.</span> <span data-sentence-id=\"483#2:3\"><span class=\"snr\">3</span>You have recognized your only problem, opening the way for the Holy Spirit to give you God’s answer.</span> <span data-sentence-id=\"483#2:4\"><span class=\"snr\">4</span>You have laid deception aside, and seen the light of truth.</span> <span data-sentence-id=\"483#2:5\"><span class=\"snr\">5</span>You have accepted salvation for yourself by bringing the problem to the answer.</span> <span data-sentence-id=\"483#2:6\"><span class=\"snr\">6</span>And you can recognize the answer, because the problem has been identified.</span></p></div> <div data-paragraph-id=\"483#3\"><p class=\"p-normal\"><span class=\"pnr\">3.</span> <span data-sentence-id=\"483#3:1\"><span class=\"snr noprint\">1</span>You are entitled to peace today.</span> <span data-sentence-id=\"483#3:2\"><span class=\"snr\">2</span>A problem that has been resolved cannot trouble you.</span> <span data-sentence-id=\"483#3:3\"><span class=\"snr\">3</span>Only be certain you do not forget that all problems are the same.</span> <span data-sentence-id=\"483#3:4\"><span class=\"snr\">4</span>Their many forms will not deceive you while you remember this.</span> <span data-sentence-id=\"483#3:5\"><span class=\"snr\">5</span>One problem, one solution.</span> <span data-sentence-id=\"483#3:6\"><span class=\"snr\">6</span>Accept the peace this simple statement brings.</span></p></div> <div data-paragraph-id=\"483#4\"><p class=\"p-normal\"><span class=\"pnr\">4.</span> <span data-sentence-id=\"483#4:1\"><span class=\"snr noprint\">1</span>In our longer practice periods today, we will claim the peace that must be ours when the problem and the answer have been brought together.</span> <span data-sentence-id=\"483#4:2\"><span class=\"snr\">2</span>The problem must be gone, because God’s answer cannot fail.</span> <span data-sentence-id=\"483#4:3\"><span class=\"snr\">3</span>Having recognized one, you have recognized the other.</span> <span data-sentence-id=\"483#4:4\"><span class=\"snr\">4</span>The solution is inherent in the problem.</span> <span data-sentence-id=\"483#4:5\"><span class=\"snr\">5</span>You are answered, and have accepted the answer.</span> <span data-sentence-id=\"483#4:6\"><span class=\"snr\">6</span>You are saved.</span></p></div> <div data-paragraph-id=\"483#5\"><p class=\"p-normal\"><span class=\"pnr\">5.</span> <span data-sentence-id=\"483#5:1\"><span class=\"snr noprint\">1</span>Now let the peace that your acceptance brings be given you.</span> <span data-sentence-id=\"483#5:2\"><span class=\"snr\">2</span>Close your eyes, and receive your reward.</span> <span data-sentence-id=\"483#5:3\"><span class=\"snr\">3</span>Recognize that your problems have been solved.</span> <span data-sentence-id=\"483#5:4\"><span class=\"snr\">4</span>Recognize that you are out of conflict; free and at peace.</span> <span data-sentence-id=\"483#5:5\"><span class=\"snr\">5</span>Above all, remember that you have one problem, and that the problem has one solution.</span> <span data-sentence-id=\"483#5:6\"><span class=\"snr\">6</span>It is in this that the simplicity of salvation lies.</span> <span data-sentence-id=\"483#5:7\"><span class=\"snr\">7</span>It is because of this that it is guaranteed to work.</span></p></div> <div data-paragraph-id=\"483#6\"><p class=\"p-normal\"><span class=\"pnr\">6.</span> <span data-sentence-id=\"483#6:1\"><span class=\"snr noprint\">1</span>Assure yourself often today that your problems have been solved.</span> <span data-sentence-id=\"483#6:2\"><span class=\"snr\">2</span>Repeat the idea with deep conviction, as frequently as possible.</span> <span data-sentence-id=\"483#6:3\"><span class=\"snr\">3</span>And be particularly sure to apply the idea for today to any specific problem that may arise.</span> <span data-sentence-id=\"483#6:4\"><span class=\"snr\">4</span>Say quickly:</span></p> <p class=\"p-prayer\"><span data-sentence-id=\"483#6:5\"><span class=\"snr\">5</span>Let me recognize this problem has been solved.</span></p></div> <div data-paragraph-id=\"483#7\"><p class=\"p-normal\"><span class=\"pnr\">7.</span> <span data-sentence-id=\"483#7:1\"><span class=\"snr noprint\">1</span>Let us be determined not to collect grievances today.</span> <span data-sentence-id=\"483#7:2\"><span class=\"snr\">2</span>Let us be determined to be free of problems that do not exist.</span> <span data-sentence-id=\"483#7:3\"><span class=\"snr\">3</span>The means is simple honesty.</span> <span data-sentence-id=\"483#7:4\"><span class=\"snr\">4</span>Do not deceive yourself about what the problem is, and you must recognize it has been solved.</span></p></div> </div>","firstWords":"If you are willing to recognize your problems, you will recognize that you have no problems. Your one central problem has been answered, and you have no other. Therefore, you must be at peace.","contentType":"acim-content","seoTitle":"Lesson 80: Let me recognize my problems have… | ACIM","seoDescription":"✨ A Course in Miracles with 🎧 Audio! Read and listen to Lesson 80 “Let me recognize my problems have been solved”: If you are willing to recognize your problems, you will recognize that…","desktopBreadcrumbs":[{"label":"Workbook","leadsTo":{"locale":"en","sectionId":401,"slugs":["workbook","introduction"],"forceToc":true}},{"label":"Part I","leadsTo":{"locale":"en","sectionId":403,"slugs":["lesson-1","nothing-i-see-means-anything"],"forceToc":true}},{"label":"Lesson 80","leadsTo":{"locale":"en","sectionId":483,"slugs":["lesson-80","let-me-recognize-my-problems-have-been-solved"]}}],"mobileBreadcrumbs":[{"label":"Workbook","leadsTo":{"locale":"en","sectionId":401,"slugs":["workbook","introduction"],"forceToc":true}},{"label":"Part I","leadsTo":{"locale":"en","sectionId":403,"slugs":["lesson-1","nothing-i-see-means-anything"],"forceToc":true}},{"label":"Lesson 80","leadsTo":{"locale":"en","sectionId":483,"slugs":["lesson-80","let-me-recognize-my-problems-have-been-solved"]}}],"seoBreadcrumbs":[{"label":"A Course in Miracles","leadsTo":"dashboard"},{"label":"Workbook","leadsTo":{"locale":"en","sectionId":401,"slugs":["workbook","introduction"],"forceToc":true}},{"label":"Part I","leadsTo":{"locale":"en","sectionId":403,"slugs":["lesson-1","nothing-i-see-means-anything"],"forceToc":true}},{"label":"Lesson 80","leadsTo":{"locale":"en","sectionId":483,"slugs":["lesson-80","let-me-recognize-my-problems-have-been-solved"]}}],"slugs":["lesson-80","let-me-recognize-my-problems-have-been-solved"],"canonicalLink":"https://acim.org/acim/lesson-80/let-me-recognize-my-problems-have-been-solved/en/s/483","link":"https://acim.org/acim/lesson-80/let-me-recognize-my-problems-have-been-solved/en/s/483","shortLink":"https://acim.org/acim/en/s/483","previousSectionId":482,"previousSectionSlugs":["lesson-79","let-me-recognize-the-problem-so-it-can-be-solved"],"previousSectionLink":"https://acim.org/acim/lesson-79/let-me-recognize-the-problem-so-it-can-be-solved/en/s/482","nextSectionId":484,"nextSectionSlugs":["review-ii","introduction"],"nextSectionLink":"https://acim.org/acim/review-ii/introduction/en/s/484","hreflangLinks":[{"hrefLang":"en","link":"https://acim.org/acim/en/s/483"}]}