{"sectionId":484,"sectionIdLiteral":"484","humanId":"review-2-intro","volumeId":"workbook","locale":"en","titleInfo":{"superTitle":"Review II","title":"Introduction"},"annotation":"W-rII.in","bodyHtml":"<div class=\"acim-text review-2 review-2-intro\"> <div data-paragraph-id=\"484#1\"><p class=\"p-normal\"><span class=\"pnr\">1.</span> <span data-sentence-id=\"484#1:1\"><span class=\"snr noprint\">1</span>We are now ready for another review.</span> <span data-sentence-id=\"484#1:2\"><span class=\"snr\">2</span>We will begin where our last review left off, and cover two ideas each day.</span> <span data-sentence-id=\"484#1:3\"><span class=\"snr\">3</span>The earlier part of each day will be devoted to one of these ideas, and the latter part of the day to the other.</span> <span data-sentence-id=\"484#1:4\"><span class=\"snr\">4</span>We will have one longer exercise period, and frequent shorter ones in which we practice each of them.</span></p></div> <div data-paragraph-id=\"484#2\"><p class=\"p-normal\"><span class=\"pnr\">2.</span> <span data-sentence-id=\"484#2:1\"><span class=\"snr noprint\">1</span>The longer practice periods will follow this general form: Take about fifteen minutes for each of them, and begin by thinking about the ideas for the day, and the comments that are included in the assignments.</span> <span data-sentence-id=\"484#2:2\"><span class=\"snr\">2</span>Devote some three or four minutes to reading them over slowly, several times if you wish, and then close your eyes and listen.</span></p></div> <div data-paragraph-id=\"484#3\"><p class=\"p-normal\"><span class=\"pnr\">3.</span> <span data-sentence-id=\"484#3:1\"><span class=\"snr noprint\">1</span>Repeat the first phase of the exercise period if you find your mind wandering, but try to spend the major part of the time listening quietly but attentively.</span> <span data-sentence-id=\"484#3:2\"><span class=\"snr\">2</span>There is a message waiting for you.</span> <span data-sentence-id=\"484#3:3\"><span class=\"snr\">3</span>Be confident that you will receive it.</span> <span data-sentence-id=\"484#3:4\"><span class=\"snr\">4</span>Remember that it belongs to you, and that you want it.</span></p></div> <div data-paragraph-id=\"484#4\"><p class=\"p-normal\"><span class=\"pnr\">4.</span> <span data-sentence-id=\"484#4:1\"><span class=\"snr noprint\">1</span>Do not allow your intent to waver in the face of distracting thoughts.</span> <span data-sentence-id=\"484#4:2\"><span class=\"snr\">2</span>Realize that, whatever form such thoughts may take, they have no meaning and no power.</span> <span data-sentence-id=\"484#4:3\"><span class=\"snr\">3</span>Replace them with your determination to succeed.</span> <span data-sentence-id=\"484#4:4\"><span class=\"snr\">4</span>Do not forget that your will has power over all fantasies and dreams.</span> <span data-sentence-id=\"484#4:5\"><span class=\"snr\">5</span>Trust it to see you through, and carry you beyond them all.</span></p></div> <div data-paragraph-id=\"484#5\"><p class=\"p-normal\"><span class=\"pnr\">5.</span> <span data-sentence-id=\"484#5:1\"><span class=\"snr noprint\">1</span>Regard these practice periods as dedications to the way, the truth and the life.</span> <span data-sentence-id=\"484#5:2\"><span class=\"snr\">2</span>Refuse to be sidetracked into detours, illusions and thoughts of death.</span> <span data-sentence-id=\"484#5:3\"><span class=\"snr\">3</span>You are dedicated to salvation.</span> <span data-sentence-id=\"484#5:4\"><span class=\"snr\">4</span>Be determined each day not to leave your function unfulfilled.</span></p></div> <div data-paragraph-id=\"484#6\"><p class=\"p-normal\"><span class=\"pnr\">6.</span> <span data-sentence-id=\"484#6:1\"><span class=\"snr noprint\">1</span>Reaffirm your determination in the shorter practice periods as well, using the original form of the idea for general applications, and more specific forms when needed.</span> <span data-sentence-id=\"484#6:2\"><span class=\"snr\">2</span>Some specific forms are included in the comments which follow the statement of the ideas.</span> <span data-sentence-id=\"484#6:3\"><span class=\"snr\">3</span>These, however, are merely suggestions.</span> <span data-sentence-id=\"484#6:4\"><span class=\"snr\">4</span>It is not the particular words you use that matter.</span></p></div> </div>","firstWords":"We are now ready for another review. We will begin where our last review left off, and cover two ideas each day. The earlier part of each day will be devoted to one of these ideas, and the latter","contentType":"acim-content","seoTitle":"Review II: Introduction | ACIM","seoDescription":"✨ A Course in Miracles with 🎧 Audio! Read and listen to “Review II: Introduction” from the Workbook. We are now ready for another review. We will begin where our last review left off,…","desktopBreadcrumbs":[{"label":"Workbook","leadsTo":{"locale":"en","sectionId":401,"slugs":["workbook","introduction"],"forceToc":true}},{"label":"Part I","leadsTo":{"locale":"en","sectionId":403,"slugs":["lesson-1","nothing-i-see-means-anything"],"forceToc":true}},{"label":"Review II","leadsTo":{"locale":"en","sectionId":484,"slugs":["review-ii","introduction"]}}],"mobileBreadcrumbs":[{"label":"Workbook","leadsTo":{"locale":"en","sectionId":401,"slugs":["workbook","introduction"],"forceToc":true}},{"label":"Part I","leadsTo":{"locale":"en","sectionId":403,"slugs":["lesson-1","nothing-i-see-means-anything"],"forceToc":true}},{"label":"Review II","leadsTo":{"locale":"en","sectionId":484,"slugs":["review-ii","introduction"]}}],"seoBreadcrumbs":[{"label":"A Course in Miracles","leadsTo":"dashboard"},{"label":"Workbook","leadsTo":{"locale":"en","sectionId":401,"slugs":["workbook","introduction"],"forceToc":true}},{"label":"Part I","leadsTo":{"locale":"en","sectionId":403,"slugs":["lesson-1","nothing-i-see-means-anything"],"forceToc":true}},{"label":"Review II","leadsTo":{"locale":"en","sectionId":484,"slugs":["review-ii","introduction"]}}],"slugs":["review-ii","introduction"],"canonicalLink":"https://acim.org/acim/review-ii/introduction/en/s/484","link":"https://acim.org/acim/review-ii/introduction/en/s/484","shortLink":"https://acim.org/acim/en/s/484","previousSectionId":483,"previousSectionSlugs":["lesson-80","let-me-recognize-my-problems-have-been-solved"],"previousSectionLink":"https://acim.org/acim/lesson-80/let-me-recognize-my-problems-have-been-solved/en/s/483","nextSectionId":485,"nextSectionSlugs":["review-ii","lesson-81"],"nextSectionLink":"https://acim.org/acim/review-ii/lesson-81/en/s/485","hreflangLinks":[{"hrefLang":"en","link":"https://acim.org/acim/en/s/484"}]}