{"sectionId":486,"sectionIdLiteral":"486","humanId":"lesson-82","volumeId":"workbook","locale":"en","titleInfo":{"ownlineNumber":"Lesson 82"},"annotation":"W-82","bodyHtml":"<div class=\"acim-text review-lesson review-2 lesson-82\"> <div data-paragraph-id=\"486#0\"><p class=\"p-review-intro\"><span data-sentence-id=\"486#0:1\">We will review these ideas today:</span></p></div> <div data-paragraph-id=\"486#1\"><p class=\"p-lesson-ref\"><span class=\"pnr\">1.</span> <span data-sentence-id=\"486#1:1\"><span class=\"snr noprint\">1</span>(<span class=\"lref\">63</span>) <b>The light of the world brings peace to every mind through my forgiveness.</b></span></p> <p class=\"p-normal\"><span data-sentence-id=\"486#1:2\"><span class=\"snr\">2</span>My forgiveness is the means by which the light of the world finds expression through me.</span> <span data-sentence-id=\"486#1:3\"><span class=\"snr\">3</span>My forgiveness is the means by which I become aware of the light of the world in me.</span> <span data-sentence-id=\"486#1:4\"><span class=\"snr\">4</span>My forgiveness is the means by which the world is healed, together with myself.</span> <span data-sentence-id=\"486#1:5\"><span class=\"snr\">5</span>Let me, then, forgive the world, that it may be healed along with me.</span></p></div> <div data-paragraph-id=\"486#2\"><p class=\"p-normal\"><span class=\"pnr\">2.</span> <span data-sentence-id=\"486#2:1\"><span class=\"snr noprint\">1</span>Suggestions for specific forms for applying this idea are:</span></p> <p class=\"p-prayer\"><span data-sentence-id=\"486#2:2\"><span class=\"snr\">2</span>Let peace extend from my mind to yours, [name].<br/></span> <span data-sentence-id=\"486#2:3\"><span class=\"snr\">3</span>I share the light of the world with you, [name].<br/></span> <span data-sentence-id=\"486#2:4\"><span class=\"snr\">4</span>Through my forgiveness I can see this as it is.</span></p></div> <div data-paragraph-id=\"486#3\"><p class=\"p-lesson-ref\"><span class=\"pnr\">3.</span> <span data-sentence-id=\"486#3:1\"><span class=\"snr noprint\">1</span>(<span class=\"lref\">64</span>) <b>Let me not forget my function.</b></span></p> <p class=\"p-normal\"><span data-sentence-id=\"486#3:2\"><span class=\"snr\">2</span>I would not forget my function, because I would remember my Self.</span> <span data-sentence-id=\"486#3:3\"><span class=\"snr\">3</span>I cannot fulfill my function if I forget it.</span> <span data-sentence-id=\"486#3:4\"><span class=\"snr\">4</span>And unless I fulfill my function, I will not experience the joy that God intends for me.</span></p></div> <div data-paragraph-id=\"486#4\"><p class=\"p-normal\"><span class=\"pnr\">4.</span> <span data-sentence-id=\"486#4:1\"><span class=\"snr noprint\">1</span>Suitable specific forms of this idea include:</span></p> <p class=\"p-prayer\"><span data-sentence-id=\"486#4:2\"><span class=\"snr\">2</span>Let me not use this to hide my function from me.<br/></span> <span data-sentence-id=\"486#4:3\"><span class=\"snr\">3</span>I would use this as an opportunity to fulfill my function.<br/></span> <span data-sentence-id=\"486#4:4\"><span class=\"snr\">4</span>This may threaten my ego, but cannot change my function in any way.</span></p></div> </div>","firstWords":"We will review these ideas today: (63) The light of the world brings peace to every mind through my forgiveness. My forgiveness is the means by which the light of the world finds expression through","contentType":"acim-content","seoTitle":"Lesson 82: Review (63 and 64) | ACIM","seoDescription":"✨ A Course in Miracles with 🎧 Audio! Read and listen to Lesson 82 “Review (63 and 64)”: We will review these ideas today: (63) The light of the world brings peace to every mind through…","desktopBreadcrumbs":[{"label":"Workbook","leadsTo":{"locale":"en","sectionId":401,"slugs":["workbook","introduction"],"forceToc":true}},{"label":"Part I","leadsTo":{"locale":"en","sectionId":403,"slugs":["lesson-1","nothing-i-see-means-anything"],"forceToc":true}},{"label":"Review II","leadsTo":{"locale":"en","sectionId":484,"slugs":["review-ii","introduction"]}},{"label":"Lesson 82","leadsTo":{"locale":"en","sectionId":486,"slugs":["review-ii","lesson-82"]}}],"mobileBreadcrumbs":[{"label":"Workbook","leadsTo":{"locale":"en","sectionId":401,"slugs":["workbook","introduction"],"forceToc":true}},{"label":"Part I","leadsTo":{"locale":"en","sectionId":403,"slugs":["lesson-1","nothing-i-see-means-anything"],"forceToc":true}},{"label":"Review II","leadsTo":{"locale":"en","sectionId":484,"slugs":["review-ii","introduction"]}},{"label":"Lesson 82","leadsTo":{"locale":"en","sectionId":486,"slugs":["review-ii","lesson-82"]}}],"seoBreadcrumbs":[{"label":"A Course in Miracles","leadsTo":"dashboard"},{"label":"Workbook","leadsTo":{"locale":"en","sectionId":401,"slugs":["workbook","introduction"],"forceToc":true}},{"label":"Part I","leadsTo":{"locale":"en","sectionId":403,"slugs":["lesson-1","nothing-i-see-means-anything"],"forceToc":true}},{"label":"Review II","leadsTo":{"locale":"en","sectionId":484,"slugs":["review-ii","introduction"]}},{"label":"Lesson 82","leadsTo":{"locale":"en","sectionId":486,"slugs":["review-ii","lesson-82"]}}],"slugs":["review-ii","lesson-82"],"canonicalLink":"https://acim.org/acim/review-ii/lesson-82/en/s/486","link":"https://acim.org/acim/review-ii/lesson-82/en/s/486","shortLink":"https://acim.org/acim/en/s/486","previousSectionId":485,"previousSectionSlugs":["review-ii","lesson-81"],"previousSectionLink":"https://acim.org/acim/review-ii/lesson-81/en/s/485","nextSectionId":487,"nextSectionSlugs":["review-ii","lesson-83"],"nextSectionLink":"https://acim.org/acim/review-ii/lesson-83/en/s/487","hreflangLinks":[{"hrefLang":"en","link":"https://acim.org/acim/en/s/486"}]}