{"sectionId":487,"sectionIdLiteral":"487","humanId":"lesson-83","volumeId":"workbook","locale":"en","titleInfo":{"ownlineNumber":"Lesson 83"},"annotation":"W-83","bodyHtml":"<div class=\"acim-text review-lesson review-2 lesson-83\"> <div data-paragraph-id=\"487#0\"><p class=\"p-review-intro\"><span data-sentence-id=\"487#0:1\">Today let us review these ideas:</span></p></div> <div data-paragraph-id=\"487#1\"><p class=\"p-lesson-ref\"><span class=\"pnr\">1.</span> <span data-sentence-id=\"487#1:1\"><span class=\"snr noprint\">1</span>(<span class=\"lref\">65</span>) <b>My only function is the one God gave me.</b></span></p> <p class=\"p-normal\"><span data-sentence-id=\"487#1:2\"><span class=\"snr\">2</span>I have no function but the one God gave me.</span> <span data-sentence-id=\"487#1:3\"><span class=\"snr\">3</span>This recognition releases me from all conflict, because it means I cannot have conflicting goals.</span> <span data-sentence-id=\"487#1:4\"><span class=\"snr\">4</span>With one purpose only, I am always certain what to do, what to say and what to think.</span> <span data-sentence-id=\"487#1:5\"><span class=\"snr\">5</span>All doubt must disappear as I acknowledge that my only function is the one God gave me.</span></p></div> <div data-paragraph-id=\"487#2\"><p class=\"p-normal\"><span class=\"pnr\">2.</span> <span data-sentence-id=\"487#2:1\"><span class=\"snr noprint\">1</span>More specific applications of this idea might take these forms:</span></p> <p class=\"p-prayer\"><span data-sentence-id=\"487#2:2\"><span class=\"snr\">2</span>My perception of this does not change my function.<br/></span> <span data-sentence-id=\"487#2:3\"><span class=\"snr\">3</span>This does not give me a function other than the one God gave me.<br/></span> <span data-sentence-id=\"487#2:4\"><span class=\"snr\">4</span>Let me not use this to justify a function God did not give me.</span></p></div> <div data-paragraph-id=\"487#3\"><p class=\"p-lesson-ref\"><span class=\"pnr\">3.</span> <span data-sentence-id=\"487#3:1\"><span class=\"snr noprint\">1</span>(<span class=\"lref\">66</span>) <b>My happiness and my function are one.</b></span></p> <p class=\"p-normal\"><span data-sentence-id=\"487#3:2\"><span class=\"snr\">2</span>All things that come from God are one.</span> <span data-sentence-id=\"487#3:3\"><span class=\"snr\">3</span>They come from Oneness, and must be received as one.</span> <span data-sentence-id=\"487#3:4\"><span class=\"snr\">4</span>Fulfilling my function is my happiness because both come from the same Source.</span> <span data-sentence-id=\"487#3:5\"><span class=\"snr\">5</span>And I must learn to recognize what makes me happy, if I would find happiness.</span></p></div> <div data-paragraph-id=\"487#4\"><p class=\"p-normal\"><span class=\"pnr\">4.</span> <span data-sentence-id=\"487#4:1\"><span class=\"snr noprint\">1</span>Some useful forms for specific applications of this idea are:</span></p> <p class=\"p-prayer\"><span data-sentence-id=\"487#4:2\"><span class=\"snr\">2</span>This cannot separate my happiness from my function.<br/></span> <span data-sentence-id=\"487#4:3\"><span class=\"snr\">3</span>The oneness of my happiness and my function remains wholly unaffected by this.<br/></span> <span data-sentence-id=\"487#4:4\"><span class=\"snr\">4</span>Nothing, including this, can justify the illusion of happiness apart from my function.</span></p></div> </div>","firstWords":"Today let us review these ideas: (65) My only function is the one God gave me. I have no function but the one God gave me. This recognition releases me from all conflict, because it means I cannot","contentType":"acim-content","seoTitle":"Lesson 83: Review (65 and 66) | ACIM","seoDescription":"✨ A Course in Miracles with 🎧 Audio! Read and listen to Lesson 83 “Review (65 and 66)”: Today let us review these ideas: (65) My only function is the one God gave me. I have no function…","desktopBreadcrumbs":[{"label":"Workbook","leadsTo":{"locale":"en","sectionId":401,"slugs":["workbook","introduction"],"forceToc":true}},{"label":"Part I","leadsTo":{"locale":"en","sectionId":403,"slugs":["lesson-1","nothing-i-see-means-anything"],"forceToc":true}},{"label":"Review II","leadsTo":{"locale":"en","sectionId":484,"slugs":["review-ii","introduction"]}},{"label":"Lesson 83","leadsTo":{"locale":"en","sectionId":487,"slugs":["review-ii","lesson-83"]}}],"mobileBreadcrumbs":[{"label":"Workbook","leadsTo":{"locale":"en","sectionId":401,"slugs":["workbook","introduction"],"forceToc":true}},{"label":"Part I","leadsTo":{"locale":"en","sectionId":403,"slugs":["lesson-1","nothing-i-see-means-anything"],"forceToc":true}},{"label":"Review II","leadsTo":{"locale":"en","sectionId":484,"slugs":["review-ii","introduction"]}},{"label":"Lesson 83","leadsTo":{"locale":"en","sectionId":487,"slugs":["review-ii","lesson-83"]}}],"seoBreadcrumbs":[{"label":"A Course in Miracles","leadsTo":"dashboard"},{"label":"Workbook","leadsTo":{"locale":"en","sectionId":401,"slugs":["workbook","introduction"],"forceToc":true}},{"label":"Part I","leadsTo":{"locale":"en","sectionId":403,"slugs":["lesson-1","nothing-i-see-means-anything"],"forceToc":true}},{"label":"Review II","leadsTo":{"locale":"en","sectionId":484,"slugs":["review-ii","introduction"]}},{"label":"Lesson 83","leadsTo":{"locale":"en","sectionId":487,"slugs":["review-ii","lesson-83"]}}],"slugs":["review-ii","lesson-83"],"canonicalLink":"https://acim.org/acim/review-ii/lesson-83/en/s/487","link":"https://acim.org/acim/review-ii/lesson-83/en/s/487","shortLink":"https://acim.org/acim/en/s/487","previousSectionId":486,"previousSectionSlugs":["review-ii","lesson-82"],"previousSectionLink":"https://acim.org/acim/review-ii/lesson-82/en/s/486","nextSectionId":488,"nextSectionSlugs":["review-ii","lesson-84"],"nextSectionLink":"https://acim.org/acim/review-ii/lesson-84/en/s/488","hreflangLinks":[{"hrefLang":"en","link":"https://acim.org/acim/en/s/487"}]}