{"sectionId":490,"sectionIdLiteral":"490","humanId":"lesson-86","volumeId":"workbook","locale":"en","titleInfo":{"ownlineNumber":"Lesson 86"},"annotation":"W-86","bodyHtml":"<div class=\"acim-text review-lesson review-2 lesson-86\"> <div data-paragraph-id=\"490#0\"><p class=\"p-review-intro\"><span data-sentence-id=\"490#0:1\">These ideas are for review today:</span></p></div> <div data-paragraph-id=\"490#1\"><p class=\"p-lesson-ref\"><span class=\"pnr\">1.</span> <span data-sentence-id=\"490#1:1\"><span class=\"snr noprint\">1</span>(<span class=\"lref\">71</span>) <b>Only God’s plan for salvation will work.</b></span></p> <p class=\"p-normal\"><span data-sentence-id=\"490#1:2\"><span class=\"snr\">2</span>It is senseless for me to search wildly about for salvation.</span> <span data-sentence-id=\"490#1:3\"><span class=\"snr\">3</span>I have seen it in many people and in many things, but when I reached for it, it was not there.</span> <span data-sentence-id=\"490#1:4\"><span class=\"snr\">4</span>I was mistaken about where it is.</span> <span data-sentence-id=\"490#1:5\"><span class=\"snr\">5</span>I was mistaken about what it is.</span> <span data-sentence-id=\"490#1:6\"><span class=\"snr\">6</span>I will undertake no more idle seeking.</span> <span data-sentence-id=\"490#1:7\"><span class=\"snr\">7</span>Only God’s plan for salvation will work.</span> <span data-sentence-id=\"490#1:8\"><span class=\"snr\">8</span>And I will rejoice because His plan can never fail.</span></p></div> <div data-paragraph-id=\"490#2\"><p class=\"p-normal\"><span class=\"pnr\">2.</span> <span data-sentence-id=\"490#2:1\"><span class=\"snr noprint\">1</span>These are some suggested forms for applying this idea specifically:</span></p> <p class=\"p-prayer\"><span data-sentence-id=\"490#2:2\"><span class=\"snr\">2</span>God’s plan for salvation will save me from my perception of this.<br/></span> <span data-sentence-id=\"490#2:3\"><span class=\"snr\">3</span>This is no exception in God’s plan for my salvation.<br/></span> <span data-sentence-id=\"490#2:4\"><span class=\"snr\">4</span>Let me perceive this only in the light of God’s plan for salvation.</span></p></div> <div data-paragraph-id=\"490#3\"><p class=\"p-lesson-ref\"><span class=\"pnr\">3.</span> <span data-sentence-id=\"490#3:1\"><span class=\"snr noprint\">1</span>(<span class=\"lref\">72</span>) <b>Holding grievances is an attack on God’s plan for salvation.</b></span></p> <p class=\"p-normal\"><span data-sentence-id=\"490#3:2\"><span class=\"snr\">2</span>Holding grievances is an attempt to prove that God’s plan for salvation will not work.</span> <span data-sentence-id=\"490#3:3\"><span class=\"snr\">3</span>Yet only His plan will work.</span> <span data-sentence-id=\"490#3:4\"><span class=\"snr\">4</span>By holding grievances, I am therefore excluding my only hope of salvation from my awareness.</span> <span data-sentence-id=\"490#3:5\"><span class=\"snr\">5</span>I would no longer defeat my own best interests in this insane way.</span> <span data-sentence-id=\"490#3:6\"><span class=\"snr\">6</span>I would accept God’s plan for salvation, and be happy.</span></p></div> <div data-paragraph-id=\"490#4\"><p class=\"p-normal\"><span class=\"pnr\">4.</span> <span data-sentence-id=\"490#4:1\"><span class=\"snr noprint\">1</span>Specific applications for this idea might be in these forms:</span></p> <p class=\"p-prayer\"><span data-sentence-id=\"490#4:2\"><span class=\"snr\">2</span>I am choosing between misperception and salvation as I look on this.<br/></span> <span data-sentence-id=\"490#4:3\"><span class=\"snr\">3</span>If I see grounds for grievances in this, I will not see the grounds for my salvation.<br/></span> <span data-sentence-id=\"490#4:4\"><span class=\"snr\">4</span>This calls for salvation, not attack.</span></p></div> </div>","firstWords":"These ideas are for review today: (71) Only God’s plan for salvation will work. It is senseless for me to search wildly about for salvation. I have seen it in many people and in many things, but when","contentType":"acim-content","seoTitle":"Lesson 86: Review (71 and 72) | ACIM","seoDescription":"✨ A Course in Miracles with 🎧 Audio! Read and listen to Lesson 86 “Review (71 and 72)”: These ideas are for review today: (71) Only God’s plan for salvation will work. It is senseless…","desktopBreadcrumbs":[{"label":"Workbook","leadsTo":{"locale":"en","sectionId":401,"slugs":["workbook","introduction"],"forceToc":true}},{"label":"Part I","leadsTo":{"locale":"en","sectionId":403,"slugs":["lesson-1","nothing-i-see-means-anything"],"forceToc":true}},{"label":"Review II","leadsTo":{"locale":"en","sectionId":484,"slugs":["review-ii","introduction"]}},{"label":"Lesson 86","leadsTo":{"locale":"en","sectionId":490,"slugs":["review-ii","lesson-86"]}}],"mobileBreadcrumbs":[{"label":"Workbook","leadsTo":{"locale":"en","sectionId":401,"slugs":["workbook","introduction"],"forceToc":true}},{"label":"Part I","leadsTo":{"locale":"en","sectionId":403,"slugs":["lesson-1","nothing-i-see-means-anything"],"forceToc":true}},{"label":"Review II","leadsTo":{"locale":"en","sectionId":484,"slugs":["review-ii","introduction"]}},{"label":"Lesson 86","leadsTo":{"locale":"en","sectionId":490,"slugs":["review-ii","lesson-86"]}}],"seoBreadcrumbs":[{"label":"A Course in Miracles","leadsTo":"dashboard"},{"label":"Workbook","leadsTo":{"locale":"en","sectionId":401,"slugs":["workbook","introduction"],"forceToc":true}},{"label":"Part I","leadsTo":{"locale":"en","sectionId":403,"slugs":["lesson-1","nothing-i-see-means-anything"],"forceToc":true}},{"label":"Review II","leadsTo":{"locale":"en","sectionId":484,"slugs":["review-ii","introduction"]}},{"label":"Lesson 86","leadsTo":{"locale":"en","sectionId":490,"slugs":["review-ii","lesson-86"]}}],"slugs":["review-ii","lesson-86"],"canonicalLink":"https://acim.org/acim/review-ii/lesson-86/en/s/490","link":"https://acim.org/acim/review-ii/lesson-86/en/s/490","shortLink":"https://acim.org/acim/en/s/490","previousSectionId":489,"previousSectionSlugs":["review-ii","lesson-85"],"previousSectionLink":"https://acim.org/acim/review-ii/lesson-85/en/s/489","nextSectionId":491,"nextSectionSlugs":["review-ii","lesson-87"],"nextSectionLink":"https://acim.org/acim/review-ii/lesson-87/en/s/491","hreflangLinks":[{"hrefLang":"en","link":"https://acim.org/acim/en/s/490"}]}