{"sectionId":492,"sectionIdLiteral":"492","humanId":"lesson-88","volumeId":"workbook","locale":"en","titleInfo":{"ownlineNumber":"Lesson 88"},"annotation":"W-88","bodyHtml":"<div class=\"acim-text review-lesson review-2 lesson-88\"> <div data-paragraph-id=\"492#0\"><p class=\"p-review-intro\"><span data-sentence-id=\"492#0:1\">Today we will review these ideas:</span></p></div> <div data-paragraph-id=\"492#1\"><p class=\"p-lesson-ref\"><span class=\"pnr\">1.</span> <span data-sentence-id=\"492#1:1\"><span class=\"snr noprint\">1</span>(<span class=\"lref\">75</span>) <b>The light has come.</b></span></p> <p class=\"p-normal\"><span data-sentence-id=\"492#1:2\"><span class=\"snr\">2</span>In choosing salvation rather than attack, I merely choose to recognize what is already there.</span> <span data-sentence-id=\"492#1:3\"><span class=\"snr\">3</span>Salvation is a decision made already.</span> <span data-sentence-id=\"492#1:4\"><span class=\"snr\">4</span>Attack and grievances are not there to choose.</span> <span data-sentence-id=\"492#1:5\"><span class=\"snr\">5</span>That is why I always choose between truth and illusion; between what is there and what is not.</span> <span data-sentence-id=\"492#1:6\"><span class=\"snr\">6</span>The light has come.</span> <span data-sentence-id=\"492#1:7\"><span class=\"snr\">7</span>I can but choose the light, for it has no alternative.</span> <span data-sentence-id=\"492#1:8\"><span class=\"snr\">8</span>It has replaced the darkness, and the darkness has gone.</span></p></div> <div data-paragraph-id=\"492#2\"><p class=\"p-normal\"><span class=\"pnr\">2.</span> <span data-sentence-id=\"492#2:1\"><span class=\"snr noprint\">1</span>These would prove useful forms for specific applications of this idea:</span></p> <p class=\"p-prayer\"><span data-sentence-id=\"492#2:2\"><span class=\"snr\">2</span>This cannot show me darkness, for the light has come.<br/></span> <span data-sentence-id=\"492#2:3\"><span class=\"snr\">3</span>The light in you is all that I would see, [name].<br/></span> <span data-sentence-id=\"492#2:4\"><span class=\"snr\">4</span>I would see in this only what is there.</span></p></div> <div data-paragraph-id=\"492#3\"><p class=\"p-lesson-ref\"><span class=\"pnr\">3.</span> <span data-sentence-id=\"492#3:1\"><span class=\"snr noprint\">1</span>(<span class=\"lref\">76</span>) <b>I am under no laws but God’s.</b></span></p> <p class=\"p-normal\"><span data-sentence-id=\"492#3:2\"><span class=\"snr\">2</span>Here is the perfect statement of my freedom.</span> <span data-sentence-id=\"492#3:3\"><span class=\"snr\">3</span>I am under no laws but God’s.</span> <span data-sentence-id=\"492#3:4\"><span class=\"snr\">4</span>I am constantly tempted to make up other laws and give them power over me.</span> <span data-sentence-id=\"492#3:5\"><span class=\"snr\">5</span>I suffer only because of my belief in them.</span> <span data-sentence-id=\"492#3:6\"><span class=\"snr\">6</span>They have no real effect on me at all.</span> <span data-sentence-id=\"492#3:7\"><span class=\"snr\">7</span>I am perfectly free of the effects of all laws save God’s.</span> <span data-sentence-id=\"492#3:8\"><span class=\"snr\">8</span>And His are the laws of freedom.</span></p></div> <div data-paragraph-id=\"492#4\"><p class=\"p-normal\"><span class=\"pnr\">4.</span> <span data-sentence-id=\"492#4:1\"><span class=\"snr noprint\">1</span>For specific forms in applying this idea, these would be useful:</span></p> <p class=\"p-prayer\"><span data-sentence-id=\"492#4:2\"><span class=\"snr\">2</span>My perception of this shows me I believe in laws that do not exist.<br/></span> <span data-sentence-id=\"492#4:3\"><span class=\"snr\">3</span>I see only the laws of God at work in this.<br/></span> <span data-sentence-id=\"492#4:4\"><span class=\"snr\">4</span>Let me allow God’s laws to work in this, and not my own.</span></p></div> </div>","firstWords":"Today we will review these ideas: (75) The light has come. In choosing salvation rather than attack, I merely choose to recognize what is already there. Salvation is a decision made already. Attack","contentType":"acim-content","seoTitle":"Lesson 88: Review (75 and 76) | ACIM","seoDescription":"✨ A Course in Miracles with 🎧 Audio! Read and listen to Lesson 88 “Review (75 and 76)”: Today we will review these ideas: (75) The light has come. In choosing salvation rather than…","desktopBreadcrumbs":[{"label":"Workbook","leadsTo":{"locale":"en","sectionId":401,"slugs":["workbook","introduction"],"forceToc":true}},{"label":"Part I","leadsTo":{"locale":"en","sectionId":403,"slugs":["lesson-1","nothing-i-see-means-anything"],"forceToc":true}},{"label":"Review II","leadsTo":{"locale":"en","sectionId":484,"slugs":["review-ii","introduction"]}},{"label":"Lesson 88","leadsTo":{"locale":"en","sectionId":492,"slugs":["review-ii","lesson-88"]}}],"mobileBreadcrumbs":[{"label":"Workbook","leadsTo":{"locale":"en","sectionId":401,"slugs":["workbook","introduction"],"forceToc":true}},{"label":"Part I","leadsTo":{"locale":"en","sectionId":403,"slugs":["lesson-1","nothing-i-see-means-anything"],"forceToc":true}},{"label":"Review II","leadsTo":{"locale":"en","sectionId":484,"slugs":["review-ii","introduction"]}},{"label":"Lesson 88","leadsTo":{"locale":"en","sectionId":492,"slugs":["review-ii","lesson-88"]}}],"seoBreadcrumbs":[{"label":"A Course in Miracles","leadsTo":"dashboard"},{"label":"Workbook","leadsTo":{"locale":"en","sectionId":401,"slugs":["workbook","introduction"],"forceToc":true}},{"label":"Part I","leadsTo":{"locale":"en","sectionId":403,"slugs":["lesson-1","nothing-i-see-means-anything"],"forceToc":true}},{"label":"Review II","leadsTo":{"locale":"en","sectionId":484,"slugs":["review-ii","introduction"]}},{"label":"Lesson 88","leadsTo":{"locale":"en","sectionId":492,"slugs":["review-ii","lesson-88"]}}],"slugs":["review-ii","lesson-88"],"canonicalLink":"https://acim.org/acim/review-ii/lesson-88/en/s/492","link":"https://acim.org/acim/review-ii/lesson-88/en/s/492","shortLink":"https://acim.org/acim/en/s/492","previousSectionId":491,"previousSectionSlugs":["review-ii","lesson-87"],"previousSectionLink":"https://acim.org/acim/review-ii/lesson-87/en/s/491","nextSectionId":493,"nextSectionSlugs":["review-ii","lesson-89"],"nextSectionLink":"https://acim.org/acim/review-ii/lesson-89/en/s/493","hreflangLinks":[{"hrefLang":"en","link":"https://acim.org/acim/en/s/492"}]}