{"sectionId":494,"sectionIdLiteral":"494","humanId":"lesson-90","volumeId":"workbook","locale":"en","titleInfo":{"ownlineNumber":"Lesson 90"},"annotation":"W-90","bodyHtml":"<div class=\"acim-text review-lesson review-2 lesson-90\"> <div data-paragraph-id=\"494#0\"><p class=\"p-review-intro\"><span data-sentence-id=\"494#0:1\">For this review we will use these ideas:</span></p></div> <div data-paragraph-id=\"494#1\"><p class=\"p-lesson-ref\"><span class=\"pnr\">1.</span> <span data-sentence-id=\"494#1:1\"><span class=\"snr noprint\">1</span>(<span class=\"lref\">79</span>) <b>Let me recognize the problem so it can be solved.</b></span></p> <p class=\"p-normal\"><span data-sentence-id=\"494#1:2\"><span class=\"snr\">2</span>Let me realize today that the problem is always some form of grievance that I would cherish.</span> <span data-sentence-id=\"494#1:3\"><span class=\"snr\">3</span>Let me also understand that the solution is always a miracle with which I let the grievance be replaced.</span> <span data-sentence-id=\"494#1:4\"><span class=\"snr\">4</span>Today I would remember the simplicity of salvation by reinforcing the lesson that there is one problem and one solution.</span> <span data-sentence-id=\"494#1:5\"><span class=\"snr\">5</span>The problem is a grievance; the solution is a miracle.</span> <span data-sentence-id=\"494#1:6\"><span class=\"snr\">6</span>And I invite the solution to come to me through my forgiveness of the grievance, and my welcome of the miracle that takes its place.</span></p></div> <div data-paragraph-id=\"494#2\"><p class=\"p-normal\"><span class=\"pnr\">2.</span> <span data-sentence-id=\"494#2:1\"><span class=\"snr noprint\">1</span>Specific applications of this idea might be in these forms:</span></p> <p class=\"p-prayer\"><span data-sentence-id=\"494#2:2\"><span class=\"snr\">2</span>This presents a problem to me which I would have resolved.<br/></span> <span data-sentence-id=\"494#2:3\"><span class=\"snr\">3</span>The miracle behind this grievance will resolve it for me.<br/></span> <span data-sentence-id=\"494#2:4\"><span class=\"snr\">4</span>The answer to this problem is the miracle that it conceals.</span></p></div> <div data-paragraph-id=\"494#3\"><p class=\"p-lesson-ref\"><span class=\"pnr\">3.</span> <span data-sentence-id=\"494#3:1\"><span class=\"snr noprint\">1</span>(<span class=\"lref\">80</span>) <b>Let me recognize my problems have been solved.</b></span></p> <p class=\"p-normal\"><span data-sentence-id=\"494#3:2\"><span class=\"snr\">2</span>I seem to have problems only because I am misusing time.</span> <span data-sentence-id=\"494#3:3\"><span class=\"snr\">3</span>I believe that the problem comes first, and time must elapse before it can be worked out.</span> <span data-sentence-id=\"494#3:4\"><span class=\"snr\">4</span>I do not see the problem and the answer as simultaneous in their occurrence.</span> <span data-sentence-id=\"494#3:5\"><span class=\"snr\">5</span>That is because I do not yet realize that God has placed the answer together with the problem, so that they cannot be separated by time.</span> <span data-sentence-id=\"494#3:6\"><span class=\"snr\">6</span>The Holy Spirit will teach me this, if I will let Him.</span> <span data-sentence-id=\"494#3:7\"><span class=\"snr\">7</span>And I will understand it is impossible that I could have a problem which has not been solved already.</span></p></div> <div data-paragraph-id=\"494#4\"><p class=\"p-normal\"><span class=\"pnr\">4.</span> <span data-sentence-id=\"494#4:1\"><span class=\"snr noprint\">1</span>These forms of the idea will be useful for specific applications:</span></p> <p class=\"p-prayer\"><span data-sentence-id=\"494#4:2\"><span class=\"snr\">2</span>I need not wait for this to be resolved.<br/></span> <span data-sentence-id=\"494#4:3\"><span class=\"snr\">3</span>The answer to this problem is already given me, if I will accept it.<br/></span> <span data-sentence-id=\"494#4:4\"><span class=\"snr\">4</span>Time cannot separate this problem from its solution.</span></p></div> </div>","firstWords":"For this review we will use these ideas: (79) Let me recognize the problem so it can be solved. Let me realize today that the problem is always some form of grievance that I would cherish. Let me","contentType":"acim-content","seoTitle":"Lesson 90: Review (79 and 80) | ACIM","seoDescription":"✨ A Course in Miracles with 🎧 Audio! Read and listen to Lesson 90 “Review (79 and 80)”: For this review we will use these ideas: (79) Let me recognize the problem so it can be solved.…","desktopBreadcrumbs":[{"label":"Workbook","leadsTo":{"locale":"en","sectionId":401,"slugs":["workbook","introduction"],"forceToc":true}},{"label":"Part I","leadsTo":{"locale":"en","sectionId":403,"slugs":["lesson-1","nothing-i-see-means-anything"],"forceToc":true}},{"label":"Review II","leadsTo":{"locale":"en","sectionId":484,"slugs":["review-ii","introduction"]}},{"label":"Lesson 90","leadsTo":{"locale":"en","sectionId":494,"slugs":["review-ii","lesson-90"]}}],"mobileBreadcrumbs":[{"label":"Workbook","leadsTo":{"locale":"en","sectionId":401,"slugs":["workbook","introduction"],"forceToc":true}},{"label":"Part I","leadsTo":{"locale":"en","sectionId":403,"slugs":["lesson-1","nothing-i-see-means-anything"],"forceToc":true}},{"label":"Review II","leadsTo":{"locale":"en","sectionId":484,"slugs":["review-ii","introduction"]}},{"label":"Lesson 90","leadsTo":{"locale":"en","sectionId":494,"slugs":["review-ii","lesson-90"]}}],"seoBreadcrumbs":[{"label":"A Course in Miracles","leadsTo":"dashboard"},{"label":"Workbook","leadsTo":{"locale":"en","sectionId":401,"slugs":["workbook","introduction"],"forceToc":true}},{"label":"Part I","leadsTo":{"locale":"en","sectionId":403,"slugs":["lesson-1","nothing-i-see-means-anything"],"forceToc":true}},{"label":"Review II","leadsTo":{"locale":"en","sectionId":484,"slugs":["review-ii","introduction"]}},{"label":"Lesson 90","leadsTo":{"locale":"en","sectionId":494,"slugs":["review-ii","lesson-90"]}}],"slugs":["review-ii","lesson-90"],"canonicalLink":"https://acim.org/acim/review-ii/lesson-90/en/s/494","link":"https://acim.org/acim/review-ii/lesson-90/en/s/494","shortLink":"https://acim.org/acim/en/s/494","previousSectionId":493,"previousSectionSlugs":["review-ii","lesson-89"],"previousSectionLink":"https://acim.org/acim/review-ii/lesson-89/en/s/493","nextSectionId":495,"nextSectionSlugs":["lesson-91","miracles-are-seen-in-light"],"nextSectionLink":"https://acim.org/acim/lesson-91/miracles-are-seen-in-light/en/s/495","hreflangLinks":[{"hrefLang":"en","link":"https://acim.org/acim/en/s/494"}]}