{"sectionId":498,"sectionIdLiteral":"498","humanId":"lesson-94","volumeId":"workbook","locale":"en","titleInfo":{"title":"I am as God created me.","ownlineNumber":"Lesson 94"},"annotation":"W-94","bodyHtml":"<div class=\"acim-text lesson-94\"> <div data-paragraph-id=\"498#1\"><p class=\"p-normal\"><span class=\"pnr\">1.</span> <span data-sentence-id=\"498#1:1\"><span class=\"snr noprint\">1</span>Today we continue with the one idea which brings complete salvation; the one statement which makes all forms of temptation powerless; the one thought which renders the ego silent and entirely undone.</span> <span data-sentence-id=\"498#1:2\"><span class=\"snr\">2</span>You are as God created you.</span> <span data-sentence-id=\"498#1:3\"><span class=\"snr\">3</span>The sounds of this world are still, the sights of this world disappear, and all the thoughts that this world ever held are wiped away forever by this one idea.</span> <span data-sentence-id=\"498#1:4\"><span class=\"snr\">4</span>Here is salvation accomplished.</span> <span data-sentence-id=\"498#1:5\"><span class=\"snr\">5</span>Here is sanity restored.</span></p></div> <div data-paragraph-id=\"498#2\"><p class=\"p-normal\"><span class=\"pnr\">2.</span> <span data-sentence-id=\"498#2:1\"><span class=\"snr noprint\">1</span>True light is strength, and strength is sinlessness.</span> <span data-sentence-id=\"498#2:2\"><span class=\"snr\">2</span>If you remain as God created you, you must be strong and light must be in you.</span> <span data-sentence-id=\"498#2:3\"><span class=\"snr\">3</span>He Who ensured your sinlessness must be the guarantee of strength and light as well.</span> <span data-sentence-id=\"498#2:4\"><span class=\"snr\">4</span>You are as God created you.</span> <span data-sentence-id=\"498#2:5\"><span class=\"snr\">5</span>Darkness cannot obscure the glory of God’s Son.</span> <span data-sentence-id=\"498#2:6\"><span class=\"snr\">6</span>You stand in light, strong in the sinlessness in which you were created, and in which you will remain throughout eternity.</span></p></div> <div data-paragraph-id=\"498#3\"><p class=\"p-normal\"><span class=\"pnr\">3.</span> <span data-sentence-id=\"498#3:1\"><span class=\"snr noprint\">1</span>Today we will again devote the first five minutes of each waking hour to the attempt to feel the truth in you.</span> <span data-sentence-id=\"498#3:2\"><span class=\"snr\">2</span>Begin these times of searching with these words:</span></p> <p class=\"p-prayer\"><span data-sentence-id=\"498#3:3\"><span class=\"snr\">3</span>I am as God created me.<br/></span> <span data-sentence-id=\"498#3:4\"><span class=\"snr\">4</span>I am His Son eternally.</span></p> <p class=\"p-normal\"><span data-sentence-id=\"498#3:5\"><span class=\"snr\">5</span>Now try to reach the Son of God in you.</span> <span data-sentence-id=\"498#3:6\"><span class=\"snr\">6</span>This is the Self that never sinned, nor made an image to replace reality.</span> <span data-sentence-id=\"498#3:7\"><span class=\"snr\">7</span>This is the Self that never left Its home in God to walk the world uncertainly.</span> <span data-sentence-id=\"498#3:8\"><span class=\"snr\">8</span>This is the Self that knows no fear, nor could conceive of loss or suffering or death.</span></p></div> <div data-paragraph-id=\"498#4\"><p class=\"p-normal\"><span class=\"pnr\">4.</span> <span data-sentence-id=\"498#4:1\"><span class=\"snr noprint\">1</span>Nothing is required of you to reach this goal except to lay all idols and self-images aside; go past the list of attributes, both good and bad, you have ascribed to yourself; and wait in silent expectancy for the truth.</span> <span data-sentence-id=\"498#4:2\"><span class=\"snr\">2</span>God has Himself promised that it will be revealed to all who ask for it.</span> <span data-sentence-id=\"498#4:3\"><span class=\"snr\">3</span>You are asking now.</span> <span data-sentence-id=\"498#4:4\"><span class=\"snr\">4</span>You cannot fail because He cannot fail.</span></p></div> <div data-paragraph-id=\"498#5\"><p class=\"p-normal\"><span class=\"pnr\">5.</span> <span data-sentence-id=\"498#5:1\"><span class=\"snr noprint\">1</span>If you do not meet the requirement of practicing for the first five minutes of every hour, at least remind yourself hourly:</span></p> <p class=\"p-prayer\"><span data-sentence-id=\"498#5:2\"><span class=\"snr\">2</span>I am as God created me.<br/></span> <span data-sentence-id=\"498#5:3\"><span class=\"snr\">3</span>I am His Son eternally.</span></p> <p class=\"p-normal\"><span data-sentence-id=\"498#5:4\"><span class=\"snr\">4</span>Tell yourself frequently today that you are as God created you.</span> <span data-sentence-id=\"498#5:5\"><span class=\"snr\">5</span>And be sure to respond to anyone who seems to irritate you with these words:</span></p> <p class=\"p-prayer\"><span data-sentence-id=\"498#5:6\"><span class=\"snr\">6</span>You are as God created you.<br/></span> <span data-sentence-id=\"498#5:7\"><span class=\"snr\">7</span>You are His Son eternally.</span></p> <p class=\"p-normal\"><span data-sentence-id=\"498#5:8\"><span class=\"snr\">8</span>Make every effort to do the hourly exercises today.</span> <span data-sentence-id=\"498#5:9\"><span class=\"snr\">9</span>Each one you do will be a giant stride toward your release, and a milestone in learning the thought system which this course sets forth.</span></p></div> </div>","firstWords":"Today we continue with the one idea which brings complete salvation; the one statement which makes all forms of temptation powerless; the one thought which renders the ego silent and entirely undone.","contentType":"acim-content","seoTitle":"Lesson 94: I am as God created me | ACIM","seoDescription":"✨ A Course in Miracles with 🎧 Audio! Read and listen to Lesson 94 “I am as God created me”: Today we continue with the one idea which brings complete salvation; the one statement which…","desktopBreadcrumbs":[{"label":"Workbook","leadsTo":{"locale":"en","sectionId":401,"slugs":["workbook","introduction"],"forceToc":true}},{"label":"Part I","leadsTo":{"locale":"en","sectionId":403,"slugs":["lesson-1","nothing-i-see-means-anything"],"forceToc":true}},{"label":"Lesson 94","leadsTo":{"locale":"en","sectionId":498,"slugs":["lesson-94","i-am-as-god-created-me"]}}],"mobileBreadcrumbs":[{"label":"Workbook","leadsTo":{"locale":"en","sectionId":401,"slugs":["workbook","introduction"],"forceToc":true}},{"label":"Part I","leadsTo":{"locale":"en","sectionId":403,"slugs":["lesson-1","nothing-i-see-means-anything"],"forceToc":true}},{"label":"Lesson 94","leadsTo":{"locale":"en","sectionId":498,"slugs":["lesson-94","i-am-as-god-created-me"]}}],"seoBreadcrumbs":[{"label":"A Course in Miracles","leadsTo":"dashboard"},{"label":"Workbook","leadsTo":{"locale":"en","sectionId":401,"slugs":["workbook","introduction"],"forceToc":true}},{"label":"Part I","leadsTo":{"locale":"en","sectionId":403,"slugs":["lesson-1","nothing-i-see-means-anything"],"forceToc":true}},{"label":"Lesson 94","leadsTo":{"locale":"en","sectionId":498,"slugs":["lesson-94","i-am-as-god-created-me"]}}],"slugs":["lesson-94","i-am-as-god-created-me"],"canonicalLink":"https://acim.org/acim/lesson-94/i-am-as-god-created-me/en/s/498","link":"https://acim.org/acim/lesson-94/i-am-as-god-created-me/en/s/498","shortLink":"https://acim.org/acim/en/s/498","previousSectionId":497,"previousSectionSlugs":["lesson-93","light-and-joy-and-peace-abide-in-me"],"previousSectionLink":"https://acim.org/acim/lesson-93/light-and-joy-and-peace-abide-in-me/en/s/497","nextSectionId":499,"nextSectionSlugs":["lesson-95","i-am-one-self-united-with-my-creator"],"nextSectionLink":"https://acim.org/acim/lesson-95/i-am-one-self-united-with-my-creator/en/s/499","hreflangLinks":[{"hrefLang":"en","link":"https://acim.org/acim/en/s/498"}]}