{"sectionId":499,"sectionIdLiteral":"499","humanId":"lesson-95","volumeId":"workbook","locale":"en","titleInfo":{"title":"I am one Self, united with my Creator.","ownlineNumber":"Lesson 95"},"annotation":"W-95","bodyHtml":"<div class=\"acim-text lesson-95\"> <div data-paragraph-id=\"499#1\"><p class=\"p-normal\"><span class=\"pnr\">1.</span> <span data-sentence-id=\"499#1:1\"><span class=\"snr noprint\">1</span>Today’s idea accurately describes you as God created you.</span> <span data-sentence-id=\"499#1:2\"><span class=\"snr\">2</span>You are one within yourself, and one with Him.</span> <span data-sentence-id=\"499#1:3\"><span class=\"snr\">3</span>Yours is the unity of all creation.</span> <span data-sentence-id=\"499#1:4\"><span class=\"snr\">4</span>Your perfect unity makes change in you impossible.</span> <span data-sentence-id=\"499#1:5\"><span class=\"snr\">5</span>You do not accept this, and you fail to realize it must be so, only because you believe that you have changed yourself already.</span></p></div> <div data-paragraph-id=\"499#2\"><p class=\"p-normal\"><span class=\"pnr\">2.</span> <span data-sentence-id=\"499#2:1\"><span class=\"snr noprint\">1</span>You see yourself as a ridiculous parody on God’s creation; weak, vicious, ugly and sinful, miserable and beset with pain.</span> <span data-sentence-id=\"499#2:2\"><span class=\"snr\">2</span>Such is your version of yourself; a self divided into many warring parts, separate from God, and tenuously held together by its erratic and capricious maker, to which you pray.</span> <span data-sentence-id=\"499#2:3\"><span class=\"snr\">3</span>It does not hear your prayers, for it is deaf.</span> <span data-sentence-id=\"499#2:4\"><span class=\"snr\">4</span>It does not see the oneness in you, for it is blind.</span> <span data-sentence-id=\"499#2:5\"><span class=\"snr\">5</span>It does not understand you are the Son of God, for it is senseless and understands nothing.</span></p></div> <div data-paragraph-id=\"499#3\"><p class=\"p-normal\"><span class=\"pnr\">3.</span> <span data-sentence-id=\"499#3:1\"><span class=\"snr noprint\">1</span>We will attempt today to be aware only of what can hear and see, and what makes perfect sense.</span> <span data-sentence-id=\"499#3:2\"><span class=\"snr\">2</span>We will again direct our exercises towards reaching your one Self, which is united with Its Creator.</span> <span data-sentence-id=\"499#3:3\"><span class=\"snr\">3</span>In patience and in hope we try again today.</span></p></div> <div data-paragraph-id=\"499#4\"><p class=\"p-normal\"><span class=\"pnr\">4.</span> <span data-sentence-id=\"499#4:1\"><span class=\"snr noprint\">1</span>The use of the first five minutes of every waking hour for practicing the idea for the day has special advantages at the stage of learning in which you are at present.</span> <span data-sentence-id=\"499#4:2\"><span class=\"snr\">2</span>It is difficult at this point not to allow your mind to wander, if it undertakes extended practice.</span> <span data-sentence-id=\"499#4:3\"><span class=\"snr\">3</span>You have surely realized this by now.</span> <span data-sentence-id=\"499#4:4\"><span class=\"snr\">4</span>You have seen the extent of your lack of mental discipline, and of your need for mind training.</span> <span data-sentence-id=\"499#4:5\"><span class=\"snr\">5</span>It is necessary that you be aware of this, for it is indeed a hindrance to your advance.</span></p></div> <div data-paragraph-id=\"499#5\"><p class=\"p-normal\"><span class=\"pnr\">5.</span> <span data-sentence-id=\"499#5:1\"><span class=\"snr noprint\">1</span>Frequent but shorter practice periods have other advantages for you at this time.</span> <span data-sentence-id=\"499#5:2\"><span class=\"snr\">2</span>In addition to recognizing your difficulties with sustained attention, you must also have noticed that, unless you are reminded of your purpose frequently, you tend to forget about it for long periods of time.</span> <span data-sentence-id=\"499#5:3\"><span class=\"snr\">3</span>You often fail to remember the short applications of the idea for the day, and you have not yet formed the habit of using the idea as an automatic response to temptation.</span></p></div> <div data-paragraph-id=\"499#6\"><p class=\"p-normal\"><span class=\"pnr\">6.</span> <span data-sentence-id=\"499#6:1\"><span class=\"snr noprint\">1</span>Structure, then, is necessary for you at this time, planned to include frequent reminders of your goal and regular attempts to reach it.</span> <span data-sentence-id=\"499#6:2\"><span class=\"snr\">2</span>Regularity in terms of time is not the ideal requirement for the most beneficial form of practice in salvation.</span> <span data-sentence-id=\"499#6:3\"><span class=\"snr\">3</span>It is advantageous, however, for those whose motivation is inconsistent, and who remain heavily defended against learning.</span></p></div> <div data-paragraph-id=\"499#7\"><p class=\"p-normal\"><span class=\"pnr\">7.</span> <span data-sentence-id=\"499#7:1\"><span class=\"snr noprint\">1</span>We will, therefore, keep to the five-minutes-an-hour practice periods for a while, and urge you to omit as few as possible.</span> <span data-sentence-id=\"499#7:2\"><span class=\"snr\">2</span>Using the first five minutes of the hour will be particularly helpful, since it imposes firmer structure.</span> <span data-sentence-id=\"499#7:3\"><span class=\"snr\">3</span>Do not, however, use your lapses from this schedule as an excuse not to return to it again as soon as you can.</span> <span data-sentence-id=\"499#7:4\"><span class=\"snr\">4</span>There may well be a temptation to regard the day as lost because you have already failed to do what is required.</span> <span data-sentence-id=\"499#7:5\"><span class=\"snr\">5</span>This should, however, merely be recognized as what it is; a refusal to let your mistake be corrected, and an unwillingness to try again.</span></p></div> <div data-paragraph-id=\"499#8\"><p class=\"p-normal\"><span class=\"pnr\">8.</span> <span data-sentence-id=\"499#8:1\"><span class=\"snr noprint\">1</span>The Holy Spirit is not delayed in His teaching by your mistakes.</span> <span data-sentence-id=\"499#8:2\"><span class=\"snr\">2</span>He can be held back only by your unwillingness to let them go.</span> <span data-sentence-id=\"499#8:3\"><span class=\"snr\">3</span>Let us therefore be determined, particularly for the next week or so, to be willing to forgive ourselves for our lapses in diligence, and our failures to follow the instructions for practicing the day’s idea.</span> <span data-sentence-id=\"499#8:4\"><span class=\"snr\">4</span>This tolerance for weakness will enable us to overlook it, rather than give it power to delay our learning.</span> <span data-sentence-id=\"499#8:5\"><span class=\"snr\">5</span>If we give it power to do this, we are regarding it as strength, and are confusing strength with weakness.</span></p></div> <div data-paragraph-id=\"499#9\"><p class=\"p-normal\"><span class=\"pnr\">9.</span> <span data-sentence-id=\"499#9:1\"><span class=\"snr noprint\">1</span>When you fail to comply with the requirements of this course, you have merely made a mistake.</span> <span data-sentence-id=\"499#9:2\"><span class=\"snr\">2</span>This calls for correction, and for nothing else.</span> <span data-sentence-id=\"499#9:3\"><span class=\"snr\">3</span>To allow a mistake to continue is to make additional mistakes, based on the first and reinforcing it.</span> <span data-sentence-id=\"499#9:4\"><span class=\"snr\">4</span>It is this process that must be laid aside, for it is but another way in which you would defend illusions against the truth.</span></p></div> <div data-paragraph-id=\"499#10\"><p class=\"p-normal\"><span class=\"pnr\">10.</span> <span data-sentence-id=\"499#10:1\"><span class=\"snr noprint\">1</span>Let all these errors go by recognizing them for what they are.</span> <span data-sentence-id=\"499#10:2\"><span class=\"snr\">2</span>They are attempts to keep you unaware you are one Self, united with your Creator, at one with every aspect of creation, and limitless in power and in peace.</span> <span data-sentence-id=\"499#10:3\"><span class=\"snr\">3</span>This is the truth, and nothing else is true.</span> <span data-sentence-id=\"499#10:4\"><span class=\"snr\">4</span>Today we will affirm this truth again, and try to reach the place in you in which there is no doubt that only this is true.</span></p></div> <div data-paragraph-id=\"499#11\"><p class=\"p-normal\"><span class=\"pnr\">11.</span> <span data-sentence-id=\"499#11:1\"><span class=\"snr noprint\">1</span>Begin the practice periods today with this assurance, offered to your mind with all the certainty that you can give:</span></p> <p class=\"p-prayer\"><span data-sentence-id=\"499#11:2\"><span class=\"snr\">2</span>I am one Self, united with my Creator, at one with every aspect of creation, and limitless in power and in peace.</span></p> <p class=\"p-normal\"><span data-sentence-id=\"499#11:3\"><span class=\"snr\">3</span>Then close your eyes and tell yourself again, slowly and thoughtfully, attempting to allow the meaning of the words to sink into your mind, replacing false ideas:</span></p> <p class=\"p-prayer\"><span data-sentence-id=\"499#11:4\"><span class=\"snr\">4</span>I am one Self.</span></p> <p class=\"p-normal\"><span data-sentence-id=\"499#11:5\"><span class=\"snr\">5</span>Repeat this several times, and then attempt to feel the meaning that the words convey.</span></p></div> <div data-paragraph-id=\"499#12\"><p class=\"p-normal\"><span class=\"pnr\">12.</span> <span data-sentence-id=\"499#12:1\"><span class=\"snr noprint\">1</span>You are one Self, united and secure in light and joy and peace.</span> <span data-sentence-id=\"499#12:2\"><span class=\"snr\">2</span>You are God’s Son, one Self, with one Creator and one goal; to bring awareness of this oneness to all minds, that true creation may extend the allness and the unity of God.</span> <span data-sentence-id=\"499#12:3\"><span class=\"snr\">3</span>You are one Self, complete and healed and whole, with power to lift the veil of darkness from the world, and let the light in you come through to teach the world the truth about yourself.</span></p></div> <div data-paragraph-id=\"499#13\"><p class=\"p-normal\"><span class=\"pnr\">13.</span> <span data-sentence-id=\"499#13:1\"><span class=\"snr noprint\">1</span>You are one Self, in perfect harmony with all there is, and all that there will be.</span> <span data-sentence-id=\"499#13:2\"><span class=\"snr\">2</span>You are one Self, the holy Son of God, united with your brothers in that Self; united with your Father in His Will.</span> <span data-sentence-id=\"499#13:3\"><span class=\"snr\">3</span>Feel this one Self in you, and let It shine away all your illusions and your doubts.</span> <span data-sentence-id=\"499#13:4\"><span class=\"snr\">4</span>This is your Self, the Son of God Himself, sinless as Its Creator, with His strength within you and His Love forever yours.</span> <span data-sentence-id=\"499#13:5\"><span class=\"snr\">5</span>You are one Self, and it is given you to feel this Self within you, and to cast all your illusions out of the one Mind that is this Self, the holy truth in you.</span></p></div> <div data-paragraph-id=\"499#14\"><p class=\"p-normal\"><span class=\"pnr\">14.</span> <span data-sentence-id=\"499#14:1\"><span class=\"snr noprint\">1</span>Do not forget today.</span> <span data-sentence-id=\"499#14:2\"><span class=\"snr\">2</span>We need your help; your little part in bringing happiness to all the world.</span> <span data-sentence-id=\"499#14:3\"><span class=\"snr\">3</span>And Heaven looks to you in confidence that you will try today.</span> <span data-sentence-id=\"499#14:4\"><span class=\"snr\">4</span>Share, then, its surety, for it is yours.</span> <span data-sentence-id=\"499#14:5\"><span class=\"snr\">5</span>Be vigilant.</span> <span data-sentence-id=\"499#14:6\"><span class=\"snr\">6</span>Do not forget today.</span> <span data-sentence-id=\"499#14:7\"><span class=\"snr\">7</span>Throughout the day do not forget your goal.</span> <span data-sentence-id=\"499#14:8\"><span class=\"snr\">8</span>Repeat today’s idea as frequently as possible, and understand each time you do so, someone hears the voice of hope, the stirring of the truth within his mind, the gentle rustling of the wings of peace.</span></p></div> <div data-paragraph-id=\"499#15\"><p class=\"p-normal\"><span class=\"pnr\">15.</span> <span data-sentence-id=\"499#15:1\"><span class=\"snr noprint\">1</span>Your own acknowledgment you are one Self, united with your Father, is a call to all the world to be at one with you.</span> <span data-sentence-id=\"499#15:2\"><span class=\"snr\">2</span>To everyone you meet today, be sure to give the promise of today’s idea and tell him this:</span></p> <p class=\"p-prayer\"><span data-sentence-id=\"499#15:3\"><span class=\"snr\">3</span>You are one Self with me, united with our Creator in this Self.</span> <span data-sentence-id=\"499#15:4\"><span class=\"snr\">4</span>I honor you because of What I am, and What He is, Who loves us both as One.</span></p></div> </div>","firstWords":"Today’s idea accurately describes you as God created you. You are one within yourself, and one with Him. Yours is the unity of all creation. Your perfect unity makes change in you impossible. You do","contentType":"acim-content","seoTitle":"Lesson 95: I am one Self, united with my Creator | ACIM","seoDescription":"✨ A Course in Miracles with 🎧 Audio! Read and listen to Lesson 95 “I am one Self, united with my Creator”: Today’s idea accurately describes you as God created you. You are one within…","desktopBreadcrumbs":[{"label":"Workbook","leadsTo":{"locale":"en","sectionId":401,"slugs":["workbook","introduction"],"forceToc":true}},{"label":"Part I","leadsTo":{"locale":"en","sectionId":403,"slugs":["lesson-1","nothing-i-see-means-anything"],"forceToc":true}},{"label":"Lesson 95","leadsTo":{"locale":"en","sectionId":499,"slugs":["lesson-95","i-am-one-self-united-with-my-creator"]}}],"mobileBreadcrumbs":[{"label":"Workbook","leadsTo":{"locale":"en","sectionId":401,"slugs":["workbook","introduction"],"forceToc":true}},{"label":"Part I","leadsTo":{"locale":"en","sectionId":403,"slugs":["lesson-1","nothing-i-see-means-anything"],"forceToc":true}},{"label":"Lesson 95","leadsTo":{"locale":"en","sectionId":499,"slugs":["lesson-95","i-am-one-self-united-with-my-creator"]}}],"seoBreadcrumbs":[{"label":"A Course in Miracles","leadsTo":"dashboard"},{"label":"Workbook","leadsTo":{"locale":"en","sectionId":401,"slugs":["workbook","introduction"],"forceToc":true}},{"label":"Part I","leadsTo":{"locale":"en","sectionId":403,"slugs":["lesson-1","nothing-i-see-means-anything"],"forceToc":true}},{"label":"Lesson 95","leadsTo":{"locale":"en","sectionId":499,"slugs":["lesson-95","i-am-one-self-united-with-my-creator"]}}],"slugs":["lesson-95","i-am-one-self-united-with-my-creator"],"canonicalLink":"https://acim.org/acim/lesson-95/i-am-one-self-united-with-my-creator/en/s/499","link":"https://acim.org/acim/lesson-95/i-am-one-self-united-with-my-creator/en/s/499","shortLink":"https://acim.org/acim/en/s/499","previousSectionId":498,"previousSectionSlugs":["lesson-94","i-am-as-god-created-me"],"previousSectionLink":"https://acim.org/acim/lesson-94/i-am-as-god-created-me/en/s/498","nextSectionId":500,"nextSectionSlugs":["lesson-96","salvation-comes-from-my-one-self"],"nextSectionLink":"https://acim.org/acim/lesson-96/salvation-comes-from-my-one-self/en/s/500","hreflangLinks":[{"hrefLang":"en","link":"https://acim.org/acim/en/s/499"}]}