{"sectionId":501,"sectionIdLiteral":"501","humanId":"lesson-97","volumeId":"workbook","locale":"en","titleInfo":{"title":"I am spirit.","ownlineNumber":"Lesson 97"},"annotation":"W-97","bodyHtml":"<div class=\"acim-text lesson-97\"> <div data-paragraph-id=\"501#1\"><p class=\"p-normal\"><span class=\"pnr\">1.</span> <span data-sentence-id=\"501#1:1\"><span class=\"snr noprint\">1</span>Today’s idea identifies you with your one Self.</span> <span data-sentence-id=\"501#1:2\"><span class=\"snr\">2</span>It accepts no split identity, nor tries to weave opposing factors into unity.</span> <span data-sentence-id=\"501#1:3\"><span class=\"snr\">3</span>It simply states the truth.</span> <span data-sentence-id=\"501#1:4\"><span class=\"snr\">4</span>Practice this truth today as often as you can, for it will bring your mind from conflict to the quiet fields of peace.</span> <span data-sentence-id=\"501#1:5\"><span class=\"snr\">5</span>No chill of fear can enter, for your mind has been absolved from madness, letting go illusions of a split identity.</span></p></div> <div data-paragraph-id=\"501#2\"><p class=\"p-normal\"><span class=\"pnr\">2.</span> <span data-sentence-id=\"501#2:1\"><span class=\"snr noprint\">1</span>We state again the truth about your Self, the holy Son of God Who rests in you, whose mind has been restored to sanity.</span> <span data-sentence-id=\"501#2:2\"><span class=\"snr\">2</span>You are the spirit lovingly endowed with all your Father’s Love and peace and joy.</span> <span data-sentence-id=\"501#2:3\"><span class=\"snr\">3</span>You are the spirit which completes Himself, and shares His function as Creator.</span> <span data-sentence-id=\"501#2:4\"><span class=\"snr\">4</span>He is with you always, as you are with Him.</span></p></div> <div data-paragraph-id=\"501#3\"><p class=\"p-normal\"><span class=\"pnr\">3.</span> <span data-sentence-id=\"501#3:1\"><span class=\"snr noprint\">1</span>Today we try to bring reality still closer to your mind.</span> <span data-sentence-id=\"501#3:2\"><span class=\"snr\">2</span>Each time you practice, awareness is brought a little nearer at least; sometimes a thousand years or more are saved.</span> <span data-sentence-id=\"501#3:3\"><span class=\"snr\">3</span>The minutes which you give are multiplied over and over, for the miracle makes use of time, but is not ruled by it.</span> <span data-sentence-id=\"501#3:4\"><span class=\"snr\">4</span>Salvation is a miracle, the first and last; the first that is the last, for it is one.</span></p></div> <div data-paragraph-id=\"501#4\"><p class=\"p-normal\"><span class=\"pnr\">4.</span> <span data-sentence-id=\"501#4:1\"><span class=\"snr noprint\">1</span>You are the spirit in whose mind abides the miracle in which all time stands still; the miracle in which a minute spent in using these ideas becomes a time that has no limit and that has no end.</span> <span data-sentence-id=\"501#4:2\"><span class=\"snr\">2</span>Give, then, these minutes willingly, and count on Him Who promised to lay timelessness beside them.</span> <span data-sentence-id=\"501#4:3\"><span class=\"snr\">3</span>He will offer all His strength to every little effort that you make.</span> <span data-sentence-id=\"501#4:4\"><span class=\"snr\">4</span>Give Him the minutes which He needs today, to help you understand with Him you are the spirit that abides in Him, and that calls through His Voice to every living thing; offers His sight to everyone who asks; replaces error with the simple truth.</span></p></div> <div data-paragraph-id=\"501#5\"><p class=\"p-normal\"><span class=\"pnr\">5.</span> <span data-sentence-id=\"501#5:1\"><span class=\"snr noprint\">1</span>The Holy Spirit will be glad to take five minutes of each hour from your hands, and carry them around this aching world where pain and misery appear to rule.</span> <span data-sentence-id=\"501#5:2\"><span class=\"snr\">2</span>He will not overlook one open mind that will accept the healing gifts they bring, and He will lay them everywhere He knows they will be welcome.</span> <span data-sentence-id=\"501#5:3\"><span class=\"snr\">3</span>And they will increase in healing power each time someone accepts them as his thoughts, and uses them to heal.</span></p></div> <div data-paragraph-id=\"501#6\"><p class=\"p-normal\"><span class=\"pnr\">6.</span> <span data-sentence-id=\"501#6:1\"><span class=\"snr noprint\">1</span>Thus will each gift to Him be multiplied a thousandfold and tens of thousands more.</span> <span data-sentence-id=\"501#6:2\"><span class=\"snr\">2</span>And when it is returned to you, it will surpass in might the little gift you gave as much as does the radiance of the sun outshine the tiny gleam a firefly makes an uncertain moment and goes out.</span> <span data-sentence-id=\"501#6:3\"><span class=\"snr\">3</span>The steady brilliance of this light remains and leads you out of darkness, nor will you be able to forget the way again.</span></p></div> <div data-paragraph-id=\"501#7\"><p class=\"p-normal\"><span class=\"pnr\">7.</span> <span data-sentence-id=\"501#7:1\"><span class=\"snr noprint\">1</span>Begin these happy exercises with the words the Holy Spirit speaks to you, and let them echo round the world through Him:</span></p> <p class=\"p-prayer\"><span data-sentence-id=\"501#7:2\"><span class=\"snr\">2</span>Spirit am I, a holy Son of God, free of all limits, safe and healed and whole, free to forgive, and free to save the world.</span></p> <p class=\"p-normal\"><span data-sentence-id=\"501#7:3\"><span class=\"snr\">3</span>Expressed through you, the Holy Spirit will accept this gift that you received of Him, increase its power and give it back to you.</span></p></div> <div data-paragraph-id=\"501#8\"><p class=\"p-normal\"><span class=\"pnr\">8.</span> <span data-sentence-id=\"501#8:1\"><span class=\"snr noprint\">1</span>Offer each practice period today gladly to Him.</span> <span data-sentence-id=\"501#8:2\"><span class=\"snr\">2</span>And He will speak to you, reminding you that you are spirit, one with Him and God, your brothers and your Self.</span> <span data-sentence-id=\"501#8:3\"><span class=\"snr\">3</span>Listen for His assurance every time you speak the words He offers you today, and let Him tell your mind that they are true.</span> <span data-sentence-id=\"501#8:4\"><span class=\"snr\">4</span>Use them against temptation, and escape its sorry consequences if you yield to the belief that you are something else.</span> <span data-sentence-id=\"501#8:5\"><span class=\"snr\">5</span>The Holy Spirit gives you peace today.</span> <span data-sentence-id=\"501#8:6\"><span class=\"snr\">6</span>Receive His words, and offer them to Him.</span></p></div> </div>","firstWords":"Today’s idea identifies you with your one Self. It accepts no split identity, nor tries to weave opposing factors into unity. It simply states the truth. Practice this truth today as often as you","contentType":"acim-content","seoTitle":"Lesson 97: I am spirit | ACIM","seoDescription":"✨ A Course in Miracles with 🎧 Audio! Read and listen to Lesson 97 “I am spirit”: Today’s idea identifies you with your one Self. It accepts no split identity, nor tries to weave…","desktopBreadcrumbs":[{"label":"Workbook","leadsTo":{"locale":"en","sectionId":401,"slugs":["workbook","introduction"],"forceToc":true}},{"label":"Part I","leadsTo":{"locale":"en","sectionId":403,"slugs":["lesson-1","nothing-i-see-means-anything"],"forceToc":true}},{"label":"Lesson 97","leadsTo":{"locale":"en","sectionId":501,"slugs":["lesson-97","i-am-spirit"]}}],"mobileBreadcrumbs":[{"label":"Workbook","leadsTo":{"locale":"en","sectionId":401,"slugs":["workbook","introduction"],"forceToc":true}},{"label":"Part I","leadsTo":{"locale":"en","sectionId":403,"slugs":["lesson-1","nothing-i-see-means-anything"],"forceToc":true}},{"label":"Lesson 97","leadsTo":{"locale":"en","sectionId":501,"slugs":["lesson-97","i-am-spirit"]}}],"seoBreadcrumbs":[{"label":"A Course in Miracles","leadsTo":"dashboard"},{"label":"Workbook","leadsTo":{"locale":"en","sectionId":401,"slugs":["workbook","introduction"],"forceToc":true}},{"label":"Part I","leadsTo":{"locale":"en","sectionId":403,"slugs":["lesson-1","nothing-i-see-means-anything"],"forceToc":true}},{"label":"Lesson 97","leadsTo":{"locale":"en","sectionId":501,"slugs":["lesson-97","i-am-spirit"]}}],"slugs":["lesson-97","i-am-spirit"],"canonicalLink":"https://acim.org/acim/lesson-97/i-am-spirit/en/s/501","link":"https://acim.org/acim/lesson-97/i-am-spirit/en/s/501","shortLink":"https://acim.org/acim/en/s/501","previousSectionId":500,"previousSectionSlugs":["lesson-96","salvation-comes-from-my-one-self"],"previousSectionLink":"https://acim.org/acim/lesson-96/salvation-comes-from-my-one-self/en/s/500","nextSectionId":502,"nextSectionSlugs":["lesson-98","i-will-accept-my-part-in-gods-plan-for-salvation"],"nextSectionLink":"https://acim.org/acim/lesson-98/i-will-accept-my-part-in-gods-plan-for-salvation/en/s/502","hreflangLinks":[{"hrefLang":"en","link":"https://acim.org/acim/en/s/501"}]}