{"sectionId":502,"sectionIdLiteral":"502","humanId":"lesson-98","volumeId":"workbook","locale":"en","titleInfo":{"title":"I will accept my part in God’s plan for salvation.","ownlineNumber":"Lesson 98"},"annotation":"W-98","bodyHtml":"<div class=\"acim-text lesson-98\"> <div data-paragraph-id=\"502#1\"><p class=\"p-normal\"><span class=\"pnr\">1.</span> <span data-sentence-id=\"502#1:1\"><span class=\"snr noprint\">1</span>Today is a day of special dedication.</span> <span data-sentence-id=\"502#1:2\"><span class=\"snr\">2</span>We take a stand on but one side today.</span> <span data-sentence-id=\"502#1:3\"><span class=\"snr\">3</span>We side with truth and let illusions go.</span> <span data-sentence-id=\"502#1:4\"><span class=\"snr\">4</span>We will not vacillate between the two, but take a firm position with the One.</span> <span data-sentence-id=\"502#1:5\"><span class=\"snr\">5</span>We dedicate ourselves to truth today, and to salvation as God planned it be.</span> <span data-sentence-id=\"502#1:6\"><span class=\"snr\">6</span>We will not argue it is something else.</span> <span data-sentence-id=\"502#1:7\"><span class=\"snr\">7</span>We will not seek for it where it is not.</span> <span data-sentence-id=\"502#1:8\"><span class=\"snr\">8</span>In gladness we accept it as it is, and take the part assigned to us by God.</span></p></div> <div data-paragraph-id=\"502#2\"><p class=\"p-normal\"><span class=\"pnr\">2.</span> <span data-sentence-id=\"502#2:1\"><span class=\"snr noprint\">1</span>How happy to be certain!</span> <span data-sentence-id=\"502#2:2\"><span class=\"snr\">2</span>All our doubts we lay aside today, and take our stand with certainty of purpose, and with thanks that doubt is gone and surety has come.</span> <span data-sentence-id=\"502#2:3\"><span class=\"snr\">3</span>We have a mighty purpose to fulfill, and have been given everything we need with which to reach the goal.</span> <span data-sentence-id=\"502#2:4\"><span class=\"snr\">4</span>Not one mistake stands in our way.</span> <span data-sentence-id=\"502#2:5\"><span class=\"snr\">5</span>For we have been absolved from errors.</span> <span data-sentence-id=\"502#2:6\"><span class=\"snr\">6</span>All our sins are washed away by realizing they were but mistakes.</span></p></div> <div data-paragraph-id=\"502#3\"><p class=\"p-normal\"><span class=\"pnr\">3.</span> <span data-sentence-id=\"502#3:1\"><span class=\"snr noprint\">1</span>The guiltless have no fear, for they are safe and recognize their safety.</span> <span data-sentence-id=\"502#3:2\"><span class=\"snr\">2</span>They do not appeal to magic, nor invent escapes from fancied threats without reality.</span> <span data-sentence-id=\"502#3:3\"><span class=\"snr\">3</span>They rest in quiet certainty that they will do what it is given them to do.</span> <span data-sentence-id=\"502#3:4\"><span class=\"snr\">4</span>They do not doubt their own ability because they know their function will be filled completely in the perfect time and place.</span> <span data-sentence-id=\"502#3:5\"><span class=\"snr\">5</span>They took the stand which we will take today, that we may share their certainty and thus increase it by accepting it ourselves.</span></p></div> <div data-paragraph-id=\"502#4\"><p class=\"p-normal\"><span class=\"pnr\">4.</span> <span data-sentence-id=\"502#4:1\"><span class=\"snr noprint\">1</span>They will be with us; all who took the stand we take today will gladly offer us all that they learned and every gain they made.</span> <span data-sentence-id=\"502#4:2\"><span class=\"snr\">2</span>Those still uncertain, too, will join with us, and, borrowing our certainty, will make it stronger still.</span> <span data-sentence-id=\"502#4:3\"><span class=\"snr\">3</span>While those as yet unborn will hear the call we heard, and answer it when they have come to make their choice again.</span> <span data-sentence-id=\"502#4:4\"><span class=\"snr\">4</span>We do not choose but for ourselves today.</span></p></div> <div data-paragraph-id=\"502#5\"><p class=\"p-normal\"><span class=\"pnr\">5.</span> <span data-sentence-id=\"502#5:1\"><span class=\"snr noprint\">1</span>Is it not worth five minutes of your time each hour to be able to accept the happiness that God has given you?</span> <span data-sentence-id=\"502#5:2\"><span class=\"snr\">2</span>Is it not worth five minutes hourly to recognize your special function here?</span> <span data-sentence-id=\"502#5:3\"><span class=\"snr\">3</span>Is not five minutes but a small request to make in terms of gaining a reward so great it has no measure?</span> <span data-sentence-id=\"502#5:4\"><span class=\"snr\">4</span>You have made a thousand losing bargains at the least.</span></p></div> <div data-paragraph-id=\"502#6\"><p class=\"p-normal\"><span class=\"pnr\">6.</span> <span data-sentence-id=\"502#6:1\"><span class=\"snr noprint\">1</span>Here is an offer guaranteeing you your full release from pain of every kind, and joy the world does not contain.</span> <span data-sentence-id=\"502#6:2\"><span class=\"snr\">2</span>You can exchange a little of your time for peace of mind and certainty of purpose, with the promise of complete success.</span> <span data-sentence-id=\"502#6:3\"><span class=\"snr\">3</span>And since time has no meaning, you are being asked for nothing in return for everything.</span> <span data-sentence-id=\"502#6:4\"><span class=\"snr\">4</span>Here is a bargain that you cannot lose.</span> <span data-sentence-id=\"502#6:5\"><span class=\"snr\">5</span>And what you gain is limitless indeed!</span></p></div> <div data-paragraph-id=\"502#7\"><p class=\"p-normal\"><span class=\"pnr\">7.</span> <span data-sentence-id=\"502#7:1\"><span class=\"snr noprint\">1</span>Each hour today give Him your tiny gift of but five minutes.</span> <span data-sentence-id=\"502#7:2\"><span class=\"snr\">2</span>He will give the words you use in practicing today’s idea the deep conviction and the certainty you lack.</span> <span data-sentence-id=\"502#7:3\"><span class=\"snr\">3</span>His words will join with yours, and make each repetition of today’s idea a total dedication, made in faith as perfect and as sure as His in you.</span> <span data-sentence-id=\"502#7:4\"><span class=\"snr\">4</span>His confidence in you will bring the light to all the words you say, and you will go beyond their sound to what they really mean.</span> <span data-sentence-id=\"502#7:5\"><span class=\"snr\">5</span>Today you practice with Him, as you say:</span></p> <p class=\"p-prayer\"><span data-sentence-id=\"502#7:6\"><span class=\"snr\">6</span>I will accept my part in God’s plan for salvation.</span></p></div> <div data-paragraph-id=\"502#8\"><p class=\"p-normal\"><span class=\"pnr\">8.</span> <span data-sentence-id=\"502#8:1\"><span class=\"snr noprint\">1</span>In each five minutes that you spend with Him, He will accept your words and give them back to you all bright with faith and confidence so strong and steady they will light the world with hope and gladness.</span> <span data-sentence-id=\"502#8:2\"><span class=\"snr\">2</span>Do not lose one chance to be the glad receiver of His gifts, that you may give them to the world today.</span></p></div> <div data-paragraph-id=\"502#9\"><p class=\"p-normal\"><span class=\"pnr\">9.</span> <span data-sentence-id=\"502#9:1\"><span class=\"snr noprint\">1</span>Give Him the words, and He will do the rest.</span> <span data-sentence-id=\"502#9:2\"><span class=\"snr\">2</span>He will enable you to understand your special function.</span> <span data-sentence-id=\"502#9:3\"><span class=\"snr\">3</span>He will open up the way to happiness, and peace and trust will be His gifts; His answer to your words.</span> <span data-sentence-id=\"502#9:4\"><span class=\"snr\">4</span>He will respond with all His faith and joy and certainty that what you say is true.</span> <span data-sentence-id=\"502#9:5\"><span class=\"snr\">5</span>And you will have conviction then of Him Who knows the function that you have on earth as well as Heaven.</span> <span data-sentence-id=\"502#9:6\"><span class=\"snr\">6</span>He will be with you each practice period you share with Him, exchanging every instant of the time you offer Him for timelessness and peace.</span></p></div> <div data-paragraph-id=\"502#10\"><p class=\"p-normal\"><span class=\"pnr\">10.</span> <span data-sentence-id=\"502#10:1\"><span class=\"snr noprint\">1</span>Throughout the hour, let your time be spent in happy preparation for the next five minutes you will spend again with Him.</span> <span data-sentence-id=\"502#10:2\"><span class=\"snr\">2</span>Repeat today’s idea while you wait for the glad time to come to you again.</span> <span data-sentence-id=\"502#10:3\"><span class=\"snr\">3</span>Repeat it often, and do not forget each time you do so, you have let your mind be readied for the happy time to come.</span></p></div> <div data-paragraph-id=\"502#11\"><p class=\"p-normal\"><span class=\"pnr\">11.</span> <span data-sentence-id=\"502#11:1\"><span class=\"snr noprint\">1</span>And when the hour goes and He is there once more to spend a little time with you, be thankful and lay down all earthly tasks, all little thoughts and limited ideas, and spend a happy time again with Him.</span> <span data-sentence-id=\"502#11:2\"><span class=\"snr\">2</span>Tell Him once more that you accept the part that He would have you take and help you fill, and He will make you sure you want this choice, which He has made with you and you with Him.</span></p></div> </div>","firstWords":"Today is a day of special dedication. We take a stand on but one side today. We side with truth and let illusions go. We will not vacillate between the two, but take a firm position with the One. We","contentType":"acim-content","seoTitle":"Lesson 98: I will accept my part in God’s plan… | ACIM","seoDescription":"✨ A Course in Miracles with 🎧 Audio! Read and listen to Lesson 98 “I will accept my part in God’s plan for salvation”: Today is a day of special dedication. We take a stand on but one…","desktopBreadcrumbs":[{"label":"Workbook","leadsTo":{"locale":"en","sectionId":401,"slugs":["workbook","introduction"],"forceToc":true}},{"label":"Part I","leadsTo":{"locale":"en","sectionId":403,"slugs":["lesson-1","nothing-i-see-means-anything"],"forceToc":true}},{"label":"Lesson 98","leadsTo":{"locale":"en","sectionId":502,"slugs":["lesson-98","i-will-accept-my-part-in-gods-plan-for-salvation"]}}],"mobileBreadcrumbs":[{"label":"Workbook","leadsTo":{"locale":"en","sectionId":401,"slugs":["workbook","introduction"],"forceToc":true}},{"label":"Part I","leadsTo":{"locale":"en","sectionId":403,"slugs":["lesson-1","nothing-i-see-means-anything"],"forceToc":true}},{"label":"Lesson 98","leadsTo":{"locale":"en","sectionId":502,"slugs":["lesson-98","i-will-accept-my-part-in-gods-plan-for-salvation"]}}],"seoBreadcrumbs":[{"label":"A Course in Miracles","leadsTo":"dashboard"},{"label":"Workbook","leadsTo":{"locale":"en","sectionId":401,"slugs":["workbook","introduction"],"forceToc":true}},{"label":"Part I","leadsTo":{"locale":"en","sectionId":403,"slugs":["lesson-1","nothing-i-see-means-anything"],"forceToc":true}},{"label":"Lesson 98","leadsTo":{"locale":"en","sectionId":502,"slugs":["lesson-98","i-will-accept-my-part-in-gods-plan-for-salvation"]}}],"slugs":["lesson-98","i-will-accept-my-part-in-gods-plan-for-salvation"],"canonicalLink":"https://acim.org/acim/lesson-98/i-will-accept-my-part-in-gods-plan-for-salvation/en/s/502","link":"https://acim.org/acim/lesson-98/i-will-accept-my-part-in-gods-plan-for-salvation/en/s/502","shortLink":"https://acim.org/acim/en/s/502","previousSectionId":501,"previousSectionSlugs":["lesson-97","i-am-spirit"],"previousSectionLink":"https://acim.org/acim/lesson-97/i-am-spirit/en/s/501","nextSectionId":503,"nextSectionSlugs":["lesson-99","salvation-is-my-only-function-here"],"nextSectionLink":"https://acim.org/acim/lesson-99/salvation-is-my-only-function-here/en/s/503","hreflangLinks":[{"hrefLang":"en","link":"https://acim.org/acim/en/s/502"}]}