{"sectionId":505,"sectionIdLiteral":"505","humanId":"lesson-101","volumeId":"workbook","locale":"en","titleInfo":{"title":"God’s Will for me is perfect happiness.","ownlineNumber":"Lesson 101"},"annotation":"W-101","bodyHtml":"<div class=\"acim-text lesson-101\"> <div data-paragraph-id=\"505#1\"><p class=\"p-normal\"><span class=\"pnr\">1.</span> <span data-sentence-id=\"505#1:1\"><span class=\"snr noprint\">1</span>Today we will continue with the theme of happiness.</span> <span data-sentence-id=\"505#1:2\"><span class=\"snr\">2</span>This is a key idea in understanding what salvation means.</span> <span data-sentence-id=\"505#1:3\"><span class=\"snr\">3</span>You still believe it asks for suffering as penance for your “sins.”</span> <span data-sentence-id=\"505#1:4\"><span class=\"snr\">4</span>This is not so.</span> <span data-sentence-id=\"505#1:5\"><span class=\"snr\">5</span>Yet you must think it so while you believe that sin is real, and that God’s Son can sin.</span></p></div> <div data-paragraph-id=\"505#2\"><p class=\"p-normal\"><span class=\"pnr\">2.</span> <span data-sentence-id=\"505#2:1\"><span class=\"snr noprint\">1</span>If sin is real, then punishment is just and cannot be escaped.</span> <span data-sentence-id=\"505#2:2\"><span class=\"snr\">2</span>Salvation thus cannot be purchased but through suffering.</span> <span data-sentence-id=\"505#2:3\"><span class=\"snr\">3</span>If sin is real, then happiness must be illusion, for they cannot both be true.</span> <span data-sentence-id=\"505#2:4\"><span class=\"snr\">4</span>The sinful warrant only death and pain, and it is this they ask for.</span> <span data-sentence-id=\"505#2:5\"><span class=\"snr\">5</span>For they know it waits for them, and it will seek them out and find them somewhere, sometime, in some form that evens the account they owe to God.</span> <span data-sentence-id=\"505#2:6\"><span class=\"snr\">6</span>They would escape Him in their fear.</span> <span data-sentence-id=\"505#2:7\"><span class=\"snr\">7</span>And yet He will pursue, and they can not escape.</span></p></div> <div data-paragraph-id=\"505#3\"><p class=\"p-normal\"><span class=\"pnr\">3.</span> <span data-sentence-id=\"505#3:1\"><span class=\"snr noprint\">1</span>If sin is real, salvation must be pain.</span> <span data-sentence-id=\"505#3:2\"><span class=\"snr\">2</span>Pain is the cost of sin, and suffering can never be escaped, if sin is real.</span> <span data-sentence-id=\"505#3:3\"><span class=\"snr\">3</span>Salvation must be feared, for it will kill, but slowly, taking everything away before it grants the welcome boon of death to victims who are little more than bones before salvation is appeased.</span> <span data-sentence-id=\"505#3:4\"><span class=\"snr\">4</span>Its wrath is boundless, merciless, but wholly just.</span></p></div> <div data-paragraph-id=\"505#4\"><p class=\"p-normal\"><span class=\"pnr\">4.</span> <span data-sentence-id=\"505#4:1\"><span class=\"snr noprint\">1</span>Who would seek out such savage punishment?</span> <span data-sentence-id=\"505#4:2\"><span class=\"snr\">2</span>Who would not flee salvation, and attempt in every way he can to drown the Voice which offers it to him?</span> <span data-sentence-id=\"505#4:3\"><span class=\"snr\">3</span>Why would he try to listen and accept Its offering?</span> <span data-sentence-id=\"505#4:4\"><span class=\"snr\">4</span>If sin is real, its offering is death, and meted out in cruel form to match the vicious wishes in which sin is born.</span> <span data-sentence-id=\"505#4:5\"><span class=\"snr\">5</span>If sin is real, salvation has become your bitter enemy, the curse of God upon you who have crucified His Son.</span></p></div> <div data-paragraph-id=\"505#5\"><p class=\"p-normal\"><span class=\"pnr\">5.</span> <span data-sentence-id=\"505#5:1\"><span class=\"snr noprint\">1</span>You need the practice periods today.</span> <span data-sentence-id=\"505#5:2\"><span class=\"snr\">2</span>The exercises teach sin is not real, and all that you believe must come from sin will never happen, for it has no cause.</span> <span data-sentence-id=\"505#5:3\"><span class=\"snr\">3</span>Accept Atonement with an open mind, which cherishes no lingering belief that you have made a devil of God’s Son.</span> <span data-sentence-id=\"505#5:4\"><span class=\"snr\">4</span>There is no sin.</span> <span data-sentence-id=\"505#5:5\"><span class=\"snr\">5</span>We practice with this thought as often as we can today, because it is the basis for today’s idea.</span></p></div> <div data-paragraph-id=\"505#6\"><p class=\"p-normal\"><span class=\"pnr\">6.</span> <span data-sentence-id=\"505#6:1\"><span class=\"snr noprint\">1</span>God’s Will for you is perfect happiness because there is no sin, and suffering is causeless.</span> <span data-sentence-id=\"505#6:2\"><span class=\"snr\">2</span>Joy is just, and pain is but the sign you have misunderstood yourself.</span> <span data-sentence-id=\"505#6:3\"><span class=\"snr\">3</span>Fear not the Will of God.</span> <span data-sentence-id=\"505#6:4\"><span class=\"snr\">4</span>But turn to it in confidence that it will set you free from all the consequences sin has wrought in feverish imagination.</span> <span data-sentence-id=\"505#6:5\"><span class=\"snr\">5</span>Say:</span></p> <p class=\"p-prayer\"><span data-sentence-id=\"505#6:6\"><span class=\"snr\">6</span>God’s Will for me is perfect happiness.<br/></span> <span data-sentence-id=\"505#6:7\"><span class=\"snr\">7</span>There is no sin; it has no consequence.</span></p> <p class=\"p-normal\"><span data-sentence-id=\"505#6:8\"><span class=\"snr\">8</span>So should you start your practice periods, and then attempt again to find the joy these thoughts will introduce into your mind.</span></p></div> <div data-paragraph-id=\"505#7\"><p class=\"p-normal\"><span class=\"pnr\">7.</span> <span data-sentence-id=\"505#7:1\"><span class=\"snr noprint\">1</span>Give these five minutes gladly, to remove the heavy load you lay upon yourself with the insane belief that sin is real.</span> <span data-sentence-id=\"505#7:2\"><span class=\"snr\">2</span>Today escape from madness.</span> <span data-sentence-id=\"505#7:3\"><span class=\"snr\">3</span>You are set on freedom’s road, and now today’s idea brings wings to speed you on, and hope to go still faster to the waiting goal of peace.</span> <span data-sentence-id=\"505#7:4\"><span class=\"snr\">4</span>There is no sin.</span> <span data-sentence-id=\"505#7:5\"><span class=\"snr\">5</span>Remember this today, and tell yourself as often as you can:</span></p> <p class=\"p-prayer\"><span data-sentence-id=\"505#7:6\"><span class=\"snr\">6</span>God’s Will for me is perfect happiness.<br/></span> <span data-sentence-id=\"505#7:7\"><span class=\"snr\">7</span>This is the truth, because there is no sin.</span></p></div> </div>","firstWords":"Today we will continue with the theme of happiness. This is a key idea in understanding what salvation means. You still believe it asks for suffering as penance for your “sins.” This is not so. Yet","contentType":"acim-content","seoTitle":"Lesson 101: God’s Will for me is perfect… | ACIM","seoDescription":"✨ A Course in Miracles with 🎧 Audio! Read and listen to Lesson 101 “God’s Will for me is perfect happiness”: Today we will continue with the theme of happiness. This is a key idea in…","desktopBreadcrumbs":[{"label":"Workbook","leadsTo":{"locale":"en","sectionId":401,"slugs":["workbook","introduction"],"forceToc":true}},{"label":"Part I","leadsTo":{"locale":"en","sectionId":403,"slugs":["lesson-1","nothing-i-see-means-anything"],"forceToc":true}},{"label":"Lesson 101","leadsTo":{"locale":"en","sectionId":505,"slugs":["lesson-101","gods-will-for-me-is-perfect-happiness"]}}],"mobileBreadcrumbs":[{"label":"Workbook","leadsTo":{"locale":"en","sectionId":401,"slugs":["workbook","introduction"],"forceToc":true}},{"label":"Part I","leadsTo":{"locale":"en","sectionId":403,"slugs":["lesson-1","nothing-i-see-means-anything"],"forceToc":true}},{"label":"Lesson 101","leadsTo":{"locale":"en","sectionId":505,"slugs":["lesson-101","gods-will-for-me-is-perfect-happiness"]}}],"seoBreadcrumbs":[{"label":"A Course in Miracles","leadsTo":"dashboard"},{"label":"Workbook","leadsTo":{"locale":"en","sectionId":401,"slugs":["workbook","introduction"],"forceToc":true}},{"label":"Part I","leadsTo":{"locale":"en","sectionId":403,"slugs":["lesson-1","nothing-i-see-means-anything"],"forceToc":true}},{"label":"Lesson 101","leadsTo":{"locale":"en","sectionId":505,"slugs":["lesson-101","gods-will-for-me-is-perfect-happiness"]}}],"slugs":["lesson-101","gods-will-for-me-is-perfect-happiness"],"canonicalLink":"https://acim.org/acim/lesson-101/gods-will-for-me-is-perfect-happiness/en/s/505","link":"https://acim.org/acim/lesson-101/gods-will-for-me-is-perfect-happiness/en/s/505","shortLink":"https://acim.org/acim/en/s/505","previousSectionId":504,"previousSectionSlugs":["lesson-100","my-part-is-essential-to-gods-plan-for-salvation"],"previousSectionLink":"https://acim.org/acim/lesson-100/my-part-is-essential-to-gods-plan-for-salvation/en/s/504","nextSectionId":506,"nextSectionSlugs":["lesson-102","i-share-gods-will-for-happiness-for-me"],"nextSectionLink":"https://acim.org/acim/lesson-102/i-share-gods-will-for-happiness-for-me/en/s/506","hreflangLinks":[{"hrefLang":"en","link":"https://acim.org/acim/en/s/505"}]}