{"sectionId":513,"sectionIdLiteral":"513","humanId":"lesson-109","volumeId":"workbook","locale":"en","titleInfo":{"title":"I rest in God.","ownlineNumber":"Lesson 109"},"annotation":"W-109","bodyHtml":"<div class=\"acim-text lesson-109\"> <div data-paragraph-id=\"513#1\"><p class=\"p-normal\"><span class=\"pnr\">1.</span> <span data-sentence-id=\"513#1:1\"><span class=\"snr noprint\">1</span>We ask for rest today, and quietness unshaken by the world’s appearances.</span> <span data-sentence-id=\"513#1:2\"><span class=\"snr\">2</span>We ask for peace and stillness, in the midst of all the turmoil born of clashing dreams.</span> <span data-sentence-id=\"513#1:3\"><span class=\"snr\">3</span>We ask for safety and for happiness, although we seem to look on danger and on sorrow.</span> <span data-sentence-id=\"513#1:4\"><span class=\"snr\">4</span>And we have the thought that will answer our asking with what we request.</span></p></div> <div data-paragraph-id=\"513#2\"><p class=\"p-normal\"><span class=\"pnr\">2.</span> <span data-sentence-id=\"513#2:1\"><span class=\"snr noprint\">1</span>“I rest in God.”</span> <span data-sentence-id=\"513#2:2\"><span class=\"snr\">2</span>This thought will bring to you the rest and quiet, peace and stillness, and the safety and the happiness you seek.</span> <span data-sentence-id=\"513#2:3\"><span class=\"snr\">3</span>“I rest in God.”</span> <span data-sentence-id=\"513#2:4\"><span class=\"snr\">4</span>This thought has power to wake the sleeping truth in you, whose vision sees beyond appearances to that same truth in everyone and everything there is.</span> <span data-sentence-id=\"513#2:5\"><span class=\"snr\">5</span>Here is the end of suffering for all the world, and everyone who ever came and yet will come to linger for a while.</span> <span data-sentence-id=\"513#2:6\"><span class=\"snr\">6</span>Here is the thought in which the Son of God is born again, to recognize himself.</span></p></div> <div data-paragraph-id=\"513#3\"><p class=\"p-normal\"><span class=\"pnr\">3.</span> <span data-sentence-id=\"513#3:1\"><span class=\"snr noprint\">1</span>“I rest in God.”</span> <span data-sentence-id=\"513#3:2\"><span class=\"snr\">2</span>Completely undismayed, this thought will carry you through storms and strife, past misery and pain, past loss and death, and onward to the certainty of God.</span> <span data-sentence-id=\"513#3:3\"><span class=\"snr\">3</span>There is no suffering it cannot heal.</span> <span data-sentence-id=\"513#3:4\"><span class=\"snr\">4</span>There is no problem that it cannot solve.</span> <span data-sentence-id=\"513#3:5\"><span class=\"snr\">5</span>And no appearance but will turn to truth before the eyes of you who rest in God.</span></p></div> <div data-paragraph-id=\"513#4\"><p class=\"p-normal\"><span class=\"pnr\">4.</span> <span data-sentence-id=\"513#4:1\"><span class=\"snr noprint\">1</span>This is the day of peace.</span> <span data-sentence-id=\"513#4:2\"><span class=\"snr\">2</span>You rest in God, and while the world is torn by winds of hate your rest remains completely undisturbed.</span> <span data-sentence-id=\"513#4:3\"><span class=\"snr\">3</span>Yours is the rest of truth.</span> <span data-sentence-id=\"513#4:4\"><span class=\"snr\">4</span>Appearances cannot intrude on you.</span> <span data-sentence-id=\"513#4:5\"><span class=\"snr\">5</span>You call to all to join you in your rest, and they will hear and come to you because you rest in God.</span> <span data-sentence-id=\"513#4:6\"><span class=\"snr\">6</span>They will not hear another voice than yours because you gave your voice to God, and now you rest in Him and let Him speak through you.</span></p></div> <div data-paragraph-id=\"513#5\"><p class=\"p-normal\"><span class=\"pnr\">5.</span> <span data-sentence-id=\"513#5:1\"><span class=\"snr noprint\">1</span>In Him you have no cares and no concerns, no burdens, no anxiety, no pain, no fear of future and no past regrets.</span> <span data-sentence-id=\"513#5:2\"><span class=\"snr\">2</span>In timelessness you rest, while time goes by without its touch upon you, for your rest can never change in any way at all.</span> <span data-sentence-id=\"513#5:3\"><span class=\"snr\">3</span>You rest today.</span> <span data-sentence-id=\"513#5:4\"><span class=\"snr\">4</span>And as you close your eyes, sink into stillness.</span> <span data-sentence-id=\"513#5:5\"><span class=\"snr\">5</span>Let these periods of rest and respite reassure your mind that all its frantic fantasies were but the dreams of fever that has passed away.</span> <span data-sentence-id=\"513#5:6\"><span class=\"snr\">6</span>Let it be still and thankfully accept its healing.</span> <span data-sentence-id=\"513#5:7\"><span class=\"snr\">7</span>No more fearful dreams will come, now that you rest in God.</span> <span data-sentence-id=\"513#5:8\"><span class=\"snr\">8</span>Take time today to slip away from dreams and into peace.</span></p></div> <div data-paragraph-id=\"513#6\"><p class=\"p-normal\"><span class=\"pnr\">6.</span> <span data-sentence-id=\"513#6:1\"><span class=\"snr noprint\">1</span>Each hour that you take your rest today, a tired mind is suddenly made glad, a bird with broken wings begins to sing, a stream long dry begins to flow again.</span> <span data-sentence-id=\"513#6:2\"><span class=\"snr\">2</span>The world is born again each time you rest, and hourly remember that you came to bring the peace of God into the world, that it might take its rest along with you.</span></p></div> <div data-paragraph-id=\"513#7\"><p class=\"p-normal\"><span class=\"pnr\">7.</span> <span data-sentence-id=\"513#7:1\"><span class=\"snr noprint\">1</span>With each five minutes that you rest today, the world is nearer waking.</span> <span data-sentence-id=\"513#7:2\"><span class=\"snr\">2</span>And the time when rest will be the only thing there is comes closer to all worn and tired minds, too weary now to go their way alone.</span> <span data-sentence-id=\"513#7:3\"><span class=\"snr\">3</span>And they will hear the bird begin to sing and see the stream begin to flow again, with hope reborn and energy restored to walk with lightened steps along the road that suddenly seems easy as they go.</span></p></div> <div data-paragraph-id=\"513#8\"><p class=\"p-normal\"><span class=\"pnr\">8.</span> <span data-sentence-id=\"513#8:1\"><span class=\"snr noprint\">1</span>You rest within the peace of God today, and call upon your brothers from your rest to draw them to their rest, along with you.</span> <span data-sentence-id=\"513#8:2\"><span class=\"snr\">2</span>You will be faithful to your trust today, forgetting no one, bringing everyone into the boundless circle of your peace, the holy sanctuary where you rest.</span> <span data-sentence-id=\"513#8:3\"><span class=\"snr\">3</span>Open the temple doors and let them come from far across the world, and near as well; your distant brothers and your closest friends; bid them all enter here and rest with you.</span></p></div> <div data-paragraph-id=\"513#9\"><p class=\"p-normal\"><span class=\"pnr\">9.</span> <span data-sentence-id=\"513#9:1\"><span class=\"snr noprint\">1</span>You rest within the peace of God today, quiet and unafraid.</span> <span data-sentence-id=\"513#9:2\"><span class=\"snr\">2</span>Each brother comes to take his rest, and offer it to you.</span> <span data-sentence-id=\"513#9:3\"><span class=\"snr\">3</span>We rest together here, for thus our rest is made complete, and what we give today we have received already.</span> <span data-sentence-id=\"513#9:4\"><span class=\"snr\">4</span>Time is not the guardian of what we give today.</span> <span data-sentence-id=\"513#9:5\"><span class=\"snr\">5</span>We give to those unborn and those passed by, to every Thought of God, and to the Mind in which these Thoughts were born and where they rest.</span> <span data-sentence-id=\"513#9:6\"><span class=\"snr\">6</span>And we remind them of their resting place each time we tell ourselves, “I rest in God.”</span></p></div> </div>","firstWords":"We ask for rest today, and quietness unshaken by the world’s appearances. We ask for peace and stillness, in the midst of all the turmoil born of clashing dreams. We ask for safety and for happiness,","contentType":"acim-content","seoTitle":"Lesson 109: I rest in God | ACIM","seoDescription":"✨ A Course in Miracles with 🎧 Audio! Read and listen to Lesson 109 “I rest in God”: We ask for rest today, and quietness unshaken by the world’s appearances. We ask for peace and…","desktopBreadcrumbs":[{"label":"Workbook","leadsTo":{"locale":"en","sectionId":401,"slugs":["workbook","introduction"],"forceToc":true}},{"label":"Part I","leadsTo":{"locale":"en","sectionId":403,"slugs":["lesson-1","nothing-i-see-means-anything"],"forceToc":true}},{"label":"Lesson 109","leadsTo":{"locale":"en","sectionId":513,"slugs":["lesson-109","i-rest-in-god"]}}],"mobileBreadcrumbs":[{"label":"Workbook","leadsTo":{"locale":"en","sectionId":401,"slugs":["workbook","introduction"],"forceToc":true}},{"label":"Part I","leadsTo":{"locale":"en","sectionId":403,"slugs":["lesson-1","nothing-i-see-means-anything"],"forceToc":true}},{"label":"Lesson 109","leadsTo":{"locale":"en","sectionId":513,"slugs":["lesson-109","i-rest-in-god"]}}],"seoBreadcrumbs":[{"label":"A Course in Miracles","leadsTo":"dashboard"},{"label":"Workbook","leadsTo":{"locale":"en","sectionId":401,"slugs":["workbook","introduction"],"forceToc":true}},{"label":"Part I","leadsTo":{"locale":"en","sectionId":403,"slugs":["lesson-1","nothing-i-see-means-anything"],"forceToc":true}},{"label":"Lesson 109","leadsTo":{"locale":"en","sectionId":513,"slugs":["lesson-109","i-rest-in-god"]}}],"slugs":["lesson-109","i-rest-in-god"],"canonicalLink":"https://acim.org/acim/lesson-109/i-rest-in-god/en/s/513","link":"https://acim.org/acim/lesson-109/i-rest-in-god/en/s/513","shortLink":"https://acim.org/acim/en/s/513","previousSectionId":512,"previousSectionSlugs":["lesson-108","to-give-and-to-receive-are-one-in-truth"],"previousSectionLink":"https://acim.org/acim/lesson-108/to-give-and-to-receive-are-one-in-truth/en/s/512","nextSectionId":514,"nextSectionSlugs":["lesson-110","i-am-as-god-created-me"],"nextSectionLink":"https://acim.org/acim/lesson-110/i-am-as-god-created-me/en/s/514","hreflangLinks":[{"hrefLang":"en","link":"https://acim.org/acim/en/s/513"}]}