{"sectionId":514,"sectionIdLiteral":"514","humanId":"lesson-110","volumeId":"workbook","locale":"en","titleInfo":{"title":"I am as God created me.","ownlineNumber":"Lesson 110"},"annotation":"W-110","bodyHtml":"<div class=\"acim-text lesson-110\"> <div data-paragraph-id=\"514#1\"><p class=\"p-normal\"><span class=\"pnr\">1.</span> <span data-sentence-id=\"514#1:1\"><span class=\"snr noprint\">1</span>We will repeat today’s idea from time to time.</span> <span data-sentence-id=\"514#1:2\"><span class=\"snr\">2</span>For this one thought would be enough to save you and the world, if you believed that it is true.</span> <span data-sentence-id=\"514#1:3\"><span class=\"snr\">3</span>Its truth would mean that you have made no changes in yourself that have reality, nor changed the universe so that what God created was replaced by fear and evil, misery and death.</span> <span data-sentence-id=\"514#1:4\"><span class=\"snr\">4</span>If you remain as God created you fear has no meaning, evil is not real, and misery and death do not exist.</span></p></div> <div data-paragraph-id=\"514#2\"><p class=\"p-normal\"><span class=\"pnr\">2.</span> <span data-sentence-id=\"514#2:1\"><span class=\"snr noprint\">1</span>Today’s idea is therefore all you need to let complete correction heal your mind, and give you perfect vision that will heal all the mistakes that any mind has made at any time or place.</span> <span data-sentence-id=\"514#2:2\"><span class=\"snr\">2</span>It is enough to heal the past and make the future free.</span> <span data-sentence-id=\"514#2:3\"><span class=\"snr\">3</span>It is enough to let the present be accepted as it is.</span> <span data-sentence-id=\"514#2:4\"><span class=\"snr\">4</span>It is enough to let time be the means for all the world to learn escape from time, and every change that time appears to bring in passing by.</span></p></div> <div data-paragraph-id=\"514#3\"><p class=\"p-normal\"><span class=\"pnr\">3.</span> <span data-sentence-id=\"514#3:1\"><span class=\"snr noprint\">1</span>If you remain as God created you, appearances cannot replace the truth, health cannot turn to sickness, nor can death be substitute for life, or fear for love.</span> <span data-sentence-id=\"514#3:2\"><span class=\"snr\">2</span>All this has not occurred, if you remain as God created you.</span> <span data-sentence-id=\"514#3:3\"><span class=\"snr\">3</span>You need no thought but just this one, to let redemption come to light the world and free it from the past.</span></p></div> <div data-paragraph-id=\"514#4\"><p class=\"p-normal\"><span class=\"pnr\">4.</span> <span data-sentence-id=\"514#4:1\"><span class=\"snr noprint\">1</span>In this one thought is all the past undone; the present saved to quietly extend into a timeless future.</span> <span data-sentence-id=\"514#4:2\"><span class=\"snr\">2</span>If you are as God created you, then there has been no separation of your mind from His, no split between your mind and other minds, and only unity within your own.</span></p></div> <div data-paragraph-id=\"514#5\"><p class=\"p-normal\"><span class=\"pnr\">5.</span> <span data-sentence-id=\"514#5:1\"><span class=\"snr noprint\">1</span>The healing power of today’s idea is limitless.</span> <span data-sentence-id=\"514#5:2\"><span class=\"snr\">2</span>It is the birthplace of all miracles, the great restorer of the truth to the awareness of the world.</span> <span data-sentence-id=\"514#5:3\"><span class=\"snr\">3</span>Practice today’s idea with gratitude.</span> <span data-sentence-id=\"514#5:4\"><span class=\"snr\">4</span>This is the truth that comes to set you free.</span> <span data-sentence-id=\"514#5:5\"><span class=\"snr\">5</span>This is the truth that God has promised you.</span> <span data-sentence-id=\"514#5:6\"><span class=\"snr\">6</span>This is the Word in which all sorrow ends.</span></p></div> <div data-paragraph-id=\"514#6\"><p class=\"p-normal\"><span class=\"pnr\">6.</span> <span data-sentence-id=\"514#6:1\"><span class=\"snr noprint\">1</span>For your five-minute practice periods, begin with this quotation from the text:</span></p> <p class=\"p-prayer\"><span data-sentence-id=\"514#6:2\"><span class=\"snr\">2</span>I am as God created me.</span> <span data-sentence-id=\"514#6:3\"><span class=\"snr\">3</span>His Son can suffer nothing.</span> <span data-sentence-id=\"514#6:4\"><span class=\"snr\">4</span>And I <b>am</b> His Son.</span></p></div> <div data-paragraph-id=\"514#7\"><p class=\"p-normal\"><span class=\"pnr\">7.</span> <span data-sentence-id=\"514#7:1\"><span class=\"snr noprint\">1</span>Then, with this statement firmly in your mind, try to discover in your mind the Self Who is the holy Son of God Himself.</span></p></div> <div data-paragraph-id=\"514#8\"><p class=\"p-normal\"><span class=\"pnr\">8.</span> <span data-sentence-id=\"514#8:1\"><span class=\"snr noprint\">1</span>Seek Him within you Who is Christ in you, the Son of God and brother to the world; the Savior Who has been forever saved, with power to save whoever touches Him, however lightly, asking for the Word that tells him he is brother unto Him.</span></p></div> <div data-paragraph-id=\"514#9\"><p class=\"p-normal\"><span class=\"pnr\">9.</span> <span data-sentence-id=\"514#9:1\"><span class=\"snr noprint\">1</span>You are as God created you.</span> <span data-sentence-id=\"514#9:2\"><span class=\"snr\">2</span>Today honor your Self.</span> <span data-sentence-id=\"514#9:3\"><span class=\"snr\">3</span>Let graven images you made to be the Son of God instead of what he is be worshipped not today.</span> <span data-sentence-id=\"514#9:4\"><span class=\"snr\">4</span>Deep in your mind the holy Christ in you is waiting your acknowledgment as you.</span> <span data-sentence-id=\"514#9:5\"><span class=\"snr\">5</span>And you are lost and do not know yourself while He is unacknowledged and unknown.</span></p></div> <div data-paragraph-id=\"514#10\"><p class=\"p-normal\"><span class=\"pnr\">10.</span> <span data-sentence-id=\"514#10:1\"><span class=\"snr noprint\">1</span>Seek Him today, and find Him.</span> <span data-sentence-id=\"514#10:2\"><span class=\"snr\">2</span>He will be your Savior from all idols you have made.</span> <span data-sentence-id=\"514#10:3\"><span class=\"snr\">3</span>For when you find Him, you will understand how worthless are your idols, and how false the images which you believed were you.</span> <span data-sentence-id=\"514#10:4\"><span class=\"snr\">4</span>Today we make a great advance to truth by letting idols go, and opening our hands and hearts and minds to God today.</span></p></div> <div data-paragraph-id=\"514#11\"><p class=\"p-normal\"><span class=\"pnr\">11.</span> <span data-sentence-id=\"514#11:1\"><span class=\"snr noprint\">1</span>We will remember Him throughout the day with thankful hearts and loving thoughts for all who meet with us today.</span> <span data-sentence-id=\"514#11:2\"><span class=\"snr\">2</span>For it is thus that we remember Him.</span> <span data-sentence-id=\"514#11:3\"><span class=\"snr\">3</span>And we will say, that we may be reminded of His Son, our holy Self, the Christ in each of us:</span></p> <p class=\"p-prayer\"><span data-sentence-id=\"514#11:4\"><span class=\"snr\">4</span>I am as God created me.</span></p> <p class=\"p-normal\"><span data-sentence-id=\"514#11:5\"><span class=\"snr\">5</span>Let us declare this truth as often as we can.</span> <span data-sentence-id=\"514#11:6\"><span class=\"snr\">6</span>This is the Word of God that sets you free.</span> <span data-sentence-id=\"514#11:7\"><span class=\"snr\">7</span>This is the key that opens up the gate of Heaven, and that lets you enter in the peace of God and His eternity.</span></p></div> </div>","firstWords":"We will repeat today’s idea from time to time. For this one thought would be enough to save you and the world, if you believed that it is true. Its truth would mean that you have made no changes in","contentType":"acim-content","seoTitle":"Lesson 110: I am as God created me | ACIM","seoDescription":"✨ A Course in Miracles with 🎧 Audio! Read and listen to Lesson 110 “I am as God created me”: We will repeat today’s idea from time to time. For this one thought would be enough to save…","desktopBreadcrumbs":[{"label":"Workbook","leadsTo":{"locale":"en","sectionId":401,"slugs":["workbook","introduction"],"forceToc":true}},{"label":"Part I","leadsTo":{"locale":"en","sectionId":403,"slugs":["lesson-1","nothing-i-see-means-anything"],"forceToc":true}},{"label":"Lesson 110","leadsTo":{"locale":"en","sectionId":514,"slugs":["lesson-110","i-am-as-god-created-me"]}}],"mobileBreadcrumbs":[{"label":"Workbook","leadsTo":{"locale":"en","sectionId":401,"slugs":["workbook","introduction"],"forceToc":true}},{"label":"Part I","leadsTo":{"locale":"en","sectionId":403,"slugs":["lesson-1","nothing-i-see-means-anything"],"forceToc":true}},{"label":"Lesson 110","leadsTo":{"locale":"en","sectionId":514,"slugs":["lesson-110","i-am-as-god-created-me"]}}],"seoBreadcrumbs":[{"label":"A Course in Miracles","leadsTo":"dashboard"},{"label":"Workbook","leadsTo":{"locale":"en","sectionId":401,"slugs":["workbook","introduction"],"forceToc":true}},{"label":"Part I","leadsTo":{"locale":"en","sectionId":403,"slugs":["lesson-1","nothing-i-see-means-anything"],"forceToc":true}},{"label":"Lesson 110","leadsTo":{"locale":"en","sectionId":514,"slugs":["lesson-110","i-am-as-god-created-me"]}}],"slugs":["lesson-110","i-am-as-god-created-me"],"canonicalLink":"https://acim.org/acim/lesson-110/i-am-as-god-created-me/en/s/514","link":"https://acim.org/acim/lesson-110/i-am-as-god-created-me/en/s/514","shortLink":"https://acim.org/acim/en/s/514","previousSectionId":513,"previousSectionSlugs":["lesson-109","i-rest-in-god"],"previousSectionLink":"https://acim.org/acim/lesson-109/i-rest-in-god/en/s/513","nextSectionId":515,"nextSectionSlugs":["review-iii","introduction"],"nextSectionLink":"https://acim.org/acim/review-iii/introduction/en/s/515","hreflangLinks":[{"hrefLang":"en","link":"https://acim.org/acim/en/s/514"}]}