{"sectionId":516,"sectionIdLiteral":"516","humanId":"lesson-111","volumeId":"workbook","locale":"en","titleInfo":{"ownlineNumber":"Lesson 111"},"annotation":"W-111","bodyHtml":"<div class=\"acim-text review-lesson review-3 lesson-111\"> <div data-paragraph-id=\"516#0\"><p class=\"p-review-intro\"><span data-sentence-id=\"516#0:1\">For morning and evening review:</span></p></div> <div data-paragraph-id=\"516#1\"><p class=\"p-lesson-ref\"><span class=\"pnr\">1.</span> <span data-sentence-id=\"516#1:1\"><span class=\"snr noprint\">1</span>(<span class=\"lref\">91</span>) <b>Miracles are seen in light.</b></span></p> <p class=\"p-prayer\"><span data-sentence-id=\"516#1:2\"><span class=\"snr\">2</span>I cannot see in darkness.</span> <span data-sentence-id=\"516#1:3\"><span class=\"snr\">3</span>Let the light of holiness and truth light up my mind, and let me see the innocence within.</span></p></div> <div data-paragraph-id=\"516#2\"><p class=\"p-lesson-ref\"><span class=\"pnr\">2.</span> <span data-sentence-id=\"516#2:1\"><span class=\"snr noprint\">1</span>(<span class=\"lref\">92</span>) <b>Miracles are seen in light, and light and strength are one.</b></span></p> <p class=\"p-prayer\"><span data-sentence-id=\"516#2:2\"><span class=\"snr\">2</span>I see through strength, the gift of God to me.</span> <span data-sentence-id=\"516#2:3\"><span class=\"snr\">3</span>My weakness is the dark His gift dispels, by giving me His strength to take its place.</span></p></div> <div data-paragraph-id=\"516#3\"><p class=\"p-normal\"><span class=\"pnr\">3.</span> <span data-sentence-id=\"516#3:1\"><span class=\"snr noprint\">1</span>On the hour: <br/></span><span data-sentence-id=\"516#3:2\"><span class=\"snr\">2</span><b>Miracles are seen in light.</b></span></p> <p class=\"p-normal\"><span data-sentence-id=\"516#3:3\"><span class=\"snr\">3</span>On the half hour: <br/></span><span data-sentence-id=\"516#3:4\"><span class=\"snr\">4</span><b>Miracles are seen in light, and light and strength are one.</b></span></p></div> </div>","firstWords":"For morning and evening review: (91) Miracles are seen in light. I cannot see in darkness. Let the light of holiness and truth light up my mind, and let me see the innocence within. (92) Miracles are","contentType":"acim-content","seoTitle":"Lesson 111: Review (91 and 92) | ACIM","seoDescription":"✨ A Course in Miracles with 🎧 Audio! Read and listen to Lesson 111 “Review (91 and 92)”: For morning and evening review: (91) Miracles are seen in light. I cannot see in darkness. Let…","desktopBreadcrumbs":[{"label":"Workbook","leadsTo":{"locale":"en","sectionId":401,"slugs":["workbook","introduction"],"forceToc":true}},{"label":"Part I","leadsTo":{"locale":"en","sectionId":403,"slugs":["lesson-1","nothing-i-see-means-anything"],"forceToc":true}},{"label":"Review III","leadsTo":{"locale":"en","sectionId":515,"slugs":["review-iii","introduction"]}},{"label":"Lesson 111","leadsTo":{"locale":"en","sectionId":516,"slugs":["review-iii","lesson-111"]}}],"mobileBreadcrumbs":[{"label":"Workbook","leadsTo":{"locale":"en","sectionId":401,"slugs":["workbook","introduction"],"forceToc":true}},{"label":"Part I","leadsTo":{"locale":"en","sectionId":403,"slugs":["lesson-1","nothing-i-see-means-anything"],"forceToc":true}},{"label":"Review III","leadsTo":{"locale":"en","sectionId":515,"slugs":["review-iii","introduction"]}},{"label":"Lesson 111","leadsTo":{"locale":"en","sectionId":516,"slugs":["review-iii","lesson-111"]}}],"seoBreadcrumbs":[{"label":"A Course in Miracles","leadsTo":"dashboard"},{"label":"Workbook","leadsTo":{"locale":"en","sectionId":401,"slugs":["workbook","introduction"],"forceToc":true}},{"label":"Part I","leadsTo":{"locale":"en","sectionId":403,"slugs":["lesson-1","nothing-i-see-means-anything"],"forceToc":true}},{"label":"Review III","leadsTo":{"locale":"en","sectionId":515,"slugs":["review-iii","introduction"]}},{"label":"Lesson 111","leadsTo":{"locale":"en","sectionId":516,"slugs":["review-iii","lesson-111"]}}],"slugs":["review-iii","lesson-111"],"canonicalLink":"https://acim.org/acim/review-iii/lesson-111/en/s/516","link":"https://acim.org/acim/review-iii/lesson-111/en/s/516","shortLink":"https://acim.org/acim/en/s/516","previousSectionId":515,"previousSectionSlugs":["review-iii","introduction"],"previousSectionLink":"https://acim.org/acim/review-iii/introduction/en/s/515","nextSectionId":517,"nextSectionSlugs":["review-iii","lesson-112"],"nextSectionLink":"https://acim.org/acim/review-iii/lesson-112/en/s/517","hreflangLinks":[{"hrefLang":"en","link":"https://acim.org/acim/en/s/516"}]}