{"sectionId":517,"sectionIdLiteral":"517","humanId":"lesson-112","volumeId":"workbook","locale":"en","titleInfo":{"ownlineNumber":"Lesson 112"},"annotation":"W-112","bodyHtml":"<div class=\"acim-text review-lesson review-3 lesson-112\"> <div data-paragraph-id=\"517#0\"><p class=\"p-review-intro\"><span data-sentence-id=\"517#0:1\">For morning and evening review:</span></p></div> <div data-paragraph-id=\"517#1\"><p class=\"p-lesson-ref\"><span class=\"pnr\">1.</span> <span data-sentence-id=\"517#1:1\"><span class=\"snr noprint\">1</span>(<span class=\"lref\">93</span>) <b>Light and joy and peace abide in me.</b></span></p> <p class=\"p-prayer\"><span data-sentence-id=\"517#1:2\"><span class=\"snr\">2</span>I am the home of light and joy and peace.</span> <span data-sentence-id=\"517#1:3\"><span class=\"snr\">3</span>I welcome them into the home I share with God, because I am a part of Him.</span></p></div> <div data-paragraph-id=\"517#2\"><p class=\"p-lesson-ref\"><span class=\"pnr\">2.</span> <span data-sentence-id=\"517#2:1\"><span class=\"snr noprint\">1</span>(<span class=\"lref\">94</span>) <b>I am as God created me.</b></span></p> <p class=\"p-prayer\"><span data-sentence-id=\"517#2:2\"><span class=\"snr\">2</span>I will remain forever as I was, created by the Changeless like Himself.</span> <span data-sentence-id=\"517#2:3\"><span class=\"snr\">3</span>And I am one with Him, and He with me.</span></p></div> <div data-paragraph-id=\"517#3\"><p class=\"p-normal\"><span class=\"pnr\">3.</span> <span data-sentence-id=\"517#3:1\"><span class=\"snr noprint\">1</span>On the hour: <br/></span><span data-sentence-id=\"517#3:2\"><span class=\"snr\">2</span><b>Light and joy and peace abide in me.</b></span></p> <p class=\"p-normal\"><span data-sentence-id=\"517#3:3\"><span class=\"snr\">3</span>On the half hour: <br/></span><span data-sentence-id=\"517#3:4\"><span class=\"snr\">4</span><b>I am as God created me.</b></span></p></div> </div>","firstWords":"For morning and evening review: (93) Light and joy and peace abide in me. I am the home of light and joy and peace. I welcome them into the home I share with God, because I am a part of Him. (94) I","contentType":"acim-content","seoTitle":"Lesson 112: Review (93 and 94) | ACIM","seoDescription":"✨ A Course in Miracles with 🎧 Audio! Read and listen to Lesson 112 “Review (93 and 94)”: For morning and evening review: (93) Light and joy and peace abide in me. I am the home of light…","desktopBreadcrumbs":[{"label":"Workbook","leadsTo":{"locale":"en","sectionId":401,"slugs":["workbook","introduction"],"forceToc":true}},{"label":"Part I","leadsTo":{"locale":"en","sectionId":403,"slugs":["lesson-1","nothing-i-see-means-anything"],"forceToc":true}},{"label":"Review III","leadsTo":{"locale":"en","sectionId":515,"slugs":["review-iii","introduction"]}},{"label":"Lesson 112","leadsTo":{"locale":"en","sectionId":517,"slugs":["review-iii","lesson-112"]}}],"mobileBreadcrumbs":[{"label":"Workbook","leadsTo":{"locale":"en","sectionId":401,"slugs":["workbook","introduction"],"forceToc":true}},{"label":"Part I","leadsTo":{"locale":"en","sectionId":403,"slugs":["lesson-1","nothing-i-see-means-anything"],"forceToc":true}},{"label":"Review III","leadsTo":{"locale":"en","sectionId":515,"slugs":["review-iii","introduction"]}},{"label":"Lesson 112","leadsTo":{"locale":"en","sectionId":517,"slugs":["review-iii","lesson-112"]}}],"seoBreadcrumbs":[{"label":"A Course in Miracles","leadsTo":"dashboard"},{"label":"Workbook","leadsTo":{"locale":"en","sectionId":401,"slugs":["workbook","introduction"],"forceToc":true}},{"label":"Part I","leadsTo":{"locale":"en","sectionId":403,"slugs":["lesson-1","nothing-i-see-means-anything"],"forceToc":true}},{"label":"Review III","leadsTo":{"locale":"en","sectionId":515,"slugs":["review-iii","introduction"]}},{"label":"Lesson 112","leadsTo":{"locale":"en","sectionId":517,"slugs":["review-iii","lesson-112"]}}],"slugs":["review-iii","lesson-112"],"canonicalLink":"https://acim.org/acim/review-iii/lesson-112/en/s/517","link":"https://acim.org/acim/review-iii/lesson-112/en/s/517","shortLink":"https://acim.org/acim/en/s/517","previousSectionId":516,"previousSectionSlugs":["review-iii","lesson-111"],"previousSectionLink":"https://acim.org/acim/review-iii/lesson-111/en/s/516","nextSectionId":518,"nextSectionSlugs":["review-iii","lesson-113"],"nextSectionLink":"https://acim.org/acim/review-iii/lesson-113/en/s/518","hreflangLinks":[{"hrefLang":"en","link":"https://acim.org/acim/en/s/517"}]}