{"sectionId":518,"sectionIdLiteral":"518","humanId":"lesson-113","volumeId":"workbook","locale":"en","titleInfo":{"ownlineNumber":"Lesson 113"},"annotation":"W-113","bodyHtml":"<div class=\"acim-text review-lesson review-3 lesson-113\"> <div data-paragraph-id=\"518#0\"><p class=\"p-review-intro\"><span data-sentence-id=\"518#0:1\">For morning and evening review:</span></p></div> <div data-paragraph-id=\"518#1\"><p class=\"p-lesson-ref\"><span class=\"pnr\">1.</span> <span data-sentence-id=\"518#1:1\"><span class=\"snr noprint\">1</span>(<span class=\"lref\">95</span>) <b>I am one Self, united with my Creator.</b></span></p> <p class=\"p-prayer\"><span data-sentence-id=\"518#1:2\"><span class=\"snr\">2</span>Serenity and perfect peace are mine, because I am one Self, completely whole, at one with all creation and with God.</span></p></div> <div data-paragraph-id=\"518#2\"><p class=\"p-lesson-ref\"><span class=\"pnr\">2.</span> <span data-sentence-id=\"518#2:1\"><span class=\"snr noprint\">1</span>(<span class=\"lref\">96</span>) <b>Salvation comes from my one Self.</b></span></p> <p class=\"p-prayer\"><span data-sentence-id=\"518#2:2\"><span class=\"snr\">2</span>From my one Self, Whose knowledge still remains within my mind, I see God’s perfect plan for my salvation perfectly fulfilled.</span></p></div> <div data-paragraph-id=\"518#3\"><p class=\"p-normal\"><span class=\"pnr\">3.</span> <span data-sentence-id=\"518#3:1\"><span class=\"snr noprint\">1</span>On the hour: <br/></span><span data-sentence-id=\"518#3:2\"><span class=\"snr\">2</span><b>I am one Self, united with my Creator.</b></span></p> <p class=\"p-normal\"><span data-sentence-id=\"518#3:3\"><span class=\"snr\">3</span>On the half hour: <br/></span><span data-sentence-id=\"518#3:4\"><span class=\"snr\">4</span><b>Salvation comes from my one Self.</b></span></p></div> </div>","firstWords":"For morning and evening review: (95) I am one Self, united with my Creator. Serenity and perfect peace are mine, because I am one Self, completely whole, at one with all creation and with God. (96)","contentType":"acim-content","seoTitle":"Lesson 113: Review (95 and 96) | ACIM","seoDescription":"✨ A Course in Miracles with 🎧 Audio! Read and listen to Lesson 113 “Review (95 and 96)”: For morning and evening review: (95) I am one Self, united with my Creator. Serenity and perfect…","desktopBreadcrumbs":[{"label":"Workbook","leadsTo":{"locale":"en","sectionId":401,"slugs":["workbook","introduction"],"forceToc":true}},{"label":"Part I","leadsTo":{"locale":"en","sectionId":403,"slugs":["lesson-1","nothing-i-see-means-anything"],"forceToc":true}},{"label":"Review III","leadsTo":{"locale":"en","sectionId":515,"slugs":["review-iii","introduction"]}},{"label":"Lesson 113","leadsTo":{"locale":"en","sectionId":518,"slugs":["review-iii","lesson-113"]}}],"mobileBreadcrumbs":[{"label":"Workbook","leadsTo":{"locale":"en","sectionId":401,"slugs":["workbook","introduction"],"forceToc":true}},{"label":"Part I","leadsTo":{"locale":"en","sectionId":403,"slugs":["lesson-1","nothing-i-see-means-anything"],"forceToc":true}},{"label":"Review III","leadsTo":{"locale":"en","sectionId":515,"slugs":["review-iii","introduction"]}},{"label":"Lesson 113","leadsTo":{"locale":"en","sectionId":518,"slugs":["review-iii","lesson-113"]}}],"seoBreadcrumbs":[{"label":"A Course in Miracles","leadsTo":"dashboard"},{"label":"Workbook","leadsTo":{"locale":"en","sectionId":401,"slugs":["workbook","introduction"],"forceToc":true}},{"label":"Part I","leadsTo":{"locale":"en","sectionId":403,"slugs":["lesson-1","nothing-i-see-means-anything"],"forceToc":true}},{"label":"Review III","leadsTo":{"locale":"en","sectionId":515,"slugs":["review-iii","introduction"]}},{"label":"Lesson 113","leadsTo":{"locale":"en","sectionId":518,"slugs":["review-iii","lesson-113"]}}],"slugs":["review-iii","lesson-113"],"canonicalLink":"https://acim.org/acim/review-iii/lesson-113/en/s/518","link":"https://acim.org/acim/review-iii/lesson-113/en/s/518","shortLink":"https://acim.org/acim/en/s/518","previousSectionId":517,"previousSectionSlugs":["review-iii","lesson-112"],"previousSectionLink":"https://acim.org/acim/review-iii/lesson-112/en/s/517","nextSectionId":519,"nextSectionSlugs":["review-iii","lesson-114"],"nextSectionLink":"https://acim.org/acim/review-iii/lesson-114/en/s/519","hreflangLinks":[{"hrefLang":"en","link":"https://acim.org/acim/en/s/518"}]}