{"sectionId":519,"sectionIdLiteral":"519","humanId":"lesson-114","volumeId":"workbook","locale":"en","titleInfo":{"ownlineNumber":"Lesson 114"},"annotation":"W-114","bodyHtml":"<div class=\"acim-text review-lesson review-3 lesson-114\"> <div data-paragraph-id=\"519#0\"><p class=\"p-review-intro\"><span data-sentence-id=\"519#0:1\">For morning and evening review:</span></p></div> <div data-paragraph-id=\"519#1\"><p class=\"p-lesson-ref\"><span class=\"pnr\">1.</span> <span data-sentence-id=\"519#1:1\"><span class=\"snr noprint\">1</span>(<span class=\"lref\">97</span>) <b>I am spirit.</b></span></p> <p class=\"p-prayer\"><span data-sentence-id=\"519#1:2\"><span class=\"snr\">2</span>I am the Son of God.</span> <span data-sentence-id=\"519#1:3\"><span class=\"snr\">3</span>No body can contain my spirit, nor impose on me a limitation God created not.</span></p></div> <div data-paragraph-id=\"519#2\"><p class=\"p-lesson-ref\"><span class=\"pnr\">2.</span> <span data-sentence-id=\"519#2:1\"><span class=\"snr noprint\">1</span>(<span class=\"lref\">98</span>) <b>I will accept my part in God’s plan for salvation.</b></span></p> <p class=\"p-prayer\"><span data-sentence-id=\"519#2:2\"><span class=\"snr\">2</span>What can my function be but to accept the Word of God, Who has created me for what I am and will forever be?</span></p></div> <div data-paragraph-id=\"519#3\"><p class=\"p-normal\"><span class=\"pnr\">3.</span> <span data-sentence-id=\"519#3:1\"><span class=\"snr noprint\">1</span>On the hour: <br/></span><span data-sentence-id=\"519#3:2\"><span class=\"snr\">2</span><b>I am spirit.</b></span></p> <p class=\"p-normal\"><span data-sentence-id=\"519#3:3\"><span class=\"snr\">3</span>On the half hour: <br/></span><span data-sentence-id=\"519#3:4\"><span class=\"snr\">4</span><b>I will accept my part in God’s plan for salvation.</b></span></p></div> </div>","firstWords":"For morning and evening review: (97) I am spirit. I am the Son of God. No body can contain my spirit, nor impose on me a limitation God created not. (98) I will accept my part in God’s plan for","contentType":"acim-content","seoTitle":"Lesson 114: Review (97 and 98) | ACIM","seoDescription":"✨ A Course in Miracles with 🎧 Audio! Read and listen to Lesson 114 “Review (97 and 98)”: For morning and evening review: (97) I am spirit. I am the Son of God. No body can contain my…","desktopBreadcrumbs":[{"label":"Workbook","leadsTo":{"locale":"en","sectionId":401,"slugs":["workbook","introduction"],"forceToc":true}},{"label":"Part I","leadsTo":{"locale":"en","sectionId":403,"slugs":["lesson-1","nothing-i-see-means-anything"],"forceToc":true}},{"label":"Review III","leadsTo":{"locale":"en","sectionId":515,"slugs":["review-iii","introduction"]}},{"label":"Lesson 114","leadsTo":{"locale":"en","sectionId":519,"slugs":["review-iii","lesson-114"]}}],"mobileBreadcrumbs":[{"label":"Workbook","leadsTo":{"locale":"en","sectionId":401,"slugs":["workbook","introduction"],"forceToc":true}},{"label":"Part I","leadsTo":{"locale":"en","sectionId":403,"slugs":["lesson-1","nothing-i-see-means-anything"],"forceToc":true}},{"label":"Review III","leadsTo":{"locale":"en","sectionId":515,"slugs":["review-iii","introduction"]}},{"label":"Lesson 114","leadsTo":{"locale":"en","sectionId":519,"slugs":["review-iii","lesson-114"]}}],"seoBreadcrumbs":[{"label":"A Course in Miracles","leadsTo":"dashboard"},{"label":"Workbook","leadsTo":{"locale":"en","sectionId":401,"slugs":["workbook","introduction"],"forceToc":true}},{"label":"Part I","leadsTo":{"locale":"en","sectionId":403,"slugs":["lesson-1","nothing-i-see-means-anything"],"forceToc":true}},{"label":"Review III","leadsTo":{"locale":"en","sectionId":515,"slugs":["review-iii","introduction"]}},{"label":"Lesson 114","leadsTo":{"locale":"en","sectionId":519,"slugs":["review-iii","lesson-114"]}}],"slugs":["review-iii","lesson-114"],"canonicalLink":"https://acim.org/acim/review-iii/lesson-114/en/s/519","link":"https://acim.org/acim/review-iii/lesson-114/en/s/519","shortLink":"https://acim.org/acim/en/s/519","previousSectionId":518,"previousSectionSlugs":["review-iii","lesson-113"],"previousSectionLink":"https://acim.org/acim/review-iii/lesson-113/en/s/518","nextSectionId":520,"nextSectionSlugs":["review-iii","lesson-115"],"nextSectionLink":"https://acim.org/acim/review-iii/lesson-115/en/s/520","hreflangLinks":[{"hrefLang":"en","link":"https://acim.org/acim/en/s/519"}]}