{"sectionId":520,"sectionIdLiteral":"520","humanId":"lesson-115","volumeId":"workbook","locale":"en","titleInfo":{"ownlineNumber":"Lesson 115"},"annotation":"W-115","bodyHtml":"<div class=\"acim-text review-lesson review-3 lesson-115\"> <div data-paragraph-id=\"520#0\"><p class=\"p-review-intro\"><span data-sentence-id=\"520#0:1\">For morning and evening review:</span></p></div> <div data-paragraph-id=\"520#1\"><p class=\"p-lesson-ref\"><span class=\"pnr\">1.</span> <span data-sentence-id=\"520#1:1\"><span class=\"snr noprint\">1</span>(<span class=\"lref\">99</span>) <b>Salvation is my only function here.</b></span></p> <p class=\"p-prayer\"><span data-sentence-id=\"520#1:2\"><span class=\"snr\">2</span>My function here is to forgive the world for all the errors I have made.</span> <span data-sentence-id=\"520#1:3\"><span class=\"snr\">3</span>For thus am I released from them with all the world.</span></p></div> <div data-paragraph-id=\"520#2\"><p class=\"p-lesson-ref\"><span class=\"pnr\">2.</span> <span data-sentence-id=\"520#2:1\"><span class=\"snr noprint\">1</span>(<span class=\"lref\">100</span>) <b>My part is essential to God’s plan for salvation.</b></span></p> <p class=\"p-prayer\"><span data-sentence-id=\"520#2:2\"><span class=\"snr\">2</span>I am essential to the plan of God for the salvation of the world.</span> <span data-sentence-id=\"520#2:3\"><span class=\"snr\">3</span>For He gave me His plan that I might save the world.</span></p></div> <div data-paragraph-id=\"520#3\"><p class=\"p-normal\"><span class=\"pnr\">3.</span> <span data-sentence-id=\"520#3:1\"><span class=\"snr noprint\">1</span>On the hour: <br/></span><span data-sentence-id=\"520#3:2\"><span class=\"snr\">2</span><b>Salvation is my only function here.</b></span></p> <p class=\"p-normal\"><span data-sentence-id=\"520#3:3\"><span class=\"snr\">3</span>On the half hour: <br/></span><span data-sentence-id=\"520#3:4\"><span class=\"snr\">4</span><b>My part is essential to God’s plan for salvation.</b></span></p></div> </div>","firstWords":"For morning and evening review: (99) Salvation is my only function here. My function here is to forgive the world for all the errors I have made. For thus am I released from them with all the world.","contentType":"acim-content","seoTitle":"Lesson 115: Review (99 and 100) | ACIM","seoDescription":"✨ A Course in Miracles with 🎧 Audio! Read and listen to Lesson 115 “Review (99 and 100)”: For morning and evening review: (99) Salvation is my only function here. My function here is to…","desktopBreadcrumbs":[{"label":"Workbook","leadsTo":{"locale":"en","sectionId":401,"slugs":["workbook","introduction"],"forceToc":true}},{"label":"Part I","leadsTo":{"locale":"en","sectionId":403,"slugs":["lesson-1","nothing-i-see-means-anything"],"forceToc":true}},{"label":"Review III","leadsTo":{"locale":"en","sectionId":515,"slugs":["review-iii","introduction"]}},{"label":"Lesson 115","leadsTo":{"locale":"en","sectionId":520,"slugs":["review-iii","lesson-115"]}}],"mobileBreadcrumbs":[{"label":"Workbook","leadsTo":{"locale":"en","sectionId":401,"slugs":["workbook","introduction"],"forceToc":true}},{"label":"Part I","leadsTo":{"locale":"en","sectionId":403,"slugs":["lesson-1","nothing-i-see-means-anything"],"forceToc":true}},{"label":"Review III","leadsTo":{"locale":"en","sectionId":515,"slugs":["review-iii","introduction"]}},{"label":"Lesson 115","leadsTo":{"locale":"en","sectionId":520,"slugs":["review-iii","lesson-115"]}}],"seoBreadcrumbs":[{"label":"A Course in Miracles","leadsTo":"dashboard"},{"label":"Workbook","leadsTo":{"locale":"en","sectionId":401,"slugs":["workbook","introduction"],"forceToc":true}},{"label":"Part I","leadsTo":{"locale":"en","sectionId":403,"slugs":["lesson-1","nothing-i-see-means-anything"],"forceToc":true}},{"label":"Review III","leadsTo":{"locale":"en","sectionId":515,"slugs":["review-iii","introduction"]}},{"label":"Lesson 115","leadsTo":{"locale":"en","sectionId":520,"slugs":["review-iii","lesson-115"]}}],"slugs":["review-iii","lesson-115"],"canonicalLink":"https://acim.org/acim/review-iii/lesson-115/en/s/520","link":"https://acim.org/acim/review-iii/lesson-115/en/s/520","shortLink":"https://acim.org/acim/en/s/520","previousSectionId":519,"previousSectionSlugs":["review-iii","lesson-114"],"previousSectionLink":"https://acim.org/acim/review-iii/lesson-114/en/s/519","nextSectionId":521,"nextSectionSlugs":["review-iii","lesson-116"],"nextSectionLink":"https://acim.org/acim/review-iii/lesson-116/en/s/521","hreflangLinks":[{"hrefLang":"en","link":"https://acim.org/acim/en/s/520"}]}