{"sectionId":523,"sectionIdLiteral":"523","humanId":"lesson-118","volumeId":"workbook","locale":"en","titleInfo":{"ownlineNumber":"Lesson 118"},"annotation":"W-118","bodyHtml":"<div class=\"acim-text review-lesson review-3 lesson-118\"> <div data-paragraph-id=\"523#0\"><p class=\"p-review-intro\"><span data-sentence-id=\"523#0:1\">For morning and evening review:</span></p></div> <div data-paragraph-id=\"523#1\"><p class=\"p-lesson-ref\"><span class=\"pnr\">1.</span> <span data-sentence-id=\"523#1:1\"><span class=\"snr noprint\">1</span>(<span class=\"lref\">105</span>) <b>God’s peace and joy are mine.</b></span></p> <p class=\"p-prayer\"><span data-sentence-id=\"523#1:2\"><span class=\"snr\">2</span>Today I will accept God’s peace and joy, in glad exchange for all the substitutes that I have made for happiness and peace.</span></p></div> <div data-paragraph-id=\"523#2\"><p class=\"p-lesson-ref\"><span class=\"pnr\">2.</span> <span data-sentence-id=\"523#2:1\"><span class=\"snr noprint\">1</span>(<span class=\"lref\">106</span>) <b>Let me be still and listen to the truth.</b></span></p> <p class=\"p-prayer\"><span data-sentence-id=\"523#2:2\"><span class=\"snr\">2</span>Let my own feeble voice be still, and let me hear the mighty Voice for Truth Itself assure me that I am God’s perfect Son.</span></p></div> <div data-paragraph-id=\"523#3\"><p class=\"p-normal\"><span class=\"pnr\">3.</span> <span data-sentence-id=\"523#3:1\"><span class=\"snr noprint\">1</span>On the hour: <br/></span><span data-sentence-id=\"523#3:2\"><span class=\"snr\">2</span><b>God’s peace and joy are mine.</b></span></p> <p class=\"p-normal\"><span data-sentence-id=\"523#3:3\"><span class=\"snr\">3</span>On the half hour: <br/></span><span data-sentence-id=\"523#3:4\"><span class=\"snr\">4</span><b>Let me be still and listen to the truth.</b></span></p></div> </div>","firstWords":"For morning and evening review: (105) God’s peace and joy are mine. Today I will accept God’s peace and joy, in glad exchange for all the substitutes that I have made for happiness and peace. (106)","contentType":"acim-content","seoTitle":"Lesson 118: Review (105 and 106) | ACIM","seoDescription":"✨ A Course in Miracles with 🎧 Audio! Read and listen to Lesson 118 “Review (105 and 106)”: For morning and evening review: (105) God’s peace and joy are mine. Today I will accept God’s…","desktopBreadcrumbs":[{"label":"Workbook","leadsTo":{"locale":"en","sectionId":401,"slugs":["workbook","introduction"],"forceToc":true}},{"label":"Part I","leadsTo":{"locale":"en","sectionId":403,"slugs":["lesson-1","nothing-i-see-means-anything"],"forceToc":true}},{"label":"Review III","leadsTo":{"locale":"en","sectionId":515,"slugs":["review-iii","introduction"]}},{"label":"Lesson 118","leadsTo":{"locale":"en","sectionId":523,"slugs":["review-iii","lesson-118"]}}],"mobileBreadcrumbs":[{"label":"Workbook","leadsTo":{"locale":"en","sectionId":401,"slugs":["workbook","introduction"],"forceToc":true}},{"label":"Part I","leadsTo":{"locale":"en","sectionId":403,"slugs":["lesson-1","nothing-i-see-means-anything"],"forceToc":true}},{"label":"Review III","leadsTo":{"locale":"en","sectionId":515,"slugs":["review-iii","introduction"]}},{"label":"Lesson 118","leadsTo":{"locale":"en","sectionId":523,"slugs":["review-iii","lesson-118"]}}],"seoBreadcrumbs":[{"label":"A Course in Miracles","leadsTo":"dashboard"},{"label":"Workbook","leadsTo":{"locale":"en","sectionId":401,"slugs":["workbook","introduction"],"forceToc":true}},{"label":"Part I","leadsTo":{"locale":"en","sectionId":403,"slugs":["lesson-1","nothing-i-see-means-anything"],"forceToc":true}},{"label":"Review III","leadsTo":{"locale":"en","sectionId":515,"slugs":["review-iii","introduction"]}},{"label":"Lesson 118","leadsTo":{"locale":"en","sectionId":523,"slugs":["review-iii","lesson-118"]}}],"slugs":["review-iii","lesson-118"],"canonicalLink":"https://acim.org/acim/review-iii/lesson-118/en/s/523","link":"https://acim.org/acim/review-iii/lesson-118/en/s/523","shortLink":"https://acim.org/acim/en/s/523","previousSectionId":522,"previousSectionSlugs":["review-iii","lesson-117"],"previousSectionLink":"https://acim.org/acim/review-iii/lesson-117/en/s/522","nextSectionId":524,"nextSectionSlugs":["review-iii","lesson-119"],"nextSectionLink":"https://acim.org/acim/review-iii/lesson-119/en/s/524","hreflangLinks":[{"hrefLang":"en","link":"https://acim.org/acim/en/s/523"}]}