{"sectionId":524,"sectionIdLiteral":"524","humanId":"lesson-119","volumeId":"workbook","locale":"en","titleInfo":{"ownlineNumber":"Lesson 119"},"annotation":"W-119","bodyHtml":"<div class=\"acim-text review-lesson review-3 lesson-119\"> <div data-paragraph-id=\"524#0\"><p class=\"p-review-intro\"><span data-sentence-id=\"524#0:1\">For morning and evening review:</span></p></div> <div data-paragraph-id=\"524#1\"><p class=\"p-lesson-ref\"><span class=\"pnr\">1.</span> <span data-sentence-id=\"524#1:1\"><span class=\"snr noprint\">1</span>(<span class=\"lref\">107</span>) <b>Truth will correct all errors in my mind.</b></span></p> <p class=\"p-prayer\"><span data-sentence-id=\"524#1:2\"><span class=\"snr\">2</span>I am mistaken when I think I can be hurt in any way.</span> <span data-sentence-id=\"524#1:3\"><span class=\"snr\">3</span>I am God’s Son, whose Self rests safely in the Mind of God.</span></p></div> <div data-paragraph-id=\"524#2\"><p class=\"p-lesson-ref\"><span class=\"pnr\">2.</span> <span data-sentence-id=\"524#2:1\"><span class=\"snr noprint\">1</span>(<span class=\"lref\">108</span>) <b>To give and to receive are one in truth.</b></span></p> <p class=\"p-prayer\"><span data-sentence-id=\"524#2:2\"><span class=\"snr\">2</span>I will forgive all things today, that I may learn how to accept the truth in me, and come to recognize my sinlessness.</span></p></div> <div data-paragraph-id=\"524#3\"><p class=\"p-normal\"><span class=\"pnr\">3.</span> <span data-sentence-id=\"524#3:1\"><span class=\"snr noprint\">1</span>On the hour: <br/></span><span data-sentence-id=\"524#3:2\"><span class=\"snr\">2</span><b>Truth will correct all errors in my mind.</b></span></p> <p class=\"p-normal\"><span data-sentence-id=\"524#3:3\"><span class=\"snr\">3</span>On the half hour: <br/></span><span data-sentence-id=\"524#3:4\"><span class=\"snr\">4</span><b>To give and to receive are one in truth.</b></span></p></div> </div>","firstWords":"For morning and evening review: (107) Truth will correct all errors in my mind. I am mistaken when I think I can be hurt in any way. I am God’s Son, whose Self rests safely in the Mind of God. (108)","contentType":"acim-content","seoTitle":"Lesson 119: Review (107 and 108) | ACIM","seoDescription":"✨ A Course in Miracles with 🎧 Audio! Read and listen to Lesson 119 “Review (107 and 108)”: For morning and evening review: (107) Truth will correct all errors in my mind. I am mistaken…","desktopBreadcrumbs":[{"label":"Workbook","leadsTo":{"locale":"en","sectionId":401,"slugs":["workbook","introduction"],"forceToc":true}},{"label":"Part I","leadsTo":{"locale":"en","sectionId":403,"slugs":["lesson-1","nothing-i-see-means-anything"],"forceToc":true}},{"label":"Review III","leadsTo":{"locale":"en","sectionId":515,"slugs":["review-iii","introduction"]}},{"label":"Lesson 119","leadsTo":{"locale":"en","sectionId":524,"slugs":["review-iii","lesson-119"]}}],"mobileBreadcrumbs":[{"label":"Workbook","leadsTo":{"locale":"en","sectionId":401,"slugs":["workbook","introduction"],"forceToc":true}},{"label":"Part I","leadsTo":{"locale":"en","sectionId":403,"slugs":["lesson-1","nothing-i-see-means-anything"],"forceToc":true}},{"label":"Review III","leadsTo":{"locale":"en","sectionId":515,"slugs":["review-iii","introduction"]}},{"label":"Lesson 119","leadsTo":{"locale":"en","sectionId":524,"slugs":["review-iii","lesson-119"]}}],"seoBreadcrumbs":[{"label":"A Course in Miracles","leadsTo":"dashboard"},{"label":"Workbook","leadsTo":{"locale":"en","sectionId":401,"slugs":["workbook","introduction"],"forceToc":true}},{"label":"Part I","leadsTo":{"locale":"en","sectionId":403,"slugs":["lesson-1","nothing-i-see-means-anything"],"forceToc":true}},{"label":"Review III","leadsTo":{"locale":"en","sectionId":515,"slugs":["review-iii","introduction"]}},{"label":"Lesson 119","leadsTo":{"locale":"en","sectionId":524,"slugs":["review-iii","lesson-119"]}}],"slugs":["review-iii","lesson-119"],"canonicalLink":"https://acim.org/acim/review-iii/lesson-119/en/s/524","link":"https://acim.org/acim/review-iii/lesson-119/en/s/524","shortLink":"https://acim.org/acim/en/s/524","previousSectionId":523,"previousSectionSlugs":["review-iii","lesson-118"],"previousSectionLink":"https://acim.org/acim/review-iii/lesson-118/en/s/523","nextSectionId":525,"nextSectionSlugs":["review-iii","lesson-120"],"nextSectionLink":"https://acim.org/acim/review-iii/lesson-120/en/s/525","hreflangLinks":[{"hrefLang":"en","link":"https://acim.org/acim/en/s/524"}]}