{"sectionId":525,"sectionIdLiteral":"525","humanId":"lesson-120","volumeId":"workbook","locale":"en","titleInfo":{"ownlineNumber":"Lesson 120"},"annotation":"W-120","bodyHtml":"<div class=\"acim-text review-lesson review-3 lesson-120\"> <div data-paragraph-id=\"525#0\"><p class=\"p-review-intro\"><span data-sentence-id=\"525#0:1\">For morning and evening review:</span></p></div> <div data-paragraph-id=\"525#1\"><p class=\"p-lesson-ref\"><span class=\"pnr\">1.</span> <span data-sentence-id=\"525#1:1\"><span class=\"snr noprint\">1</span>(<span class=\"lref\">109</span>) <b>I rest in God.</b></span></p> <p class=\"p-prayer\"><span data-sentence-id=\"525#1:2\"><span class=\"snr\">2</span>I rest in God today, and let Him work in me and through me, while I rest in Him in quiet and in perfect certainty.</span></p></div> <div data-paragraph-id=\"525#2\"><p class=\"p-lesson-ref\"><span class=\"pnr\">2.</span> <span data-sentence-id=\"525#2:1\"><span class=\"snr noprint\">1</span>(<span class=\"lref\">110</span>) <b>I am as God created me.</b></span></p> <p class=\"p-prayer\"><span data-sentence-id=\"525#2:2\"><span class=\"snr\">2</span>I am God’s Son.</span> <span data-sentence-id=\"525#2:3\"><span class=\"snr\">3</span>Today I lay aside all sick illusions of myself, and let my Father tell me Who I really am.</span></p></div> <div data-paragraph-id=\"525#3\"><p class=\"p-normal\"><span class=\"pnr\">3.</span> <span data-sentence-id=\"525#3:1\"><span class=\"snr noprint\">1</span>On the hour: <br/></span><span data-sentence-id=\"525#3:2\"><span class=\"snr\">2</span><b>I rest in God.</b></span></p> <p class=\"p-normal\"><span data-sentence-id=\"525#3:3\"><span class=\"snr\">3</span>On the half hour: <br/></span><span data-sentence-id=\"525#3:4\"><span class=\"snr\">4</span><b>I am as God created me.</b></span></p></div> </div>","firstWords":"For morning and evening review: (109) I rest in God. I rest in God today, and let Him work in me and through me, while I rest in Him in quiet and in perfect certainty. (110) I am as God created me. I","contentType":"acim-content","seoTitle":"Lesson 120: Review (109 and 110) | ACIM","seoDescription":"✨ A Course in Miracles with 🎧 Audio! Read and listen to Lesson 120 “Review (109 and 110)”: For morning and evening review: (109) I rest in God. I rest in God today, and let Him work in…","desktopBreadcrumbs":[{"label":"Workbook","leadsTo":{"locale":"en","sectionId":401,"slugs":["workbook","introduction"],"forceToc":true}},{"label":"Part I","leadsTo":{"locale":"en","sectionId":403,"slugs":["lesson-1","nothing-i-see-means-anything"],"forceToc":true}},{"label":"Review III","leadsTo":{"locale":"en","sectionId":515,"slugs":["review-iii","introduction"]}},{"label":"Lesson 120","leadsTo":{"locale":"en","sectionId":525,"slugs":["review-iii","lesson-120"]}}],"mobileBreadcrumbs":[{"label":"Workbook","leadsTo":{"locale":"en","sectionId":401,"slugs":["workbook","introduction"],"forceToc":true}},{"label":"Part I","leadsTo":{"locale":"en","sectionId":403,"slugs":["lesson-1","nothing-i-see-means-anything"],"forceToc":true}},{"label":"Review III","leadsTo":{"locale":"en","sectionId":515,"slugs":["review-iii","introduction"]}},{"label":"Lesson 120","leadsTo":{"locale":"en","sectionId":525,"slugs":["review-iii","lesson-120"]}}],"seoBreadcrumbs":[{"label":"A Course in Miracles","leadsTo":"dashboard"},{"label":"Workbook","leadsTo":{"locale":"en","sectionId":401,"slugs":["workbook","introduction"],"forceToc":true}},{"label":"Part I","leadsTo":{"locale":"en","sectionId":403,"slugs":["lesson-1","nothing-i-see-means-anything"],"forceToc":true}},{"label":"Review III","leadsTo":{"locale":"en","sectionId":515,"slugs":["review-iii","introduction"]}},{"label":"Lesson 120","leadsTo":{"locale":"en","sectionId":525,"slugs":["review-iii","lesson-120"]}}],"slugs":["review-iii","lesson-120"],"canonicalLink":"https://acim.org/acim/review-iii/lesson-120/en/s/525","link":"https://acim.org/acim/review-iii/lesson-120/en/s/525","shortLink":"https://acim.org/acim/en/s/525","previousSectionId":524,"previousSectionSlugs":["review-iii","lesson-119"],"previousSectionLink":"https://acim.org/acim/review-iii/lesson-119/en/s/524","nextSectionId":526,"nextSectionSlugs":["lesson-121","forgiveness-is-the-key-to-happiness"],"nextSectionLink":"https://acim.org/acim/lesson-121/forgiveness-is-the-key-to-happiness/en/s/526","hreflangLinks":[{"hrefLang":"en","link":"https://acim.org/acim/en/s/525"}]}