{"sectionId":528,"sectionIdLiteral":"528","humanId":"lesson-123","volumeId":"workbook","locale":"en","titleInfo":{"title":"I thank my Father for His gifts to me.","ownlineNumber":"Lesson 123"},"annotation":"W-123","bodyHtml":"<div class=\"acim-text lesson-123\"> <div data-paragraph-id=\"528#1\"><p class=\"p-normal\"><span class=\"pnr\">1.</span> <span data-sentence-id=\"528#1:1\"><span class=\"snr noprint\">1</span>Today let us be thankful.</span> <span data-sentence-id=\"528#1:2\"><span class=\"snr\">2</span>We have come to gentler pathways and to smoother roads.</span> <span data-sentence-id=\"528#1:3\"><span class=\"snr\">3</span>There is no thought of turning back, and no implacable resistance to the truth.</span> <span data-sentence-id=\"528#1:4\"><span class=\"snr\">4</span>A bit of wavering remains, some small objections and a little hesitance, but you can well be grateful for your gains, which are far greater than you realize.</span></p></div> <div data-paragraph-id=\"528#2\"><p class=\"p-normal\"><span class=\"pnr\">2.</span> <span data-sentence-id=\"528#2:1\"><span class=\"snr noprint\">1</span>A day devoted now to gratitude will add the benefit of some insight into the real extent of all the gains which you have made; the gifts you have received.</span> <span data-sentence-id=\"528#2:2\"><span class=\"snr\">2</span>Be glad today, in loving thankfulness, your Father has not left you to yourself, nor let you wander in the dark alone.</span> <span data-sentence-id=\"528#2:3\"><span class=\"snr\">3</span>Be grateful He has saved you from the self you thought you made to take the place of Him and His creation.</span> <span data-sentence-id=\"528#2:4\"><span class=\"snr\">4</span>Give Him thanks today.</span></p></div> <div data-paragraph-id=\"528#3\"><p class=\"p-normal\"><span class=\"pnr\">3.</span> <span data-sentence-id=\"528#3:1\"><span class=\"snr noprint\">1</span>Give thanks that He has not abandoned you, and that His Love forever will remain shining on you, forever without change.</span> <span data-sentence-id=\"528#3:2\"><span class=\"snr\">2</span>Give thanks as well that you are changeless, for the Son He loves is changeless as Himself.</span> <span data-sentence-id=\"528#3:3\"><span class=\"snr\">3</span>Be grateful you are saved.</span> <span data-sentence-id=\"528#3:4\"><span class=\"snr\">4</span>Be glad you have a function in salvation to fulfill.</span> <span data-sentence-id=\"528#3:5\"><span class=\"snr\">5</span>Be thankful that your value far transcends your meager gifts and petty judgments of the one whom God established as His Son.</span></p></div> <div data-paragraph-id=\"528#4\"><p class=\"p-normal\"><span class=\"pnr\">4.</span> <span data-sentence-id=\"528#4:1\"><span class=\"snr noprint\">1</span>Today in gratitude we lift our hearts above despair, and raise our thankful eyes, no longer looking downward to the dust.</span> <span data-sentence-id=\"528#4:2\"><span class=\"snr\">2</span>We sing the song of thankfulness today, in honor of the Self that God has willed to be our true Identity in Him.</span> <span data-sentence-id=\"528#4:3\"><span class=\"snr\">3</span>Today we smile on everyone we see, and walk with lightened footsteps as we go to do what is appointed us to do.</span></p></div> <div data-paragraph-id=\"528#5\"><p class=\"p-normal\"><span class=\"pnr\">5.</span> <span data-sentence-id=\"528#5:1\"><span class=\"snr noprint\">1</span>We do not go alone.</span> <span data-sentence-id=\"528#5:2\"><span class=\"snr\">2</span>And we give thanks that in our solitude a Friend has come to speak the saving Word of God to us.</span> <span data-sentence-id=\"528#5:3\"><span class=\"snr\">3</span>And thanks to you for listening to Him.</span> <span data-sentence-id=\"528#5:4\"><span class=\"snr\">4</span>His Word is soundless if it be not heard.</span> <span data-sentence-id=\"528#5:5\"><span class=\"snr\">5</span>In thanking Him the thanks are yours as well.</span> <span data-sentence-id=\"528#5:6\"><span class=\"snr\">6</span>An unheard message will not save the world, however mighty be the Voice that speaks, however loving may the message be.</span></p></div> <div data-paragraph-id=\"528#6\"><p class=\"p-normal\"><span class=\"pnr\">6.</span> <span data-sentence-id=\"528#6:1\"><span class=\"snr noprint\">1</span>Thanks be to you who heard, for you become the messenger who brings His Voice with you, and lets It echo round and round the world.</span> <span data-sentence-id=\"528#6:2\"><span class=\"snr\">2</span>Receive the thanks of God today, as you give thanks to Him.</span> <span data-sentence-id=\"528#6:3\"><span class=\"snr\">3</span>For He would offer you the thanks you give, since He receives your gifts in loving gratitude, and gives them back a thousand and a hundred thousand more than they were given.</span> <span data-sentence-id=\"528#6:4\"><span class=\"snr\">4</span>He will bless your gifts by sharing them with you.</span> <span data-sentence-id=\"528#6:5\"><span class=\"snr\">5</span>And so they grow in power and in strength, until they fill the world with gladness and with gratitude.</span></p></div> <div data-paragraph-id=\"528#7\"><p class=\"p-normal\"><span class=\"pnr\">7.</span> <span data-sentence-id=\"528#7:1\"><span class=\"snr noprint\">1</span>Receive His thanks and offer yours to Him for fifteen minutes twice today.</span> <span data-sentence-id=\"528#7:2\"><span class=\"snr\">2</span>And you will realize to Whom you offer thanks, and Whom He thanks as you are thanking Him.</span> <span data-sentence-id=\"528#7:3\"><span class=\"snr\">3</span>This holy half an hour given Him will be returned to you in terms of years for every second; power to save the world eons more quickly for your thanks to Him.</span></p></div> <div data-paragraph-id=\"528#8\"><p class=\"p-normal\"><span class=\"pnr\">8.</span> <span data-sentence-id=\"528#8:1\"><span class=\"snr noprint\">1</span>Receive His thanks, and you will understand how lovingly He holds you in His Mind, how deep and limitless His care for you, how perfect is His gratitude to you.</span> <span data-sentence-id=\"528#8:2\"><span class=\"snr\">2</span>Remember hourly to think of Him, and give Him thanks for everything He gave His Son, that he might rise above the world, remembering his Father and his Self.</span></p></div> </div>","firstWords":"Today let us be thankful. We have come to gentler pathways and to smoother roads. There is no thought of turning back, and no implacable resistance to the truth. A bit of wavering remains, some small","contentType":"acim-content","seoTitle":"Lesson 123: I thank my Father for His gifts to… | ACIM","seoDescription":"✨ A Course in Miracles with 🎧 Audio! Read and listen to Lesson 123 “I thank my Father for His gifts to me”: Today let us be thankful. We have come to gentler pathways and to smoother…","desktopBreadcrumbs":[{"label":"Workbook","leadsTo":{"locale":"en","sectionId":401,"slugs":["workbook","introduction"],"forceToc":true}},{"label":"Part I","leadsTo":{"locale":"en","sectionId":403,"slugs":["lesson-1","nothing-i-see-means-anything"],"forceToc":true}},{"label":"Lesson 123","leadsTo":{"locale":"en","sectionId":528,"slugs":["lesson-123","i-thank-my-father-for-his-gifts-to-me"]}}],"mobileBreadcrumbs":[{"label":"Workbook","leadsTo":{"locale":"en","sectionId":401,"slugs":["workbook","introduction"],"forceToc":true}},{"label":"Part I","leadsTo":{"locale":"en","sectionId":403,"slugs":["lesson-1","nothing-i-see-means-anything"],"forceToc":true}},{"label":"Lesson 123","leadsTo":{"locale":"en","sectionId":528,"slugs":["lesson-123","i-thank-my-father-for-his-gifts-to-me"]}}],"seoBreadcrumbs":[{"label":"A Course in Miracles","leadsTo":"dashboard"},{"label":"Workbook","leadsTo":{"locale":"en","sectionId":401,"slugs":["workbook","introduction"],"forceToc":true}},{"label":"Part I","leadsTo":{"locale":"en","sectionId":403,"slugs":["lesson-1","nothing-i-see-means-anything"],"forceToc":true}},{"label":"Lesson 123","leadsTo":{"locale":"en","sectionId":528,"slugs":["lesson-123","i-thank-my-father-for-his-gifts-to-me"]}}],"slugs":["lesson-123","i-thank-my-father-for-his-gifts-to-me"],"canonicalLink":"https://acim.org/acim/lesson-123/i-thank-my-father-for-his-gifts-to-me/en/s/528","link":"https://acim.org/acim/lesson-123/i-thank-my-father-for-his-gifts-to-me/en/s/528","shortLink":"https://acim.org/acim/en/s/528","previousSectionId":527,"previousSectionSlugs":["lesson-122","forgiveness-offers-everything-i-want"],"previousSectionLink":"https://acim.org/acim/lesson-122/forgiveness-offers-everything-i-want/en/s/527","nextSectionId":529,"nextSectionSlugs":["lesson-124","let-me-remember-i-am-one-with-god"],"nextSectionLink":"https://acim.org/acim/lesson-124/let-me-remember-i-am-one-with-god/en/s/529","hreflangLinks":[{"hrefLang":"en","link":"https://acim.org/acim/en/s/528"}]}