{"sectionId":53,"sectionIdLiteral":"053","humanId":"chap-1-sect-1","volumeId":"text","locale":"en","titleInfo":{"chapterTitle":{"ownlineNumber":"Chapter 1","title":"The Meaning of Miracles"},"title":"Principles of Miracles","inlineNumber":"I."},"annotation":"T-1.I","bodyHtml":"<div class=\"acim-text chap-1-sect-1\"> <div data-paragraph-id=\"053#1\"><p class=\"p-normal\"><span class=\"pnr\">1.</span> <span data-sentence-id=\"053#1:1\"><span class=\"snr noprint\">1</span>There is no order of difficulty in miracles.</span> <span data-sentence-id=\"053#1:2\"><span class=\"snr\">2</span>One is not “harder” or “bigger” than another.</span> <span data-sentence-id=\"053#1:3\"><span class=\"snr\">3</span>They are all the same.</span> <span data-sentence-id=\"053#1:4\"><span class=\"snr\">4</span>All expressions of love are maximal.</span></p></div> <div data-paragraph-id=\"053#2\"><p class=\"p-normal\"><span class=\"pnr\">2.</span> <span data-sentence-id=\"053#2:1\"><span class=\"snr noprint\">1</span>Miracles as such do not matter.</span> <span data-sentence-id=\"053#2:2\"><span class=\"snr\">2</span>The only thing that matters is their Source, which is far beyond evaluation.</span></p></div> <div data-paragraph-id=\"053#3\"><p class=\"p-normal\"><span class=\"pnr\">3.</span> <span data-sentence-id=\"053#3:1\"><span class=\"snr noprint\">1</span>Miracles occur naturally as expressions of love.</span> <span data-sentence-id=\"053#3:2\"><span class=\"snr\">2</span>The real miracle is the love that inspires them.</span> <span data-sentence-id=\"053#3:3\"><span class=\"snr\">3</span>In this sense everything that comes from love is a miracle.</span></p></div> <div data-paragraph-id=\"053#4\"><p class=\"p-normal\"><span class=\"pnr\">4.</span> <span data-sentence-id=\"053#4:1\"><span class=\"snr noprint\">1</span>All miracles mean life, and God is the Giver of life.</span> <span data-sentence-id=\"053#4:2\"><span class=\"snr\">2</span>His Voice will direct you very specifically.</span> <span data-sentence-id=\"053#4:3\"><span class=\"snr\">3</span>You will be told all you need to know.</span></p></div> <div data-paragraph-id=\"053#5\"><p class=\"p-normal\"><span class=\"pnr\">5.</span> <span data-sentence-id=\"053#5:1\"><span class=\"snr noprint\">1</span>Miracles are habits, and should be involuntary.</span> <span data-sentence-id=\"053#5:2\"><span class=\"snr\">2</span>They should not be under conscious control.</span> <span data-sentence-id=\"053#5:3\"><span class=\"snr\">3</span>Consciously selected miracles can be misguided.</span></p></div> <div data-paragraph-id=\"053#6\"><p class=\"p-normal\"><span class=\"pnr\">6.</span> <span data-sentence-id=\"053#6:1\"><span class=\"snr noprint\">1</span>Miracles are natural.</span> <span data-sentence-id=\"053#6:2\"><span class=\"snr\">2</span>When they do not occur something has gone wrong.</span></p></div> <div data-paragraph-id=\"053#7\"><p class=\"p-normal\"><span class=\"pnr\">7.</span> <span data-sentence-id=\"053#7:1\"><span class=\"snr noprint\">1</span>Miracles are everyone’s right, but purification is necessary first.</span></p></div> <div data-paragraph-id=\"053#8\"><p class=\"p-normal\"><span class=\"pnr\">8.</span> <span data-sentence-id=\"053#8:1\"><span class=\"snr noprint\">1</span>Miracles are healing because they supply a lack; they are performed by those who temporarily have more for those who temporarily have less.</span></p></div> <div data-paragraph-id=\"053#9\"><p class=\"p-normal\"><span class=\"pnr\">9.</span> <span data-sentence-id=\"053#9:1\"><span class=\"snr noprint\">1</span>Miracles are a kind of exchange.</span> <span data-sentence-id=\"053#9:2\"><span class=\"snr\">2</span>Like all expressions of love, which are always miraculous in the true sense, the exchange reverses the physical laws.</span> <span data-sentence-id=\"053#9:3\"><span class=\"snr\">3</span>They bring more love both to the giver <i>and</i> the receiver.</span></p></div> <div data-paragraph-id=\"053#10\"><p class=\"p-normal\"><span class=\"pnr\">10.</span> <span data-sentence-id=\"053#10:1\"><span class=\"snr noprint\">1</span>The use of miracles as spectacles to induce belief is a misunderstanding of their purpose.</span></p></div> <div data-paragraph-id=\"053#11\"><p class=\"p-normal\"><span class=\"pnr\">11.</span> <span data-sentence-id=\"053#11:1\"><span class=\"snr noprint\">1</span>Prayer is the medium of miracles.</span> <span data-sentence-id=\"053#11:2\"><span class=\"snr\">2</span>It is a means of communication of the created with the Creator.</span> <span data-sentence-id=\"053#11:3\"><span class=\"snr\">3</span>Through prayer love is received, and through miracles love is expressed.</span></p></div> <div data-paragraph-id=\"053#12\"><p class=\"p-normal\"><span class=\"pnr\">12.</span> <span data-sentence-id=\"053#12:1\"><span class=\"snr noprint\">1</span>Miracles are thoughts.</span> <span data-sentence-id=\"053#12:2\"><span class=\"snr\">2</span>Thoughts can represent the lower or bodily level of experience, or the higher or spiritual level of experience.</span> <span data-sentence-id=\"053#12:3\"><span class=\"snr\">3</span>One makes the physical, and the other creates the spiritual.</span></p></div> <div data-paragraph-id=\"053#13\"><p class=\"p-normal\"><span class=\"pnr\">13.</span> <span data-sentence-id=\"053#13:1\"><span class=\"snr noprint\">1</span>Miracles are both beginnings and endings, and so they alter the temporal order.</span> <span data-sentence-id=\"053#13:2\"><span class=\"snr\">2</span>They are always affirmations of rebirth, which seem to go back but really go forward.</span> <span data-sentence-id=\"053#13:3\"><span class=\"snr\">3</span>They undo the past in the present, and thus release the future.</span></p></div> <div data-paragraph-id=\"053#14\"><p class=\"p-normal\"><span class=\"pnr\">14.</span> <span data-sentence-id=\"053#14:1\"><span class=\"snr noprint\">1</span>Miracles bear witness to truth.</span> <span data-sentence-id=\"053#14:2\"><span class=\"snr\">2</span>They are convincing because they arise from conviction.</span> <span data-sentence-id=\"053#14:3\"><span class=\"snr\">3</span>Without conviction they deteriorate into magic, which is mindless and therefore destructive; or rather, the uncreative use of mind.</span></p></div> <div data-paragraph-id=\"053#15\"><p class=\"p-normal\"><span class=\"pnr\">15.</span> <span data-sentence-id=\"053#15:1\"><span class=\"snr noprint\">1</span>Each day should be devoted to miracles.</span> <span data-sentence-id=\"053#15:2\"><span class=\"snr\">2</span>The purpose of time is to enable you to learn how to use time constructively.</span> <span data-sentence-id=\"053#15:3\"><span class=\"snr\">3</span>It is thus a teaching device and a means to an end.</span> <span data-sentence-id=\"053#15:4\"><span class=\"snr\">4</span>Time will cease when it is no longer useful in facilitating learning.</span></p></div> <div data-paragraph-id=\"053#16\"><p class=\"p-normal\"><span class=\"pnr\">16.</span> <span data-sentence-id=\"053#16:1\"><span class=\"snr noprint\">1</span>Miracles are teaching devices for demonstrating it is as blessed to give as to receive.</span> <span data-sentence-id=\"053#16:2\"><span class=\"snr\">2</span>They simultaneously increase the strength of the giver and supply strength to the receiver.</span></p></div> <div data-paragraph-id=\"053#17\"><p class=\"p-normal\"><span class=\"pnr\">17.</span> <span data-sentence-id=\"053#17:1\"><span class=\"snr noprint\">1</span>Miracles transcend the body.</span> <span data-sentence-id=\"053#17:2\"><span class=\"snr\">2</span>They are sudden shifts into invisibility, away from the bodily level.</span> <span data-sentence-id=\"053#17:3\"><span class=\"snr\">3</span>That is why they heal.</span></p></div> <div data-paragraph-id=\"053#18\"><p class=\"p-normal\"><span class=\"pnr\">18.</span> <span data-sentence-id=\"053#18:1\"><span class=\"snr noprint\">1</span>A miracle is a service.</span> <span data-sentence-id=\"053#18:2\"><span class=\"snr\">2</span>It is the maximal service you can render to another.</span> <span data-sentence-id=\"053#18:3\"><span class=\"snr\">3</span>It is a way of loving your neighbor as yourself.</span> <span data-sentence-id=\"053#18:4\"><span class=\"snr\">4</span>You recognize your own and your neighbor’s worth simultaneously.</span></p></div> <div data-paragraph-id=\"053#19\"><p class=\"p-normal\"><span class=\"pnr\">19.</span> <span data-sentence-id=\"053#19:1\"><span class=\"snr noprint\">1</span>Miracles make minds one in God.</span> <span data-sentence-id=\"053#19:2\"><span class=\"snr\">2</span>They depend on cooperation because the Sonship is the sum of all that God created.</span> <span data-sentence-id=\"053#19:3\"><span class=\"snr\">3</span>Miracles therefore reflect the laws of eternity, not of time.</span></p></div> <div data-paragraph-id=\"053#20\"><p class=\"p-normal\"><span class=\"pnr\">20.</span> <span data-sentence-id=\"053#20:1\"><span class=\"snr noprint\">1</span>Miracles reawaken the awareness that the spirit, not the body, is the altar of truth.</span> <span data-sentence-id=\"053#20:2\"><span class=\"snr\">2</span>This is the recognition that leads to the healing power of the miracle.</span></p></div> <div data-paragraph-id=\"053#21\"><p class=\"p-normal\"><span class=\"pnr\">21.</span> <span data-sentence-id=\"053#21:1\"><span class=\"snr noprint\">1</span>Miracles are natural signs of forgiveness.</span> <span data-sentence-id=\"053#21:2\"><span class=\"snr\">2</span>Through miracles you accept God’s forgiveness by extending it to others.</span></p></div> <div data-paragraph-id=\"053#22\"><p class=\"p-normal\"><span class=\"pnr\">22.</span> <span data-sentence-id=\"053#22:1\"><span class=\"snr noprint\">1</span>Miracles are associated with fear only because of the belief that darkness can hide.</span> <span data-sentence-id=\"053#22:2\"><span class=\"snr\">2</span>You believe that what your physical eyes cannot see does not exist.</span> <span data-sentence-id=\"053#22:3\"><span class=\"snr\">3</span>This leads to a denial of spiritual sight.</span></p></div> <div data-paragraph-id=\"053#23\"><p class=\"p-normal\"><span class=\"pnr\">23.</span> <span data-sentence-id=\"053#23:1\"><span class=\"snr noprint\">1</span>Miracles rearrange perception and place all levels in true perspective.</span> <span data-sentence-id=\"053#23:2\"><span class=\"snr\">2</span>This is healing because sickness comes from confusing the levels.</span></p></div> <div data-paragraph-id=\"053#24\"><p class=\"p-normal\"><span class=\"pnr\">24.</span> <span data-sentence-id=\"053#24:1\"><span class=\"snr noprint\">1</span>Miracles enable you to heal the sick and raise the dead because you made sickness and death yourself, and can therefore abolish both.</span> <span data-sentence-id=\"053#24:2\"><span class=\"snr\">2</span><i>You</i> are a miracle, capable of creating in the likeness of your Creator.</span> <span data-sentence-id=\"053#24:3\"><span class=\"snr\">3</span>Everything else is your own nightmare, and does not exist.</span> <span data-sentence-id=\"053#24:4\"><span class=\"snr\">4</span>Only the creations of light are real.</span></p></div> <div data-paragraph-id=\"053#25\"><p class=\"p-normal\"><span class=\"pnr\">25.</span> <span data-sentence-id=\"053#25:1\"><span class=\"snr noprint\">1</span>Miracles are part of an interlocking chain of forgiveness which, when completed, is the Atonement.</span> <span data-sentence-id=\"053#25:2\"><span class=\"snr\">2</span>Atonement works all the time and in all the dimensions of time.</span></p></div> <div data-paragraph-id=\"053#26\"><p class=\"p-normal\"><span class=\"pnr\">26.</span> <span data-sentence-id=\"053#26:1\"><span class=\"snr noprint\">1</span>Miracles represent freedom from fear.</span> <span data-sentence-id=\"053#26:2\"><span class=\"snr\">2</span>“Atoning” means “undoing.”</span> <span data-sentence-id=\"053#26:3\"><span class=\"snr\">3</span>The undoing of fear is an essential part of the Atonement value of miracles.</span></p></div> <div data-paragraph-id=\"053#27\"><p class=\"p-normal\"><span class=\"pnr\">27.</span> <span data-sentence-id=\"053#27:1\"><span class=\"snr noprint\">1</span>A miracle is a universal blessing from God through me to all my brothers.</span> <span data-sentence-id=\"053#27:2\"><span class=\"snr\">2</span>It is the privilege of the forgiven to forgive.</span></p></div> <div data-paragraph-id=\"053#28\"><p class=\"p-normal\"><span class=\"pnr\">28.</span> <span data-sentence-id=\"053#28:1\"><span class=\"snr noprint\">1</span>Miracles are a way of earning release from fear.</span> <span data-sentence-id=\"053#28:2\"><span class=\"snr\">2</span>Revelation induces a state in which fear has already been abolished.</span> <span data-sentence-id=\"053#28:3\"><span class=\"snr\">3</span>Miracles are thus a means and revelation is an end.</span></p></div> <div data-paragraph-id=\"053#29\"><p class=\"p-normal\"><span class=\"pnr\">29.</span> <span data-sentence-id=\"053#29:1\"><span class=\"snr noprint\">1</span>Miracles praise God through you.</span> <span data-sentence-id=\"053#29:2\"><span class=\"snr\">2</span>They praise Him by honoring His creations, affirming their perfection.</span> <span data-sentence-id=\"053#29:3\"><span class=\"snr\">3</span>They heal because they deny body-identification and affirm spirit-identification.</span></p></div> <div data-paragraph-id=\"053#30\"><p class=\"p-normal\"><span class=\"pnr\">30.</span> <span data-sentence-id=\"053#30:1\"><span class=\"snr noprint\">1</span>By recognizing spirit, miracles adjust the levels of perception and show them in proper alignment.</span> <span data-sentence-id=\"053#30:2\"><span class=\"snr\">2</span>This places spirit at the center, where it can communicate directly.</span></p></div> <div data-paragraph-id=\"053#31\"><p class=\"p-normal\"><span class=\"pnr\">31.</span> <span data-sentence-id=\"053#31:1\"><span class=\"snr noprint\">1</span>Miracles should inspire gratitude, not awe.</span> <span data-sentence-id=\"053#31:2\"><span class=\"snr\">2</span>You should thank God for what you really are.</span> <span data-sentence-id=\"053#31:3\"><span class=\"snr\">3</span>The children of God are holy and the miracle honors their holiness, which can be hidden but never lost.</span></p></div> <div data-paragraph-id=\"053#32\"><p class=\"p-normal\"><span class=\"pnr\">32.</span> <span data-sentence-id=\"053#32:1\"><span class=\"snr noprint\">1</span>I inspire all miracles, which are really intercessions.</span> <span data-sentence-id=\"053#32:2\"><span class=\"snr\">2</span>They intercede for your holiness and make your perceptions holy.</span> <span data-sentence-id=\"053#32:3\"><span class=\"snr\">3</span>By placing you beyond the physical laws they raise you into the sphere of celestial order.</span> <span data-sentence-id=\"053#32:4\"><span class=\"snr\">4</span>In this order you <i>are</i> perfect.</span></p></div> <div data-paragraph-id=\"053#33\"><p class=\"p-normal\"><span class=\"pnr\">33.</span> <span data-sentence-id=\"053#33:1\"><span class=\"snr noprint\">1</span>Miracles honor you because you are lovable.</span> <span data-sentence-id=\"053#33:2\"><span class=\"snr\">2</span>They dispel illusions about yourself and perceive the light in you.</span> <span data-sentence-id=\"053#33:3\"><span class=\"snr\">3</span>They thus atone for your errors by freeing you from your nightmares.</span> <span data-sentence-id=\"053#33:4\"><span class=\"snr\">4</span>By releasing your mind from the imprisonment of your illusions, they restore your sanity.</span></p></div> <div data-paragraph-id=\"053#34\"><p class=\"p-normal\"><span class=\"pnr\">34.</span> <span data-sentence-id=\"053#34:1\"><span class=\"snr noprint\">1</span>Miracles restore the mind to its fullness.</span> <span data-sentence-id=\"053#34:2\"><span class=\"snr\">2</span>By atoning for lack they establish perfect protection.</span> <span data-sentence-id=\"053#34:3\"><span class=\"snr\">3</span>The spirit’s strength leaves no room for intrusions.</span></p></div> <div data-paragraph-id=\"053#35\"><p class=\"p-normal\"><span class=\"pnr\">35.</span> <span data-sentence-id=\"053#35:1\"><span class=\"snr noprint\">1</span>Miracles are expressions of love, but they may not always have observable effects.</span></p></div> <div data-paragraph-id=\"053#36\"><p class=\"p-normal\"><span class=\"pnr\">36.</span> <span data-sentence-id=\"053#36:1\"><span class=\"snr noprint\">1</span>Miracles are examples of right thinking, aligning your perceptions with truth as God created it.</span></p></div> <div data-paragraph-id=\"053#37\"><p class=\"p-normal\"><span class=\"pnr\">37.</span> <span data-sentence-id=\"053#37:1\"><span class=\"snr noprint\">1</span>A miracle is a correction introduced into false thinking by me.</span> <span data-sentence-id=\"053#37:2\"><span class=\"snr\">2</span>It acts as a catalyst, breaking up erroneous perception and reorganizing it properly.</span> <span data-sentence-id=\"053#37:3\"><span class=\"snr\">3</span>This places you under the Atonement principle, where perception is healed.</span> <span data-sentence-id=\"053#37:4\"><span class=\"snr\">4</span>Until this has occurred, knowledge of the Divine Order is impossible.</span></p></div> <div data-paragraph-id=\"053#38\"><p class=\"p-normal\"><span class=\"pnr\">38.</span> <span data-sentence-id=\"053#38:1\"><span class=\"snr noprint\">1</span>The Holy Spirit is the mechanism of miracles.</span> <span data-sentence-id=\"053#38:2\"><span class=\"snr\">2</span>He recognizes both God’s creations and your illusions.</span> <span data-sentence-id=\"053#38:3\"><span class=\"snr\">3</span>He separates the true from the false by His ability to perceive totally rather than selectively.</span></p></div> <div data-paragraph-id=\"053#39\"><p class=\"p-normal\"><span class=\"pnr\">39.</span> <span data-sentence-id=\"053#39:1\"><span class=\"snr noprint\">1</span>The miracle dissolves error because the Holy Spirit identifies error as false or unreal.</span> <span data-sentence-id=\"053#39:2\"><span class=\"snr\">2</span>This is the same as saying that by perceiving light, darkness automatically disappears.</span></p></div> <div data-paragraph-id=\"053#40\"><p class=\"p-normal\"><span class=\"pnr\">40.</span> <span data-sentence-id=\"053#40:1\"><span class=\"snr noprint\">1</span>The miracle acknowledges everyone as your brother and mine.</span> <span data-sentence-id=\"053#40:2\"><span class=\"snr\">2</span>It is a way of perceiving the universal mark of God.</span></p></div> <div data-paragraph-id=\"053#41\"><p class=\"p-normal\"><span class=\"pnr\">41.</span> <span data-sentence-id=\"053#41:1\"><span class=\"snr noprint\">1</span>Wholeness is the perceptual content of miracles.</span> <span data-sentence-id=\"053#41:2\"><span class=\"snr\">2</span>They thus correct, or atone for, the faulty perception of lack.</span></p></div> <div data-paragraph-id=\"053#42\"><p class=\"p-normal\"><span class=\"pnr\">42.</span> <span data-sentence-id=\"053#42:1\"><span class=\"snr noprint\">1</span>A major contribution of miracles is their strength in releasing you from your false sense of isolation, deprivation and lack.</span></p></div> <div data-paragraph-id=\"053#43\"><p class=\"p-normal\"><span class=\"pnr\">43.</span> <span data-sentence-id=\"053#43:1\"><span class=\"snr noprint\">1</span>Miracles arise from a miraculous state of mind, or a state of miracle-readiness.</span></p></div> <div data-paragraph-id=\"053#44\"><p class=\"p-normal\"><span class=\"pnr\">44.</span> <span data-sentence-id=\"053#44:1\"><span class=\"snr noprint\">1</span>The miracle is an expression of an inner awareness of Christ and the acceptance of His Atonement.</span></p></div> <div data-paragraph-id=\"053#45\"><p class=\"p-normal\"><span class=\"pnr\">45.</span> <span data-sentence-id=\"053#45:1\"><span class=\"snr noprint\">1</span>A miracle is never lost.</span> <span data-sentence-id=\"053#45:2\"><span class=\"snr\">2</span>It may touch many people you have not even met, and produce undreamed of changes in situations of which you are not even aware.</span></p></div> <div data-paragraph-id=\"053#46\"><p class=\"p-normal\"><span class=\"pnr\">46.</span> <span data-sentence-id=\"053#46:1\"><span class=\"snr noprint\">1</span>The Holy Spirit is the highest communication medium.</span> <span data-sentence-id=\"053#46:2\"><span class=\"snr\">2</span>Miracles do not involve this type of communication, because they are <i>temporary</i> communication devices.</span> <span data-sentence-id=\"053#46:3\"><span class=\"snr\">3</span>When you return to your original form of communication with God by direct revelation, the need for miracles is over.</span></p></div> <div data-paragraph-id=\"053#47\"><p class=\"p-normal\"><span class=\"pnr\">47.</span> <span data-sentence-id=\"053#47:1\"><span class=\"snr noprint\">1</span>The miracle is a learning device that lessens the need for time.</span> <span data-sentence-id=\"053#47:2\"><span class=\"snr\">2</span>It establishes an out-of-pattern time interval not under the usual laws of time.</span> <span data-sentence-id=\"053#47:3\"><span class=\"snr\">3</span>In this sense it is timeless.</span></p></div> <div data-paragraph-id=\"053#48\"><p class=\"p-normal\"><span class=\"pnr\">48.</span> <span data-sentence-id=\"053#48:1\"><span class=\"snr noprint\">1</span>The miracle is the only device at your immediate disposal for controlling time.</span> <span data-sentence-id=\"053#48:2\"><span class=\"snr\">2</span>Only revelation transcends it, having nothing to do with time at all.</span></p></div> <div data-paragraph-id=\"053#49\"><p class=\"p-normal\"><span class=\"pnr\">49.</span> <span data-sentence-id=\"053#49:1\"><span class=\"snr noprint\">1</span>The miracle makes no distinction among degrees of misperception.</span> <span data-sentence-id=\"053#49:2\"><span class=\"snr\">2</span>It is a device for perception correction, effective quite apart from either the degree or the direction of the error.</span> <span data-sentence-id=\"053#49:3\"><span class=\"snr\">3</span>This is its true indiscriminateness.</span></p></div> <div data-paragraph-id=\"053#50\"><p class=\"p-normal\"><span class=\"pnr\">50.</span> <span data-sentence-id=\"053#50:1\"><span class=\"snr noprint\">1</span>The miracle compares what you have made with creation, accepting what is in accord with it as true, and rejecting what is out of accord as false.</span></p></div> </div>","firstWords":"There is no order of difficulty in miracles. One is not “harder” or “bigger” than another. They are all the same. All expressions of love are maximal. Miracles as such do not matter. The only thing","contentType":"acim-content","seoTitle":"Chapter 1.I: The Meaning of Miracles:… | ACIM","seoDescription":"✨ A Course in Miracles, read the complete Chapter 1.I “The Meaning of Miracles: Principles of Miracles”: There is no order of difficulty in miracles. One is not “harder” or “bigger” than…","desktopBreadcrumbs":[{"label":"Text","leadsTo":{"locale":"en","sectionId":51,"slugs":["text","introduction"],"forceToc":true}},{"label":"Chapter 1: The Meaning of Miracles","leadsTo":{"locale":"en","sectionId":53,"slugs":["chapter-1","principles-of-miracles"],"forceToc":true}},{"label":"I. Principles of Miracles","leadsTo":{"locale":"en","sectionId":53,"slugs":["chapter-1","principles-of-miracles"]}}],"mobileBreadcrumbs":[{"label":"Text","leadsTo":{"locale":"en","sectionId":51,"slugs":["text","introduction"],"forceToc":true}},{"label":"Chapter 1: The Meaning of Miracles","leadsTo":{"locale":"en","sectionId":53,"slugs":["chapter-1","principles-of-miracles"],"forceToc":true}},{"label":"I. Principles of Miracles","leadsTo":{"locale":"en","sectionId":53,"slugs":["chapter-1","principles-of-miracles"]}}],"seoBreadcrumbs":[{"label":"A Course in Miracles","leadsTo":"dashboard"},{"label":"Text","leadsTo":{"locale":"en","sectionId":51,"slugs":["text","introduction"],"forceToc":true}},{"label":"Chapter 1","leadsTo":{"locale":"en","sectionId":53,"slugs":["chapter-1","principles-of-miracles"],"forceToc":true}},{"label":"I. Principles of Miracles","leadsTo":{"locale":"en","sectionId":53,"slugs":["chapter-1","principles-of-miracles"]}}],"slugs":["chapter-1","principles-of-miracles"],"canonicalLink":"https://acim.org/acim/chapter-1/principles-of-miracles/en/s/53","link":"https://acim.org/acim/chapter-1/principles-of-miracles/en/s/53","shortLink":"https://acim.org/acim/en/s/53","previousSectionId":51,"previousSectionSlugs":["text","introduction"],"previousSectionLink":"https://acim.org/acim/text/introduction/en/s/51","nextSectionId":54,"nextSectionSlugs":["chapter-1","revelation-time-and-miracles"],"nextSectionLink":"https://acim.org/acim/chapter-1/revelation-time-and-miracles/en/s/54","hreflangLinks":[{"hrefLang":"en","link":"https://acim.org/acim/en/s/53"}]}