{"sectionId":533,"sectionIdLiteral":"533","humanId":"lesson-128","volumeId":"workbook","locale":"en","titleInfo":{"title":"The world I see holds nothing that I want.","ownlineNumber":"Lesson 128"},"annotation":"W-128","bodyHtml":"<div class=\"acim-text lesson-128\"> <div data-paragraph-id=\"533#1\"><p class=\"p-normal\"><span class=\"pnr\">1.</span> <span data-sentence-id=\"533#1:1\"><span class=\"snr noprint\">1</span>The world you see holds nothing that you need to offer you; nothing that you can use in any way, nor anything at all that serves to give you joy.</span> <span data-sentence-id=\"533#1:2\"><span class=\"snr\">2</span>Believe this thought, and you are saved from years of misery, from countless disappointments, and from hopes that turn to bitter ashes of despair.</span> <span data-sentence-id=\"533#1:3\"><span class=\"snr\">3</span>No one but must accept this thought as true, if he would leave the world behind and soar beyond its petty scope and little ways.</span></p></div> <div data-paragraph-id=\"533#2\"><p class=\"p-normal\"><span class=\"pnr\">2.</span> <span data-sentence-id=\"533#2:1\"><span class=\"snr noprint\">1</span>Each thing you value here is but a chain that binds you to the world, and it will serve no other end but this.</span> <span data-sentence-id=\"533#2:2\"><span class=\"snr\">2</span>For everything must serve the purpose you have given it, until you see a different purpose there.</span> <span data-sentence-id=\"533#2:3\"><span class=\"snr\">3</span>The only purpose worthy of your mind this world contains is that you pass it by, without delaying to perceive some hope where there is none.</span> <span data-sentence-id=\"533#2:4\"><span class=\"snr\">4</span>Be you deceived no more.</span> <span data-sentence-id=\"533#2:5\"><span class=\"snr\">5</span>The world you see holds nothing that you want.</span></p></div> <div data-paragraph-id=\"533#3\"><p class=\"p-normal\"><span class=\"pnr\">3.</span> <span data-sentence-id=\"533#3:1\"><span class=\"snr noprint\">1</span>Escape today the chains you place upon your mind when you perceive salvation here.</span> <span data-sentence-id=\"533#3:2\"><span class=\"snr\">2</span>For what you value you make part of you as you perceive yourself.</span> <span data-sentence-id=\"533#3:3\"><span class=\"snr\">3</span>All things you seek to make your value greater in your sight limit you further, hide your worth from you, and add another bar across the door that leads to true awareness of your Self.</span></p></div> <div data-paragraph-id=\"533#4\"><p class=\"p-normal\"><span class=\"pnr\">4.</span> <span data-sentence-id=\"533#4:1\"><span class=\"snr noprint\">1</span>Let nothing that relates to body thoughts delay your progress to salvation, nor permit temptation to believe the world holds anything you want to hold you back.</span> <span data-sentence-id=\"533#4:2\"><span class=\"snr\">2</span>Nothing is here to cherish.</span> <span data-sentence-id=\"533#4:3\"><span class=\"snr\">3</span>Nothing here is worth one instant of delay and pain; one moment of uncertainty and doubt.</span> <span data-sentence-id=\"533#4:4\"><span class=\"snr\">4</span>The worthless offer nothing.</span> <span data-sentence-id=\"533#4:5\"><span class=\"snr\">5</span>Certainty of worth can not be found in worthlessness.</span></p></div> <div data-paragraph-id=\"533#5\"><p class=\"p-normal\"><span class=\"pnr\">5.</span> <span data-sentence-id=\"533#5:1\"><span class=\"snr noprint\">1</span>Today we practice letting go all thought of values we have given to the world.</span> <span data-sentence-id=\"533#5:2\"><span class=\"snr\">2</span>We leave it free of purposes we gave its aspects and its phases and its dreams.</span> <span data-sentence-id=\"533#5:3\"><span class=\"snr\">3</span>We hold it purposeless within our minds, and loosen it from all we wish it were.</span> <span data-sentence-id=\"533#5:4\"><span class=\"snr\">4</span>Thus do we lift the chains that bar the door to freedom from the world, and go beyond all little values and diminished goals.</span></p></div> <div data-paragraph-id=\"533#6\"><p class=\"p-normal\"><span class=\"pnr\">6.</span> <span data-sentence-id=\"533#6:1\"><span class=\"snr noprint\">1</span>Pause and be still a little while, and see how far you rise above the world, when you release your mind from chains and let it seek the level where it finds itself at home.</span> <span data-sentence-id=\"533#6:2\"><span class=\"snr\">2</span>It will be grateful to be free a while.</span> <span data-sentence-id=\"533#6:3\"><span class=\"snr\">3</span>It knows where it belongs.</span> <span data-sentence-id=\"533#6:4\"><span class=\"snr\">4</span>But free its wings, and it will fly in sureness and in joy to join its holy purpose.</span> <span data-sentence-id=\"533#6:5\"><span class=\"snr\">5</span>Let it rest in its Creator, there to be restored to sanity, to freedom and to love.</span></p></div> <div data-paragraph-id=\"533#7\"><p class=\"p-normal\"><span class=\"pnr\">7.</span> <span data-sentence-id=\"533#7:1\"><span class=\"snr noprint\">1</span>Give it ten minutes rest three times today.</span> <span data-sentence-id=\"533#7:2\"><span class=\"snr\">2</span>And when your eyes are opened afterwards, you will not value anything you see as much as when you looked at it before.</span> <span data-sentence-id=\"533#7:3\"><span class=\"snr\">3</span>Your whole perspective on the world will shift by just a little, every time you let your mind escape its chains.</span> <span data-sentence-id=\"533#7:4\"><span class=\"snr\">4</span>The world is not where it belongs.</span> <span data-sentence-id=\"533#7:5\"><span class=\"snr\">5</span>And you belong where it would be, and where it goes to rest when you release it from the world.</span> <span data-sentence-id=\"533#7:6\"><span class=\"snr\">6</span>Your Guide is sure.</span> <span data-sentence-id=\"533#7:7\"><span class=\"snr\">7</span>Open your mind to Him.</span> <span data-sentence-id=\"533#7:8\"><span class=\"snr\">8</span>Be still and rest.</span></p></div> <div data-paragraph-id=\"533#8\"><p class=\"p-normal\"><span class=\"pnr\">8.</span> <span data-sentence-id=\"533#8:1\"><span class=\"snr noprint\">1</span>Protect your mind throughout the day as well.</span> <span data-sentence-id=\"533#8:2\"><span class=\"snr\">2</span>And when you think you see some value in an aspect or an image of the world, refuse to lay this chain upon your mind, but tell yourself with quiet certainty:</span></p> <p class=\"p-prayer\"><span data-sentence-id=\"533#8:3\"><span class=\"snr\">3</span>This will not tempt me to delay myself.<br/></span> <span data-sentence-id=\"533#8:4\"><span class=\"snr\">4</span>The world I see holds nothing that I want.</span></p></div> </div>","firstWords":"The world you see holds nothing that you need to offer you; nothing that you can use in any way, nor anything at all that serves to give you joy. Believe this thought, and you are saved from years of","contentType":"acim-content","seoTitle":"Lesson 128: The world I see holds nothing that… | ACIM","seoDescription":"✨ A Course in Miracles with 🎧 Audio! Read and listen to Lesson 128 “The world I see holds nothing that I want”: The world you see holds nothing that you need to offer you; nothing that…","desktopBreadcrumbs":[{"label":"Workbook","leadsTo":{"locale":"en","sectionId":401,"slugs":["workbook","introduction"],"forceToc":true}},{"label":"Part I","leadsTo":{"locale":"en","sectionId":403,"slugs":["lesson-1","nothing-i-see-means-anything"],"forceToc":true}},{"label":"Lesson 128","leadsTo":{"locale":"en","sectionId":533,"slugs":["lesson-128","the-world-i-see-holds-nothing-that-i-want"]}}],"mobileBreadcrumbs":[{"label":"Workbook","leadsTo":{"locale":"en","sectionId":401,"slugs":["workbook","introduction"],"forceToc":true}},{"label":"Part I","leadsTo":{"locale":"en","sectionId":403,"slugs":["lesson-1","nothing-i-see-means-anything"],"forceToc":true}},{"label":"Lesson 128","leadsTo":{"locale":"en","sectionId":533,"slugs":["lesson-128","the-world-i-see-holds-nothing-that-i-want"]}}],"seoBreadcrumbs":[{"label":"A Course in Miracles","leadsTo":"dashboard"},{"label":"Workbook","leadsTo":{"locale":"en","sectionId":401,"slugs":["workbook","introduction"],"forceToc":true}},{"label":"Part I","leadsTo":{"locale":"en","sectionId":403,"slugs":["lesson-1","nothing-i-see-means-anything"],"forceToc":true}},{"label":"Lesson 128","leadsTo":{"locale":"en","sectionId":533,"slugs":["lesson-128","the-world-i-see-holds-nothing-that-i-want"]}}],"slugs":["lesson-128","the-world-i-see-holds-nothing-that-i-want"],"canonicalLink":"https://acim.org/acim/lesson-128/the-world-i-see-holds-nothing-that-i-want/en/s/533","link":"https://acim.org/acim/lesson-128/the-world-i-see-holds-nothing-that-i-want/en/s/533","shortLink":"https://acim.org/acim/en/s/533","previousSectionId":532,"previousSectionSlugs":["lesson-127","there-is-no-love-but-gods"],"previousSectionLink":"https://acim.org/acim/lesson-127/there-is-no-love-but-gods/en/s/532","nextSectionId":534,"nextSectionSlugs":["lesson-129","beyond-this-world-there-is-a-world-i-want"],"nextSectionLink":"https://acim.org/acim/lesson-129/beyond-this-world-there-is-a-world-i-want/en/s/534","hreflangLinks":[{"hrefLang":"en","link":"https://acim.org/acim/en/s/533"}]}