{"sectionId":534,"sectionIdLiteral":"534","humanId":"lesson-129","volumeId":"workbook","locale":"en","titleInfo":{"title":"Beyond this world there is a world I want.","ownlineNumber":"Lesson 129"},"annotation":"W-129","bodyHtml":"<div class=\"acim-text lesson-129\"> <div data-paragraph-id=\"534#1\"><p class=\"p-normal\"><span class=\"pnr\">1.</span> <span data-sentence-id=\"534#1:1\"><span class=\"snr noprint\">1</span>This is the thought that follows from the one we practiced yesterday.</span> <span data-sentence-id=\"534#1:2\"><span class=\"snr\">2</span>You cannot stop with the idea the world is worthless, for unless you see that there is something else to hope for, you will only be depressed.</span> <span data-sentence-id=\"534#1:3\"><span class=\"snr\">3</span>Our emphasis is not on giving up the world, but on exchanging it for what is far more satisfying, filled with joy, and capable of offering you peace.</span> <span data-sentence-id=\"534#1:4\"><span class=\"snr\">4</span>Think you this world can offer that to you?</span></p></div> <div data-paragraph-id=\"534#2\"><p class=\"p-normal\"><span class=\"pnr\">2.</span> <span data-sentence-id=\"534#2:1\"><span class=\"snr noprint\">1</span>It might be worth a little time to think once more about the value of this world.</span> <span data-sentence-id=\"534#2:2\"><span class=\"snr\">2</span>Perhaps you will concede there is no loss in letting go all thought of value here.</span> <span data-sentence-id=\"534#2:3\"><span class=\"snr\">3</span>The world you see is merciless indeed, unstable, cruel, unconcerned with you, quick to avenge and pitiless with hate.</span> <span data-sentence-id=\"534#2:4\"><span class=\"snr\">4</span>It gives but to rescind, and takes away all things that you have cherished for a while.</span> <span data-sentence-id=\"534#2:5\"><span class=\"snr\">5</span>No lasting love is found, for none is here.</span> <span data-sentence-id=\"534#2:6\"><span class=\"snr\">6</span>This is the world of time, where all things end.</span></p></div> <div data-paragraph-id=\"534#3\"><p class=\"p-normal\"><span class=\"pnr\">3.</span> <span data-sentence-id=\"534#3:1\"><span class=\"snr noprint\">1</span>Is it a loss to find a world instead where losing is impossible; where love endures forever, hate cannot exist and vengeance has no meaning?</span> <span data-sentence-id=\"534#3:2\"><span class=\"snr\">2</span>Is it loss to find all things you really want, and know they have no ending and they will remain exactly as you want them throughout time?</span> <span data-sentence-id=\"534#3:3\"><span class=\"snr\">3</span>Yet even they will be exchanged at last for what we cannot speak of, for you go from there to where words fail entirely, into a silence where the language is unspoken and yet surely understood.</span></p></div> <div data-paragraph-id=\"534#4\"><p class=\"p-normal\"><span class=\"pnr\">4.</span> <span data-sentence-id=\"534#4:1\"><span class=\"snr noprint\">1</span>Communication, unambiguous and plain as day, remains unlimited for all eternity.</span> <span data-sentence-id=\"534#4:2\"><span class=\"snr\">2</span>And God Himself speaks to His Son, as His Son speaks to Him.</span> <span data-sentence-id=\"534#4:3\"><span class=\"snr\">3</span>Their language has no words, for what They say cannot be symbolized.</span> <span data-sentence-id=\"534#4:4\"><span class=\"snr\">4</span>Their knowledge is direct and wholly shared and wholly one.</span> <span data-sentence-id=\"534#4:5\"><span class=\"snr\">5</span>How far away from this are you who stay bound to this world.</span> <span data-sentence-id=\"534#4:6\"><span class=\"snr\">6</span>And yet how near are you, when you exchange it for the world you want.</span></p></div> <div data-paragraph-id=\"534#5\"><p class=\"p-normal\"><span class=\"pnr\">5.</span> <span data-sentence-id=\"534#5:1\"><span class=\"snr noprint\">1</span>Now is the last step certain; now you stand an instant’s space away from timelessness.</span> <span data-sentence-id=\"534#5:2\"><span class=\"snr\">2</span>Here can you but look forward, never back to see again the world you do not want.</span> <span data-sentence-id=\"534#5:3\"><span class=\"snr\">3</span>Here is the world that comes to take its place, as you unbind your mind from little things the world sets forth to keep you prisoner.</span> <span data-sentence-id=\"534#5:4\"><span class=\"snr\">4</span>Value them not, and they will disappear.</span> <span data-sentence-id=\"534#5:5\"><span class=\"snr\">5</span>Esteem them, and they will seem real to you.</span></p></div> <div data-paragraph-id=\"534#6\"><p class=\"p-normal\"><span class=\"pnr\">6.</span> <span data-sentence-id=\"534#6:1\"><span class=\"snr noprint\">1</span>Such is the choice.</span> <span data-sentence-id=\"534#6:2\"><span class=\"snr\">2</span>What loss can be for you in choosing not to value nothingness?</span> <span data-sentence-id=\"534#6:3\"><span class=\"snr\">3</span>This world holds nothing that you really want, but what you choose instead you want indeed!</span> <span data-sentence-id=\"534#6:4\"><span class=\"snr\">4</span>Let it be given you today.</span> <span data-sentence-id=\"534#6:5\"><span class=\"snr\">5</span>It waits but for your choosing it, to take the place of all the things you seek but do not want.</span></p></div> <div data-paragraph-id=\"534#7\"><p class=\"p-normal\"><span class=\"pnr\">7.</span> <span data-sentence-id=\"534#7:1\"><span class=\"snr noprint\">1</span>Practice your willingness to make this change ten minutes in the morning and at night, and once more in between.</span> <span data-sentence-id=\"534#7:2\"><span class=\"snr\">2</span>Begin with this:</span></p> <p class=\"p-prayer\"><span data-sentence-id=\"534#7:3\"><span class=\"snr\">3</span>Beyond this world there is a world I want.</span> <span data-sentence-id=\"534#7:4\"><span class=\"snr\">4</span>I choose to see that world instead of this, for here is nothing that I really want.</span></p> <p class=\"p-normal\"><span data-sentence-id=\"534#7:5\"><span class=\"snr\">5</span>Then close your eyes upon the world you see, and in the silent darkness watch the lights that are not of this world light one by one, until where one begins another ends loses all meaning as they blend in one.</span></p></div> <div data-paragraph-id=\"534#8\"><p class=\"p-normal\"><span class=\"pnr\">8.</span> <span data-sentence-id=\"534#8:1\"><span class=\"snr noprint\">1</span>Today the lights of Heaven bend to you, to shine upon your eyelids as you rest beyond the world of darkness.</span> <span data-sentence-id=\"534#8:2\"><span class=\"snr\">2</span>Here is light your eyes can not behold.</span> <span data-sentence-id=\"534#8:3\"><span class=\"snr\">3</span>And yet your mind can see it plainly, and can understand.</span> <span data-sentence-id=\"534#8:4\"><span class=\"snr\">4</span>A day of grace is given you today, and we give thanks.</span> <span data-sentence-id=\"534#8:5\"><span class=\"snr\">5</span>This day we realize that what you feared to lose was only loss.</span></p></div> <div data-paragraph-id=\"534#9\"><p class=\"p-normal\"><span class=\"pnr\">9.</span> <span data-sentence-id=\"534#9:1\"><span class=\"snr noprint\">1</span>Now do we understand there is no loss.</span> <span data-sentence-id=\"534#9:2\"><span class=\"snr\">2</span>For we have seen its opposite at last, and we are grateful that the choice is made.</span> <span data-sentence-id=\"534#9:3\"><span class=\"snr\">3</span>Remember your decision hourly, and take a moment to confirm your choice by laying by whatever thoughts you have, and dwelling briefly only upon this:</span></p> <p class=\"p-prayer\"><span data-sentence-id=\"534#9:4\"><span class=\"snr\">4</span>The world I see holds nothing that I want.<br/></span> <span data-sentence-id=\"534#9:5\"><span class=\"snr\">5</span>Beyond this world there is a world I want.</span></p></div> </div>","firstWords":"This is the thought that follows from the one we practiced yesterday. You cannot stop with the idea the world is worthless, for unless you see that there is something else to hope for, you will only","contentType":"acim-content","seoTitle":"Lesson 129: Beyond this world there is a world… | ACIM","seoDescription":"✨ A Course in Miracles with 🎧 Audio! Read and listen to Lesson 129 “Beyond this world there is a world I want”: This is the thought that follows from the one we practiced yesterday. You…","desktopBreadcrumbs":[{"label":"Workbook","leadsTo":{"locale":"en","sectionId":401,"slugs":["workbook","introduction"],"forceToc":true}},{"label":"Part I","leadsTo":{"locale":"en","sectionId":403,"slugs":["lesson-1","nothing-i-see-means-anything"],"forceToc":true}},{"label":"Lesson 129","leadsTo":{"locale":"en","sectionId":534,"slugs":["lesson-129","beyond-this-world-there-is-a-world-i-want"]}}],"mobileBreadcrumbs":[{"label":"Workbook","leadsTo":{"locale":"en","sectionId":401,"slugs":["workbook","introduction"],"forceToc":true}},{"label":"Part I","leadsTo":{"locale":"en","sectionId":403,"slugs":["lesson-1","nothing-i-see-means-anything"],"forceToc":true}},{"label":"Lesson 129","leadsTo":{"locale":"en","sectionId":534,"slugs":["lesson-129","beyond-this-world-there-is-a-world-i-want"]}}],"seoBreadcrumbs":[{"label":"A Course in Miracles","leadsTo":"dashboard"},{"label":"Workbook","leadsTo":{"locale":"en","sectionId":401,"slugs":["workbook","introduction"],"forceToc":true}},{"label":"Part I","leadsTo":{"locale":"en","sectionId":403,"slugs":["lesson-1","nothing-i-see-means-anything"],"forceToc":true}},{"label":"Lesson 129","leadsTo":{"locale":"en","sectionId":534,"slugs":["lesson-129","beyond-this-world-there-is-a-world-i-want"]}}],"slugs":["lesson-129","beyond-this-world-there-is-a-world-i-want"],"canonicalLink":"https://acim.org/acim/lesson-129/beyond-this-world-there-is-a-world-i-want/en/s/534","link":"https://acim.org/acim/lesson-129/beyond-this-world-there-is-a-world-i-want/en/s/534","shortLink":"https://acim.org/acim/en/s/534","previousSectionId":533,"previousSectionSlugs":["lesson-128","the-world-i-see-holds-nothing-that-i-want"],"previousSectionLink":"https://acim.org/acim/lesson-128/the-world-i-see-holds-nothing-that-i-want/en/s/533","nextSectionId":535,"nextSectionSlugs":["lesson-130","it-is-impossible-to-see-two-worlds"],"nextSectionLink":"https://acim.org/acim/lesson-130/it-is-impossible-to-see-two-worlds/en/s/535","hreflangLinks":[{"hrefLang":"en","link":"https://acim.org/acim/en/s/534"}]}