{"sectionId":536,"sectionIdLiteral":"536","humanId":"lesson-131","volumeId":"workbook","locale":"en","titleInfo":{"title":"No one can fail who seeks to reach the truth.","ownlineNumber":"Lesson 131"},"annotation":"W-131","bodyHtml":"<div class=\"acim-text lesson-131\"> <div data-paragraph-id=\"536#1\"><p class=\"p-normal\"><span class=\"pnr\">1.</span> <span data-sentence-id=\"536#1:1\"><span class=\"snr noprint\">1</span>Failure is all about you while you seek for goals that cannot be achieved.</span> <span data-sentence-id=\"536#1:2\"><span class=\"snr\">2</span>You look for permanence in the impermanent, for love where there is none, for safety in the midst of danger; immortality within the darkness of the dream of death.</span> <span data-sentence-id=\"536#1:3\"><span class=\"snr\">3</span>Who could succeed where contradiction is the setting of his searching, and the place to which he comes to find stability?</span></p></div> <div data-paragraph-id=\"536#2\"><p class=\"p-normal\"><span class=\"pnr\">2.</span> <span data-sentence-id=\"536#2:1\"><span class=\"snr noprint\">1</span>Goals that are meaningless are not attained.</span> <span data-sentence-id=\"536#2:2\"><span class=\"snr\">2</span>There is no way to reach them, for the means by which you strive for them are meaningless as they are.</span> <span data-sentence-id=\"536#2:3\"><span class=\"snr\">3</span>Who can use such senseless means, and hope through them to gain in anything?</span> <span data-sentence-id=\"536#2:4\"><span class=\"snr\">4</span>Where can they lead?</span> <span data-sentence-id=\"536#2:5\"><span class=\"snr\">5</span>And what could they achieve that offers any hope of being real?</span> <span data-sentence-id=\"536#2:6\"><span class=\"snr\">6</span>Pursuit of the imagined leads to death because it is the search for nothingness, and while you seek for life you ask for death.</span> <span data-sentence-id=\"536#2:7\"><span class=\"snr\">7</span>You look for safety and security, while in your heart you pray for danger and protection for the little dream you made.</span></p></div> <div data-paragraph-id=\"536#3\"><p class=\"p-normal\"><span class=\"pnr\">3.</span> <span data-sentence-id=\"536#3:1\"><span class=\"snr noprint\">1</span>Yet searching is inevitable here.</span> <span data-sentence-id=\"536#3:2\"><span class=\"snr\">2</span>For this you came, and you will surely do the thing you came for.</span> <span data-sentence-id=\"536#3:3\"><span class=\"snr\">3</span>But the world can not dictate the goal for which you search, unless you give it power to do so.</span> <span data-sentence-id=\"536#3:4\"><span class=\"snr\">4</span>Otherwise, you still are free to choose a goal that lies beyond the world and every worldly thought, and one that comes to you from an idea relinquished yet remembered, old yet new; an echo of a heritage forgot, yet holding everything you really want.</span></p></div> <div data-paragraph-id=\"536#4\"><p class=\"p-normal\"><span class=\"pnr\">4.</span> <span data-sentence-id=\"536#4:1\"><span class=\"snr noprint\">1</span>Be glad that search you must.</span> <span data-sentence-id=\"536#4:2\"><span class=\"snr\">2</span>Be glad as well to learn you search for Heaven, and must find the goal you really want.</span> <span data-sentence-id=\"536#4:3\"><span class=\"snr\">3</span>No one can fail to want this goal and reach it in the end.</span> <span data-sentence-id=\"536#4:4\"><span class=\"snr\">4</span>God’s Son can not seek vainly, though he try to force delay, deceive himself and think that it is hell he seeks.</span> <span data-sentence-id=\"536#4:5\"><span class=\"snr\">5</span>When he is wrong, he finds correction.</span> <span data-sentence-id=\"536#4:6\"><span class=\"snr\">6</span>When he wanders off, he is led back to his appointed task.</span></p></div> <div data-paragraph-id=\"536#5\"><p class=\"p-normal\"><span class=\"pnr\">5.</span> <span data-sentence-id=\"536#5:1\"><span class=\"snr noprint\">1</span>No one remains in hell, for no one can abandon his Creator, nor affect His perfect, timeless and unchanging Love.</span> <span data-sentence-id=\"536#5:2\"><span class=\"snr\">2</span>You will find Heaven.</span> <span data-sentence-id=\"536#5:3\"><span class=\"snr\">3</span>Everything you seek but this will fall away.</span> <span data-sentence-id=\"536#5:4\"><span class=\"snr\">4</span>Yet not because it has been taken from you.</span> <span data-sentence-id=\"536#5:5\"><span class=\"snr\">5</span>It will go because you do not want it.</span> <span data-sentence-id=\"536#5:6\"><span class=\"snr\">6</span>You will reach the goal you really want as certainly as God created you in sinlessness.</span></p></div> <div data-paragraph-id=\"536#6\"><p class=\"p-normal\"><span class=\"pnr\">6.</span> <span data-sentence-id=\"536#6:1\"><span class=\"snr noprint\">1</span>Why wait for Heaven?</span> <span data-sentence-id=\"536#6:2\"><span class=\"snr\">2</span>It is here today.</span> <span data-sentence-id=\"536#6:3\"><span class=\"snr\">3</span>Time is the great illusion it is past or in the future.</span> <span data-sentence-id=\"536#6:4\"><span class=\"snr\">4</span>Yet this cannot be, if it is where God wills His Son to be.</span> <span data-sentence-id=\"536#6:5\"><span class=\"snr\">5</span>How could the Will of God be in the past, or yet to happen?</span> <span data-sentence-id=\"536#6:6\"><span class=\"snr\">6</span>What He wills is now, without a past and wholly futureless.</span> <span data-sentence-id=\"536#6:7\"><span class=\"snr\">7</span>It is as far removed from time as is a tiny candle from a distant star, or what you chose from what you really want.</span></p></div> <div data-paragraph-id=\"536#7\"><p class=\"p-normal\"><span class=\"pnr\">7.</span> <span data-sentence-id=\"536#7:1\"><span class=\"snr noprint\">1</span>Heaven remains your one alternative to this strange world you made and all its ways; its shifting patterns and uncertain goals, its painful pleasures and its tragic joys.</span> <span data-sentence-id=\"536#7:2\"><span class=\"snr\">2</span>God made no contradictions.</span> <span data-sentence-id=\"536#7:3\"><span class=\"snr\">3</span>What denies its own existence and attacks itself is not of Him.</span> <span data-sentence-id=\"536#7:4\"><span class=\"snr\">4</span>He did not make two minds, with Heaven as the glad effect of one, and earth the other’s sorry outcome which is Heaven’s opposite in every way.</span></p></div> <div data-paragraph-id=\"536#8\"><p class=\"p-normal\"><span class=\"pnr\">8.</span> <span data-sentence-id=\"536#8:1\"><span class=\"snr noprint\">1</span>God does not suffer conflict.</span> <span data-sentence-id=\"536#8:2\"><span class=\"snr\">2</span>Nor is His creation split in two.</span> <span data-sentence-id=\"536#8:3\"><span class=\"snr\">3</span>How could it be His Son could be in hell, when God Himself established him in Heaven?</span> <span data-sentence-id=\"536#8:4\"><span class=\"snr\">4</span>Could he lose what the Eternal Will has given him to be his home forever?</span> <span data-sentence-id=\"536#8:5\"><span class=\"snr\">5</span>Let us not try longer to impose an alien will upon God’s single purpose.</span> <span data-sentence-id=\"536#8:6\"><span class=\"snr\">6</span>He is here because He wills to be, and what He wills is present now, beyond the reach of time.</span></p></div> <div data-paragraph-id=\"536#9\"><p class=\"p-normal\"><span class=\"pnr\">9.</span> <span data-sentence-id=\"536#9:1\"><span class=\"snr noprint\">1</span>Today we will not choose a paradox in place of truth.</span> <span data-sentence-id=\"536#9:2\"><span class=\"snr\">2</span>How could the Son of God make time to take away the Will of God?</span> <span data-sentence-id=\"536#9:3\"><span class=\"snr\">3</span>He thus denies himself, and contradicts what has no opposite.</span> <span data-sentence-id=\"536#9:4\"><span class=\"snr\">4</span>He thinks he made a hell opposing Heaven, and believes that he abides in what does not exist, while Heaven is the place he cannot find.</span></p></div> <div data-paragraph-id=\"536#10\"><p class=\"p-normal\"><span class=\"pnr\">10.</span> <span data-sentence-id=\"536#10:1\"><span class=\"snr noprint\">1</span>Leave foolish thoughts like these behind today, and turn your mind to true ideas instead.</span> <span data-sentence-id=\"536#10:2\"><span class=\"snr\">2</span>No one can fail who seeks to reach the truth, and it is truth we seek to reach today.</span> <span data-sentence-id=\"536#10:3\"><span class=\"snr\">3</span>We will devote ten minutes to this goal three times today, and we will ask to see the rising of the real world to replace the foolish images that we hold dear, with true ideas arising in the place of thoughts that have no meaning, no effect, and neither source nor substance in the truth.</span></p></div> <div data-paragraph-id=\"536#11\"><p class=\"p-normal\"><span class=\"pnr\">11.</span> <span data-sentence-id=\"536#11:1\"><span class=\"snr noprint\">1</span>This we acknowledge as we start upon our practice periods.</span> <span data-sentence-id=\"536#11:2\"><span class=\"snr\">2</span>Begin with this:</span></p> <p class=\"p-prayer\"><span data-sentence-id=\"536#11:3\"><span class=\"snr\">3</span>I ask to see a different world, and think a different kind of thought from those I made.</span> <span data-sentence-id=\"536#11:4\"><span class=\"snr\">4</span>The world I seek I did not make alone, the thoughts I want to think are not my own.</span></p> <p class=\"p-normal\"><span data-sentence-id=\"536#11:5\"><span class=\"snr\">5</span>For several minutes watch your mind and see, although your eyes are closed, the senseless world you think is real.</span> <span data-sentence-id=\"536#11:6\"><span class=\"snr\">6</span>Review the thoughts as well which are compatible with such a world, and which you think are true.</span> <span data-sentence-id=\"536#11:7\"><span class=\"snr\">7</span>Then let them go, and sink below them to the holy place where they can enter not.</span> <span data-sentence-id=\"536#11:8\"><span class=\"snr\">8</span>There is a door beneath them in your mind, which you could not completely lock to hide what lies beyond.</span></p></div> <div data-paragraph-id=\"536#12\"><p class=\"p-normal\"><span class=\"pnr\">12.</span> <span data-sentence-id=\"536#12:1\"><span class=\"snr noprint\">1</span>Seek for that door and find it.</span> <span data-sentence-id=\"536#12:2\"><span class=\"snr\">2</span>But before you try to open it, remind yourself no one can fail who seeks to reach the truth.</span> <span data-sentence-id=\"536#12:3\"><span class=\"snr\">3</span>And it is this request you make today.</span> <span data-sentence-id=\"536#12:4\"><span class=\"snr\">4</span>Nothing but this has any meaning now; no other goal is valued now nor sought, nothing before this door you really want, and only what lies past it do you seek.</span></p></div> <div data-paragraph-id=\"536#13\"><p class=\"p-normal\"><span class=\"pnr\">13.</span> <span data-sentence-id=\"536#13:1\"><span class=\"snr noprint\">1</span>Put out your hand, and see how easily the door swings open with your one intent to go beyond it.</span> <span data-sentence-id=\"536#13:2\"><span class=\"snr\">2</span>Angels light the way, so that all darkness vanishes, and you are standing in a light so bright and clear that you can understand all things you see.</span> <span data-sentence-id=\"536#13:3\"><span class=\"snr\">3</span>A tiny moment of surprise, perhaps, will make you pause before you realize the world you see before you in the light reflects the truth you knew, and did not quite forget in wandering away in dreams.</span></p></div> <div data-paragraph-id=\"536#14\"><p class=\"p-normal\"><span class=\"pnr\">14.</span> <span data-sentence-id=\"536#14:1\"><span class=\"snr noprint\">1</span>You cannot fail today.</span> <span data-sentence-id=\"536#14:2\"><span class=\"snr\">2</span>There walks with you the Spirit Heaven sent you, that you might approach this door some day, and through His aid slip effortlessly past it, to the light.</span> <span data-sentence-id=\"536#14:3\"><span class=\"snr\">3</span>Today that day has come.</span> <span data-sentence-id=\"536#14:4\"><span class=\"snr\">4</span>Today God keeps His ancient promise to His holy Son, as does His Son remember his to Him.</span> <span data-sentence-id=\"536#14:5\"><span class=\"snr\">5</span>This is a day of gladness, for we come to the appointed time and place where you will find the goal of all your searching here, and all the seeking of the world, which end together as you pass beyond the door.</span></p></div> <div data-paragraph-id=\"536#15\"><p class=\"p-normal\"><span class=\"pnr\">15.</span> <span data-sentence-id=\"536#15:1\"><span class=\"snr noprint\">1</span>Remember often that today should be a time of special gladness, and refrain from dismal thoughts and meaningless laments.</span> <span data-sentence-id=\"536#15:2\"><span class=\"snr\">2</span>Salvation’s time has come.</span> <span data-sentence-id=\"536#15:3\"><span class=\"snr\">3</span>Today is set by Heaven itself to be a time of grace for you and for the world.</span> <span data-sentence-id=\"536#15:4\"><span class=\"snr\">4</span>If you forget this happy fact, remind yourself with this:</span></p> <p class=\"p-prayer\"><span data-sentence-id=\"536#15:5\"><span class=\"snr\">5</span>Today I seek and find all that I want.<br/></span> <span data-sentence-id=\"536#15:6\"><span class=\"snr\">6</span>My single purpose offers it to me.<br/></span> <span data-sentence-id=\"536#15:7\"><span class=\"snr\">7</span>No one can fail who seeks to reach the truth.</span></p></div> </div>","firstWords":"Failure is all about you while you seek for goals that cannot be achieved. You look for permanence in the impermanent, for love where there is none, for safety in the midst of danger; immortality","contentType":"acim-content","seoTitle":"Lesson 131: No one can fail who seeks to reach… | ACIM","seoDescription":"✨ A Course in Miracles with 🎧 Audio! Read and listen to Lesson 131 “No one can fail who seeks to reach the truth”: Failure is all about you while you seek for goals that cannot be…","desktopBreadcrumbs":[{"label":"Workbook","leadsTo":{"locale":"en","sectionId":401,"slugs":["workbook","introduction"],"forceToc":true}},{"label":"Part I","leadsTo":{"locale":"en","sectionId":403,"slugs":["lesson-1","nothing-i-see-means-anything"],"forceToc":true}},{"label":"Lesson 131","leadsTo":{"locale":"en","sectionId":536,"slugs":["lesson-131","no-one-can-fail-who-seeks-to-reach-the-truth"]}}],"mobileBreadcrumbs":[{"label":"Workbook","leadsTo":{"locale":"en","sectionId":401,"slugs":["workbook","introduction"],"forceToc":true}},{"label":"Part I","leadsTo":{"locale":"en","sectionId":403,"slugs":["lesson-1","nothing-i-see-means-anything"],"forceToc":true}},{"label":"Lesson 131","leadsTo":{"locale":"en","sectionId":536,"slugs":["lesson-131","no-one-can-fail-who-seeks-to-reach-the-truth"]}}],"seoBreadcrumbs":[{"label":"A Course in Miracles","leadsTo":"dashboard"},{"label":"Workbook","leadsTo":{"locale":"en","sectionId":401,"slugs":["workbook","introduction"],"forceToc":true}},{"label":"Part I","leadsTo":{"locale":"en","sectionId":403,"slugs":["lesson-1","nothing-i-see-means-anything"],"forceToc":true}},{"label":"Lesson 131","leadsTo":{"locale":"en","sectionId":536,"slugs":["lesson-131","no-one-can-fail-who-seeks-to-reach-the-truth"]}}],"slugs":["lesson-131","no-one-can-fail-who-seeks-to-reach-the-truth"],"canonicalLink":"https://acim.org/acim/lesson-131/no-one-can-fail-who-seeks-to-reach-the-truth/en/s/536","link":"https://acim.org/acim/lesson-131/no-one-can-fail-who-seeks-to-reach-the-truth/en/s/536","shortLink":"https://acim.org/acim/en/s/536","previousSectionId":535,"previousSectionSlugs":["lesson-130","it-is-impossible-to-see-two-worlds"],"previousSectionLink":"https://acim.org/acim/lesson-130/it-is-impossible-to-see-two-worlds/en/s/535","nextSectionId":537,"nextSectionSlugs":["lesson-132","i-loose-the-world-from-all-i-thought-it-was"],"nextSectionLink":"https://acim.org/acim/lesson-132/i-loose-the-world-from-all-i-thought-it-was/en/s/537","hreflangLinks":[{"hrefLang":"en","link":"https://acim.org/acim/en/s/536"}]}