{"sectionId":538,"sectionIdLiteral":"538","humanId":"lesson-133","volumeId":"workbook","locale":"en","titleInfo":{"title":"I will not value what is valueless.","ownlineNumber":"Lesson 133"},"annotation":"W-133","bodyHtml":"<div class=\"acim-text lesson-133\"> <div data-paragraph-id=\"538#1\"><p class=\"p-normal\"><span class=\"pnr\">1.</span> <span data-sentence-id=\"538#1:1\"><span class=\"snr noprint\">1</span>Sometimes in teaching there is benefit, particularly after you have gone through what seems theoretical and far from what the student has already learned, to bring him back to practical concerns.</span> <span data-sentence-id=\"538#1:2\"><span class=\"snr\">2</span>This we will do today.</span> <span data-sentence-id=\"538#1:3\"><span class=\"snr\">3</span>We will not speak of lofty, world-encompassing ideas, but dwell instead on benefits to you.</span></p></div> <div data-paragraph-id=\"538#2\"><p class=\"p-normal\"><span class=\"pnr\">2.</span> <span data-sentence-id=\"538#2:1\"><span class=\"snr noprint\">1</span>You do not ask too much of life, but far too little.</span> <span data-sentence-id=\"538#2:2\"><span class=\"snr\">2</span>When you let your mind be drawn to bodily concerns, to things you buy, to eminence as valued by the world, you ask for sorrow, not for happiness.</span> <span data-sentence-id=\"538#2:3\"><span class=\"snr\">3</span>This course does not attempt to take from you the little that you have.</span> <span data-sentence-id=\"538#2:4\"><span class=\"snr\">4</span>It does not try to substitute utopian ideas for satisfactions which the world contains.</span> <span data-sentence-id=\"538#2:5\"><span class=\"snr\">5</span>There are no satisfactions in the world.</span></p></div> <div data-paragraph-id=\"538#3\"><p class=\"p-normal\"><span class=\"pnr\">3.</span> <span data-sentence-id=\"538#3:1\"><span class=\"snr noprint\">1</span>Today we list the real criteria by which to test all things you think you want.</span> <span data-sentence-id=\"538#3:2\"><span class=\"snr\">2</span>Unless they meet these sound requirements, they are not worth desiring at all, for they can but replace what offers more.</span> <span data-sentence-id=\"538#3:3\"><span class=\"snr\">3</span>The laws that govern choice you cannot make, no more than you can make alternatives from which to choose.</span> <span data-sentence-id=\"538#3:4\"><span class=\"snr\">4</span>The choosing you can do; indeed, you must.</span> <span data-sentence-id=\"538#3:5\"><span class=\"snr\">5</span>But it is wise to learn the laws you set in motion when you choose, and what alternatives you choose between.</span></p></div> <div data-paragraph-id=\"538#4\"><p class=\"p-normal\"><span class=\"pnr\">4.</span> <span data-sentence-id=\"538#4:1\"><span class=\"snr noprint\">1</span>We have already stressed there are but two, however many there appear to be.</span> <span data-sentence-id=\"538#4:2\"><span class=\"snr\">2</span>The range is set, and this we cannot change.</span> <span data-sentence-id=\"538#4:3\"><span class=\"snr\">3</span>It would be most ungenerous to you to let alternatives be limitless, and thus delay your final choice until you had considered all of them in time; and not been brought so clearly to the place where there is but one choice that must be made.</span></p></div> <div data-paragraph-id=\"538#5\"><p class=\"p-normal\"><span class=\"pnr\">5.</span> <span data-sentence-id=\"538#5:1\"><span class=\"snr noprint\">1</span>Another kindly and related law is that there is no compromise in what your choice must bring.</span> <span data-sentence-id=\"538#5:2\"><span class=\"snr\">2</span>It cannot give you just a little, for there is no in between.</span> <span data-sentence-id=\"538#5:3\"><span class=\"snr\">3</span>Each choice you make brings everything to you or nothing.</span> <span data-sentence-id=\"538#5:4\"><span class=\"snr\">4</span>Therefore, if you learn the tests by which you can distinguish everything from nothing, you will make the better choice.</span></p></div> <div data-paragraph-id=\"538#6\"><p class=\"p-normal\"><span class=\"pnr\">6.</span> <span data-sentence-id=\"538#6:1\"><span class=\"snr noprint\">1</span>First, if you choose a thing that will not last forever, what you chose is valueless.</span> <span data-sentence-id=\"538#6:2\"><span class=\"snr\">2</span>A temporary value is without all value.</span> <span data-sentence-id=\"538#6:3\"><span class=\"snr\">3</span>Time can never take away a value that is real.</span> <span data-sentence-id=\"538#6:4\"><span class=\"snr\">4</span>What fades and dies was never there, and makes no offering to him who chooses it.</span> <span data-sentence-id=\"538#6:5\"><span class=\"snr\">5</span>He is deceived by nothing in a form he thinks he likes.</span></p></div> <div data-paragraph-id=\"538#7\"><p class=\"p-normal\"><span class=\"pnr\">7.</span> <span data-sentence-id=\"538#7:1\"><span class=\"snr noprint\">1</span>Next, if you choose to take a thing away from someone else, you will have nothing left.</span> <span data-sentence-id=\"538#7:2\"><span class=\"snr\">2</span>This is because, when you deny his right to everything, you have denied your own.</span> <span data-sentence-id=\"538#7:3\"><span class=\"snr\">3</span>You therefore will not recognize the things you really have, denying they are there.</span> <span data-sentence-id=\"538#7:4\"><span class=\"snr\">4</span>Who seeks to take away has been deceived by the illusion loss can offer gain.</span> <span data-sentence-id=\"538#7:5\"><span class=\"snr\">5</span>Yet loss must offer loss, and nothing more.</span></p></div> <div data-paragraph-id=\"538#8\"><p class=\"p-normal\"><span class=\"pnr\">8.</span> <span data-sentence-id=\"538#8:1\"><span class=\"snr noprint\">1</span>Your next consideration is the one on which the others rest.</span> <span data-sentence-id=\"538#8:2\"><span class=\"snr\">2</span>Why is the choice you make of value to you?</span> <span data-sentence-id=\"538#8:3\"><span class=\"snr\">3</span>What attracts your mind to it?</span> <span data-sentence-id=\"538#8:4\"><span class=\"snr\">4</span>What purpose does it serve?</span> <span data-sentence-id=\"538#8:5\"><span class=\"snr\">5</span>Here it is easiest of all to be deceived.</span> <span data-sentence-id=\"538#8:6\"><span class=\"snr\">6</span>For what the ego wants it fails to recognize.</span> <span data-sentence-id=\"538#8:7\"><span class=\"snr\">7</span>It does not even tell the truth as it perceives it, for it needs to keep the halo which it uses to protect its goals from tarnish and from rust, that you may see how “innocent” it is.</span></p></div> <div data-paragraph-id=\"538#9\"><p class=\"p-normal\"><span class=\"pnr\">9.</span> <span data-sentence-id=\"538#9:1\"><span class=\"snr noprint\">1</span>Yet is its camouflage a thin veneer, which could deceive but those who are content to be deceived.</span> <span data-sentence-id=\"538#9:2\"><span class=\"snr\">2</span>Its goals are obvious to anyone who cares to look for them.</span> <span data-sentence-id=\"538#9:3\"><span class=\"snr\">3</span>Here is deception doubled, for the one who is deceived will not perceive that he has merely failed to gain.</span> <span data-sentence-id=\"538#9:4\"><span class=\"snr\">4</span>He will believe that he has served the ego’s hidden goals.</span></p></div> <div data-paragraph-id=\"538#10\"><p class=\"p-normal\"><span class=\"pnr\">10.</span> <span data-sentence-id=\"538#10:1\"><span class=\"snr noprint\">1</span>Yet though he tries to keep its halo clear within his vision, still must he perceive its tarnished edges and its rusted core.</span> <span data-sentence-id=\"538#10:2\"><span class=\"snr\">2</span>His ineffectual mistakes appear as sins to him, because he looks upon the tarnish as his own; the rust a sign of deep unworthiness within himself.</span> <span data-sentence-id=\"538#10:3\"><span class=\"snr\">3</span>He who would still preserve the ego’s goals and serve them as his own makes no mistakes, according to the dictates of his guide.</span> <span data-sentence-id=\"538#10:4\"><span class=\"snr\">4</span>This guidance teaches it is error to believe that sins are but mistakes, for who would suffer for his sins if this were so?</span></p></div> <div data-paragraph-id=\"538#11\"><p class=\"p-normal\"><span class=\"pnr\">11.</span> <span data-sentence-id=\"538#11:1\"><span class=\"snr noprint\">1</span>And so we come to the criterion for choice that is the hardest to believe, because its obviousness is overlaid with many levels of obscurity.</span> <span data-sentence-id=\"538#11:2\"><span class=\"snr\">2</span>If you feel any guilt about your choice, you have allowed the ego’s goals to come between the real alternatives.</span> <span data-sentence-id=\"538#11:3\"><span class=\"snr\">3</span>And thus you do not realize there are but two, and the alternative you think you chose seems fearful, and too dangerous to be the nothingness it actually is.</span></p></div> <div data-paragraph-id=\"538#12\"><p class=\"p-normal\"><span class=\"pnr\">12.</span> <span data-sentence-id=\"538#12:1\"><span class=\"snr noprint\">1</span>All things are valuable or valueless, worthy or not of being sought at all, entirely desirable or not worth the slightest effort to obtain.</span> <span data-sentence-id=\"538#12:2\"><span class=\"snr\">2</span>Choosing is easy just because of this.</span> <span data-sentence-id=\"538#12:3\"><span class=\"snr\">3</span>Complexity is nothing but a screen of smoke, which hides the very simple fact that no decision can be difficult.</span> <span data-sentence-id=\"538#12:4\"><span class=\"snr\">4</span>What is the gain to you in learning this?</span> <span data-sentence-id=\"538#12:5\"><span class=\"snr\">5</span>It is far more than merely letting you make choices easily and without pain.</span></p></div> <div data-paragraph-id=\"538#13\"><p class=\"p-normal\"><span class=\"pnr\">13.</span> <span data-sentence-id=\"538#13:1\"><span class=\"snr noprint\">1</span>Heaven itself is reached with empty hands and open minds, which come with nothing to find everything and claim it as their own.</span> <span data-sentence-id=\"538#13:2\"><span class=\"snr\">2</span>We will attempt to reach this state today, with self-deception laid aside, and with an honest willingness to value but the truly valuable and the real.</span> <span data-sentence-id=\"538#13:3\"><span class=\"snr\">3</span>Our two extended practice periods of fifteen minutes each begin with this:</span></p> <p class=\"p-prayer\"><span data-sentence-id=\"538#13:4\"><span class=\"snr\">4</span>I will not value what is valueless, and only what has value do I seek, for only that do I desire to find.</span></p></div> <div data-paragraph-id=\"538#14\"><p class=\"p-normal\"><span class=\"pnr\">14.</span> <span data-sentence-id=\"538#14:1\"><span class=\"snr noprint\">1</span>And then receive what waits for everyone who reaches, unencumbered, to the gate of Heaven, which swings open as he comes.</span> <span data-sentence-id=\"538#14:2\"><span class=\"snr\">2</span>Should you begin to let yourself collect some needless burdens, or believe you see some difficult decisions facing you, be quick to answer with this simple thought:</span></p> <p class=\"p-prayer\"><span data-sentence-id=\"538#14:3\"><span class=\"snr\">3</span>I will not value what is valueless, for what is valuable belongs to me.</span></p></div> </div>","firstWords":"Sometimes in teaching there is benefit, particularly after you have gone through what seems theoretical and far from what the student has already learned, to bring him back to practical concerns.","contentType":"acim-content","seoTitle":"Lesson 133: I will not value what is valueless | ACIM","seoDescription":"✨ A Course in Miracles with 🎧 Audio! Read and listen to Lesson 133 “I will not value what is valueless”: Sometimes in teaching there is benefit, particularly after you have gone through…","desktopBreadcrumbs":[{"label":"Workbook","leadsTo":{"locale":"en","sectionId":401,"slugs":["workbook","introduction"],"forceToc":true}},{"label":"Part I","leadsTo":{"locale":"en","sectionId":403,"slugs":["lesson-1","nothing-i-see-means-anything"],"forceToc":true}},{"label":"Lesson 133","leadsTo":{"locale":"en","sectionId":538,"slugs":["lesson-133","i-will-not-value-what-is-valueless"]}}],"mobileBreadcrumbs":[{"label":"Workbook","leadsTo":{"locale":"en","sectionId":401,"slugs":["workbook","introduction"],"forceToc":true}},{"label":"Part I","leadsTo":{"locale":"en","sectionId":403,"slugs":["lesson-1","nothing-i-see-means-anything"],"forceToc":true}},{"label":"Lesson 133","leadsTo":{"locale":"en","sectionId":538,"slugs":["lesson-133","i-will-not-value-what-is-valueless"]}}],"seoBreadcrumbs":[{"label":"A Course in Miracles","leadsTo":"dashboard"},{"label":"Workbook","leadsTo":{"locale":"en","sectionId":401,"slugs":["workbook","introduction"],"forceToc":true}},{"label":"Part I","leadsTo":{"locale":"en","sectionId":403,"slugs":["lesson-1","nothing-i-see-means-anything"],"forceToc":true}},{"label":"Lesson 133","leadsTo":{"locale":"en","sectionId":538,"slugs":["lesson-133","i-will-not-value-what-is-valueless"]}}],"slugs":["lesson-133","i-will-not-value-what-is-valueless"],"canonicalLink":"https://acim.org/acim/lesson-133/i-will-not-value-what-is-valueless/en/s/538","link":"https://acim.org/acim/lesson-133/i-will-not-value-what-is-valueless/en/s/538","shortLink":"https://acim.org/acim/en/s/538","previousSectionId":537,"previousSectionSlugs":["lesson-132","i-loose-the-world-from-all-i-thought-it-was"],"previousSectionLink":"https://acim.org/acim/lesson-132/i-loose-the-world-from-all-i-thought-it-was/en/s/537","nextSectionId":539,"nextSectionSlugs":["lesson-134","let-me-perceive-forgiveness-as-it-is"],"nextSectionLink":"https://acim.org/acim/lesson-134/let-me-perceive-forgiveness-as-it-is/en/s/539","hreflangLinks":[{"hrefLang":"en","link":"https://acim.org/acim/en/s/538"}]}