{"sectionId":543,"sectionIdLiteral":"543","humanId":"lesson-138","volumeId":"workbook","locale":"en","titleInfo":{"title":"Heaven is the decision I must make.","ownlineNumber":"Lesson 138"},"annotation":"W-138","bodyHtml":"<div class=\"acim-text lesson-138\"> <div data-paragraph-id=\"543#1\"><p class=\"p-normal\"><span class=\"pnr\">1.</span> <span data-sentence-id=\"543#1:1\"><span class=\"snr noprint\">1</span>In this world Heaven is a choice, because here we believe there are alternatives to choose between.</span> <span data-sentence-id=\"543#1:2\"><span class=\"snr\">2</span>We think that all things have an opposite, and what we want we choose.</span> <span data-sentence-id=\"543#1:3\"><span class=\"snr\">3</span>If Heaven exists there must be hell as well, for contradiction is the way we make what we perceive, and what we think is real.</span></p></div> <div data-paragraph-id=\"543#2\"><p class=\"p-normal\"><span class=\"pnr\">2.</span> <span data-sentence-id=\"543#2:1\"><span class=\"snr noprint\">1</span>Creation knows no opposite.</span> <span data-sentence-id=\"543#2:2\"><span class=\"snr\">2</span>But here is opposition part of being “real.”</span> <span data-sentence-id=\"543#2:3\"><span class=\"snr\">3</span>It is this strange perception of the truth that makes the choice of Heaven seem to be the same as the relinquishment of hell.</span> <span data-sentence-id=\"543#2:4\"><span class=\"snr\">4</span>It is not really thus.</span> <span data-sentence-id=\"543#2:5\"><span class=\"snr\">5</span>Yet what is true in God’s creation cannot enter here until it is reflected in some form the world can understand.</span> <span data-sentence-id=\"543#2:6\"><span class=\"snr\">6</span>Truth cannot come where it could only be perceived with fear.</span> <span data-sentence-id=\"543#2:7\"><span class=\"snr\">7</span>For this would be the error truth can be brought to illusions.</span> <span data-sentence-id=\"543#2:8\"><span class=\"snr\">8</span>Opposition makes the truth unwelcome, and it cannot come.</span></p></div> <div data-paragraph-id=\"543#3\"><p class=\"p-normal\"><span class=\"pnr\">3.</span> <span data-sentence-id=\"543#3:1\"><span class=\"snr noprint\">1</span>Choice is the obvious escape from what appears as opposites.</span> <span data-sentence-id=\"543#3:2\"><span class=\"snr\">2</span>Decision lets one of conflicting goals become the aim of effort and expenditure of time.</span> <span data-sentence-id=\"543#3:3\"><span class=\"snr\">3</span>Without decision, time is but a waste and effort dissipated.</span> <span data-sentence-id=\"543#3:4\"><span class=\"snr\">4</span>It is spent for nothing in return, and time goes by without results.</span> <span data-sentence-id=\"543#3:5\"><span class=\"snr\">5</span>There is no sense of gain, for nothing is accomplished; nothing learned.</span></p></div> <div data-paragraph-id=\"543#4\"><p class=\"p-normal\"><span class=\"pnr\">4.</span> <span data-sentence-id=\"543#4:1\"><span class=\"snr noprint\">1</span>You need to be reminded that you think a thousand choices are confronting you, when there is really only one to make.</span> <span data-sentence-id=\"543#4:2\"><span class=\"snr\">2</span>And even this but seems to be a choice.</span> <span data-sentence-id=\"543#4:3\"><span class=\"snr\">3</span>Do not confuse yourself with all the doubts that myriad decisions would induce.</span> <span data-sentence-id=\"543#4:4\"><span class=\"snr\">4</span>You make but one.</span> <span data-sentence-id=\"543#4:5\"><span class=\"snr\">5</span>And when that one is made, you will perceive it was no choice at all.</span> <span data-sentence-id=\"543#4:6\"><span class=\"snr\">6</span>For truth is true, and nothing else is true.</span> <span data-sentence-id=\"543#4:7\"><span class=\"snr\">7</span>There is no opposite to choose instead.</span> <span data-sentence-id=\"543#4:8\"><span class=\"snr\">8</span>There is no contradiction to the truth.</span></p></div> <div data-paragraph-id=\"543#5\"><p class=\"p-normal\"><span class=\"pnr\">5.</span> <span data-sentence-id=\"543#5:1\"><span class=\"snr noprint\">1</span>Choosing depends on learning.</span> <span data-sentence-id=\"543#5:2\"><span class=\"snr\">2</span>And the truth cannot be learned, but only recognized.</span> <span data-sentence-id=\"543#5:3\"><span class=\"snr\">3</span>In recognition its acceptance lies, and as it is accepted it is known.</span> <span data-sentence-id=\"543#5:4\"><span class=\"snr\">4</span>But knowledge is beyond the goals we seek to teach within the framework of this course.</span> <span data-sentence-id=\"543#5:5\"><span class=\"snr\">5</span>Ours are teaching goals, to be attained through learning how to reach them, what they are, and what they offer you.</span> <span data-sentence-id=\"543#5:6\"><span class=\"snr\">6</span>Decisions are the outcome of your learning, for they rest on what you have accepted as the truth of what you are, and what your needs must be.</span></p></div> <div data-paragraph-id=\"543#6\"><p class=\"p-normal\"><span class=\"pnr\">6.</span> <span data-sentence-id=\"543#6:1\"><span class=\"snr noprint\">1</span>In this insanely complicated world, Heaven appears to take the form of choice, rather than merely being what it is.</span> <span data-sentence-id=\"543#6:2\"><span class=\"snr\">2</span>Of all the choices you have tried to make this is the simplest, most definitive and prototype of all the rest, the one which settles all decisions.</span> <span data-sentence-id=\"543#6:3\"><span class=\"snr\">3</span>If you could decide the rest, this one remains unsolved.</span> <span data-sentence-id=\"543#6:4\"><span class=\"snr\">4</span>But when you solve this one, the others are resolved with it, for all decisions but conceal this one by taking different forms.</span> <span data-sentence-id=\"543#6:5\"><span class=\"snr\">5</span>Here is the final and the only choice in which is truth accepted or denied.</span></p></div> <div data-paragraph-id=\"543#7\"><p class=\"p-normal\"><span class=\"pnr\">7.</span> <span data-sentence-id=\"543#7:1\"><span class=\"snr noprint\">1</span>So we begin today considering the choice that time was made to help us make.</span> <span data-sentence-id=\"543#7:2\"><span class=\"snr\">2</span>Such is its holy purpose, now transformed from the intent you gave it; that it be a means for demonstrating hell is real, hope changes to despair, and life itself must in the end be overcome by death.</span> <span data-sentence-id=\"543#7:3\"><span class=\"snr\">3</span>In death alone are opposites resolved, for ending opposition is to die.</span> <span data-sentence-id=\"543#7:4\"><span class=\"snr\">4</span>And thus salvation must be seen as death, for life is seen as conflict.</span> <span data-sentence-id=\"543#7:5\"><span class=\"snr\">5</span>To resolve the conflict is to end your life as well.</span></p></div> <div data-paragraph-id=\"543#8\"><p class=\"p-normal\"><span class=\"pnr\">8.</span> <span data-sentence-id=\"543#8:1\"><span class=\"snr noprint\">1</span>These mad beliefs can gain unconscious hold of great intensity, and grip the mind with terror and anxiety so strong that it will not relinquish its ideas about its own protection.</span> <span data-sentence-id=\"543#8:2\"><span class=\"snr\">2</span>It must be saved from salvation, threatened to be safe, and magically armored against truth.</span> <span data-sentence-id=\"543#8:3\"><span class=\"snr\">3</span>And these decisions are made unaware, to keep them safely undisturbed; apart from question and from reason and from doubt.</span></p></div> <div data-paragraph-id=\"543#9\"><p class=\"p-normal\"><span class=\"pnr\">9.</span> <span data-sentence-id=\"543#9:1\"><span class=\"snr noprint\">1</span>Heaven is chosen consciously.</span> <span data-sentence-id=\"543#9:2\"><span class=\"snr\">2</span>The choice cannot be made until alternatives are accurately seen and understood.</span> <span data-sentence-id=\"543#9:3\"><span class=\"snr\">3</span>All that is veiled in shadows must be raised to understanding, to be judged again, this time with Heaven’s help.</span> <span data-sentence-id=\"543#9:4\"><span class=\"snr\">4</span>And all mistakes in judgment that the mind had made before are open to correction, as the truth dismisses them as causeless.</span> <span data-sentence-id=\"543#9:5\"><span class=\"snr\">5</span>Now are they without effects.</span> <span data-sentence-id=\"543#9:6\"><span class=\"snr\">6</span>They cannot be concealed, because their nothingness is recognized.</span></p></div> <div data-paragraph-id=\"543#10\"><p class=\"p-normal\"><span class=\"pnr\">10.</span> <span data-sentence-id=\"543#10:1\"><span class=\"snr noprint\">1</span>The conscious choice of Heaven is as sure as is the ending of the fear of hell, when it is raised from its protective shield of unawareness, and is brought to light.</span> <span data-sentence-id=\"543#10:2\"><span class=\"snr\">2</span>Who can decide between the clearly seen and the unrecognized?</span> <span data-sentence-id=\"543#10:3\"><span class=\"snr\">3</span>Yet who can fail to make a choice between alternatives when only one is seen as valuable; the other as a wholly worthless thing, a but imagined source of guilt and pain?</span> <span data-sentence-id=\"543#10:4\"><span class=\"snr\">4</span>Who hesitates to make a choice like this?</span> <span data-sentence-id=\"543#10:5\"><span class=\"snr\">5</span>And shall we hesitate to choose today?</span></p></div> <div data-paragraph-id=\"543#11\"><p class=\"p-normal\"><span class=\"pnr\">11.</span> <span data-sentence-id=\"543#11:1\"><span class=\"snr noprint\">1</span>We make the choice for Heaven as we wake, and spend five minutes making sure that we have made the one decision that is sane.</span> <span data-sentence-id=\"543#11:2\"><span class=\"snr\">2</span>We recognize we make a conscious choice between what has existence and what has nothing but an appearance of the truth.</span> <span data-sentence-id=\"543#11:3\"><span class=\"snr\">3</span>Its pseudo-being, brought to what is real, is flimsy and transparent in the light.</span> <span data-sentence-id=\"543#11:4\"><span class=\"snr\">4</span>It holds no terror now, for what was made enormous, vengeful, pitiless with hate, demands obscurity for fear to be invested there.</span> <span data-sentence-id=\"543#11:5\"><span class=\"snr\">5</span>Now it is recognized as but a foolish, trivial mistake.</span></p></div> <div data-paragraph-id=\"543#12\"><p class=\"p-normal\"><span class=\"pnr\">12.</span> <span data-sentence-id=\"543#12:1\"><span class=\"snr noprint\">1</span>Before we close our eyes in sleep tonight, we reaffirm the choice that we have made each hour in between.</span> <span data-sentence-id=\"543#12:2\"><span class=\"snr\">2</span>And now we give the last five minutes of our waking day to the decision with which we awoke.</span> <span data-sentence-id=\"543#12:3\"><span class=\"snr\">3</span>As every hour passed, we have declared our choice again, in a brief quiet time devoted to maintaining sanity.</span> <span data-sentence-id=\"543#12:4\"><span class=\"snr\">4</span>And finally, we close the day with this, acknowledging we chose but what we want:</span></p> <p class=\"p-prayer\"><span data-sentence-id=\"543#12:5\"><span class=\"snr\">5</span>Heaven is the decision I must make.</span> <span data-sentence-id=\"543#12:6\"><span class=\"snr\">6</span>I make it now, and will not change my mind, because it is the only thing I want.</span></p></div> </div>","firstWords":"In this world Heaven is a choice, because here we believe there are alternatives to choose between. We think that all things have an opposite, and what we want we choose. If Heaven exists there must","contentType":"acim-content","seoTitle":"Lesson 138: Heaven is the decision I must make | ACIM","seoDescription":"✨ A Course in Miracles with 🎧 Audio! Read and listen to Lesson 138 “Heaven is the decision I must make”: In this world Heaven is a choice, because here we believe there are alternatives…","desktopBreadcrumbs":[{"label":"Workbook","leadsTo":{"locale":"en","sectionId":401,"slugs":["workbook","introduction"],"forceToc":true}},{"label":"Part I","leadsTo":{"locale":"en","sectionId":403,"slugs":["lesson-1","nothing-i-see-means-anything"],"forceToc":true}},{"label":"Lesson 138","leadsTo":{"locale":"en","sectionId":543,"slugs":["lesson-138","heaven-is-the-decision-i-must-make"]}}],"mobileBreadcrumbs":[{"label":"Workbook","leadsTo":{"locale":"en","sectionId":401,"slugs":["workbook","introduction"],"forceToc":true}},{"label":"Part I","leadsTo":{"locale":"en","sectionId":403,"slugs":["lesson-1","nothing-i-see-means-anything"],"forceToc":true}},{"label":"Lesson 138","leadsTo":{"locale":"en","sectionId":543,"slugs":["lesson-138","heaven-is-the-decision-i-must-make"]}}],"seoBreadcrumbs":[{"label":"A Course in Miracles","leadsTo":"dashboard"},{"label":"Workbook","leadsTo":{"locale":"en","sectionId":401,"slugs":["workbook","introduction"],"forceToc":true}},{"label":"Part I","leadsTo":{"locale":"en","sectionId":403,"slugs":["lesson-1","nothing-i-see-means-anything"],"forceToc":true}},{"label":"Lesson 138","leadsTo":{"locale":"en","sectionId":543,"slugs":["lesson-138","heaven-is-the-decision-i-must-make"]}}],"slugs":["lesson-138","heaven-is-the-decision-i-must-make"],"canonicalLink":"https://acim.org/acim/lesson-138/heaven-is-the-decision-i-must-make/en/s/543","link":"https://acim.org/acim/lesson-138/heaven-is-the-decision-i-must-make/en/s/543","shortLink":"https://acim.org/acim/en/s/543","previousSectionId":542,"previousSectionSlugs":["lesson-137","when-i-am-healed-i-am-not-healed-alone"],"previousSectionLink":"https://acim.org/acim/lesson-137/when-i-am-healed-i-am-not-healed-alone/en/s/542","nextSectionId":544,"nextSectionSlugs":["lesson-139","i-will-accept-atonement-for-myself"],"nextSectionLink":"https://acim.org/acim/lesson-139/i-will-accept-atonement-for-myself/en/s/544","hreflangLinks":[{"hrefLang":"en","link":"https://acim.org/acim/en/s/543"}]}