{"sectionId":552,"sectionIdLiteral":"552","humanId":"lesson-146","volumeId":"workbook","locale":"en","titleInfo":{"ownlineNumber":"Lesson 146"},"annotation":"W-146","bodyHtml":"<div class=\"acim-text review-lesson review-4 lesson-146\"> <div data-paragraph-id=\"552#0\"><p class=\"p-bold p-centered p-bold-centered\"><span data-sentence-id=\"552#0:1\">My mind holds only what I think with God.</span></p></div> <div data-paragraph-id=\"552#1\"><p class=\"p-lesson-ref\"><span class=\"pnr noprint\">1</span><span data-sentence-id=\"552#1:1\"><span class=\"snr noprint\">1</span>(<span class=\"lref\">131</span>) No one can fail who seeks to reach the truth.</span></p> <p class=\"p-lesson-ref\"><span data-sentence-id=\"552#1:2\"><span class=\"snr noprint\">2</span>(<span class=\"lref\">132</span>) I loose the world from all I thought it was.</span></p></div> </div>","firstWords":"My mind holds only what I think with God. 1(131) No one can fail who seeks to reach the truth. (132) I loose the world from all I thought it was.","contentType":"acim-content","seoTitle":"Lesson 146: Review (131 and 132) | ACIM","seoDescription":"✨ A Course in Miracles with 🎧 Audio! Read and listen to Lesson 146 “Review (131 and 132)”: My mind holds only what I think with God. 1(131) No one can fail who seeks to reach the truth.…","desktopBreadcrumbs":[{"label":"Workbook","leadsTo":{"locale":"en","sectionId":401,"slugs":["workbook","introduction"],"forceToc":true}},{"label":"Part I","leadsTo":{"locale":"en","sectionId":403,"slugs":["lesson-1","nothing-i-see-means-anything"],"forceToc":true}},{"label":"Review IV","leadsTo":{"locale":"en","sectionId":546,"slugs":["review-iv","introduction"]}},{"label":"Lesson 146","leadsTo":{"locale":"en","sectionId":552,"slugs":["review-iv","lesson-146"]}}],"mobileBreadcrumbs":[{"label":"Workbook","leadsTo":{"locale":"en","sectionId":401,"slugs":["workbook","introduction"],"forceToc":true}},{"label":"Part I","leadsTo":{"locale":"en","sectionId":403,"slugs":["lesson-1","nothing-i-see-means-anything"],"forceToc":true}},{"label":"Review IV","leadsTo":{"locale":"en","sectionId":546,"slugs":["review-iv","introduction"]}},{"label":"Lesson 146","leadsTo":{"locale":"en","sectionId":552,"slugs":["review-iv","lesson-146"]}}],"seoBreadcrumbs":[{"label":"A Course in Miracles","leadsTo":"dashboard"},{"label":"Workbook","leadsTo":{"locale":"en","sectionId":401,"slugs":["workbook","introduction"],"forceToc":true}},{"label":"Part I","leadsTo":{"locale":"en","sectionId":403,"slugs":["lesson-1","nothing-i-see-means-anything"],"forceToc":true}},{"label":"Review IV","leadsTo":{"locale":"en","sectionId":546,"slugs":["review-iv","introduction"]}},{"label":"Lesson 146","leadsTo":{"locale":"en","sectionId":552,"slugs":["review-iv","lesson-146"]}}],"slugs":["review-iv","lesson-146"],"canonicalLink":"https://acim.org/acim/review-iv/lesson-146/en/s/552","link":"https://acim.org/acim/review-iv/lesson-146/en/s/552","shortLink":"https://acim.org/acim/en/s/552","previousSectionId":551,"previousSectionSlugs":["review-iv","lesson-145"],"previousSectionLink":"https://acim.org/acim/review-iv/lesson-145/en/s/551","nextSectionId":553,"nextSectionSlugs":["review-iv","lesson-147"],"nextSectionLink":"https://acim.org/acim/review-iv/lesson-147/en/s/553","hreflangLinks":[{"hrefLang":"en","link":"https://acim.org/acim/en/s/552"}]}