{"sectionId":553,"sectionIdLiteral":"553","humanId":"lesson-147","volumeId":"workbook","locale":"en","titleInfo":{"ownlineNumber":"Lesson 147"},"annotation":"W-147","bodyHtml":"<div class=\"acim-text review-lesson review-4 lesson-147\"> <div data-paragraph-id=\"553#0\"><p class=\"p-bold p-centered p-bold-centered\"><span data-sentence-id=\"553#0:1\">My mind holds only what I think with God.</span></p></div> <div data-paragraph-id=\"553#1\"><p class=\"p-lesson-ref\"><span class=\"pnr noprint\">1</span><span data-sentence-id=\"553#1:1\"><span class=\"snr noprint\">1</span>(<span class=\"lref\">133</span>) I will not value what is valueless.</span></p> <p class=\"p-lesson-ref\"><span data-sentence-id=\"553#1:2\"><span class=\"snr noprint\">2</span>(<span class=\"lref\">134</span>) Let me perceive forgiveness as it is.</span></p></div> </div>","firstWords":"My mind holds only what I think with God. 1(133) I will not value what is valueless. (134) Let me perceive forgiveness as it is.","contentType":"acim-content","seoTitle":"Lesson 147: Review (133 and 134) | ACIM","seoDescription":"✨ A Course in Miracles with 🎧 Audio! Read and listen to Lesson 147 “Review (133 and 134)”: My mind holds only what I think with God. 1(133) I will not value what is valueless. (134) Let…","desktopBreadcrumbs":[{"label":"Workbook","leadsTo":{"locale":"en","sectionId":401,"slugs":["workbook","introduction"],"forceToc":true}},{"label":"Part I","leadsTo":{"locale":"en","sectionId":403,"slugs":["lesson-1","nothing-i-see-means-anything"],"forceToc":true}},{"label":"Review IV","leadsTo":{"locale":"en","sectionId":546,"slugs":["review-iv","introduction"]}},{"label":"Lesson 147","leadsTo":{"locale":"en","sectionId":553,"slugs":["review-iv","lesson-147"]}}],"mobileBreadcrumbs":[{"label":"Workbook","leadsTo":{"locale":"en","sectionId":401,"slugs":["workbook","introduction"],"forceToc":true}},{"label":"Part I","leadsTo":{"locale":"en","sectionId":403,"slugs":["lesson-1","nothing-i-see-means-anything"],"forceToc":true}},{"label":"Review IV","leadsTo":{"locale":"en","sectionId":546,"slugs":["review-iv","introduction"]}},{"label":"Lesson 147","leadsTo":{"locale":"en","sectionId":553,"slugs":["review-iv","lesson-147"]}}],"seoBreadcrumbs":[{"label":"A Course in Miracles","leadsTo":"dashboard"},{"label":"Workbook","leadsTo":{"locale":"en","sectionId":401,"slugs":["workbook","introduction"],"forceToc":true}},{"label":"Part I","leadsTo":{"locale":"en","sectionId":403,"slugs":["lesson-1","nothing-i-see-means-anything"],"forceToc":true}},{"label":"Review IV","leadsTo":{"locale":"en","sectionId":546,"slugs":["review-iv","introduction"]}},{"label":"Lesson 147","leadsTo":{"locale":"en","sectionId":553,"slugs":["review-iv","lesson-147"]}}],"slugs":["review-iv","lesson-147"],"canonicalLink":"https://acim.org/acim/review-iv/lesson-147/en/s/553","link":"https://acim.org/acim/review-iv/lesson-147/en/s/553","shortLink":"https://acim.org/acim/en/s/553","previousSectionId":552,"previousSectionSlugs":["review-iv","lesson-146"],"previousSectionLink":"https://acim.org/acim/review-iv/lesson-146/en/s/552","nextSectionId":554,"nextSectionSlugs":["review-iv","lesson-148"],"nextSectionLink":"https://acim.org/acim/review-iv/lesson-148/en/s/554","hreflangLinks":[{"hrefLang":"en","link":"https://acim.org/acim/en/s/553"}]}