{"sectionId":555,"sectionIdLiteral":"555","humanId":"lesson-149","volumeId":"workbook","locale":"en","titleInfo":{"ownlineNumber":"Lesson 149"},"annotation":"W-149","bodyHtml":"<div class=\"acim-text review-lesson review-4 lesson-149\"> <div data-paragraph-id=\"555#0\"><p class=\"p-bold p-centered p-bold-centered\"><span data-sentence-id=\"555#0:1\">My mind holds only what I think with God.</span></p></div> <div data-paragraph-id=\"555#1\"><p class=\"p-lesson-ref\"><span class=\"pnr noprint\">1</span><span data-sentence-id=\"555#1:1\"><span class=\"snr noprint\">1</span>(<span class=\"lref\">137</span>) When I am healed I am not healed alone.</span></p> <p class=\"p-lesson-ref\"><span data-sentence-id=\"555#1:2\"><span class=\"snr noprint\">2</span>(<span class=\"lref\">138</span>) Heaven is the decision I must make.</span></p></div> </div>","firstWords":"My mind holds only what I think with God. 1(137) When I am healed I am not healed alone. (138) Heaven is the decision I must make.","contentType":"acim-content","seoTitle":"Lesson 149: Review (137 and 138) | ACIM","seoDescription":"✨ A Course in Miracles with 🎧 Audio! Read and listen to Lesson 149 “Review (137 and 138)”: My mind holds only what I think with God. 1(137) When I am healed I am not healed alone. (138)…","desktopBreadcrumbs":[{"label":"Workbook","leadsTo":{"locale":"en","sectionId":401,"slugs":["workbook","introduction"],"forceToc":true}},{"label":"Part I","leadsTo":{"locale":"en","sectionId":403,"slugs":["lesson-1","nothing-i-see-means-anything"],"forceToc":true}},{"label":"Review IV","leadsTo":{"locale":"en","sectionId":546,"slugs":["review-iv","introduction"]}},{"label":"Lesson 149","leadsTo":{"locale":"en","sectionId":555,"slugs":["review-iv","lesson-149"]}}],"mobileBreadcrumbs":[{"label":"Workbook","leadsTo":{"locale":"en","sectionId":401,"slugs":["workbook","introduction"],"forceToc":true}},{"label":"Part I","leadsTo":{"locale":"en","sectionId":403,"slugs":["lesson-1","nothing-i-see-means-anything"],"forceToc":true}},{"label":"Review IV","leadsTo":{"locale":"en","sectionId":546,"slugs":["review-iv","introduction"]}},{"label":"Lesson 149","leadsTo":{"locale":"en","sectionId":555,"slugs":["review-iv","lesson-149"]}}],"seoBreadcrumbs":[{"label":"A Course in Miracles","leadsTo":"dashboard"},{"label":"Workbook","leadsTo":{"locale":"en","sectionId":401,"slugs":["workbook","introduction"],"forceToc":true}},{"label":"Part I","leadsTo":{"locale":"en","sectionId":403,"slugs":["lesson-1","nothing-i-see-means-anything"],"forceToc":true}},{"label":"Review IV","leadsTo":{"locale":"en","sectionId":546,"slugs":["review-iv","introduction"]}},{"label":"Lesson 149","leadsTo":{"locale":"en","sectionId":555,"slugs":["review-iv","lesson-149"]}}],"slugs":["review-iv","lesson-149"],"canonicalLink":"https://acim.org/acim/review-iv/lesson-149/en/s/555","link":"https://acim.org/acim/review-iv/lesson-149/en/s/555","shortLink":"https://acim.org/acim/en/s/555","previousSectionId":554,"previousSectionSlugs":["review-iv","lesson-148"],"previousSectionLink":"https://acim.org/acim/review-iv/lesson-148/en/s/554","nextSectionId":556,"nextSectionSlugs":["review-iv","lesson-150"],"nextSectionLink":"https://acim.org/acim/review-iv/lesson-150/en/s/556","hreflangLinks":[{"hrefLang":"en","link":"https://acim.org/acim/en/s/555"}]}