{"sectionId":556,"sectionIdLiteral":"556","humanId":"lesson-150","volumeId":"workbook","locale":"en","titleInfo":{"ownlineNumber":"Lesson 150"},"annotation":"W-150","bodyHtml":"<div class=\"acim-text review-lesson review-4 lesson-150\"> <div data-paragraph-id=\"556#0\"><p class=\"p-bold p-centered p-bold-centered\"><span data-sentence-id=\"556#0:1\">My mind holds only what I think with God.</span></p></div> <div data-paragraph-id=\"556#1\"><p class=\"p-lesson-ref\"><span class=\"pnr noprint\">1</span><span data-sentence-id=\"556#1:1\"><span class=\"snr noprint\">1</span>(<span class=\"lref\">139</span>) I will accept Atonement for myself.</span></p> <p class=\"p-lesson-ref\"><span data-sentence-id=\"556#1:2\"><span class=\"snr noprint\">2</span>(<span class=\"lref\">140</span>) Only salvation can be said to cure.</span></p></div> </div>","firstWords":"My mind holds only what I think with God. 1(139) I will accept Atonement for myself. (140) Only salvation can be said to cure.","contentType":"acim-content","seoTitle":"Lesson 150: Review (139 and 140) | ACIM","seoDescription":"✨ A Course in Miracles with 🎧 Audio! Read and listen to Lesson 150 “Review (139 and 140)”: My mind holds only what I think with God. 1(139) I will accept Atonement for myself. (140)…","desktopBreadcrumbs":[{"label":"Workbook","leadsTo":{"locale":"en","sectionId":401,"slugs":["workbook","introduction"],"forceToc":true}},{"label":"Part I","leadsTo":{"locale":"en","sectionId":403,"slugs":["lesson-1","nothing-i-see-means-anything"],"forceToc":true}},{"label":"Review IV","leadsTo":{"locale":"en","sectionId":546,"slugs":["review-iv","introduction"]}},{"label":"Lesson 150","leadsTo":{"locale":"en","sectionId":556,"slugs":["review-iv","lesson-150"]}}],"mobileBreadcrumbs":[{"label":"Workbook","leadsTo":{"locale":"en","sectionId":401,"slugs":["workbook","introduction"],"forceToc":true}},{"label":"Part I","leadsTo":{"locale":"en","sectionId":403,"slugs":["lesson-1","nothing-i-see-means-anything"],"forceToc":true}},{"label":"Review IV","leadsTo":{"locale":"en","sectionId":546,"slugs":["review-iv","introduction"]}},{"label":"Lesson 150","leadsTo":{"locale":"en","sectionId":556,"slugs":["review-iv","lesson-150"]}}],"seoBreadcrumbs":[{"label":"A Course in Miracles","leadsTo":"dashboard"},{"label":"Workbook","leadsTo":{"locale":"en","sectionId":401,"slugs":["workbook","introduction"],"forceToc":true}},{"label":"Part I","leadsTo":{"locale":"en","sectionId":403,"slugs":["lesson-1","nothing-i-see-means-anything"],"forceToc":true}},{"label":"Review IV","leadsTo":{"locale":"en","sectionId":546,"slugs":["review-iv","introduction"]}},{"label":"Lesson 150","leadsTo":{"locale":"en","sectionId":556,"slugs":["review-iv","lesson-150"]}}],"slugs":["review-iv","lesson-150"],"canonicalLink":"https://acim.org/acim/review-iv/lesson-150/en/s/556","link":"https://acim.org/acim/review-iv/lesson-150/en/s/556","shortLink":"https://acim.org/acim/en/s/556","previousSectionId":555,"previousSectionSlugs":["review-iv","lesson-149"],"previousSectionLink":"https://acim.org/acim/review-iv/lesson-149/en/s/555","nextSectionId":557,"nextSectionSlugs":["lesson-151","all-things-are-echoes-of-the-voice-for-god"],"nextSectionLink":"https://acim.org/acim/lesson-151/all-things-are-echoes-of-the-voice-for-god/en/s/557","hreflangLinks":[{"hrefLang":"en","link":"https://acim.org/acim/en/s/556"}]}