{"sectionId":558,"sectionIdLiteral":"558","humanId":"lesson-152","volumeId":"workbook","locale":"en","titleInfo":{"title":"The power of decision is my own.","ownlineNumber":"Lesson 152"},"annotation":"W-152","bodyHtml":"<div class=\"acim-text lesson-152\"> <div data-paragraph-id=\"558#1\"><p class=\"p-normal\"><span class=\"pnr\">1.</span> <span data-sentence-id=\"558#1:1\"><span class=\"snr noprint\">1</span>No one can suffer loss unless it be his own decision.</span> <span data-sentence-id=\"558#1:2\"><span class=\"snr\">2</span>No one suffers pain except his choice elects this state for him.</span> <span data-sentence-id=\"558#1:3\"><span class=\"snr\">3</span>No one can grieve nor fear nor think him sick unless these are the outcomes that he wants.</span> <span data-sentence-id=\"558#1:4\"><span class=\"snr\">4</span>And no one dies without his own consent.</span> <span data-sentence-id=\"558#1:5\"><span class=\"snr\">5</span>Nothing occurs but represents your wish, and nothing is omitted that you choose.</span> <span data-sentence-id=\"558#1:6\"><span class=\"snr\">6</span>Here is your world, complete in all details.</span> <span data-sentence-id=\"558#1:7\"><span class=\"snr\">7</span>Here is its whole reality for you.</span> <span data-sentence-id=\"558#1:8\"><span class=\"snr\">8</span>And it is only here salvation is.</span></p></div> <div data-paragraph-id=\"558#2\"><p class=\"p-normal\"><span class=\"pnr\">2.</span> <span data-sentence-id=\"558#2:1\"><span class=\"snr noprint\">1</span>You may believe that this position is extreme, and too inclusive to be true.</span> <span data-sentence-id=\"558#2:2\"><span class=\"snr\">2</span>Yet can truth have exceptions?</span> <span data-sentence-id=\"558#2:3\"><span class=\"snr\">3</span>If you have the gift of everything, can loss be real?</span> <span data-sentence-id=\"558#2:4\"><span class=\"snr\">4</span>Can pain be part of peace, or grief of joy?</span> <span data-sentence-id=\"558#2:5\"><span class=\"snr\">5</span>Can fear and sickness enter in a mind where love and perfect holiness abide?</span> <span data-sentence-id=\"558#2:6\"><span class=\"snr\">6</span>Truth must be all-inclusive, if it be the truth at all.</span> <span data-sentence-id=\"558#2:7\"><span class=\"snr\">7</span>Accept no opposites and no exceptions, for to do so is to contradict the truth entirely.</span></p></div> <div data-paragraph-id=\"558#3\"><p class=\"p-normal\"><span class=\"pnr\">3.</span> <span data-sentence-id=\"558#3:1\"><span class=\"snr noprint\">1</span>Salvation is the recognition that the truth is true, and nothing else is true.</span> <span data-sentence-id=\"558#3:2\"><span class=\"snr\">2</span>This you have heard before, but may not yet accept both parts of it.</span> <span data-sentence-id=\"558#3:3\"><span class=\"snr\">3</span>Without the first, the second has no meaning.</span> <span data-sentence-id=\"558#3:4\"><span class=\"snr\">4</span>But without the second, is the first no longer true.</span> <span data-sentence-id=\"558#3:5\"><span class=\"snr\">5</span>Truth cannot have an opposite.</span> <span data-sentence-id=\"558#3:6\"><span class=\"snr\">6</span>This can not be too often said and thought about.</span> <span data-sentence-id=\"558#3:7\"><span class=\"snr\">7</span>For if what is not true is true as well as what is true, then part of truth is false.</span> <span data-sentence-id=\"558#3:8\"><span class=\"snr\">8</span>And truth has lost its meaning.</span> <span data-sentence-id=\"558#3:9\"><span class=\"snr\">9</span>Nothing but the truth is true, and what is false is false.</span></p></div> <div data-paragraph-id=\"558#4\"><p class=\"p-normal\"><span class=\"pnr\">4.</span> <span data-sentence-id=\"558#4:1\"><span class=\"snr noprint\">1</span>This is the simplest of distinctions, yet the most obscure.</span> <span data-sentence-id=\"558#4:2\"><span class=\"snr\">2</span>But not because it is a difficult distinction to perceive.</span> <span data-sentence-id=\"558#4:3\"><span class=\"snr\">3</span>It is concealed behind a vast array of choices that do not appear to be entirely your own.</span> <span data-sentence-id=\"558#4:4\"><span class=\"snr\">4</span>And thus the truth appears to have some aspects that belie consistency, but do not seem to be but contradictions introduced by you.</span></p></div> <div data-paragraph-id=\"558#5\"><p class=\"p-normal\"><span class=\"pnr\">5.</span> <span data-sentence-id=\"558#5:1\"><span class=\"snr noprint\">1</span>As God created you, you must remain unchangeable, with transitory states by definition false.</span> <span data-sentence-id=\"558#5:2\"><span class=\"snr\">2</span>And that includes all shifts in feeling, alterations in conditions of the body and the mind; in all awareness and in all response.</span> <span data-sentence-id=\"558#5:3\"><span class=\"snr\">3</span>This is the all-inclusiveness which sets the truth apart from falsehood, and the false kept separate from the truth, as what it is.</span></p></div> <div data-paragraph-id=\"558#6\"><p class=\"p-normal\"><span class=\"pnr\">6.</span> <span data-sentence-id=\"558#6:1\"><span class=\"snr noprint\">1</span>Is it not strange that you believe to think you made the world you see is arrogance?</span> <span data-sentence-id=\"558#6:2\"><span class=\"snr\">2</span>God made it not.</span> <span data-sentence-id=\"558#6:3\"><span class=\"snr\">3</span>Of this you can be sure.</span> <span data-sentence-id=\"558#6:4\"><span class=\"snr\">4</span>What can He know of the ephemeral, the sinful and the guilty, the afraid, the suffering and lonely, and the mind that lives within a body that must die?</span> <span data-sentence-id=\"558#6:5\"><span class=\"snr\">5</span>You but accuse Him of insanity, to think He made a world where such things seem to have reality.</span> <span data-sentence-id=\"558#6:6\"><span class=\"snr\">6</span>He is not mad.</span> <span data-sentence-id=\"558#6:7\"><span class=\"snr\">7</span>Yet only madness makes a world like this.</span></p></div> <div data-paragraph-id=\"558#7\"><p class=\"p-normal\"><span class=\"pnr\">7.</span> <span data-sentence-id=\"558#7:1\"><span class=\"snr noprint\">1</span>To think that God made chaos, contradicts His Will, invented opposites to truth, and suffers death to triumph over life; all this is arrogance.</span> <span data-sentence-id=\"558#7:2\"><span class=\"snr\">2</span>Humility would see at once these things are not of Him.</span> <span data-sentence-id=\"558#7:3\"><span class=\"snr\">3</span>And can you see what God created not?</span> <span data-sentence-id=\"558#7:4\"><span class=\"snr\">4</span>To think you can is merely to believe you can perceive what God willed not to be.</span> <span data-sentence-id=\"558#7:5\"><span class=\"snr\">5</span>And what could be more arrogant than this?</span></p></div> <div data-paragraph-id=\"558#8\"><p class=\"p-normal\"><span class=\"pnr\">8.</span> <span data-sentence-id=\"558#8:1\"><span class=\"snr noprint\">1</span>Let us today be truly humble, and accept what we have made as what it is.</span> <span data-sentence-id=\"558#8:2\"><span class=\"snr\">2</span>The power of decision is our own.</span> <span data-sentence-id=\"558#8:3\"><span class=\"snr\">3</span>Decide but to accept your rightful place as co-creator of the universe, and all you think you made will disappear.</span> <span data-sentence-id=\"558#8:4\"><span class=\"snr\">4</span>What rises to awareness then will be all that there ever was, eternally as it is now.</span> <span data-sentence-id=\"558#8:5\"><span class=\"snr\">5</span>And it will take the place of self-deceptions made but to usurp the altar to the Father and the Son.</span></p></div> <div data-paragraph-id=\"558#9\"><p class=\"p-normal\"><span class=\"pnr\">9.</span> <span data-sentence-id=\"558#9:1\"><span class=\"snr noprint\">1</span>Today we practice true humility, abandoning the false pretense by which the ego seeks to prove it arrogant.</span> <span data-sentence-id=\"558#9:2\"><span class=\"snr\">2</span>Only the ego can be arrogant.</span> <span data-sentence-id=\"558#9:3\"><span class=\"snr\">3</span>But truth is humble in acknowledging its mightiness, its changelessness and its eternal wholeness, all-encompassing, God’s perfect gift to His beloved Son.</span> <span data-sentence-id=\"558#9:4\"><span class=\"snr\">4</span>We lay aside the arrogance which says that we are sinners, guilty and afraid, ashamed of what we are; and lift our hearts in true humility instead to Him Who has created us immaculate, like to Himself in power and in love.</span></p></div> <div data-paragraph-id=\"558#10\"><p class=\"p-normal\"><span class=\"pnr\">10.</span> <span data-sentence-id=\"558#10:1\"><span class=\"snr noprint\">1</span>The power of decision is our own.</span> <span data-sentence-id=\"558#10:2\"><span class=\"snr\">2</span>And we accept of Him that which we are, and humbly recognize the Son of God.</span> <span data-sentence-id=\"558#10:3\"><span class=\"snr\">3</span>To recognize God’s Son implies as well that all self-concepts have been laid aside, and recognized as false.</span> <span data-sentence-id=\"558#10:4\"><span class=\"snr\">4</span>Their arrogance has been perceived.</span> <span data-sentence-id=\"558#10:5\"><span class=\"snr\">5</span>And in humility the radiance of God’s Son, his gentleness, his perfect sinlessness, his Father’s Love, his right to Heaven and release from hell, are joyously accepted as our own.</span></p></div> <div data-paragraph-id=\"558#11\"><p class=\"p-normal\"><span class=\"pnr\">11.</span> <span data-sentence-id=\"558#11:1\"><span class=\"snr noprint\">1</span>Now do we join in glad acknowledgment that lies are false, and only truth is true.</span> <span data-sentence-id=\"558#11:2\"><span class=\"snr\">2</span>We think of truth alone as we arise, and spend five minutes practicing its ways, encouraging our frightened minds with this:</span></p> <p class=\"p-prayer\"><span data-sentence-id=\"558#11:3\"><span class=\"snr\">3</span>The power of decision is my own.</span> <span data-sentence-id=\"558#11:4\"><span class=\"snr\">4</span>This day I will accept myself as what my Father’s Will created me to be.</span></p> <p class=\"p-normal\"><span data-sentence-id=\"558#11:5\"><span class=\"snr\">5</span>Then will we wait in silence, giving up all self-deceptions, as we humbly ask our Self that He reveal Himself to us.</span> <span data-sentence-id=\"558#11:6\"><span class=\"snr\">6</span>And He Who never left will come again to our awareness, grateful to restore His home to God, as it was meant to be.</span></p></div> <div data-paragraph-id=\"558#12\"><p class=\"p-normal\"><span class=\"pnr\">12.</span> <span data-sentence-id=\"558#12:1\"><span class=\"snr noprint\">1</span>In patience wait for Him throughout the day, and hourly invite Him with the words with which the day began, concluding it with this same invitation to your Self.</span> <span data-sentence-id=\"558#12:2\"><span class=\"snr\">2</span>God’s Voice will answer, for He speaks for you and for your Father.</span> <span data-sentence-id=\"558#12:3\"><span class=\"snr\">3</span>He will substitute the peace of God for all your frantic thoughts, the truth of God for self-deceptions, and God’s Son for your illusions of yourself.</span></p></div> </div>","firstWords":"No one can suffer loss unless it be his own decision. No one suffers pain except his choice elects this state for him. No one can grieve nor fear nor think him sick unless these are the outcomes that","contentType":"acim-content","seoTitle":"Lesson 152: The power of decision is my own | ACIM","seoDescription":"✨ A Course in Miracles with 🎧 Audio! Read and listen to Lesson 152 “The power of decision is my own”: No one can suffer loss unless it be his own decision. No one suffers pain except…","desktopBreadcrumbs":[{"label":"Workbook","leadsTo":{"locale":"en","sectionId":401,"slugs":["workbook","introduction"],"forceToc":true}},{"label":"Part I","leadsTo":{"locale":"en","sectionId":403,"slugs":["lesson-1","nothing-i-see-means-anything"],"forceToc":true}},{"label":"Lesson 152","leadsTo":{"locale":"en","sectionId":558,"slugs":["lesson-152","the-power-of-decision-is-my-own"]}}],"mobileBreadcrumbs":[{"label":"Workbook","leadsTo":{"locale":"en","sectionId":401,"slugs":["workbook","introduction"],"forceToc":true}},{"label":"Part I","leadsTo":{"locale":"en","sectionId":403,"slugs":["lesson-1","nothing-i-see-means-anything"],"forceToc":true}},{"label":"Lesson 152","leadsTo":{"locale":"en","sectionId":558,"slugs":["lesson-152","the-power-of-decision-is-my-own"]}}],"seoBreadcrumbs":[{"label":"A Course in Miracles","leadsTo":"dashboard"},{"label":"Workbook","leadsTo":{"locale":"en","sectionId":401,"slugs":["workbook","introduction"],"forceToc":true}},{"label":"Part I","leadsTo":{"locale":"en","sectionId":403,"slugs":["lesson-1","nothing-i-see-means-anything"],"forceToc":true}},{"label":"Lesson 152","leadsTo":{"locale":"en","sectionId":558,"slugs":["lesson-152","the-power-of-decision-is-my-own"]}}],"slugs":["lesson-152","the-power-of-decision-is-my-own"],"canonicalLink":"https://acim.org/acim/lesson-152/the-power-of-decision-is-my-own/en/s/558","link":"https://acim.org/acim/lesson-152/the-power-of-decision-is-my-own/en/s/558","shortLink":"https://acim.org/acim/en/s/558","previousSectionId":557,"previousSectionSlugs":["lesson-151","all-things-are-echoes-of-the-voice-for-god"],"previousSectionLink":"https://acim.org/acim/lesson-151/all-things-are-echoes-of-the-voice-for-god/en/s/557","nextSectionId":559,"nextSectionSlugs":["lesson-153","in-my-defenselessness-my-safety-lies"],"nextSectionLink":"https://acim.org/acim/lesson-153/in-my-defenselessness-my-safety-lies/en/s/559","hreflangLinks":[{"hrefLang":"en","link":"https://acim.org/acim/en/s/558"}]}