{"sectionId":559,"sectionIdLiteral":"559","humanId":"lesson-153","volumeId":"workbook","locale":"en","titleInfo":{"title":"In my defenselessness my safety lies.","ownlineNumber":"Lesson 153"},"annotation":"W-153","bodyHtml":"<div class=\"acim-text lesson-153\"> <div data-paragraph-id=\"559#1\"><p class=\"p-normal\"><span class=\"pnr\">1.</span> <span data-sentence-id=\"559#1:1\"><span class=\"snr noprint\">1</span>You who feel threatened by this changing world, its twists of fortune and its bitter jests, its brief relationships and all the “gifts” it merely lends to take away again; attend this lesson well.</span> <span data-sentence-id=\"559#1:2\"><span class=\"snr\">2</span>The world provides no safety.</span> <span data-sentence-id=\"559#1:3\"><span class=\"snr\">3</span>It is rooted in attack, and all its “gifts” of seeming safety are illusory deceptions.</span> <span data-sentence-id=\"559#1:4\"><span class=\"snr\">4</span>It attacks, and then attacks again.</span> <span data-sentence-id=\"559#1:5\"><span class=\"snr\">5</span>No peace of mind is possible where danger threatens thus.</span></p></div> <div data-paragraph-id=\"559#2\"><p class=\"p-normal\"><span class=\"pnr\">2.</span> <span data-sentence-id=\"559#2:1\"><span class=\"snr noprint\">1</span>The world gives rise but to defensiveness.</span> <span data-sentence-id=\"559#2:2\"><span class=\"snr\">2</span>For threat brings anger, anger makes attack seem reasonable, honestly provoked, and righteous in the name of self-defense.</span> <span data-sentence-id=\"559#2:3\"><span class=\"snr\">3</span>Yet is defensiveness a double threat.</span> <span data-sentence-id=\"559#2:4\"><span class=\"snr\">4</span>For it attests to weakness, and sets up a system of defense that cannot work.</span> <span data-sentence-id=\"559#2:5\"><span class=\"snr\">5</span>Now are the weak still further undermined, for there is treachery without and still a greater treachery within.</span> <span data-sentence-id=\"559#2:6\"><span class=\"snr\">6</span>The mind is now confused, and knows not where to turn to find escape from its imaginings.</span></p></div> <div data-paragraph-id=\"559#3\"><p class=\"p-normal\"><span class=\"pnr\">3.</span> <span data-sentence-id=\"559#3:1\"><span class=\"snr noprint\">1</span>It is as if a circle held it fast, wherein another circle bound it and another one in that, until escape no longer can be hoped for nor obtained.</span> <span data-sentence-id=\"559#3:2\"><span class=\"snr\">2</span>Attack, defense; defense, attack, become the circles of the hours and the days that bind the mind in heavy bands of steel with iron overlaid, returning but to start again.</span> <span data-sentence-id=\"559#3:3\"><span class=\"snr\">3</span>There seems to be no break nor ending in the ever-tightening grip of the imprisonment upon the mind.</span></p></div> <div data-paragraph-id=\"559#4\"><p class=\"p-normal\"><span class=\"pnr\">4.</span> <span data-sentence-id=\"559#4:1\"><span class=\"snr noprint\">1</span>Defenses are the costliest of all the prices which the ego would exact.</span> <span data-sentence-id=\"559#4:2\"><span class=\"snr\">2</span>In them lies madness in a form so grim that hope of sanity seems but to be an idle dream, beyond the possible.</span> <span data-sentence-id=\"559#4:3\"><span class=\"snr\">3</span>The sense of threat the world encourages is so much deeper, and so far beyond the frenzy and intensity of which you can conceive, that you have no idea of all the devastation it has wrought.</span></p></div> <div data-paragraph-id=\"559#5\"><p class=\"p-normal\"><span class=\"pnr\">5.</span> <span data-sentence-id=\"559#5:1\"><span class=\"snr noprint\">1</span>You are its slave.</span> <span data-sentence-id=\"559#5:2\"><span class=\"snr\">2</span>You know not what you do, in fear of it.</span> <span data-sentence-id=\"559#5:3\"><span class=\"snr\">3</span>You do not understand how much you have been made to sacrifice, who feel its iron grip upon your heart.</span> <span data-sentence-id=\"559#5:4\"><span class=\"snr\">4</span>You do not realize what you have done to sabotage the holy peace of God by your defensiveness.</span> <span data-sentence-id=\"559#5:5\"><span class=\"snr\">5</span>For you behold the Son of God as but a victim to attack by fantasies, by dreams, and by illusions he has made; yet helpless in their presence, needful only of defense by still more fantasies, and dreams by which illusions of his safety comfort him.</span></p></div> <div data-paragraph-id=\"559#6\"><p class=\"p-normal\"><span class=\"pnr\">6.</span> <span data-sentence-id=\"559#6:1\"><span class=\"snr noprint\">1</span>Defenselessness is strength.</span> <span data-sentence-id=\"559#6:2\"><span class=\"snr\">2</span>It testifies to recognition of the Christ in you.</span> <span data-sentence-id=\"559#6:3\"><span class=\"snr\">3</span>Perhaps you will recall the text maintains that choice is always made between Christ’s strength and your own weakness, seen apart from Him.</span> <span data-sentence-id=\"559#6:4\"><span class=\"snr\">4</span>Defenselessness can never be attacked, because it recognizes strength so great attack is folly, or a silly game a tired child might play, when he becomes too sleepy to remember what he wants.</span></p></div> <div data-paragraph-id=\"559#7\"><p class=\"p-normal\"><span class=\"pnr\">7.</span> <span data-sentence-id=\"559#7:1\"><span class=\"snr noprint\">1</span>Defensiveness is weakness.</span> <span data-sentence-id=\"559#7:2\"><span class=\"snr\">2</span>It proclaims you have denied the Christ and come to fear His Father’s anger.</span> <span data-sentence-id=\"559#7:3\"><span class=\"snr\">3</span>What can save you now from your delusion of an angry god, whose fearful image you believe you see at work in all the evils of the world?</span> <span data-sentence-id=\"559#7:4\"><span class=\"snr\">4</span>What but illusions could defend you now, when it is but illusions that you fight?</span></p></div> <div data-paragraph-id=\"559#8\"><p class=\"p-normal\"><span class=\"pnr\">8.</span> <span data-sentence-id=\"559#8:1\"><span class=\"snr noprint\">1</span>We will not play such childish games today.</span> <span data-sentence-id=\"559#8:2\"><span class=\"snr\">2</span>For our true purpose is to save the world, and we would not exchange for foolishness the endless joy our function offers us.</span> <span data-sentence-id=\"559#8:3\"><span class=\"snr\">3</span>We would not let our happiness slip by because a fragment of a senseless dream happened to cross our minds, and we mistook the figures in it for the Son of God; its tiny instant for eternity.</span></p></div> <div data-paragraph-id=\"559#9\"><p class=\"p-normal\"><span class=\"pnr\">9.</span> <span data-sentence-id=\"559#9:1\"><span class=\"snr noprint\">1</span>We look past dreams today, and recognize that we need no defense because we are created unassailable, without all thought or wish or dream in which attack has any meaning.</span> <span data-sentence-id=\"559#9:2\"><span class=\"snr\">2</span>Now we cannot fear, for we have left all fearful thoughts behind.</span> <span data-sentence-id=\"559#9:3\"><span class=\"snr\">3</span>And in defenselessness we stand secure, serenely certain of our safety now, sure of salvation; sure we will fulfill our chosen purpose, as our ministry extends its holy blessing through the world.</span></p></div> <div data-paragraph-id=\"559#10\"><p class=\"p-normal\"><span class=\"pnr\">10.</span> <span data-sentence-id=\"559#10:1\"><span class=\"snr noprint\">1</span>Be still a moment, and in silence think how holy is your purpose, how secure you rest, untouchable within its light.</span> <span data-sentence-id=\"559#10:2\"><span class=\"snr\">2</span>God’s ministers have chosen that the truth be with them.</span> <span data-sentence-id=\"559#10:3\"><span class=\"snr\">3</span>Who is holier than they?</span> <span data-sentence-id=\"559#10:4\"><span class=\"snr\">4</span>Who could be surer that his happiness is fully guaranteed?</span> <span data-sentence-id=\"559#10:5\"><span class=\"snr\">5</span>And who could be more mightily protected?</span> <span data-sentence-id=\"559#10:6\"><span class=\"snr\">6</span>What defense could possibly be needed by the ones who are among the chosen ones of God, by His election and their own as well?</span></p></div> <div data-paragraph-id=\"559#11\"><p class=\"p-normal\"><span class=\"pnr\">11.</span> <span data-sentence-id=\"559#11:1\"><span class=\"snr noprint\">1</span>It is the function of God’s ministers to help their brothers choose as they have done.</span> <span data-sentence-id=\"559#11:2\"><span class=\"snr\">2</span>God has elected all, but few have come to realize His Will is but their own.</span> <span data-sentence-id=\"559#11:3\"><span class=\"snr\">3</span>And while you fail to teach what you have learned, salvation waits and darkness holds the world in grim imprisonment.</span> <span data-sentence-id=\"559#11:4\"><span class=\"snr\">4</span>Nor will you learn that light has come to you, and your escape has been accomplished.</span> <span data-sentence-id=\"559#11:5\"><span class=\"snr\">5</span>For you will not see the light, until you offer it to all your brothers.</span> <span data-sentence-id=\"559#11:6\"><span class=\"snr\">6</span>As they take it from your hands, so will you recognize it as your own.</span></p></div> <div data-paragraph-id=\"559#12\"><p class=\"p-normal\"><span class=\"pnr\">12.</span> <span data-sentence-id=\"559#12:1\"><span class=\"snr noprint\">1</span>Salvation can be thought of as a game that happy children play.</span> <span data-sentence-id=\"559#12:2\"><span class=\"snr\">2</span>It was designed by One Who loves His children, and Who would replace their fearful toys with joyous games, which teach them that the game of fear is gone.</span> <span data-sentence-id=\"559#12:3\"><span class=\"snr\">3</span>His game instructs in happiness because there is no loser.</span> <span data-sentence-id=\"559#12:4\"><span class=\"snr\">4</span>Everyone who plays must win, and in his winning is the gain to everyone ensured.</span> <span data-sentence-id=\"559#12:5\"><span class=\"snr\">5</span>The game of fear is gladly laid aside, when children come to see the benefits salvation brings.</span></p></div> <div data-paragraph-id=\"559#13\"><p class=\"p-normal\"><span class=\"pnr\">13.</span> <span data-sentence-id=\"559#13:1\"><span class=\"snr noprint\">1</span>You who have played that you are lost to hope, abandoned by your Father, left alone in terror in a fearful world made mad by sin and guilt; be happy now.</span> <span data-sentence-id=\"559#13:2\"><span class=\"snr\">2</span>That game is over.</span> <span data-sentence-id=\"559#13:3\"><span class=\"snr\">3</span>Now a quiet time has come, in which we put away the toys of guilt, and lock our quaint and childish thoughts of sin forever from the pure and holy minds of Heaven’s children and the Son of God.</span></p></div> <div data-paragraph-id=\"559#14\"><p class=\"p-normal\"><span class=\"pnr\">14.</span> <span data-sentence-id=\"559#14:1\"><span class=\"snr noprint\">1</span>We pause but for a moment more, to play our final, happy game upon this earth.</span> <span data-sentence-id=\"559#14:2\"><span class=\"snr\">2</span>And then we go to take our rightful place where truth abides and games are meaningless.</span> <span data-sentence-id=\"559#14:3\"><span class=\"snr\">3</span>So is the story ended.</span> <span data-sentence-id=\"559#14:4\"><span class=\"snr\">4</span>Let this day bring the last chapter closer to the world, that everyone may learn the tale he reads of terrifying destiny, defeat of all his hopes, his pitiful defense against a vengeance he can not escape, is but his own deluded fantasy.</span> <span data-sentence-id=\"559#14:5\"><span class=\"snr\">5</span>God’s ministers have come to waken him from the dark dreams this story has evoked in his confused, bewildered memory of this distorted tale.</span> <span data-sentence-id=\"559#14:6\"><span class=\"snr\">6</span>God’s Son can smile at last, on learning that it is not true.</span></p></div> <div data-paragraph-id=\"559#15\"><p class=\"p-normal\"><span class=\"pnr\">15.</span> <span data-sentence-id=\"559#15:1\"><span class=\"snr noprint\">1</span>Today we practice in a form we will maintain for quite a while.</span> <span data-sentence-id=\"559#15:2\"><span class=\"snr\">2</span>We will begin each day by giving our attention to the daily thought as long as possible.</span> <span data-sentence-id=\"559#15:3\"><span class=\"snr\">3</span>Five minutes now becomes the least we give to preparation for a day in which salvation is the only goal we have.</span> <span data-sentence-id=\"559#15:4\"><span class=\"snr\">4</span>Ten would be better; fifteen better still.</span> <span data-sentence-id=\"559#15:5\"><span class=\"snr\">5</span>And as distraction ceases to arise to turn us from our purpose, we will find that half an hour is too short a time to spend with God.</span> <span data-sentence-id=\"559#15:6\"><span class=\"snr\">6</span>Nor will we willingly give less at night, in gratitude and joy.</span></p></div> <div data-paragraph-id=\"559#16\"><p class=\"p-normal\"><span class=\"pnr\">16.</span> <span data-sentence-id=\"559#16:1\"><span class=\"snr noprint\">1</span>Each hour adds to our increasing peace, as we remember to be faithful to the Will we share with God.</span> <span data-sentence-id=\"559#16:2\"><span class=\"snr\">2</span>At times, perhaps, a minute, even less, will be the most that we can offer as the hour strikes.</span> <span data-sentence-id=\"559#16:3\"><span class=\"snr\">3</span>Sometimes we will forget.</span> <span data-sentence-id=\"559#16:4\"><span class=\"snr\">4</span>At other times the business of the world will close on us, and we will be unable to withdraw a little while, and turn our thoughts to God.</span></p></div> <div data-paragraph-id=\"559#17\"><p class=\"p-normal\"><span class=\"pnr\">17.</span> <span data-sentence-id=\"559#17:1\"><span class=\"snr noprint\">1</span>Yet when we can, we will observe our trust as ministers of God, in hourly remembrance of our mission and His Love.</span> <span data-sentence-id=\"559#17:2\"><span class=\"snr\">2</span>And we will quietly sit by and wait on Him and listen to His Voice, and learn what He would have us do the hour that is yet to come; while thanking Him for all the gifts He gave us in the one gone by.</span></p></div> <div data-paragraph-id=\"559#18\"><p class=\"p-normal\"><span class=\"pnr\">18.</span> <span data-sentence-id=\"559#18:1\"><span class=\"snr noprint\">1</span>In time, with practice, you will never cease to think of Him, and hear His loving Voice guiding your footsteps into quiet ways, where you will walk in true defenselessness.</span> <span data-sentence-id=\"559#18:2\"><span class=\"snr\">2</span>For you will know that Heaven goes with you.</span> <span data-sentence-id=\"559#18:3\"><span class=\"snr\">3</span>Nor would you keep your mind away from Him a moment, even though your time is spent in offering salvation to the world.</span> <span data-sentence-id=\"559#18:4\"><span class=\"snr\">4</span>Think you He will not make this possible, for you who chose to carry out His plan for the salvation of the world and yours?</span></p></div> <div data-paragraph-id=\"559#19\"><p class=\"p-normal\"><span class=\"pnr\">19.</span> <span data-sentence-id=\"559#19:1\"><span class=\"snr noprint\">1</span>Today our theme is our defenselessness.</span> <span data-sentence-id=\"559#19:2\"><span class=\"snr\">2</span>We clothe ourselves in it, as we prepare to meet the day.</span> <span data-sentence-id=\"559#19:3\"><span class=\"snr\">3</span>We rise up strong in Christ, and let our weakness disappear, as we remember that His strength abides in us.</span> <span data-sentence-id=\"559#19:4\"><span class=\"snr\">4</span>We will remind ourselves that He remains beside us through the day, and never leaves our weakness unsupported by His strength.</span> <span data-sentence-id=\"559#19:5\"><span class=\"snr\">5</span>We call upon His strength each time we feel the threat of our defenses undermine our certainty of purpose.</span> <span data-sentence-id=\"559#19:6\"><span class=\"snr\">6</span>We will pause a moment, as He tells us, “I am here.”</span></p></div> <div data-paragraph-id=\"559#20\"><p class=\"p-normal\"><span class=\"pnr\">20.</span> <span data-sentence-id=\"559#20:1\"><span class=\"snr noprint\">1</span>Your practicing will now begin to take the earnestness of love, to help you keep your mind from wandering from its intent.</span> <span data-sentence-id=\"559#20:2\"><span class=\"snr\">2</span>Be not afraid nor timid.</span> <span data-sentence-id=\"559#20:3\"><span class=\"snr\">3</span>There can be no doubt that you will reach your final goal.</span> <span data-sentence-id=\"559#20:4\"><span class=\"snr\">4</span>The ministers of God can never fail, because the love and strength and peace that shine from them to all their brothers come from Him.</span> <span data-sentence-id=\"559#20:5\"><span class=\"snr\">5</span>These are His gifts to you.</span> <span data-sentence-id=\"559#20:6\"><span class=\"snr\">6</span>Defenselessness is all you need to give Him in return.</span> <span data-sentence-id=\"559#20:7\"><span class=\"snr\">7</span>You lay aside but what was never real, to look on Christ and see His sinlessness.</span></p></div> </div>","firstWords":"You who feel threatened by this changing world, its twists of fortune and its bitter jests, its brief relationships and all the “gifts” it merely lends to take away again; attend this lesson well.","contentType":"acim-content","seoTitle":"Lesson 153: In my defenselessness my safety lies | ACIM","seoDescription":"✨ A Course in Miracles with 🎧 Audio! Read and listen to Lesson 153 “In my defenselessness my safety lies”: You who feel threatened by this changing world, its twists of fortune and its…","desktopBreadcrumbs":[{"label":"Workbook","leadsTo":{"locale":"en","sectionId":401,"slugs":["workbook","introduction"],"forceToc":true}},{"label":"Part I","leadsTo":{"locale":"en","sectionId":403,"slugs":["lesson-1","nothing-i-see-means-anything"],"forceToc":true}},{"label":"Lesson 153","leadsTo":{"locale":"en","sectionId":559,"slugs":["lesson-153","in-my-defenselessness-my-safety-lies"]}}],"mobileBreadcrumbs":[{"label":"Workbook","leadsTo":{"locale":"en","sectionId":401,"slugs":["workbook","introduction"],"forceToc":true}},{"label":"Part I","leadsTo":{"locale":"en","sectionId":403,"slugs":["lesson-1","nothing-i-see-means-anything"],"forceToc":true}},{"label":"Lesson 153","leadsTo":{"locale":"en","sectionId":559,"slugs":["lesson-153","in-my-defenselessness-my-safety-lies"]}}],"seoBreadcrumbs":[{"label":"A Course in Miracles","leadsTo":"dashboard"},{"label":"Workbook","leadsTo":{"locale":"en","sectionId":401,"slugs":["workbook","introduction"],"forceToc":true}},{"label":"Part I","leadsTo":{"locale":"en","sectionId":403,"slugs":["lesson-1","nothing-i-see-means-anything"],"forceToc":true}},{"label":"Lesson 153","leadsTo":{"locale":"en","sectionId":559,"slugs":["lesson-153","in-my-defenselessness-my-safety-lies"]}}],"slugs":["lesson-153","in-my-defenselessness-my-safety-lies"],"canonicalLink":"https://acim.org/acim/lesson-153/in-my-defenselessness-my-safety-lies/en/s/559","link":"https://acim.org/acim/lesson-153/in-my-defenselessness-my-safety-lies/en/s/559","shortLink":"https://acim.org/acim/en/s/559","previousSectionId":558,"previousSectionSlugs":["lesson-152","the-power-of-decision-is-my-own"],"previousSectionLink":"https://acim.org/acim/lesson-152/the-power-of-decision-is-my-own/en/s/558","nextSectionId":560,"nextSectionSlugs":["lesson-154","i-am-among-the-ministers-of-god"],"nextSectionLink":"https://acim.org/acim/lesson-154/i-am-among-the-ministers-of-god/en/s/560","hreflangLinks":[{"hrefLang":"en","link":"https://acim.org/acim/en/s/559"}]}