{"sectionId":56,"sectionIdLiteral":"056","humanId":"chap-1-sect-4","volumeId":"text","locale":"en","titleInfo":{"title":"The Escape from Darkness","inlineNumber":"IV."},"annotation":"T-1.IV","bodyHtml":"<div class=\"acim-text chap-1-sect-4\"> <div data-paragraph-id=\"056#1\"><p class=\"p-normal\"><span class=\"pnr\">1.</span> <span data-sentence-id=\"056#1:1\"><span class=\"snr noprint\">1</span>The escape from darkness involves two stages: First, the recognition that darkness cannot hide.</span> <span data-sentence-id=\"056#1:2\"><span class=\"snr\">2</span>This step usually entails fear.</span> <span data-sentence-id=\"056#1:3\"><span class=\"snr\">3</span>Second, the recognition that there is nothing you want to hide even if you could.</span> <span data-sentence-id=\"056#1:4\"><span class=\"snr\">4</span>This step brings escape from fear.</span> <span data-sentence-id=\"056#1:5\"><span class=\"snr\">5</span>When you have become willing to hide nothing, you will not only be willing to enter into communion but will also understand peace and joy.</span></p></div> <div data-paragraph-id=\"056#2\"><p class=\"p-normal\"><span class=\"pnr\">2.</span> <span data-sentence-id=\"056#2:1\"><span class=\"snr noprint\">1</span>Holiness can never be really hidden in darkness, but you can deceive yourself about it.</span> <span data-sentence-id=\"056#2:2\"><span class=\"snr\">2</span>This deception makes you fearful because you realize in your heart it <i>is</i> a deception, and you exert enormous efforts to establish its reality.</span> <span data-sentence-id=\"056#2:3\"><span class=\"snr\">3</span>The miracle sets reality where it belongs.</span> <span data-sentence-id=\"056#2:4\"><span class=\"snr\">4</span>Reality belongs only to spirit, and the miracle acknowledges only truth.</span> <span data-sentence-id=\"056#2:5\"><span class=\"snr\">5</span>It thus dispels illusions about yourself, and puts you in communion with yourself and God.</span> <span data-sentence-id=\"056#2:6\"><span class=\"snr\">6</span>The miracle joins in the Atonement by placing the mind in the service of the Holy Spirit.</span> <span data-sentence-id=\"056#2:7\"><span class=\"snr\">7</span>This establishes the proper function of the mind and corrects its errors, which are merely lacks of love.</span> <span data-sentence-id=\"056#2:8\"><span class=\"snr\">8</span>Your mind can be possessed by illusions, but spirit is eternally free.</span> <span data-sentence-id=\"056#2:9\"><span class=\"snr\">9</span>If a mind perceives without love, it perceives an empty shell and is unaware of the spirit within.</span> <span data-sentence-id=\"056#2:10\"><span class=\"snr\">10</span>But the Atonement restores spirit to its proper place.</span> <span data-sentence-id=\"056#2:11\"><span class=\"snr\">11</span>The mind that serves spirit <i>is</i> invulnerable.</span></p></div> <div data-paragraph-id=\"056#3\"><p class=\"p-normal\"><span class=\"pnr\">3.</span> <span data-sentence-id=\"056#3:1\"><span class=\"snr noprint\">1</span>Darkness is lack of light as sin is lack of love.</span> <span data-sentence-id=\"056#3:2\"><span class=\"snr\">2</span>It has no unique properties of its own.</span> <span data-sentence-id=\"056#3:3\"><span class=\"snr\">3</span>It is an example of the “scarcity” belief, from which only error can proceed.</span> <span data-sentence-id=\"056#3:4\"><span class=\"snr\">4</span>Truth is always abundant.</span> <span data-sentence-id=\"056#3:5\"><span class=\"snr\">5</span>Those who perceive and acknowledge that they have everything have no needs of any kind.</span> <span data-sentence-id=\"056#3:6\"><span class=\"snr\">6</span>The purpose of the Atonement is to restore everything to you; or rather, to restore it to your awareness.</span> <span data-sentence-id=\"056#3:7\"><span class=\"snr\">7</span>You were given everything when you were created, just as everyone was.</span></p></div> <div data-paragraph-id=\"056#4\"><p class=\"p-normal\"><span class=\"pnr\">4.</span> <span data-sentence-id=\"056#4:1\"><span class=\"snr noprint\">1</span>The emptiness engendered by fear must be replaced by forgiveness.</span> <span data-sentence-id=\"056#4:2\"><span class=\"snr\">2</span>That is what the Bible means by “There is no death,” and why I could demonstrate that death does not exist.</span> <span data-sentence-id=\"056#4:3\"><span class=\"snr\">3</span>I came to fulfill the law by reinterpreting it.</span> <span data-sentence-id=\"056#4:4\"><span class=\"snr\">4</span>The law itself, if properly understood, offers only protection.</span> <span data-sentence-id=\"056#4:5\"><span class=\"snr\">5</span>It is those who have not yet changed their minds who brought the “hell-fire” concept into it.</span> <span data-sentence-id=\"056#4:6\"><span class=\"snr\">6</span>I assure you that I will witness for anyone who lets me, and to whatever extent he permits it.</span> <span data-sentence-id=\"056#4:7\"><span class=\"snr\">7</span>Your witnessing demonstrates your belief, and thus strengthens it.</span> <span data-sentence-id=\"056#4:8\"><span class=\"snr\">8</span>Those who witness for me are expressing, through their miracles, that they have abandoned the belief in deprivation in favor of the abundance they have learned belongs to them.</span></p></div> </div>","firstWords":"The escape from darkness involves two stages: First, the recognition that darkness cannot hide. This step usually entails fear. Second, the recognition that there is nothing you want to hide even if","contentType":"acim-content","seoTitle":"Chapter 1.IV: The Escape from Darkness | ACIM","seoDescription":"✨ A Course in Miracles, read the complete Chapter 1.IV “The Escape from Darkness”: The escape from darkness involves two stages: First, the recognition that darkness cannot hide. This…","desktopBreadcrumbs":[{"label":"Text","leadsTo":{"locale":"en","sectionId":51,"slugs":["text","introduction"],"forceToc":true}},{"label":"Chapter 1: The Meaning of Miracles","leadsTo":{"locale":"en","sectionId":53,"slugs":["chapter-1","principles-of-miracles"],"forceToc":true}},{"label":"IV. The Escape from Darkness","leadsTo":{"locale":"en","sectionId":56,"slugs":["chapter-1","the-escape-from-darkness"]}}],"mobileBreadcrumbs":[{"label":"Text","leadsTo":{"locale":"en","sectionId":51,"slugs":["text","introduction"],"forceToc":true}},{"label":"Chapter 1: The Meaning of Miracles","leadsTo":{"locale":"en","sectionId":53,"slugs":["chapter-1","principles-of-miracles"],"forceToc":true}},{"label":"IV. The Escape from Darkness","leadsTo":{"locale":"en","sectionId":56,"slugs":["chapter-1","the-escape-from-darkness"]}}],"seoBreadcrumbs":[{"label":"A Course in Miracles","leadsTo":"dashboard"},{"label":"Text","leadsTo":{"locale":"en","sectionId":51,"slugs":["text","introduction"],"forceToc":true}},{"label":"Chapter 1","leadsTo":{"locale":"en","sectionId":53,"slugs":["chapter-1","principles-of-miracles"],"forceToc":true}},{"label":"IV. The Escape from Darkness","leadsTo":{"locale":"en","sectionId":56,"slugs":["chapter-1","the-escape-from-darkness"]}}],"slugs":["chapter-1","the-escape-from-darkness"],"canonicalLink":"https://acim.org/acim/chapter-1/the-escape-from-darkness/en/s/56","link":"https://acim.org/acim/chapter-1/the-escape-from-darkness/en/s/56","shortLink":"https://acim.org/acim/en/s/56","previousSectionId":55,"previousSectionSlugs":["chapter-1","atonement-and-miracles"],"previousSectionLink":"https://acim.org/acim/chapter-1/atonement-and-miracles/en/s/55","nextSectionId":57,"nextSectionSlugs":["chapter-1","wholeness-and-spirit"],"nextSectionLink":"https://acim.org/acim/chapter-1/wholeness-and-spirit/en/s/57","hreflangLinks":[{"hrefLang":"en","link":"https://acim.org/acim/en/s/56"}]}