{"sectionId":562,"sectionIdLiteral":"562","humanId":"lesson-156","volumeId":"workbook","locale":"en","titleInfo":{"title":"I walk with God in perfect holiness.","ownlineNumber":"Lesson 156"},"annotation":"W-156","bodyHtml":"<div class=\"acim-text lesson-156\"> <div data-paragraph-id=\"562#1\"><p class=\"p-normal\"><span class=\"pnr\">1.</span> <span data-sentence-id=\"562#1:1\"><span class=\"snr noprint\">1</span>Today’s idea but states the simple truth that makes the thought of sin impossible.</span> <span data-sentence-id=\"562#1:2\"><span class=\"snr\">2</span>It promises there is no cause for guilt, and being causeless it does not exist.</span> <span data-sentence-id=\"562#1:3\"><span class=\"snr\">3</span>It follows surely from the basic thought so often mentioned in the text; ideas leave not their source.</span> <span data-sentence-id=\"562#1:4\"><span class=\"snr\">4</span>If this be true, how can you be apart from God?</span> <span data-sentence-id=\"562#1:5\"><span class=\"snr\">5</span>How could you walk the world alone and separate from your Source?</span></p></div> <div data-paragraph-id=\"562#2\"><p class=\"p-normal\"><span class=\"pnr\">2.</span> <span data-sentence-id=\"562#2:1\"><span class=\"snr noprint\">1</span>We are not inconsistent in the thoughts that we present in our curriculum.</span> <span data-sentence-id=\"562#2:2\"><span class=\"snr\">2</span>Truth must be true throughout, if it be true.</span> <span data-sentence-id=\"562#2:3\"><span class=\"snr\">3</span>It cannot contradict itself, nor be in parts uncertain and in others sure.</span> <span data-sentence-id=\"562#2:4\"><span class=\"snr\">4</span>You cannot walk the world apart from God, because you could not be without Him.</span> <span data-sentence-id=\"562#2:5\"><span class=\"snr\">5</span>He is what your life is.</span> <span data-sentence-id=\"562#2:6\"><span class=\"snr\">6</span>Where you are He is.</span> <span data-sentence-id=\"562#2:7\"><span class=\"snr\">7</span>There is one life.</span> <span data-sentence-id=\"562#2:8\"><span class=\"snr\">8</span>That life you share with Him.</span> <span data-sentence-id=\"562#2:9\"><span class=\"snr\">9</span>Nothing can be apart from Him and live.</span></p></div> <div data-paragraph-id=\"562#3\"><p class=\"p-normal\"><span class=\"pnr\">3.</span> <span data-sentence-id=\"562#3:1\"><span class=\"snr noprint\">1</span>Yet where He is, there must be holiness as well as life.</span> <span data-sentence-id=\"562#3:2\"><span class=\"snr\">2</span>No attribute of His remains unshared by everything that lives.</span> <span data-sentence-id=\"562#3:3\"><span class=\"snr\">3</span>What lives is holy as Himself, because what shares His life is part of Holiness, and could no more be sinful than the sun could choose to be of ice; the sea elect to be apart from water, or the grass to grow with roots suspended in the air.</span></p></div> <div data-paragraph-id=\"562#4\"><p class=\"p-normal\"><span class=\"pnr\">4.</span> <span data-sentence-id=\"562#4:1\"><span class=\"snr noprint\">1</span>There is a light in you which cannot die; whose presence is so holy that the world is sanctified because of you.</span> <span data-sentence-id=\"562#4:2\"><span class=\"snr\">2</span>All things that live bring gifts to you, and offer them in gratitude and gladness at your feet.</span> <span data-sentence-id=\"562#4:3\"><span class=\"snr\">3</span>The scent of flowers is their gift to you.</span> <span data-sentence-id=\"562#4:4\"><span class=\"snr\">4</span>The waves bow down before you, and the trees extend their arms to shield you from the heat, and lay their leaves before you on the ground that you may walk in softness, while the wind sinks to a whisper round your holy head.</span></p></div> <div data-paragraph-id=\"562#5\"><p class=\"p-normal\"><span class=\"pnr\">5.</span> <span data-sentence-id=\"562#5:1\"><span class=\"snr noprint\">1</span>The light in you is what the universe longs to behold.</span> <span data-sentence-id=\"562#5:2\"><span class=\"snr\">2</span>All living things are still before you, for they recognize Who walks with you.</span> <span data-sentence-id=\"562#5:3\"><span class=\"snr\">3</span>The light you carry is their own.</span> <span data-sentence-id=\"562#5:4\"><span class=\"snr\">4</span>And thus they see in you their holiness, saluting you as savior and as God.</span> <span data-sentence-id=\"562#5:5\"><span class=\"snr\">5</span>Accept their reverence, for it is due to Holiness Itself, which walks with you, transforming in Its gentle light all things unto Its likeness and Its purity.</span></p></div> <div data-paragraph-id=\"562#6\"><p class=\"p-normal\"><span class=\"pnr\">6.</span> <span data-sentence-id=\"562#6:1\"><span class=\"snr noprint\">1</span>This is the way salvation works.</span> <span data-sentence-id=\"562#6:2\"><span class=\"snr\">2</span>As you step back, the light in you steps forward and encompasses the world.</span> <span data-sentence-id=\"562#6:3\"><span class=\"snr\">3</span>It heralds not the end of sin in punishment and death.</span> <span data-sentence-id=\"562#6:4\"><span class=\"snr\">4</span>In lightness and in laughter is sin gone, because its quaint absurdity is seen.</span> <span data-sentence-id=\"562#6:5\"><span class=\"snr\">5</span>It is a foolish thought, a silly dream, not frightening, ridiculous perhaps, but who would waste an instant in approach to God Himself for such a senseless whim?</span></p></div> <div data-paragraph-id=\"562#7\"><p class=\"p-normal\"><span class=\"pnr\">7.</span> <span data-sentence-id=\"562#7:1\"><span class=\"snr noprint\">1</span>Yet you have wasted many, many years on just this foolish thought.</span> <span data-sentence-id=\"562#7:2\"><span class=\"snr\">2</span>The past is gone, with all its fantasies.</span> <span data-sentence-id=\"562#7:3\"><span class=\"snr\">3</span>They keep you bound no longer.</span> <span data-sentence-id=\"562#7:4\"><span class=\"snr\">4</span>The approach to God is near.</span> <span data-sentence-id=\"562#7:5\"><span class=\"snr\">5</span>And in the little interval of doubt that still remains, you may perhaps lose sight of your Companion, and mistake Him for the senseless, ancient dream that now is past.</span></p></div> <div data-paragraph-id=\"562#8\"><p class=\"p-normal\"><span class=\"pnr\">8.</span> <span data-sentence-id=\"562#8:1\"><span class=\"snr noprint\">1</span>“Who walks with me?”</span> <span data-sentence-id=\"562#8:2\"><span class=\"snr\">2</span>This question should be asked a thousand times a day, till certainty has ended doubting and established peace.</span> <span data-sentence-id=\"562#8:3\"><span class=\"snr\">3</span>Today let doubting cease.</span> <span data-sentence-id=\"562#8:4\"><span class=\"snr\">4</span>God speaks for you in answering your question with these words:</span></p> <p class=\"p-prayer\"><span data-sentence-id=\"562#8:5\"><span class=\"snr\">5</span>I walk with God in perfect holiness.</span> <span data-sentence-id=\"562#8:6\"><span class=\"snr\">6</span>I light the world, I light my mind and all the minds which God created one with me.</span></p></div> </div>","firstWords":"Today’s idea but states the simple truth that makes the thought of sin impossible. It promises there is no cause for guilt, and being causeless it does not exist. It follows surely from the basic","contentType":"acim-content","seoTitle":"Lesson 156: I walk with God in perfect holiness | ACIM","seoDescription":"✨ A Course in Miracles with 🎧 Audio! Read and listen to Lesson 156 “I walk with God in perfect holiness”: Today’s idea but states the simple truth that makes the thought of sin…","desktopBreadcrumbs":[{"label":"Workbook","leadsTo":{"locale":"en","sectionId":401,"slugs":["workbook","introduction"],"forceToc":true}},{"label":"Part I","leadsTo":{"locale":"en","sectionId":403,"slugs":["lesson-1","nothing-i-see-means-anything"],"forceToc":true}},{"label":"Lesson 156","leadsTo":{"locale":"en","sectionId":562,"slugs":["lesson-156","i-walk-with-god-in-perfect-holiness"]}}],"mobileBreadcrumbs":[{"label":"Workbook","leadsTo":{"locale":"en","sectionId":401,"slugs":["workbook","introduction"],"forceToc":true}},{"label":"Part I","leadsTo":{"locale":"en","sectionId":403,"slugs":["lesson-1","nothing-i-see-means-anything"],"forceToc":true}},{"label":"Lesson 156","leadsTo":{"locale":"en","sectionId":562,"slugs":["lesson-156","i-walk-with-god-in-perfect-holiness"]}}],"seoBreadcrumbs":[{"label":"A Course in Miracles","leadsTo":"dashboard"},{"label":"Workbook","leadsTo":{"locale":"en","sectionId":401,"slugs":["workbook","introduction"],"forceToc":true}},{"label":"Part I","leadsTo":{"locale":"en","sectionId":403,"slugs":["lesson-1","nothing-i-see-means-anything"],"forceToc":true}},{"label":"Lesson 156","leadsTo":{"locale":"en","sectionId":562,"slugs":["lesson-156","i-walk-with-god-in-perfect-holiness"]}}],"slugs":["lesson-156","i-walk-with-god-in-perfect-holiness"],"canonicalLink":"https://acim.org/acim/lesson-156/i-walk-with-god-in-perfect-holiness/en/s/562","link":"https://acim.org/acim/lesson-156/i-walk-with-god-in-perfect-holiness/en/s/562","shortLink":"https://acim.org/acim/en/s/562","previousSectionId":561,"previousSectionSlugs":["lesson-155","i-will-step-back-and-let-him-lead-the-way"],"previousSectionLink":"https://acim.org/acim/lesson-155/i-will-step-back-and-let-him-lead-the-way/en/s/561","nextSectionId":563,"nextSectionSlugs":["lesson-157","into-his-presence-would-i-enter-now"],"nextSectionLink":"https://acim.org/acim/lesson-157/into-his-presence-would-i-enter-now/en/s/563","hreflangLinks":[{"hrefLang":"en","link":"https://acim.org/acim/en/s/562"}]}