{"sectionId":565,"sectionIdLiteral":"565","humanId":"lesson-159","volumeId":"workbook","locale":"en","titleInfo":{"title":"I give the miracles I have received.","ownlineNumber":"Lesson 159"},"annotation":"W-159","bodyHtml":"<div class=\"acim-text lesson-159\"> <div data-paragraph-id=\"565#1\"><p class=\"p-normal\"><span class=\"pnr\">1.</span> <span data-sentence-id=\"565#1:1\"><span class=\"snr noprint\">1</span>No one can give what he has not received.</span> <span data-sentence-id=\"565#1:2\"><span class=\"snr\">2</span>To give a thing requires first you have it in your own possession.</span> <span data-sentence-id=\"565#1:3\"><span class=\"snr\">3</span>Here the laws of Heaven and the world agree.</span> <span data-sentence-id=\"565#1:4\"><span class=\"snr\">4</span>But here they also separate.</span> <span data-sentence-id=\"565#1:5\"><span class=\"snr\">5</span>The world believes that to possess a thing, it must be kept.</span> <span data-sentence-id=\"565#1:6\"><span class=\"snr\">6</span>Salvation teaches otherwise.</span> <span data-sentence-id=\"565#1:7\"><span class=\"snr\">7</span>To give is how to recognize you have received.</span> <span data-sentence-id=\"565#1:8\"><span class=\"snr\">8</span>It is the proof that what you have is yours.</span></p></div> <div data-paragraph-id=\"565#2\"><p class=\"p-normal\"><span class=\"pnr\">2.</span> <span data-sentence-id=\"565#2:1\"><span class=\"snr noprint\">1</span>You understand that you are healed when you give healing.</span> <span data-sentence-id=\"565#2:2\"><span class=\"snr\">2</span>You accept forgiveness as accomplished in yourself when you forgive.</span> <span data-sentence-id=\"565#2:3\"><span class=\"snr\">3</span>You recognize your brother as yourself, and thus do you perceive that you are whole.</span> <span data-sentence-id=\"565#2:4\"><span class=\"snr\">4</span>There is no miracle you cannot give, for all are given you.</span> <span data-sentence-id=\"565#2:5\"><span class=\"snr\">5</span>Receive them now by opening the storehouse of your mind where they are laid, and giving them away.</span></p></div> <div data-paragraph-id=\"565#3\"><p class=\"p-normal\"><span class=\"pnr\">3.</span> <span data-sentence-id=\"565#3:1\"><span class=\"snr noprint\">1</span>Christ’s vision is a miracle.</span> <span data-sentence-id=\"565#3:2\"><span class=\"snr\">2</span>It comes from far beyond itself, for it reflects eternal love and the rebirth of love which never dies, but has been kept obscure.</span> <span data-sentence-id=\"565#3:3\"><span class=\"snr\">3</span>Christ’s vision pictures Heaven, for it sees a world so like to Heaven that what God created perfect can be mirrored there.</span> <span data-sentence-id=\"565#3:4\"><span class=\"snr\">4</span>The darkened glass the world presents can show but twisted images in broken parts.</span> <span data-sentence-id=\"565#3:5\"><span class=\"snr\">5</span>The real world pictures Heaven’s innocence.</span></p></div> <div data-paragraph-id=\"565#4\"><p class=\"p-normal\"><span class=\"pnr\">4.</span> <span data-sentence-id=\"565#4:1\"><span class=\"snr noprint\">1</span>Christ’s vision is the miracle in which all miracles are born.</span> <span data-sentence-id=\"565#4:2\"><span class=\"snr\">2</span>It is their source, remaining with each miracle you give, and yet remaining yours.</span> <span data-sentence-id=\"565#4:3\"><span class=\"snr\">3</span>It is the bond by which the giver and receiver are united in extension here on earth, as they are one in Heaven.</span> <span data-sentence-id=\"565#4:4\"><span class=\"snr\">4</span>Christ beholds no sin in anyone.</span> <span data-sentence-id=\"565#4:5\"><span class=\"snr\">5</span>And in His sight the sinless are as one.</span> <span data-sentence-id=\"565#4:6\"><span class=\"snr\">6</span>Their holiness was given by His Father and Himself.</span></p></div> <div data-paragraph-id=\"565#5\"><p class=\"p-normal\"><span class=\"pnr\">5.</span> <span data-sentence-id=\"565#5:1\"><span class=\"snr noprint\">1</span>Christ’s vision is the bridge between the worlds.</span> <span data-sentence-id=\"565#5:2\"><span class=\"snr\">2</span>And in its power can you safely trust to carry you from this world into one made holy by forgiveness.</span> <span data-sentence-id=\"565#5:3\"><span class=\"snr\">3</span>Things which seem quite solid here are merely shadows there; transparent, faintly seen, at times forgot, and never able to obscure the light that shines beyond them.</span> <span data-sentence-id=\"565#5:4\"><span class=\"snr\">4</span>Holiness has been restored to vision, and the blind can see.</span></p></div> <div data-paragraph-id=\"565#6\"><p class=\"p-normal\"><span class=\"pnr\">6.</span> <span data-sentence-id=\"565#6:1\"><span class=\"snr noprint\">1</span>This is the Holy Spirit’s single gift; the treasure house to which you can appeal with perfect certainty for all the things that can contribute to your happiness.</span> <span data-sentence-id=\"565#6:2\"><span class=\"snr\">2</span>All are laid here already.</span> <span data-sentence-id=\"565#6:3\"><span class=\"snr\">3</span>All can be received but for the asking.</span> <span data-sentence-id=\"565#6:4\"><span class=\"snr\">4</span>Here the door is never locked, and no one is denied his least request or his most urgent need.</span> <span data-sentence-id=\"565#6:5\"><span class=\"snr\">5</span>There is no sickness not already healed, no lack unsatisfied, no need unmet within this golden treasury of Christ.</span></p></div> <div data-paragraph-id=\"565#7\"><p class=\"p-normal\"><span class=\"pnr\">7.</span> <span data-sentence-id=\"565#7:1\"><span class=\"snr noprint\">1</span>Here does the world remember what was lost when it was made.</span> <span data-sentence-id=\"565#7:2\"><span class=\"snr\">2</span>For here it is repaired, made new again, but in a different light.</span> <span data-sentence-id=\"565#7:3\"><span class=\"snr\">3</span>What was to be the home of sin becomes the center of redemption and the hearth of mercy, where the suffering are healed and welcome.</span> <span data-sentence-id=\"565#7:4\"><span class=\"snr\">4</span>No one will be turned away from this new home, where his salvation waits.</span> <span data-sentence-id=\"565#7:5\"><span class=\"snr\">5</span>No one is stranger to him.</span> <span data-sentence-id=\"565#7:6\"><span class=\"snr\">6</span>No one asks for anything of him except the gift of his acceptance of his welcoming.</span></p></div> <div data-paragraph-id=\"565#8\"><p class=\"p-normal\"><span class=\"pnr\">8.</span> <span data-sentence-id=\"565#8:1\"><span class=\"snr noprint\">1</span>Christ’s vision is the holy ground in which the lilies of forgiveness set their roots.</span> <span data-sentence-id=\"565#8:2\"><span class=\"snr\">2</span>This is their home.</span> <span data-sentence-id=\"565#8:3\"><span class=\"snr\">3</span>They can be brought from here back to the world, but they can never grow in its unnourishing and shallow soil.</span> <span data-sentence-id=\"565#8:4\"><span class=\"snr\">4</span>They need the light and warmth and kindly care Christ’s charity provides.</span> <span data-sentence-id=\"565#8:5\"><span class=\"snr\">5</span>They need the love with which He looks on them.</span> <span data-sentence-id=\"565#8:6\"><span class=\"snr\">6</span>And they become His messengers, who give as they received.</span></p></div> <div data-paragraph-id=\"565#9\"><p class=\"p-normal\"><span class=\"pnr\">9.</span> <span data-sentence-id=\"565#9:1\"><span class=\"snr noprint\">1</span>Take from His storehouse, that its treasures may increase.</span> <span data-sentence-id=\"565#9:2\"><span class=\"snr\">2</span>His lilies do not leave their home when they are carried back into the world.</span> <span data-sentence-id=\"565#9:3\"><span class=\"snr\">3</span>Their roots remain.</span> <span data-sentence-id=\"565#9:4\"><span class=\"snr\">4</span>They do not leave their source, but carry its beneficence with them, and turn the world into a garden like the one they came from, and to which they go again with added fragrance.</span> <span data-sentence-id=\"565#9:5\"><span class=\"snr\">5</span>Now are they twice blessed.</span> <span data-sentence-id=\"565#9:6\"><span class=\"snr\">6</span>The messages they brought from Christ have been delivered, and returned to them.</span> <span data-sentence-id=\"565#9:7\"><span class=\"snr\">7</span>And they return them gladly unto Him.</span></p></div> <div data-paragraph-id=\"565#10\"><p class=\"p-normal\"><span class=\"pnr\">10.</span> <span data-sentence-id=\"565#10:1\"><span class=\"snr noprint\">1</span>Behold the store of miracles set out for you to give.</span> <span data-sentence-id=\"565#10:2\"><span class=\"snr\">2</span>Are you not worth the gift, when God appointed it be given you?</span> <span data-sentence-id=\"565#10:3\"><span class=\"snr\">3</span>Judge not God’s Son, but follow in the way He has established.</span> <span data-sentence-id=\"565#10:4\"><span class=\"snr\">4</span>Christ has dreamed the dream of a forgiven world.</span> <span data-sentence-id=\"565#10:5\"><span class=\"snr\">5</span>It is His gift, whereby a sweet transition can be made from death to life; from hopelessness to hope.</span> <span data-sentence-id=\"565#10:6\"><span class=\"snr\">6</span>Let us an instant dream with Him.</span> <span data-sentence-id=\"565#10:7\"><span class=\"snr\">7</span>His dream awakens us to truth.</span> <span data-sentence-id=\"565#10:8\"><span class=\"snr\">8</span>His vision gives the means for a return to our unlost and everlasting sanctity in God.</span></p></div> </div>","firstWords":"No one can give what he has not received. To give a thing requires first you have it in your own possession. Here the laws of Heaven and the world agree. But here they also separate. The world","contentType":"acim-content","seoTitle":"Lesson 159: I give the miracles I have received | ACIM","seoDescription":"✨ A Course in Miracles with 🎧 Audio! Read and listen to Lesson 159 “I give the miracles I have received”: No one can give what he has not received. To give a thing requires first you…","desktopBreadcrumbs":[{"label":"Workbook","leadsTo":{"locale":"en","sectionId":401,"slugs":["workbook","introduction"],"forceToc":true}},{"label":"Part I","leadsTo":{"locale":"en","sectionId":403,"slugs":["lesson-1","nothing-i-see-means-anything"],"forceToc":true}},{"label":"Lesson 159","leadsTo":{"locale":"en","sectionId":565,"slugs":["lesson-159","i-give-the-miracles-i-have-received"]}}],"mobileBreadcrumbs":[{"label":"Workbook","leadsTo":{"locale":"en","sectionId":401,"slugs":["workbook","introduction"],"forceToc":true}},{"label":"Part I","leadsTo":{"locale":"en","sectionId":403,"slugs":["lesson-1","nothing-i-see-means-anything"],"forceToc":true}},{"label":"Lesson 159","leadsTo":{"locale":"en","sectionId":565,"slugs":["lesson-159","i-give-the-miracles-i-have-received"]}}],"seoBreadcrumbs":[{"label":"A Course in Miracles","leadsTo":"dashboard"},{"label":"Workbook","leadsTo":{"locale":"en","sectionId":401,"slugs":["workbook","introduction"],"forceToc":true}},{"label":"Part I","leadsTo":{"locale":"en","sectionId":403,"slugs":["lesson-1","nothing-i-see-means-anything"],"forceToc":true}},{"label":"Lesson 159","leadsTo":{"locale":"en","sectionId":565,"slugs":["lesson-159","i-give-the-miracles-i-have-received"]}}],"slugs":["lesson-159","i-give-the-miracles-i-have-received"],"canonicalLink":"https://acim.org/acim/lesson-159/i-give-the-miracles-i-have-received/en/s/565","link":"https://acim.org/acim/lesson-159/i-give-the-miracles-i-have-received/en/s/565","shortLink":"https://acim.org/acim/en/s/565","previousSectionId":564,"previousSectionSlugs":["lesson-158","today-i-learn-to-give-as-i-receive"],"previousSectionLink":"https://acim.org/acim/lesson-158/today-i-learn-to-give-as-i-receive/en/s/564","nextSectionId":566,"nextSectionSlugs":["lesson-160","i-am-at-home-fear-is-the-stranger-here"],"nextSectionLink":"https://acim.org/acim/lesson-160/i-am-at-home-fear-is-the-stranger-here/en/s/566","hreflangLinks":[{"hrefLang":"en","link":"https://acim.org/acim/en/s/565"}]}