{"sectionId":568,"sectionIdLiteral":"568","humanId":"lesson-162","volumeId":"workbook","locale":"en","titleInfo":{"title":"I am as God created me.","ownlineNumber":"Lesson 162"},"annotation":"W-162","bodyHtml":"<div class=\"acim-text lesson-162\"> <div data-paragraph-id=\"568#1\"><p class=\"p-normal\"><span class=\"pnr\">1.</span> <span data-sentence-id=\"568#1:1\"><span class=\"snr noprint\">1</span>This single thought, held firmly in the mind, would save the world.</span> <span data-sentence-id=\"568#1:2\"><span class=\"snr\">2</span>From time to time we will repeat it, as we reach another stage in learning.</span> <span data-sentence-id=\"568#1:3\"><span class=\"snr\">3</span>It will mean far more to you as you advance.</span> <span data-sentence-id=\"568#1:4\"><span class=\"snr\">4</span>These words are sacred, for they are the words God gave in answer to the world you made.</span> <span data-sentence-id=\"568#1:5\"><span class=\"snr\">5</span>By them it disappears, and all things seen within its misty clouds and vaporous illusions vanish as these words are spoken.</span> <span data-sentence-id=\"568#1:6\"><span class=\"snr\">6</span>For they come from God.</span></p></div> <div data-paragraph-id=\"568#2\"><p class=\"p-normal\"><span class=\"pnr\">2.</span> <span data-sentence-id=\"568#2:1\"><span class=\"snr noprint\">1</span>Here is the Word by which the Son became his Father’s happiness, His Love and His completion.</span> <span data-sentence-id=\"568#2:2\"><span class=\"snr\">2</span>Here creation is proclaimed, and honored as it is.</span> <span data-sentence-id=\"568#2:3\"><span class=\"snr\">3</span>There is no dream these words will not dispel; no thought of sin and no illusion which the dream contains that will not fade away before their might.</span> <span data-sentence-id=\"568#2:4\"><span class=\"snr\">4</span>They are the trumpet of awakening that sounds around the world.</span> <span data-sentence-id=\"568#2:5\"><span class=\"snr\">5</span>The dead awake in answer to its call.</span> <span data-sentence-id=\"568#2:6\"><span class=\"snr\">6</span>And those who live and hear this sound will never look on death.</span></p></div> <div data-paragraph-id=\"568#3\"><p class=\"p-normal\"><span class=\"pnr\">3.</span> <span data-sentence-id=\"568#3:1\"><span class=\"snr noprint\">1</span>Holy indeed is he who makes these words his own; arising with them in his mind, recalling them throughout the day, at night bringing them with him as he goes to sleep.</span> <span data-sentence-id=\"568#3:2\"><span class=\"snr\">2</span>His dreams are happy and his rest secure, his safety certain and his body healed, because he sleeps and wakens with the truth before him always.</span> <span data-sentence-id=\"568#3:3\"><span class=\"snr\">3</span>He will save the world, because he gives the world what he receives each time he practices the words of truth.</span></p></div> <div data-paragraph-id=\"568#4\"><p class=\"p-normal\"><span class=\"pnr\">4.</span> <span data-sentence-id=\"568#4:1\"><span class=\"snr noprint\">1</span>Today we practice simply.</span> <span data-sentence-id=\"568#4:2\"><span class=\"snr\">2</span>For the words we use are mighty, and they need no thoughts beyond themselves to change the mind of him who uses them.</span> <span data-sentence-id=\"568#4:3\"><span class=\"snr\">3</span>So wholly is it changed that it is now the treasury in which God places all His gifts and all His Love, to be distributed to all the world, increased in giving; kept complete because its sharing is unlimited.</span> <span data-sentence-id=\"568#4:4\"><span class=\"snr\">4</span>And thus you learn to think with God.</span> <span data-sentence-id=\"568#4:5\"><span class=\"snr\">5</span>Christ’s vision has restored your sight by salvaging your mind.</span></p></div> <div data-paragraph-id=\"568#5\"><p class=\"p-normal\"><span class=\"pnr\">5.</span> <span data-sentence-id=\"568#5:1\"><span class=\"snr noprint\">1</span>We honor you today.</span> <span data-sentence-id=\"568#5:2\"><span class=\"snr\">2</span>Yours is the right to perfect holiness you now accept.</span> <span data-sentence-id=\"568#5:3\"><span class=\"snr\">3</span>With this acceptance is salvation brought to everyone, for who could cherish sin when holiness like this has blessed the world?</span> <span data-sentence-id=\"568#5:4\"><span class=\"snr\">4</span>Who could despair when perfect joy is yours, available to all as remedy for grief and misery, all sense of loss, and for complete escape from sin and guilt?</span></p></div> <div data-paragraph-id=\"568#6\"><p class=\"p-normal\"><span class=\"pnr\">6.</span> <span data-sentence-id=\"568#6:1\"><span class=\"snr noprint\">1</span>And who would not be brother to you now; you, his redeemer and his savior.</span> <span data-sentence-id=\"568#6:2\"><span class=\"snr\">2</span>Who could fail to welcome you into his heart with loving invitation, eager to unite with one like him in holiness?</span> <span data-sentence-id=\"568#6:3\"><span class=\"snr\">3</span>You are as God created you.</span> <span data-sentence-id=\"568#6:4\"><span class=\"snr\">4</span>These words dispel the night, and darkness is no more.</span> <span data-sentence-id=\"568#6:5\"><span class=\"snr\">5</span>The light is come today to bless the world.</span> <span data-sentence-id=\"568#6:6\"><span class=\"snr\">6</span>For you have recognized the Son of God, and in that recognition is the world’s.</span></p></div> </div>","firstWords":"This single thought, held firmly in the mind, would save the world. From time to time we will repeat it, as we reach another stage in learning. It will mean far more to you as you advance. These","contentType":"acim-content","seoTitle":"Lesson 162: I am as God created me | ACIM","seoDescription":"✨ A Course in Miracles with 🎧 Audio! Read and listen to Lesson 162 “I am as God created me”: This single thought, held firmly in the mind, would save the world. From time to time we…","desktopBreadcrumbs":[{"label":"Workbook","leadsTo":{"locale":"en","sectionId":401,"slugs":["workbook","introduction"],"forceToc":true}},{"label":"Part I","leadsTo":{"locale":"en","sectionId":403,"slugs":["lesson-1","nothing-i-see-means-anything"],"forceToc":true}},{"label":"Lesson 162","leadsTo":{"locale":"en","sectionId":568,"slugs":["lesson-162","i-am-as-god-created-me"]}}],"mobileBreadcrumbs":[{"label":"Workbook","leadsTo":{"locale":"en","sectionId":401,"slugs":["workbook","introduction"],"forceToc":true}},{"label":"Part I","leadsTo":{"locale":"en","sectionId":403,"slugs":["lesson-1","nothing-i-see-means-anything"],"forceToc":true}},{"label":"Lesson 162","leadsTo":{"locale":"en","sectionId":568,"slugs":["lesson-162","i-am-as-god-created-me"]}}],"seoBreadcrumbs":[{"label":"A Course in Miracles","leadsTo":"dashboard"},{"label":"Workbook","leadsTo":{"locale":"en","sectionId":401,"slugs":["workbook","introduction"],"forceToc":true}},{"label":"Part I","leadsTo":{"locale":"en","sectionId":403,"slugs":["lesson-1","nothing-i-see-means-anything"],"forceToc":true}},{"label":"Lesson 162","leadsTo":{"locale":"en","sectionId":568,"slugs":["lesson-162","i-am-as-god-created-me"]}}],"slugs":["lesson-162","i-am-as-god-created-me"],"canonicalLink":"https://acim.org/acim/lesson-162/i-am-as-god-created-me/en/s/568","link":"https://acim.org/acim/lesson-162/i-am-as-god-created-me/en/s/568","shortLink":"https://acim.org/acim/en/s/568","previousSectionId":567,"previousSectionSlugs":["lesson-161","give-me-your-blessing-holy-son-of-god"],"previousSectionLink":"https://acim.org/acim/lesson-161/give-me-your-blessing-holy-son-of-god/en/s/567","nextSectionId":569,"nextSectionSlugs":["lesson-163","there-is-no-death-the-son-of-god-is-free"],"nextSectionLink":"https://acim.org/acim/lesson-163/there-is-no-death-the-son-of-god-is-free/en/s/569","hreflangLinks":[{"hrefLang":"en","link":"https://acim.org/acim/en/s/568"}]}