{"sectionId":569,"sectionIdLiteral":"569","humanId":"lesson-163","volumeId":"workbook","locale":"en","titleInfo":{"title":"There is no death. The Son of God is free.","ownlineNumber":"Lesson 163"},"annotation":"W-163","bodyHtml":"<div class=\"acim-text lesson-163\"> <div data-paragraph-id=\"569#1\"><p class=\"p-normal\"><span class=\"pnr\">1.</span> <span data-sentence-id=\"569#1:1\"><span class=\"snr noprint\">1</span>Death is a thought that takes on many forms, often unrecognized.</span> <span data-sentence-id=\"569#1:2\"><span class=\"snr\">2</span>It may appear as sadness, fear, anxiety or doubt; as anger, faithlessness and lack of trust; concern for bodies, envy, and all forms in which the wish to be as you are not may come to tempt you.</span> <span data-sentence-id=\"569#1:3\"><span class=\"snr\">3</span>All such thoughts are but reflections of the worshipping of death as savior and as giver of release.</span></p></div> <div data-paragraph-id=\"569#2\"><p class=\"p-normal\"><span class=\"pnr\">2.</span> <span data-sentence-id=\"569#2:1\"><span class=\"snr noprint\">1</span>Embodiment of fear, the host of sin, god of the guilty and the lord of all illusions and deceptions, does the thought of death seem mighty.</span> <span data-sentence-id=\"569#2:2\"><span class=\"snr\">2</span>For it seems to hold all living things within its withered hand; all hopes and wishes in its blighting grasp; all goals perceived but in its sightless eyes.</span> <span data-sentence-id=\"569#2:3\"><span class=\"snr\">3</span>The frail, the helpless and the sick bow down before its image, thinking it alone is real, inevitable, worthy of their trust.</span> <span data-sentence-id=\"569#2:4\"><span class=\"snr\">4</span>For it alone will surely come.</span></p></div> <div data-paragraph-id=\"569#3\"><p class=\"p-normal\"><span class=\"pnr\">3.</span> <span data-sentence-id=\"569#3:1\"><span class=\"snr noprint\">1</span>All things but death are seen to be unsure, too quickly lost however hard to gain, uncertain in their outcome, apt to fail the hopes they once engendered, and to leave the taste of dust and ashes in their wake, in place of aspirations and of dreams.</span> <span data-sentence-id=\"569#3:2\"><span class=\"snr\">2</span>But death is counted on.</span> <span data-sentence-id=\"569#3:3\"><span class=\"snr\">3</span>For it will come with certain footsteps when the time has come for its arrival.</span> <span data-sentence-id=\"569#3:4\"><span class=\"snr\">4</span>It will never fail to take all life as hostage to itself.</span></p></div> <div data-paragraph-id=\"569#4\"><p class=\"p-normal\"><span class=\"pnr\">4.</span> <span data-sentence-id=\"569#4:1\"><span class=\"snr noprint\">1</span>Would you bow down to idols such as this?</span> <span data-sentence-id=\"569#4:2\"><span class=\"snr\">2</span>Here is the strength and might of God Himself perceived within an idol made of dust.</span> <span data-sentence-id=\"569#4:3\"><span class=\"snr\">3</span>Here is the opposite of God proclaimed as lord of all creation, stronger than God’s Will for life, the endlessness of love and Heaven’s perfect, changeless constancy.</span> <span data-sentence-id=\"569#4:4\"><span class=\"snr\">4</span>Here is the Will of Father and of Son defeated finally, and laid to rest beneath the headstone death has placed upon the body of the holy Son of God.</span></p></div> <div data-paragraph-id=\"569#5\"><p class=\"p-normal\"><span class=\"pnr\">5.</span> <span data-sentence-id=\"569#5:1\"><span class=\"snr noprint\">1</span>Unholy in defeat, he has become what death would have him be.</span> <span data-sentence-id=\"569#5:2\"><span class=\"snr\">2</span>His epitaph, which death itself has written, gives no name to him, for he has passed to dust.</span> <span data-sentence-id=\"569#5:3\"><span class=\"snr\">3</span>It says but this: “Here lies a witness God is dead.”</span> <span data-sentence-id=\"569#5:4\"><span class=\"snr\">4</span>And this it writes again and still again, while all the while its worshippers agree, and kneeling down with foreheads to the ground, they whisper fearfully that it is so.</span></p></div> <div data-paragraph-id=\"569#6\"><p class=\"p-normal\"><span class=\"pnr\">6.</span> <span data-sentence-id=\"569#6:1\"><span class=\"snr noprint\">1</span>It is impossible to worship death in any form, and still select a few you would not cherish and would yet avoid, while still believing in the rest.</span> <span data-sentence-id=\"569#6:2\"><span class=\"snr\">2</span>For death is total.</span> <span data-sentence-id=\"569#6:3\"><span class=\"snr\">3</span>Either all things die, or else they live and cannot die.</span> <span data-sentence-id=\"569#6:4\"><span class=\"snr\">4</span>No compromise is possible.</span> <span data-sentence-id=\"569#6:5\"><span class=\"snr\">5</span>For here again we see an obvious position, which we must accept if we be sane; what contradicts one thought entirely can not be true, unless its opposite is proven false.</span></p></div> <div data-paragraph-id=\"569#7\"><p class=\"p-normal\"><span class=\"pnr\">7.</span> <span data-sentence-id=\"569#7:1\"><span class=\"snr noprint\">1</span>The idea of the death of God is so preposterous that even the insane have difficulty in believing it.</span> <span data-sentence-id=\"569#7:2\"><span class=\"snr\">2</span>For it implies that God was once alive and somehow perished; killed, apparently, by those who did not want Him to survive.</span> <span data-sentence-id=\"569#7:3\"><span class=\"snr\">3</span>Their stronger will could triumph over His, and so eternal life gave way to death.</span> <span data-sentence-id=\"569#7:4\"><span class=\"snr\">4</span>And with the Father died the Son as well.</span></p></div> <div data-paragraph-id=\"569#8\"><p class=\"p-normal\"><span class=\"pnr\">8.</span> <span data-sentence-id=\"569#8:1\"><span class=\"snr noprint\">1</span>Death’s worshippers may be afraid.</span> <span data-sentence-id=\"569#8:2\"><span class=\"snr\">2</span>And yet, can thoughts like these be fearful?</span> <span data-sentence-id=\"569#8:3\"><span class=\"snr\">3</span>If they saw that it is only this which they believe, they would be instantly released.</span> <span data-sentence-id=\"569#8:4\"><span class=\"snr\">4</span>And you will show them this today.</span> <span data-sentence-id=\"569#8:5\"><span class=\"snr\">5</span>There is no death, and we renounce it now in every form, for their salvation and our own as well.</span> <span data-sentence-id=\"569#8:6\"><span class=\"snr\">6</span>God made not death.</span> <span data-sentence-id=\"569#8:7\"><span class=\"snr\">7</span>Whatever form it takes must therefore be illusion.</span> <span data-sentence-id=\"569#8:8\"><span class=\"snr\">8</span>This the stand we take today.</span> <span data-sentence-id=\"569#8:9\"><span class=\"snr\">9</span>And it is given us to look past death, and see the life beyond.</span></p></div> <div data-paragraph-id=\"569#9\"><p class=\"p-italic\"><span class=\"pnr\">9.</span> <span data-sentence-id=\"569#9:1\"><span class=\"snr noprint\">1</span>Our Father, bless our eyes today.</span> <span data-sentence-id=\"569#9:2\"><span class=\"snr\">2</span>We are Your messengers, and we would look upon the glorious reflection of Your Love which shines in everything.</span> <span data-sentence-id=\"569#9:3\"><span class=\"snr\">3</span>We live and move in You alone.</span> <span data-sentence-id=\"569#9:4\"><span class=\"snr\">4</span>We are not separate from Your eternal life.</span> <span data-sentence-id=\"569#9:5\"><span class=\"snr\">5</span>There is no death, for death is not Your Will.</span> <span data-sentence-id=\"569#9:6\"><span class=\"snr\">6</span>And we abide where You have placed us, in the life we share with You and with all living things, to be like You and part of You forever.</span> <span data-sentence-id=\"569#9:7\"><span class=\"snr\">7</span>We accept Your Thoughts as ours, and our will is one with Yours eternally.</span> <span data-sentence-id=\"569#9:8\"><span class=\"snr\">8</span>Amen.</span></p></div> </div>","firstWords":"Death is a thought that takes on many forms, often unrecognized. It may appear as sadness, fear, anxiety or doubt; as anger, faithlessness and lack of trust; concern for bodies, envy, and all forms","contentType":"acim-content","seoTitle":"Lesson 163: There is no death. The Son of God… | ACIM","seoDescription":"✨ A Course in Miracles with 🎧 Audio! Read and listen to Lesson 163 “There is no death. The Son of God is free”: Death is a thought that takes on many forms, often unrecognized. It may…","desktopBreadcrumbs":[{"label":"Workbook","leadsTo":{"locale":"en","sectionId":401,"slugs":["workbook","introduction"],"forceToc":true}},{"label":"Part I","leadsTo":{"locale":"en","sectionId":403,"slugs":["lesson-1","nothing-i-see-means-anything"],"forceToc":true}},{"label":"Lesson 163","leadsTo":{"locale":"en","sectionId":569,"slugs":["lesson-163","there-is-no-death-the-son-of-god-is-free"]}}],"mobileBreadcrumbs":[{"label":"Workbook","leadsTo":{"locale":"en","sectionId":401,"slugs":["workbook","introduction"],"forceToc":true}},{"label":"Part I","leadsTo":{"locale":"en","sectionId":403,"slugs":["lesson-1","nothing-i-see-means-anything"],"forceToc":true}},{"label":"Lesson 163","leadsTo":{"locale":"en","sectionId":569,"slugs":["lesson-163","there-is-no-death-the-son-of-god-is-free"]}}],"seoBreadcrumbs":[{"label":"A Course in Miracles","leadsTo":"dashboard"},{"label":"Workbook","leadsTo":{"locale":"en","sectionId":401,"slugs":["workbook","introduction"],"forceToc":true}},{"label":"Part I","leadsTo":{"locale":"en","sectionId":403,"slugs":["lesson-1","nothing-i-see-means-anything"],"forceToc":true}},{"label":"Lesson 163","leadsTo":{"locale":"en","sectionId":569,"slugs":["lesson-163","there-is-no-death-the-son-of-god-is-free"]}}],"slugs":["lesson-163","there-is-no-death-the-son-of-god-is-free"],"canonicalLink":"https://acim.org/acim/lesson-163/there-is-no-death-the-son-of-god-is-free/en/s/569","link":"https://acim.org/acim/lesson-163/there-is-no-death-the-son-of-god-is-free/en/s/569","shortLink":"https://acim.org/acim/en/s/569","previousSectionId":568,"previousSectionSlugs":["lesson-162","i-am-as-god-created-me"],"previousSectionLink":"https://acim.org/acim/lesson-162/i-am-as-god-created-me/en/s/568","nextSectionId":570,"nextSectionSlugs":["lesson-164","now-are-we-one-with-him-who-is-our-source"],"nextSectionLink":"https://acim.org/acim/lesson-164/now-are-we-one-with-him-who-is-our-source/en/s/570","hreflangLinks":[{"hrefLang":"en","link":"https://acim.org/acim/en/s/569"}]}