{"sectionId":574,"sectionIdLiteral":"574","humanId":"lesson-168","volumeId":"workbook","locale":"en","titleInfo":{"title":"Your grace is given me. I claim it now.","ownlineNumber":"Lesson 168"},"annotation":"W-168","bodyHtml":"<div class=\"acim-text lesson-168\"> <div data-paragraph-id=\"574#1\"><p class=\"p-normal\"><span class=\"pnr\">1.</span> <span data-sentence-id=\"574#1:1\"><span class=\"snr noprint\">1</span>God speaks to us.</span> <span data-sentence-id=\"574#1:2\"><span class=\"snr\">2</span>Shall we not speak to Him?</span> <span data-sentence-id=\"574#1:3\"><span class=\"snr\">3</span>He is not distant.</span> <span data-sentence-id=\"574#1:4\"><span class=\"snr\">4</span>He makes no attempt to hide from us.</span> <span data-sentence-id=\"574#1:5\"><span class=\"snr\">5</span>We try to hide from Him, and suffer from deception.</span> <span data-sentence-id=\"574#1:6\"><span class=\"snr\">6</span>He remains entirely accessible.</span> <span data-sentence-id=\"574#1:7\"><span class=\"snr\">7</span>He loves His Son.</span> <span data-sentence-id=\"574#1:8\"><span class=\"snr\">8</span>There is no certainty but this, yet this suffices.</span> <span data-sentence-id=\"574#1:9\"><span class=\"snr\">9</span>He will love His Son forever.</span> <span data-sentence-id=\"574#1:10\"><span class=\"snr\">10</span>When his mind remains asleep, He loves him still.</span> <span data-sentence-id=\"574#1:11\"><span class=\"snr\">11</span>And when his mind awakes, He loves him with a never-changing Love.</span></p></div> <div data-paragraph-id=\"574#2\"><p class=\"p-normal\"><span class=\"pnr\">2.</span> <span data-sentence-id=\"574#2:1\"><span class=\"snr noprint\">1</span>If you but knew the meaning of His Love, hope and despair would be impossible.</span> <span data-sentence-id=\"574#2:2\"><span class=\"snr\">2</span>For hope would be forever satisfied; despair of any kind unthinkable.</span> <span data-sentence-id=\"574#2:3\"><span class=\"snr\">3</span>His grace His answer is to all despair, for in it lies remembrance of His Love.</span> <span data-sentence-id=\"574#2:4\"><span class=\"snr\">4</span>Would He not gladly give the means by which His Will is recognized?</span> <span data-sentence-id=\"574#2:5\"><span class=\"snr\">5</span>His grace is yours by your acknowledgment.</span> <span data-sentence-id=\"574#2:6\"><span class=\"snr\">6</span>And memory of Him awakens in the mind that asks the means of Him whereby its sleep is done.</span></p></div> <div data-paragraph-id=\"574#3\"><p class=\"p-normal\"><span class=\"pnr\">3.</span> <span data-sentence-id=\"574#3:1\"><span class=\"snr noprint\">1</span>Today we ask of God the gift He has most carefully preserved within our hearts, waiting to be acknowledged.</span> <span data-sentence-id=\"574#3:2\"><span class=\"snr\">2</span>This the gift by which God leans to us and lifts us up, taking salvation’s final step Himself.</span> <span data-sentence-id=\"574#3:3\"><span class=\"snr\">3</span>All steps but this we learn, instructed by His Voice.</span> <span data-sentence-id=\"574#3:4\"><span class=\"snr\">4</span>But finally He comes Himself, and takes us in His Arms and sweeps away the cobwebs of our sleep.</span> <span data-sentence-id=\"574#3:5\"><span class=\"snr\">5</span>His gift of grace is more than just an answer.</span> <span data-sentence-id=\"574#3:6\"><span class=\"snr\">6</span>It restores all memories the sleeping mind forgot; all certainty of what Love’s meaning is.</span></p></div> <div data-paragraph-id=\"574#4\"><p class=\"p-normal\"><span class=\"pnr\">4.</span> <span data-sentence-id=\"574#4:1\"><span class=\"snr noprint\">1</span>God loves His Son.</span> <span data-sentence-id=\"574#4:2\"><span class=\"snr\">2</span>Request Him now to give the means by which this world will disappear, and vision first will come, with knowledge but an instant later.</span> <span data-sentence-id=\"574#4:3\"><span class=\"snr\">3</span>For in grace you see a light that covers all the world in love, and watch fear disappear from every face as hearts rise up and claim the light as theirs.</span> <span data-sentence-id=\"574#4:4\"><span class=\"snr\">4</span>What now remains that Heaven be delayed an instant longer?</span> <span data-sentence-id=\"574#4:5\"><span class=\"snr\">5</span>What is still undone when your forgiveness rests on everything?</span></p></div> <div data-paragraph-id=\"574#5\"><p class=\"p-normal\"><span class=\"pnr\">5.</span> <span data-sentence-id=\"574#5:1\"><span class=\"snr noprint\">1</span>It is a new and holy day today, for we receive what has been given us.</span> <span data-sentence-id=\"574#5:2\"><span class=\"snr\">2</span>Our faith lies in the Giver, not our own acceptance.</span> <span data-sentence-id=\"574#5:3\"><span class=\"snr\">3</span>We acknowledge our mistakes, but He to Whom all error is unknown is yet the One Who answers our mistakes by giving us the means to lay them down, and rise to Him in gratitude and love.</span></p></div> <div data-paragraph-id=\"574#6\"><p class=\"p-normal\"><span class=\"pnr\">6.</span> <span data-sentence-id=\"574#6:1\"><span class=\"snr noprint\">1</span>And He descends to meet us, as we come to Him.</span> <span data-sentence-id=\"574#6:2\"><span class=\"snr\">2</span>For what He has prepared for us He gives and we receive.</span> <span data-sentence-id=\"574#6:3\"><span class=\"snr\">3</span>Such is His Will, because He loves His Son.</span> <span data-sentence-id=\"574#6:4\"><span class=\"snr\">4</span>To Him we pray today, returning but the word He gave to us through His Own Voice, His Word, His Love:</span></p> <p class=\"p-prayer\"><span data-sentence-id=\"574#6:5\"><span class=\"snr\">5</span>Your grace is given me.</span> <span data-sentence-id=\"574#6:6\"><span class=\"snr\">6</span>I claim it now.</span> <span data-sentence-id=\"574#6:7\"><span class=\"snr\">7</span>Father, I come to You.</span> <span data-sentence-id=\"574#6:8\"><span class=\"snr\">8</span>And You will come to me who ask.</span> <span data-sentence-id=\"574#6:9\"><span class=\"snr\">9</span>I am the Son You love.</span></p></div> </div>","firstWords":"God speaks to us. Shall we not speak to Him? He is not distant. He makes no attempt to hide from us. We try to hide from Him, and suffer from deception. He remains entirely accessible. He loves His","contentType":"acim-content","seoTitle":"Lesson 168: Your grace is given me. I claim it… | ACIM","seoDescription":"✨ A Course in Miracles with 🎧 Audio! Read and listen to Lesson 168 “Your grace is given me. I claim it now”: God speaks to us. Shall we not speak to Him? He is not distant. He makes no…","desktopBreadcrumbs":[{"label":"Workbook","leadsTo":{"locale":"en","sectionId":401,"slugs":["workbook","introduction"],"forceToc":true}},{"label":"Part I","leadsTo":{"locale":"en","sectionId":403,"slugs":["lesson-1","nothing-i-see-means-anything"],"forceToc":true}},{"label":"Lesson 168","leadsTo":{"locale":"en","sectionId":574,"slugs":["lesson-168","your-grace-is-given-me-i-claim-it-now"]}}],"mobileBreadcrumbs":[{"label":"Workbook","leadsTo":{"locale":"en","sectionId":401,"slugs":["workbook","introduction"],"forceToc":true}},{"label":"Part I","leadsTo":{"locale":"en","sectionId":403,"slugs":["lesson-1","nothing-i-see-means-anything"],"forceToc":true}},{"label":"Lesson 168","leadsTo":{"locale":"en","sectionId":574,"slugs":["lesson-168","your-grace-is-given-me-i-claim-it-now"]}}],"seoBreadcrumbs":[{"label":"A Course in Miracles","leadsTo":"dashboard"},{"label":"Workbook","leadsTo":{"locale":"en","sectionId":401,"slugs":["workbook","introduction"],"forceToc":true}},{"label":"Part I","leadsTo":{"locale":"en","sectionId":403,"slugs":["lesson-1","nothing-i-see-means-anything"],"forceToc":true}},{"label":"Lesson 168","leadsTo":{"locale":"en","sectionId":574,"slugs":["lesson-168","your-grace-is-given-me-i-claim-it-now"]}}],"slugs":["lesson-168","your-grace-is-given-me-i-claim-it-now"],"canonicalLink":"https://acim.org/acim/lesson-168/your-grace-is-given-me-i-claim-it-now/en/s/574","link":"https://acim.org/acim/lesson-168/your-grace-is-given-me-i-claim-it-now/en/s/574","shortLink":"https://acim.org/acim/en/s/574","previousSectionId":573,"previousSectionSlugs":["lesson-167","there-is-one-life-and-that-i-share-with-god"],"previousSectionLink":"https://acim.org/acim/lesson-167/there-is-one-life-and-that-i-share-with-god/en/s/573","nextSectionId":575,"nextSectionSlugs":["lesson-169","by-grace-i-live-by-grace-i-am-released"],"nextSectionLink":"https://acim.org/acim/lesson-169/by-grace-i-live-by-grace-i-am-released/en/s/575","hreflangLinks":[{"hrefLang":"en","link":"https://acim.org/acim/en/s/574"}]}