{"sectionId":575,"sectionIdLiteral":"575","humanId":"lesson-169","volumeId":"workbook","locale":"en","titleInfo":{"title":"By grace I live. By grace I am released.","ownlineNumber":"Lesson 169"},"annotation":"W-169","bodyHtml":"<div class=\"acim-text lesson-169\"> <div data-paragraph-id=\"575#1\"><p class=\"p-normal\"><span class=\"pnr\">1.</span> <span data-sentence-id=\"575#1:1\"><span class=\"snr noprint\">1</span>Grace is an aspect of the Love of God which is most like the state prevailing in the unity of truth.</span> <span data-sentence-id=\"575#1:2\"><span class=\"snr\">2</span>It is the world’s most lofty aspiration, for it leads beyond the world entirely.</span> <span data-sentence-id=\"575#1:3\"><span class=\"snr\">3</span>It is past learning, yet the goal of learning, for grace cannot come until the mind prepares itself for true acceptance.</span> <span data-sentence-id=\"575#1:4\"><span class=\"snr\">4</span>Grace becomes inevitable instantly in those who have prepared a table where it can be gently laid and willingly received; an altar clean and holy for the gift.</span></p></div> <div data-paragraph-id=\"575#2\"><p class=\"p-normal\"><span class=\"pnr\">2.</span> <span data-sentence-id=\"575#2:1\"><span class=\"snr noprint\">1</span>Grace is acceptance of the Love of God within a world of seeming hate and fear.</span> <span data-sentence-id=\"575#2:2\"><span class=\"snr\">2</span>By grace alone the hate and fear are gone, for grace presents a state so opposite to everything the world contains, that those whose minds are lighted by the gift of grace can not believe the world of fear is real.</span></p></div> <div data-paragraph-id=\"575#3\"><p class=\"p-normal\"><span class=\"pnr\">3.</span> <span data-sentence-id=\"575#3:1\"><span class=\"snr noprint\">1</span>Grace is not learned.</span> <span data-sentence-id=\"575#3:2\"><span class=\"snr\">2</span>The final step must go beyond all learning.</span> <span data-sentence-id=\"575#3:3\"><span class=\"snr\">3</span>Grace is not the goal this course aspires to attain.</span> <span data-sentence-id=\"575#3:4\"><span class=\"snr\">4</span>Yet we prepare for grace in that an open mind can hear the Call to waken.</span> <span data-sentence-id=\"575#3:5\"><span class=\"snr\">5</span>It is not shut tight against God’s Voice.</span> <span data-sentence-id=\"575#3:6\"><span class=\"snr\">6</span>It has become aware that there are things it does not know, and thus is ready to accept a state completely different from experience with which it is familiarly at home.</span></p></div> <div data-paragraph-id=\"575#4\"><p class=\"p-normal\"><span class=\"pnr\">4.</span> <span data-sentence-id=\"575#4:1\"><span class=\"snr noprint\">1</span>We have perhaps appeared to contradict our statement that the revelation of the Father and the Son as one has been already set.</span> <span data-sentence-id=\"575#4:2\"><span class=\"snr\">2</span>But we have also said the mind determines when that time will be, and has determined it.</span> <span data-sentence-id=\"575#4:3\"><span class=\"snr\">3</span>And yet we urge you to bear witness to the Word of God to hasten the experience of truth, and speed its advent into every mind that recognizes truth’s effects on you.</span></p></div> <div data-paragraph-id=\"575#5\"><p class=\"p-normal\"><span class=\"pnr\">5.</span> <span data-sentence-id=\"575#5:1\"><span class=\"snr noprint\">1</span>Oneness is simply the idea God is.</span> <span data-sentence-id=\"575#5:2\"><span class=\"snr\">2</span>And in His Being, He encompasses all things.</span> <span data-sentence-id=\"575#5:3\"><span class=\"snr\">3</span>No mind holds anything but Him.</span> <span data-sentence-id=\"575#5:4\"><span class=\"snr\">4</span>We say “God is,” and then we cease to speak, for in that knowledge words are meaningless.</span> <span data-sentence-id=\"575#5:5\"><span class=\"snr\">5</span>There are no lips to speak them, and no part of mind sufficiently distinct to feel that it is now aware of something not itself.</span> <span data-sentence-id=\"575#5:6\"><span class=\"snr\">6</span>It has united with its Source.</span> <span data-sentence-id=\"575#5:7\"><span class=\"snr\">7</span>And like its Source Itself, it merely is.</span></p></div> <div data-paragraph-id=\"575#6\"><p class=\"p-normal\"><span class=\"pnr\">6.</span> <span data-sentence-id=\"575#6:1\"><span class=\"snr noprint\">1</span>We cannot speak nor write nor even think of this at all.</span> <span data-sentence-id=\"575#6:2\"><span class=\"snr\">2</span>It comes to every mind when total recognition that its will is God’s has been completely given and received completely.</span> <span data-sentence-id=\"575#6:3\"><span class=\"snr\">3</span>It returns the mind into the endless present, where the past and future cannot be conceived.</span> <span data-sentence-id=\"575#6:4\"><span class=\"snr\">4</span>It lies beyond salvation; past all thought of time, forgiveness and the holy face of Christ.</span> <span data-sentence-id=\"575#6:5\"><span class=\"snr\">5</span>The Son of God has merely disappeared into his Father, as his Father has in him.</span> <span data-sentence-id=\"575#6:6\"><span class=\"snr\">6</span>The world has never been at all.</span> <span data-sentence-id=\"575#6:7\"><span class=\"snr\">7</span>Eternity remains a constant state.</span></p></div> <div data-paragraph-id=\"575#7\"><p class=\"p-normal\"><span class=\"pnr\">7.</span> <span data-sentence-id=\"575#7:1\"><span class=\"snr noprint\">1</span>This is beyond experience we try to hasten.</span> <span data-sentence-id=\"575#7:2\"><span class=\"snr\">2</span>Yet forgiveness, taught and learned, brings with it the experiences which bear witness that the time the mind itself determined to abandon all but this is now at hand.</span> <span data-sentence-id=\"575#7:3\"><span class=\"snr\">3</span>We do not hasten it, in that what you will offer was concealed from Him Who teaches what forgiveness means.</span></p></div> <div data-paragraph-id=\"575#8\"><p class=\"p-normal\"><span class=\"pnr\">8.</span> <span data-sentence-id=\"575#8:1\"><span class=\"snr noprint\">1</span>All learning was already in His Mind, accomplished and complete.</span> <span data-sentence-id=\"575#8:2\"><span class=\"snr\">2</span>He recognized all that time holds, and gave it to all minds that each one might determine, from a point where time was ended, when it is released to revelation and eternity.</span> <span data-sentence-id=\"575#8:3\"><span class=\"snr\">3</span>We have repeated several times before that you but make a journey that is done.</span></p></div> <div data-paragraph-id=\"575#9\"><p class=\"p-normal\"><span class=\"pnr\">9.</span> <span data-sentence-id=\"575#9:1\"><span class=\"snr noprint\">1</span>For oneness must be here.</span> <span data-sentence-id=\"575#9:2\"><span class=\"snr\">2</span>Whatever time the mind has set for revelation is entirely irrelevant to what must be a constant state, forever as it always was; forever to remain as it is now.</span> <span data-sentence-id=\"575#9:3\"><span class=\"snr\">3</span>We merely take the part assigned long since, and fully recognized as perfectly fulfilled by Him Who wrote salvation’s script in His Creator’s Name, and in the Name of His Creator’s Son.</span></p></div> <div data-paragraph-id=\"575#10\"><p class=\"p-normal\"><span class=\"pnr\">10.</span> <span data-sentence-id=\"575#10:1\"><span class=\"snr noprint\">1</span>There is no need to further clarify what no one in the world can understand.</span> <span data-sentence-id=\"575#10:2\"><span class=\"snr\">2</span>When revelation of your oneness comes, it will be known and fully understood.</span> <span data-sentence-id=\"575#10:3\"><span class=\"snr\">3</span>Now we have work to do, for those in time can speak of things beyond, and listen to words which explain what is to come is past already.</span> <span data-sentence-id=\"575#10:4\"><span class=\"snr\">4</span>Yet what meaning can the words convey to those who count the hours still, and rise and work and go to sleep by them?</span></p></div> <div data-paragraph-id=\"575#11\"><p class=\"p-normal\"><span class=\"pnr\">11.</span> <span data-sentence-id=\"575#11:1\"><span class=\"snr noprint\">1</span>Suffice it, then, that you have work to do to play your part.</span> <span data-sentence-id=\"575#11:2\"><span class=\"snr\">2</span>The ending must remain obscure to you until your part is done.</span> <span data-sentence-id=\"575#11:3\"><span class=\"snr\">3</span>It does not matter.</span> <span data-sentence-id=\"575#11:4\"><span class=\"snr\">4</span>For your part is still what all the rest depends on.</span> <span data-sentence-id=\"575#11:5\"><span class=\"snr\">5</span>As you take the role assigned to you, salvation comes a little nearer each uncertain heart that does not beat as yet in tune with God.</span></p></div> <div data-paragraph-id=\"575#12\"><p class=\"p-normal\"><span class=\"pnr\">12.</span> <span data-sentence-id=\"575#12:1\"><span class=\"snr noprint\">1</span>Forgiveness is the central theme that runs throughout salvation, holding all its parts in meaningful relationships, the course it runs directed and its outcome sure.</span> <span data-sentence-id=\"575#12:2\"><span class=\"snr\">2</span>And now we ask for grace, the final gift salvation can bestow.</span> <span data-sentence-id=\"575#12:3\"><span class=\"snr\">3</span>Experience that grace provides will end in time, for grace foreshadows Heaven, yet does not replace the thought of time but for a little while.</span></p></div> <div data-paragraph-id=\"575#13\"><p class=\"p-normal\"><span class=\"pnr\">13.</span> <span data-sentence-id=\"575#13:1\"><span class=\"snr noprint\">1</span>The interval suffices.</span> <span data-sentence-id=\"575#13:2\"><span class=\"snr\">2</span>It is here that miracles are laid; to be returned by you from holy instants you receive, through grace in your experience, to all who see the light that lingers in your face.</span> <span data-sentence-id=\"575#13:3\"><span class=\"snr\">3</span>What is the face of Christ but his who went a moment into timelessness, and brought a clear reflection of the unity he felt an instant back to bless the world?</span> <span data-sentence-id=\"575#13:4\"><span class=\"snr\">4</span>How could you finally attain to it forever, while a part of you remains outside, unknowing, unawakened, and in need of you as witness to the truth?</span></p></div> <div data-paragraph-id=\"575#14\"><p class=\"p-normal\"><span class=\"pnr\">14.</span> <span data-sentence-id=\"575#14:1\"><span class=\"snr noprint\">1</span>Be grateful to return, as you were glad to go an instant, and accept the gifts that grace provided you.</span> <span data-sentence-id=\"575#14:2\"><span class=\"snr\">2</span>You carry them back to yourself.</span> <span data-sentence-id=\"575#14:3\"><span class=\"snr\">3</span>And revelation stands not far behind.</span> <span data-sentence-id=\"575#14:4\"><span class=\"snr\">4</span>Its coming is ensured.</span> <span data-sentence-id=\"575#14:5\"><span class=\"snr\">5</span>We ask for grace, and for experience that comes from grace.</span> <span data-sentence-id=\"575#14:6\"><span class=\"snr\">6</span>We welcome the release it offers everyone.</span> <span data-sentence-id=\"575#14:7\"><span class=\"snr\">7</span>We do not ask for the unaskable.</span> <span data-sentence-id=\"575#14:8\"><span class=\"snr\">8</span>We do not look beyond what grace can give.</span> <span data-sentence-id=\"575#14:9\"><span class=\"snr\">9</span>For this we can give in the grace that has been given us.</span></p></div> <div data-paragraph-id=\"575#15\"><p class=\"p-normal\"><span class=\"pnr\">15.</span> <span data-sentence-id=\"575#15:1\"><span class=\"snr noprint\">1</span>Our learning goal today does not exceed this prayer.</span> <span data-sentence-id=\"575#15:2\"><span class=\"snr\">2</span>Yet in the world, what could be more than what we ask this day of Him Who gives the grace we ask, as it was given Him?</span></p> <p class=\"p-prayer\"><span data-sentence-id=\"575#15:3\"><span class=\"snr\">3</span>By grace I live.</span> <span data-sentence-id=\"575#15:4\"><span class=\"snr\">4</span>By grace I am released.<br/></span> <span data-sentence-id=\"575#15:5\"><span class=\"snr\">5</span>By grace I give.</span> <span data-sentence-id=\"575#15:6\"><span class=\"snr\">6</span>By grace I will release.</span></p></div> </div>","firstWords":"Grace is an aspect of the Love of God which is most like the state prevailing in the unity of truth. It is the world’s most lofty aspiration, for it leads beyond the world entirely. It is past","contentType":"acim-content","seoTitle":"Lesson 169: By grace I live. By grace I am… | ACIM","seoDescription":"✨ A Course in Miracles with 🎧 Audio! Read and listen to Lesson 169 “By grace I live. By grace I am released”: Grace is an aspect of the Love of God which is most like the state…","desktopBreadcrumbs":[{"label":"Workbook","leadsTo":{"locale":"en","sectionId":401,"slugs":["workbook","introduction"],"forceToc":true}},{"label":"Part I","leadsTo":{"locale":"en","sectionId":403,"slugs":["lesson-1","nothing-i-see-means-anything"],"forceToc":true}},{"label":"Lesson 169","leadsTo":{"locale":"en","sectionId":575,"slugs":["lesson-169","by-grace-i-live-by-grace-i-am-released"]}}],"mobileBreadcrumbs":[{"label":"Workbook","leadsTo":{"locale":"en","sectionId":401,"slugs":["workbook","introduction"],"forceToc":true}},{"label":"Part I","leadsTo":{"locale":"en","sectionId":403,"slugs":["lesson-1","nothing-i-see-means-anything"],"forceToc":true}},{"label":"Lesson 169","leadsTo":{"locale":"en","sectionId":575,"slugs":["lesson-169","by-grace-i-live-by-grace-i-am-released"]}}],"seoBreadcrumbs":[{"label":"A Course in Miracles","leadsTo":"dashboard"},{"label":"Workbook","leadsTo":{"locale":"en","sectionId":401,"slugs":["workbook","introduction"],"forceToc":true}},{"label":"Part I","leadsTo":{"locale":"en","sectionId":403,"slugs":["lesson-1","nothing-i-see-means-anything"],"forceToc":true}},{"label":"Lesson 169","leadsTo":{"locale":"en","sectionId":575,"slugs":["lesson-169","by-grace-i-live-by-grace-i-am-released"]}}],"slugs":["lesson-169","by-grace-i-live-by-grace-i-am-released"],"canonicalLink":"https://acim.org/acim/lesson-169/by-grace-i-live-by-grace-i-am-released/en/s/575","link":"https://acim.org/acim/lesson-169/by-grace-i-live-by-grace-i-am-released/en/s/575","shortLink":"https://acim.org/acim/en/s/575","previousSectionId":574,"previousSectionSlugs":["lesson-168","your-grace-is-given-me-i-claim-it-now"],"previousSectionLink":"https://acim.org/acim/lesson-168/your-grace-is-given-me-i-claim-it-now/en/s/574","nextSectionId":576,"nextSectionSlugs":["lesson-170","there-is-no-cruelty-in-god-and-none-in-me"],"nextSectionLink":"https://acim.org/acim/lesson-170/there-is-no-cruelty-in-god-and-none-in-me/en/s/576","hreflangLinks":[{"hrefLang":"en","link":"https://acim.org/acim/en/s/575"}]}