{"sectionId":578,"sectionIdLiteral":"578","humanId":"lesson-171","volumeId":"workbook","locale":"en","titleInfo":{"ownlineNumber":"Lesson 171"},"annotation":"W-171","bodyHtml":"<div class=\"acim-text review-lesson review-5 lesson-171\"> <div data-paragraph-id=\"578#0\"><p class=\"p-bold p-centered p-bold-centered\"><span data-sentence-id=\"578#0:1\">God is but Love, and therefore so am I.</span></p></div> <div data-paragraph-id=\"578#1\"><p class=\"p-lesson-ref\"><span class=\"pnr\">1.</span> <span data-sentence-id=\"578#1:1\"><span class=\"snr noprint\">1</span>(<span class=\"lref\">151</span>) All things are echoes of the Voice for God.</span></p> <p class=\"p-bold p-centered p-bold-centered\"><span data-sentence-id=\"578#1:2\"><span class=\"snr\">2</span>God is but Love, and therefore so am I.</span></p></div> <div data-paragraph-id=\"578#2\"><p class=\"p-lesson-ref\"><span class=\"pnr\">2.</span> <span data-sentence-id=\"578#2:1\"><span class=\"snr noprint\">1</span>(<span class=\"lref\">152</span>) The power of decision is my own.</span></p> <p class=\"p-bold p-centered p-bold-centered\"><span data-sentence-id=\"578#2:2\"><span class=\"snr\">2</span>God is but Love, and therefore so am I.</span></p></div> </div>","firstWords":"God is but Love, and therefore so am I. (151) All things are echoes of the Voice for God. God is but Love, and therefore so am I. (152) The power of decision is my own. God is but Love, and therefore","contentType":"acim-content","seoTitle":"Lesson 171: Review (151 and 152) | ACIM","seoDescription":"✨ A Course in Miracles with 🎧 Audio! Read and listen to Lesson 171 “Review (151 and 152)”: God is but Love, and therefore so am I. (151) All things are echoes of the Voice for God. God…","desktopBreadcrumbs":[{"label":"Workbook","leadsTo":{"locale":"en","sectionId":401,"slugs":["workbook","introduction"],"forceToc":true}},{"label":"Part I","leadsTo":{"locale":"en","sectionId":403,"slugs":["lesson-1","nothing-i-see-means-anything"],"forceToc":true}},{"label":"Review V","leadsTo":{"locale":"en","sectionId":577,"slugs":["review-v","introduction"]}},{"label":"Lesson 171","leadsTo":{"locale":"en","sectionId":578,"slugs":["review-v","lesson-171"]}}],"mobileBreadcrumbs":[{"label":"Workbook","leadsTo":{"locale":"en","sectionId":401,"slugs":["workbook","introduction"],"forceToc":true}},{"label":"Part I","leadsTo":{"locale":"en","sectionId":403,"slugs":["lesson-1","nothing-i-see-means-anything"],"forceToc":true}},{"label":"Review V","leadsTo":{"locale":"en","sectionId":577,"slugs":["review-v","introduction"]}},{"label":"Lesson 171","leadsTo":{"locale":"en","sectionId":578,"slugs":["review-v","lesson-171"]}}],"seoBreadcrumbs":[{"label":"A Course in Miracles","leadsTo":"dashboard"},{"label":"Workbook","leadsTo":{"locale":"en","sectionId":401,"slugs":["workbook","introduction"],"forceToc":true}},{"label":"Part I","leadsTo":{"locale":"en","sectionId":403,"slugs":["lesson-1","nothing-i-see-means-anything"],"forceToc":true}},{"label":"Review V","leadsTo":{"locale":"en","sectionId":577,"slugs":["review-v","introduction"]}},{"label":"Lesson 171","leadsTo":{"locale":"en","sectionId":578,"slugs":["review-v","lesson-171"]}}],"slugs":["review-v","lesson-171"],"canonicalLink":"https://acim.org/acim/review-v/lesson-171/en/s/578","link":"https://acim.org/acim/review-v/lesson-171/en/s/578","shortLink":"https://acim.org/acim/en/s/578","previousSectionId":577,"previousSectionSlugs":["review-v","introduction"],"previousSectionLink":"https://acim.org/acim/review-v/introduction/en/s/577","nextSectionId":579,"nextSectionSlugs":["review-v","lesson-172"],"nextSectionLink":"https://acim.org/acim/review-v/lesson-172/en/s/579","hreflangLinks":[{"hrefLang":"en","link":"https://acim.org/acim/en/s/578"}]}