{"sectionId":579,"sectionIdLiteral":"579","humanId":"lesson-172","volumeId":"workbook","locale":"en","titleInfo":{"ownlineNumber":"Lesson 172"},"annotation":"W-172","bodyHtml":"<div class=\"acim-text review-lesson review-5 lesson-172\"> <div data-paragraph-id=\"579#0\"><p class=\"p-bold p-centered p-bold-centered\"><span data-sentence-id=\"579#0:1\">God is but Love, and therefore so am I.</span></p></div> <div data-paragraph-id=\"579#1\"><p class=\"p-lesson-ref\"><span class=\"pnr\">1.</span> <span data-sentence-id=\"579#1:1\"><span class=\"snr noprint\">1</span>(<span class=\"lref\">153</span>) In my defenselessness my safety lies.</span></p> <p class=\"p-bold p-centered p-bold-centered\"><span data-sentence-id=\"579#1:2\"><span class=\"snr\">2</span>God is but Love, and therefore so am I.</span></p></div> <div data-paragraph-id=\"579#2\"><p class=\"p-lesson-ref\"><span class=\"pnr\">2.</span> <span data-sentence-id=\"579#2:1\"><span class=\"snr noprint\">1</span>(<span class=\"lref\">154</span>) I am among the ministers of God.</span></p> <p class=\"p-bold p-centered p-bold-centered\"><span data-sentence-id=\"579#2:2\"><span class=\"snr\">2</span>God is but Love, and therefore so am I.</span></p></div> </div>","firstWords":"God is but Love, and therefore so am I. (153) In my defenselessness my safety lies. God is but Love, and therefore so am I. (154) I am among the ministers of God. God is but Love, and therefore so am","contentType":"acim-content","seoTitle":"Lesson 172: Review (153 and 154) | ACIM","seoDescription":"✨ A Course in Miracles with 🎧 Audio! Read and listen to Lesson 172 “Review (153 and 154)”: God is but Love, and therefore so am I. (153) In my defenselessness my safety lies. God is but…","desktopBreadcrumbs":[{"label":"Workbook","leadsTo":{"locale":"en","sectionId":401,"slugs":["workbook","introduction"],"forceToc":true}},{"label":"Part I","leadsTo":{"locale":"en","sectionId":403,"slugs":["lesson-1","nothing-i-see-means-anything"],"forceToc":true}},{"label":"Review V","leadsTo":{"locale":"en","sectionId":577,"slugs":["review-v","introduction"]}},{"label":"Lesson 172","leadsTo":{"locale":"en","sectionId":579,"slugs":["review-v","lesson-172"]}}],"mobileBreadcrumbs":[{"label":"Workbook","leadsTo":{"locale":"en","sectionId":401,"slugs":["workbook","introduction"],"forceToc":true}},{"label":"Part I","leadsTo":{"locale":"en","sectionId":403,"slugs":["lesson-1","nothing-i-see-means-anything"],"forceToc":true}},{"label":"Review V","leadsTo":{"locale":"en","sectionId":577,"slugs":["review-v","introduction"]}},{"label":"Lesson 172","leadsTo":{"locale":"en","sectionId":579,"slugs":["review-v","lesson-172"]}}],"seoBreadcrumbs":[{"label":"A Course in Miracles","leadsTo":"dashboard"},{"label":"Workbook","leadsTo":{"locale":"en","sectionId":401,"slugs":["workbook","introduction"],"forceToc":true}},{"label":"Part I","leadsTo":{"locale":"en","sectionId":403,"slugs":["lesson-1","nothing-i-see-means-anything"],"forceToc":true}},{"label":"Review V","leadsTo":{"locale":"en","sectionId":577,"slugs":["review-v","introduction"]}},{"label":"Lesson 172","leadsTo":{"locale":"en","sectionId":579,"slugs":["review-v","lesson-172"]}}],"slugs":["review-v","lesson-172"],"canonicalLink":"https://acim.org/acim/review-v/lesson-172/en/s/579","link":"https://acim.org/acim/review-v/lesson-172/en/s/579","shortLink":"https://acim.org/acim/en/s/579","previousSectionId":578,"previousSectionSlugs":["review-v","lesson-171"],"previousSectionLink":"https://acim.org/acim/review-v/lesson-171/en/s/578","nextSectionId":580,"nextSectionSlugs":["review-v","lesson-173"],"nextSectionLink":"https://acim.org/acim/review-v/lesson-173/en/s/580","hreflangLinks":[{"hrefLang":"en","link":"https://acim.org/acim/en/s/579"}]}