{"sectionId":580,"sectionIdLiteral":"580","humanId":"lesson-173","volumeId":"workbook","locale":"en","titleInfo":{"ownlineNumber":"Lesson 173"},"annotation":"W-173","bodyHtml":"<div class=\"acim-text review-lesson review-5 lesson-173\"> <div data-paragraph-id=\"580#0\"><p class=\"p-bold p-centered p-bold-centered\"><span data-sentence-id=\"580#0:1\">God is but Love, and therefore so am I.</span></p></div> <div data-paragraph-id=\"580#1\"><p class=\"p-lesson-ref\"><span class=\"pnr\">1.</span> <span data-sentence-id=\"580#1:1\"><span class=\"snr noprint\">1</span>(<span class=\"lref\">155</span>) I will step back and let Him lead the way.</span></p> <p class=\"p-bold p-centered p-bold-centered\"><span data-sentence-id=\"580#1:2\"><span class=\"snr\">2</span>God is but Love, and therefore so am I.</span></p></div> <div data-paragraph-id=\"580#2\"><p class=\"p-lesson-ref\"><span class=\"pnr\">2.</span> <span data-sentence-id=\"580#2:1\"><span class=\"snr noprint\">1</span>(<span class=\"lref\">156</span>) I walk with God in perfect holiness.</span></p> <p class=\"p-bold p-centered p-bold-centered\"><span data-sentence-id=\"580#2:2\"><span class=\"snr\">2</span>God is but Love, and therefore so am I.</span></p></div> </div>","firstWords":"God is but Love, and therefore so am I. (155) I will step back and let Him lead the way. God is but Love, and therefore so am I. (156) I walk with God in perfect holiness. God is but Love, and","contentType":"acim-content","seoTitle":"Lesson 173: Review (155 and 156) | ACIM","seoDescription":"✨ A Course in Miracles with 🎧 Audio! Read and listen to Lesson 173 “Review (155 and 156)”: God is but Love, and therefore so am I. (155) I will step back and let Him lead the way. God…","desktopBreadcrumbs":[{"label":"Workbook","leadsTo":{"locale":"en","sectionId":401,"slugs":["workbook","introduction"],"forceToc":true}},{"label":"Part I","leadsTo":{"locale":"en","sectionId":403,"slugs":["lesson-1","nothing-i-see-means-anything"],"forceToc":true}},{"label":"Review V","leadsTo":{"locale":"en","sectionId":577,"slugs":["review-v","introduction"]}},{"label":"Lesson 173","leadsTo":{"locale":"en","sectionId":580,"slugs":["review-v","lesson-173"]}}],"mobileBreadcrumbs":[{"label":"Workbook","leadsTo":{"locale":"en","sectionId":401,"slugs":["workbook","introduction"],"forceToc":true}},{"label":"Part I","leadsTo":{"locale":"en","sectionId":403,"slugs":["lesson-1","nothing-i-see-means-anything"],"forceToc":true}},{"label":"Review V","leadsTo":{"locale":"en","sectionId":577,"slugs":["review-v","introduction"]}},{"label":"Lesson 173","leadsTo":{"locale":"en","sectionId":580,"slugs":["review-v","lesson-173"]}}],"seoBreadcrumbs":[{"label":"A Course in Miracles","leadsTo":"dashboard"},{"label":"Workbook","leadsTo":{"locale":"en","sectionId":401,"slugs":["workbook","introduction"],"forceToc":true}},{"label":"Part I","leadsTo":{"locale":"en","sectionId":403,"slugs":["lesson-1","nothing-i-see-means-anything"],"forceToc":true}},{"label":"Review V","leadsTo":{"locale":"en","sectionId":577,"slugs":["review-v","introduction"]}},{"label":"Lesson 173","leadsTo":{"locale":"en","sectionId":580,"slugs":["review-v","lesson-173"]}}],"slugs":["review-v","lesson-173"],"canonicalLink":"https://acim.org/acim/review-v/lesson-173/en/s/580","link":"https://acim.org/acim/review-v/lesson-173/en/s/580","shortLink":"https://acim.org/acim/en/s/580","previousSectionId":579,"previousSectionSlugs":["review-v","lesson-172"],"previousSectionLink":"https://acim.org/acim/review-v/lesson-172/en/s/579","nextSectionId":581,"nextSectionSlugs":["review-v","lesson-174"],"nextSectionLink":"https://acim.org/acim/review-v/lesson-174/en/s/581","hreflangLinks":[{"hrefLang":"en","link":"https://acim.org/acim/en/s/580"}]}