{"sectionId":586,"sectionIdLiteral":"586","humanId":"lesson-179","volumeId":"workbook","locale":"en","titleInfo":{"ownlineNumber":"Lesson 179"},"annotation":"W-179","bodyHtml":"<div class=\"acim-text review-lesson review-5 lesson-179\"> <div data-paragraph-id=\"586#0\"><p class=\"p-bold p-centered p-bold-centered\"><span data-sentence-id=\"586#0:1\">God is but Love, and therefore so am I.</span></p></div> <div data-paragraph-id=\"586#1\"><p class=\"p-lesson-ref\"><span class=\"pnr\">1.</span> <span data-sentence-id=\"586#1:1\"><span class=\"snr noprint\">1</span>(<span class=\"lref\">167</span>) There is one life, and that I share with God.</span></p> <p class=\"p-bold p-centered p-bold-centered\"><span data-sentence-id=\"586#1:2\"><span class=\"snr\">2</span>God is but Love, and therefore so am I.</span></p></div> <div data-paragraph-id=\"586#2\"><p class=\"p-lesson-ref\"><span class=\"pnr\">2.</span> <span data-sentence-id=\"586#2:1\"><span class=\"snr noprint\">1</span>(<span class=\"lref\">168</span>) Your grace is given me.</span> <span data-sentence-id=\"586#2:2\"><span class=\"snr\">2</span>I claim it now.</span></p> <p class=\"p-bold p-centered p-bold-centered\"><span data-sentence-id=\"586#2:3\"><span class=\"snr\">3</span>God is but Love, and therefore so am I.</span></p></div> </div>","firstWords":"God is but Love, and therefore so am I. (167) There is one life, and that I share with God. God is but Love, and therefore so am I. (168) Your grace is given me. I claim it now. God is but Love, and","contentType":"acim-content","seoTitle":"Lesson 179: Review (167 and 168) | ACIM","seoDescription":"✨ A Course in Miracles with 🎧 Audio! Read and listen to Lesson 179 “Review (167 and 168)”: God is but Love, and therefore so am I. (167) There is one life, and that I share with God.…","desktopBreadcrumbs":[{"label":"Workbook","leadsTo":{"locale":"en","sectionId":401,"slugs":["workbook","introduction"],"forceToc":true}},{"label":"Part I","leadsTo":{"locale":"en","sectionId":403,"slugs":["lesson-1","nothing-i-see-means-anything"],"forceToc":true}},{"label":"Review V","leadsTo":{"locale":"en","sectionId":577,"slugs":["review-v","introduction"]}},{"label":"Lesson 179","leadsTo":{"locale":"en","sectionId":586,"slugs":["review-v","lesson-179"]}}],"mobileBreadcrumbs":[{"label":"Workbook","leadsTo":{"locale":"en","sectionId":401,"slugs":["workbook","introduction"],"forceToc":true}},{"label":"Part I","leadsTo":{"locale":"en","sectionId":403,"slugs":["lesson-1","nothing-i-see-means-anything"],"forceToc":true}},{"label":"Review V","leadsTo":{"locale":"en","sectionId":577,"slugs":["review-v","introduction"]}},{"label":"Lesson 179","leadsTo":{"locale":"en","sectionId":586,"slugs":["review-v","lesson-179"]}}],"seoBreadcrumbs":[{"label":"A Course in Miracles","leadsTo":"dashboard"},{"label":"Workbook","leadsTo":{"locale":"en","sectionId":401,"slugs":["workbook","introduction"],"forceToc":true}},{"label":"Part I","leadsTo":{"locale":"en","sectionId":403,"slugs":["lesson-1","nothing-i-see-means-anything"],"forceToc":true}},{"label":"Review V","leadsTo":{"locale":"en","sectionId":577,"slugs":["review-v","introduction"]}},{"label":"Lesson 179","leadsTo":{"locale":"en","sectionId":586,"slugs":["review-v","lesson-179"]}}],"slugs":["review-v","lesson-179"],"canonicalLink":"https://acim.org/acim/review-v/lesson-179/en/s/586","link":"https://acim.org/acim/review-v/lesson-179/en/s/586","shortLink":"https://acim.org/acim/en/s/586","previousSectionId":585,"previousSectionSlugs":["review-v","lesson-178"],"previousSectionLink":"https://acim.org/acim/review-v/lesson-178/en/s/585","nextSectionId":587,"nextSectionSlugs":["review-v","lesson-180"],"nextSectionLink":"https://acim.org/acim/review-v/lesson-180/en/s/587","hreflangLinks":[{"hrefLang":"en","link":"https://acim.org/acim/en/s/586"}]}