{"sectionId":587,"sectionIdLiteral":"587","humanId":"lesson-180","volumeId":"workbook","locale":"en","titleInfo":{"ownlineNumber":"Lesson 180"},"annotation":"W-180","bodyHtml":"<div class=\"acim-text review-lesson review-5 lesson-180\"> <div data-paragraph-id=\"587#0\"><p class=\"p-bold p-centered p-bold-centered\"><span data-sentence-id=\"587#0:1\">God is but Love, and therefore so am I.</span></p></div> <div data-paragraph-id=\"587#1\"><p class=\"p-lesson-ref\"><span class=\"pnr\">1.</span> <span data-sentence-id=\"587#1:1\"><span class=\"snr noprint\">1</span>(<span class=\"lref\">169</span>) By grace I live.</span> <span data-sentence-id=\"587#1:2\"><span class=\"snr\">2</span>By grace I am released.</span></p> <p class=\"p-bold p-centered p-bold-centered\"><span data-sentence-id=\"587#1:3\"><span class=\"snr\">3</span>God is but Love, and therefore so am I.</span></p></div> <div data-paragraph-id=\"587#2\"><p class=\"p-lesson-ref\"><span class=\"pnr\">2.</span> <span data-sentence-id=\"587#2:1\"><span class=\"snr noprint\">1</span>(<span class=\"lref\">170</span>) There is no cruelty in God and none in me.</span></p> <p class=\"p-bold p-centered p-bold-centered\"><span data-sentence-id=\"587#2:2\"><span class=\"snr\">2</span>God is but Love, and therefore so am I.</span></p></div> </div>","firstWords":"God is but Love, and therefore so am I. (169) By grace I live. By grace I am released. God is but Love, and therefore so am I. (170) There is no cruelty in God and none in me. God is but Love, and","contentType":"acim-content","seoTitle":"Lesson 180: Review (169 and 170) | ACIM","seoDescription":"✨ A Course in Miracles with 🎧 Audio! Read and listen to Lesson 180 “Review (169 and 170)”: God is but Love, and therefore so am I. (169) By grace I live. By grace I am released. God is…","desktopBreadcrumbs":[{"label":"Workbook","leadsTo":{"locale":"en","sectionId":401,"slugs":["workbook","introduction"],"forceToc":true}},{"label":"Part I","leadsTo":{"locale":"en","sectionId":403,"slugs":["lesson-1","nothing-i-see-means-anything"],"forceToc":true}},{"label":"Review V","leadsTo":{"locale":"en","sectionId":577,"slugs":["review-v","introduction"]}},{"label":"Lesson 180","leadsTo":{"locale":"en","sectionId":587,"slugs":["review-v","lesson-180"]}}],"mobileBreadcrumbs":[{"label":"Workbook","leadsTo":{"locale":"en","sectionId":401,"slugs":["workbook","introduction"],"forceToc":true}},{"label":"Part I","leadsTo":{"locale":"en","sectionId":403,"slugs":["lesson-1","nothing-i-see-means-anything"],"forceToc":true}},{"label":"Review V","leadsTo":{"locale":"en","sectionId":577,"slugs":["review-v","introduction"]}},{"label":"Lesson 180","leadsTo":{"locale":"en","sectionId":587,"slugs":["review-v","lesson-180"]}}],"seoBreadcrumbs":[{"label":"A Course in Miracles","leadsTo":"dashboard"},{"label":"Workbook","leadsTo":{"locale":"en","sectionId":401,"slugs":["workbook","introduction"],"forceToc":true}},{"label":"Part I","leadsTo":{"locale":"en","sectionId":403,"slugs":["lesson-1","nothing-i-see-means-anything"],"forceToc":true}},{"label":"Review V","leadsTo":{"locale":"en","sectionId":577,"slugs":["review-v","introduction"]}},{"label":"Lesson 180","leadsTo":{"locale":"en","sectionId":587,"slugs":["review-v","lesson-180"]}}],"slugs":["review-v","lesson-180"],"canonicalLink":"https://acim.org/acim/review-v/lesson-180/en/s/587","link":"https://acim.org/acim/review-v/lesson-180/en/s/587","shortLink":"https://acim.org/acim/en/s/587","previousSectionId":586,"previousSectionSlugs":["review-v","lesson-179"],"previousSectionLink":"https://acim.org/acim/review-v/lesson-179/en/s/586","nextSectionId":588,"nextSectionSlugs":["workbook","introduction-to-lessons-181--200"],"nextSectionLink":"https://acim.org/acim/workbook/introduction-to-lessons-181--200/en/s/588","hreflangLinks":[{"hrefLang":"en","link":"https://acim.org/acim/en/s/587"}]}