{"sectionId":591,"sectionIdLiteral":"591","humanId":"lesson-183","volumeId":"workbook","locale":"en","titleInfo":{"title":"I call upon God’s Name and on my own.","ownlineNumber":"Lesson 183"},"annotation":"W-183","bodyHtml":"<div class=\"acim-text lesson-183\"> <div data-paragraph-id=\"591#1\"><p class=\"p-normal\"><span class=\"pnr\">1.</span> <span data-sentence-id=\"591#1:1\"><span class=\"snr noprint\">1</span>God’s Name is holy, but no holier than yours.</span> <span data-sentence-id=\"591#1:2\"><span class=\"snr\">2</span>To call upon His Name is but to call upon your own.</span> <span data-sentence-id=\"591#1:3\"><span class=\"snr\">3</span>A father gives his son his name, and thus identifies the son with him.</span> <span data-sentence-id=\"591#1:4\"><span class=\"snr\">4</span>His brothers share his name, and thus are they united in a bond to which they turn for their identity.</span> <span data-sentence-id=\"591#1:5\"><span class=\"snr\">5</span>Your Father’s Name reminds you who you are, even within a world that does not know; even though you have not remembered it.</span></p></div> <div data-paragraph-id=\"591#2\"><p class=\"p-normal\"><span class=\"pnr\">2.</span> <span data-sentence-id=\"591#2:1\"><span class=\"snr noprint\">1</span>God’s Name can not be heard without response, nor said without an echo in the mind that calls you to remember.</span> <span data-sentence-id=\"591#2:2\"><span class=\"snr\">2</span>Say His Name, and you invite the angels to surround the ground on which you stand, and sing to you as they spread out their wings to keep you safe, and shelter you from every worldly thought that would intrude upon your holiness.</span></p></div> <div data-paragraph-id=\"591#3\"><p class=\"p-normal\"><span class=\"pnr\">3.</span> <span data-sentence-id=\"591#3:1\"><span class=\"snr noprint\">1</span>Repeat God’s Name, and all the world responds by laying down illusions.</span> <span data-sentence-id=\"591#3:2\"><span class=\"snr\">2</span>Every dream the world holds dear has suddenly gone by, and where it seemed to stand you find a star; a miracle of grace.</span> <span data-sentence-id=\"591#3:3\"><span class=\"snr\">3</span>The sick arise, healed of their sickly thoughts.</span> <span data-sentence-id=\"591#3:4\"><span class=\"snr\">4</span>The blind can see; the deaf can hear.</span> <span data-sentence-id=\"591#3:5\"><span class=\"snr\">5</span>The sorrowful cast off their mourning, and the tears of pain are dried as happy laughter comes to bless the world.</span></p></div> <div data-paragraph-id=\"591#4\"><p class=\"p-normal\"><span class=\"pnr\">4.</span> <span data-sentence-id=\"591#4:1\"><span class=\"snr noprint\">1</span>Repeat the Name of God, and little names have lost their meaning.</span> <span data-sentence-id=\"591#4:2\"><span class=\"snr\">2</span>No temptation but becomes a nameless and unwanted thing before God’s Name.</span> <span data-sentence-id=\"591#4:3\"><span class=\"snr\">3</span>Repeat His Name, and see how easily you will forget the names of all the gods you valued.</span> <span data-sentence-id=\"591#4:4\"><span class=\"snr\">4</span>They have lost the name of god you gave them.</span> <span data-sentence-id=\"591#4:5\"><span class=\"snr\">5</span>They become anonymous and valueless to you, although before you let the Name of God replace their little names, you stood before them worshipfully, naming them as gods.</span></p></div> <div data-paragraph-id=\"591#5\"><p class=\"p-normal\"><span class=\"pnr\">5.</span> <span data-sentence-id=\"591#5:1\"><span class=\"snr noprint\">1</span>Repeat the Name of God, and call upon your Self, Whose Name is His.</span> <span data-sentence-id=\"591#5:2\"><span class=\"snr\">2</span>Repeat His Name, and all the tiny, nameless things on earth slip into right perspective.</span> <span data-sentence-id=\"591#5:3\"><span class=\"snr\">3</span>Those who call upon the Name of God can not mistake the nameless for the Name, nor sin for grace, nor bodies for the holy Son of God.</span> <span data-sentence-id=\"591#5:4\"><span class=\"snr\">4</span>And should you join a brother as you sit with him in silence, and repeat God’s Name along with him within your quiet mind, you have established there an altar which reaches to God Himself and to His Son.</span></p></div> <div data-paragraph-id=\"591#6\"><p class=\"p-normal\"><span class=\"pnr\">6.</span> <span data-sentence-id=\"591#6:1\"><span class=\"snr noprint\">1</span>Practice but this today; repeat God’s Name slowly again and still again.</span> <span data-sentence-id=\"591#6:2\"><span class=\"snr\">2</span>Become oblivious to every name but His.</span> <span data-sentence-id=\"591#6:3\"><span class=\"snr\">3</span>Hear nothing else.</span> <span data-sentence-id=\"591#6:4\"><span class=\"snr\">4</span>Let all your thoughts become anchored on this.</span> <span data-sentence-id=\"591#6:5\"><span class=\"snr\">5</span>No other word we use except at the beginning, when we say today’s idea but once.</span> <span data-sentence-id=\"591#6:6\"><span class=\"snr\">6</span>And then God’s Name becomes our only thought, our only word, the only thing that occupies our minds, the only wish we have, the only sound with any meaning, and the only Name of everything that we desire to see; of everything that we would call our own.</span></p></div> <div data-paragraph-id=\"591#7\"><p class=\"p-normal\"><span class=\"pnr\">7.</span> <span data-sentence-id=\"591#7:1\"><span class=\"snr noprint\">1</span>Thus do we give an invitation which can never be refused.</span> <span data-sentence-id=\"591#7:2\"><span class=\"snr\">2</span>And God will come, and answer it Himself.</span> <span data-sentence-id=\"591#7:3\"><span class=\"snr\">3</span>Think not He hears the little prayers of those who call on Him with names of idols cherished by the world.</span> <span data-sentence-id=\"591#7:4\"><span class=\"snr\">4</span>They cannot reach Him thus.</span> <span data-sentence-id=\"591#7:5\"><span class=\"snr\">5</span>He cannot hear requests that He be not Himself, or that His Son receive another name than His.</span></p></div> <div data-paragraph-id=\"591#8\"><p class=\"p-normal\"><span class=\"pnr\">8.</span> <span data-sentence-id=\"591#8:1\"><span class=\"snr noprint\">1</span>Repeat God’s Name, and you acknowledge Him as sole Creator of reality.</span> <span data-sentence-id=\"591#8:2\"><span class=\"snr\">2</span>And you acknowledge also that His Son is part of Him, creating in His Name.</span> <span data-sentence-id=\"591#8:3\"><span class=\"snr\">3</span>Sit silently, and let His Name become the all-encompassing idea that holds your mind completely.</span> <span data-sentence-id=\"591#8:4\"><span class=\"snr\">4</span>Let all thoughts be still except this one.</span> <span data-sentence-id=\"591#8:5\"><span class=\"snr\">5</span>And to all other thoughts respond with this, and see God’s Name replace the thousand little names you gave your thoughts, not realizing that there is one Name for all there is, and all that there will be.</span></p></div> <div data-paragraph-id=\"591#9\"><p class=\"p-normal\"><span class=\"pnr\">9.</span> <span data-sentence-id=\"591#9:1\"><span class=\"snr noprint\">1</span>Today you can achieve a state in which you will experience the gift of grace.</span> <span data-sentence-id=\"591#9:2\"><span class=\"snr\">2</span>You can escape all bondage of the world, and give the world the same release you found.</span> <span data-sentence-id=\"591#9:3\"><span class=\"snr\">3</span>You can remember what the world forgot, and offer it your own remembering.</span> <span data-sentence-id=\"591#9:4\"><span class=\"snr\">4</span>You can accept today the part you play in its salvation, and your own as well.</span> <span data-sentence-id=\"591#9:5\"><span class=\"snr\">5</span>And both can be accomplished perfectly.</span></p></div> <div data-paragraph-id=\"591#10\"><p class=\"p-normal\"><span class=\"pnr\">10.</span> <span data-sentence-id=\"591#10:1\"><span class=\"snr noprint\">1</span>Turn to the Name of God for your release, and it is given you.</span> <span data-sentence-id=\"591#10:2\"><span class=\"snr\">2</span>No prayer but this is necessary, for it holds them all within it.</span> <span data-sentence-id=\"591#10:3\"><span class=\"snr\">3</span>Words are insignificant, and all requests unneeded when God’s Son calls on his Father’s Name.</span> <span data-sentence-id=\"591#10:4\"><span class=\"snr\">4</span>His Father’s Thoughts become his own.</span> <span data-sentence-id=\"591#10:5\"><span class=\"snr\">5</span>He makes his claim to all his Father gave, is giving still, and will forever give.</span> <span data-sentence-id=\"591#10:6\"><span class=\"snr\">6</span>He calls on Him to let all things he thought he made be nameless now, and in their place the holy Name of God becomes his judgment of their worthlessness.</span></p></div> <div data-paragraph-id=\"591#11\"><p class=\"p-normal\"><span class=\"pnr\">11.</span> <span data-sentence-id=\"591#11:1\"><span class=\"snr noprint\">1</span>All little things are silent.</span> <span data-sentence-id=\"591#11:2\"><span class=\"snr\">2</span>Little sounds are soundless now.</span> <span data-sentence-id=\"591#11:3\"><span class=\"snr\">3</span>The little things of earth have disappeared.</span> <span data-sentence-id=\"591#11:4\"><span class=\"snr\">4</span>The universe consists of nothing but the Son of God, who calls upon his Father.</span> <span data-sentence-id=\"591#11:5\"><span class=\"snr\">5</span>And his Father’s Voice gives answer in his Father’s holy Name.</span> <span data-sentence-id=\"591#11:6\"><span class=\"snr\">6</span>In this eternal, still relationship, in which communication far transcends all words, and yet exceeds in depth and height whatever words could possibly convey, is peace eternal.</span> <span data-sentence-id=\"591#11:7\"><span class=\"snr\">7</span>In our Father’s Name, we would experience this peace today.</span> <span data-sentence-id=\"591#11:8\"><span class=\"snr\">8</span>And in His Name, it shall be given us.</span></p></div> </div>","firstWords":"God’s Name is holy, but no holier than yours. To call upon His Name is but to call upon your own. A father gives his son his name, and thus identifies the son with him. His brothers share his name,","contentType":"acim-content","seoTitle":"Lesson 183: I call upon God’s Name and on my own | ACIM","seoDescription":"✨ A Course in Miracles with 🎧 Audio! Read and listen to Lesson 183 “I call upon God’s Name and on my own”: God’s Name is holy, but no holier than yours. To call upon His Name is but to…","desktopBreadcrumbs":[{"label":"Workbook","leadsTo":{"locale":"en","sectionId":401,"slugs":["workbook","introduction"],"forceToc":true}},{"label":"Part I","leadsTo":{"locale":"en","sectionId":403,"slugs":["lesson-1","nothing-i-see-means-anything"],"forceToc":true}},{"label":"Lesson 183","leadsTo":{"locale":"en","sectionId":591,"slugs":["lesson-183","i-call-upon-gods-name-and-on-my-own"]}}],"mobileBreadcrumbs":[{"label":"Workbook","leadsTo":{"locale":"en","sectionId":401,"slugs":["workbook","introduction"],"forceToc":true}},{"label":"Part I","leadsTo":{"locale":"en","sectionId":403,"slugs":["lesson-1","nothing-i-see-means-anything"],"forceToc":true}},{"label":"Lesson 183","leadsTo":{"locale":"en","sectionId":591,"slugs":["lesson-183","i-call-upon-gods-name-and-on-my-own"]}}],"seoBreadcrumbs":[{"label":"A Course in Miracles","leadsTo":"dashboard"},{"label":"Workbook","leadsTo":{"locale":"en","sectionId":401,"slugs":["workbook","introduction"],"forceToc":true}},{"label":"Part I","leadsTo":{"locale":"en","sectionId":403,"slugs":["lesson-1","nothing-i-see-means-anything"],"forceToc":true}},{"label":"Lesson 183","leadsTo":{"locale":"en","sectionId":591,"slugs":["lesson-183","i-call-upon-gods-name-and-on-my-own"]}}],"slugs":["lesson-183","i-call-upon-gods-name-and-on-my-own"],"canonicalLink":"https://acim.org/acim/lesson-183/i-call-upon-gods-name-and-on-my-own/en/s/591","link":"https://acim.org/acim/lesson-183/i-call-upon-gods-name-and-on-my-own/en/s/591","shortLink":"https://acim.org/acim/en/s/591","previousSectionId":590,"previousSectionSlugs":["lesson-182","i-will-be-still-an-instant-and-go-home"],"previousSectionLink":"https://acim.org/acim/lesson-182/i-will-be-still-an-instant-and-go-home/en/s/590","nextSectionId":592,"nextSectionSlugs":["lesson-184","the-name-of-god-is-my-inheritance"],"nextSectionLink":"https://acim.org/acim/lesson-184/the-name-of-god-is-my-inheritance/en/s/592","hreflangLinks":[{"hrefLang":"en","link":"https://acim.org/acim/en/s/591"}]}