{"sectionId":597,"sectionIdLiteral":"597","humanId":"lesson-189","volumeId":"workbook","locale":"en","titleInfo":{"title":"I feel the Love of God within me now.","ownlineNumber":"Lesson 189"},"annotation":"W-189","bodyHtml":"<div class=\"acim-text lesson-189\"> <div data-paragraph-id=\"597#1\"><p class=\"p-normal\"><span class=\"pnr\">1.</span> <span data-sentence-id=\"597#1:1\"><span class=\"snr noprint\">1</span>There is a light in you the world can not perceive.</span> <span data-sentence-id=\"597#1:2\"><span class=\"snr\">2</span>And with its eyes you will not see this light, for you are blinded by the world.</span> <span data-sentence-id=\"597#1:3\"><span class=\"snr\">3</span>Yet you have eyes to see it.</span> <span data-sentence-id=\"597#1:4\"><span class=\"snr\">4</span>It is there for you to look upon.</span> <span data-sentence-id=\"597#1:5\"><span class=\"snr\">5</span>It was not placed in you to be kept hidden from your sight.</span> <span data-sentence-id=\"597#1:6\"><span class=\"snr\">6</span>This light is a reflection of the thought we practice now.</span> <span data-sentence-id=\"597#1:7\"><span class=\"snr\">7</span>To feel the Love of God within you is to see the world anew, shining in innocence, alive with hope, and blessed with perfect charity and love.</span></p></div> <div data-paragraph-id=\"597#2\"><p class=\"p-normal\"><span class=\"pnr\">2.</span> <span data-sentence-id=\"597#2:1\"><span class=\"snr noprint\">1</span>Who could feel fear in such a world as this?</span> <span data-sentence-id=\"597#2:2\"><span class=\"snr\">2</span>It welcomes you, rejoices that you came, and sings your praises as it keeps you safe from every form of danger and of pain.</span> <span data-sentence-id=\"597#2:3\"><span class=\"snr\">3</span>It offers you a warm and gentle home in which to stay a while.</span> <span data-sentence-id=\"597#2:4\"><span class=\"snr\">4</span>It blesses you throughout the day, and watches through the night as silent guardian of your holy sleep.</span> <span data-sentence-id=\"597#2:5\"><span class=\"snr\">5</span>It sees salvation in you, and protects the light in you, in which it sees its own.</span> <span data-sentence-id=\"597#2:6\"><span class=\"snr\">6</span>It offers you its flowers and its snow, in thankfulness for your benevolence.</span></p></div> <div data-paragraph-id=\"597#3\"><p class=\"p-normal\"><span class=\"pnr\">3.</span> <span data-sentence-id=\"597#3:1\"><span class=\"snr noprint\">1</span>This is the world the Love of God reveals.</span> <span data-sentence-id=\"597#3:2\"><span class=\"snr\">2</span>It is so different from the world you see through darkened eyes of malice and of fear, that one belies the other.</span> <span data-sentence-id=\"597#3:3\"><span class=\"snr\">3</span>Only one can be perceived at all.</span> <span data-sentence-id=\"597#3:4\"><span class=\"snr\">4</span>The other one is wholly meaningless.</span> <span data-sentence-id=\"597#3:5\"><span class=\"snr\">5</span>A world in which forgiveness shines on everything, and peace offers its gentle light to everyone, is inconceivable to those who see a world of hatred rising from attack, poised to avenge, to murder and destroy.</span></p></div> <div data-paragraph-id=\"597#4\"><p class=\"p-normal\"><span class=\"pnr\">4.</span> <span data-sentence-id=\"597#4:1\"><span class=\"snr noprint\">1</span>Yet is the world of hatred equally unseen and inconceivable to those who feel God’s Love in them.</span> <span data-sentence-id=\"597#4:2\"><span class=\"snr\">2</span>Their world reflects the quietness and peace that shines in them; the gentleness and innocence they see surrounding them; the joy with which they look out from the endless wells of joy within.</span> <span data-sentence-id=\"597#4:3\"><span class=\"snr\">3</span>What they have felt in them they look upon, and see its sure reflection everywhere.</span></p></div> <div data-paragraph-id=\"597#5\"><p class=\"p-normal\"><span class=\"pnr\">5.</span> <span data-sentence-id=\"597#5:1\"><span class=\"snr noprint\">1</span>What would you see?</span> <span data-sentence-id=\"597#5:2\"><span class=\"snr\">2</span>The choice is given you.</span> <span data-sentence-id=\"597#5:3\"><span class=\"snr\">3</span>But learn and do not let your mind forget this law of seeing: You will look upon that which you feel within.</span> <span data-sentence-id=\"597#5:4\"><span class=\"snr\">4</span>If hatred finds a place within your heart, you will perceive a fearful world, held cruelly in death’s sharp-pointed, bony fingers.</span> <span data-sentence-id=\"597#5:5\"><span class=\"snr\">5</span>If you feel the Love of God within you, you will look out on a world of mercy and of love.</span></p></div> <div data-paragraph-id=\"597#6\"><p class=\"p-normal\"><span class=\"pnr\">6.</span> <span data-sentence-id=\"597#6:1\"><span class=\"snr noprint\">1</span>Today we pass illusions, as we seek to reach to what is true in us, and feel its all-embracing tenderness, its Love which knows us perfect as itself, its sight which is the gift its Love bestows on us.</span> <span data-sentence-id=\"597#6:2\"><span class=\"snr\">2</span>We learn the way today.</span> <span data-sentence-id=\"597#6:3\"><span class=\"snr\">3</span>It is as sure as Love itself, to which it carries us.</span> <span data-sentence-id=\"597#6:4\"><span class=\"snr\">4</span>For its simplicity avoids the snares the foolish convolutions of the world’s apparent reasoning but serve to hide.</span></p></div> <div data-paragraph-id=\"597#7\"><p class=\"p-normal\"><span class=\"pnr\">7.</span> <span data-sentence-id=\"597#7:1\"><span class=\"snr noprint\">1</span>Simply do this: Be still, and lay aside all thoughts of what you are and what God is; all concepts you have learned about the world; all images you hold about yourself.</span> <span data-sentence-id=\"597#7:2\"><span class=\"snr\">2</span>Empty your mind of everything it thinks is either true or false, or good or bad, of every thought it judges worthy, and all the ideas of which it is ashamed.</span> <span data-sentence-id=\"597#7:3\"><span class=\"snr\">3</span>Hold onto nothing.</span> <span data-sentence-id=\"597#7:4\"><span class=\"snr\">4</span>Do not bring with you one thought the past has taught, nor one belief you ever learned before from anything.</span> <span data-sentence-id=\"597#7:5\"><span class=\"snr\">5</span>Forget this world, forget this course, and come with wholly empty hands unto your God.</span></p></div> <div data-paragraph-id=\"597#8\"><p class=\"p-normal\"><span class=\"pnr\">8.</span> <span data-sentence-id=\"597#8:1\"><span class=\"snr noprint\">1</span>Is it not He Who knows the way to you?</span> <span data-sentence-id=\"597#8:2\"><span class=\"snr\">2</span>You need not know the way to Him.</span> <span data-sentence-id=\"597#8:3\"><span class=\"snr\">3</span>Your part is simply to allow all obstacles that you have interposed between the Son and God the Father to be quietly removed forever.</span> <span data-sentence-id=\"597#8:4\"><span class=\"snr\">4</span>God will do His part in joyful and immediate response.</span> <span data-sentence-id=\"597#8:5\"><span class=\"snr\">5</span>Ask and receive.</span> <span data-sentence-id=\"597#8:6\"><span class=\"snr\">6</span>But do not make demands, nor point the road to God by which He should appear to you.</span> <span data-sentence-id=\"597#8:7\"><span class=\"snr\">7</span>The way to reach Him is merely to let Him be.</span> <span data-sentence-id=\"597#8:8\"><span class=\"snr\">8</span>For in that way is your reality proclaimed as well.</span></p></div> <div data-paragraph-id=\"597#9\"><p class=\"p-normal\"><span class=\"pnr\">9.</span> <span data-sentence-id=\"597#9:1\"><span class=\"snr noprint\">1</span>And so today we do not choose the way in which we go to Him.</span> <span data-sentence-id=\"597#9:2\"><span class=\"snr\">2</span>But we do choose to let Him come.</span> <span data-sentence-id=\"597#9:3\"><span class=\"snr\">3</span>And with this choice we rest.</span> <span data-sentence-id=\"597#9:4\"><span class=\"snr\">4</span>And in our quiet hearts and open minds, His Love will blaze its pathway of itself.</span> <span data-sentence-id=\"597#9:5\"><span class=\"snr\">5</span>What has not been denied is surely there, if it be true and can be surely reached.</span> <span data-sentence-id=\"597#9:6\"><span class=\"snr\">6</span>God knows His Son, and knows the way to him.</span> <span data-sentence-id=\"597#9:7\"><span class=\"snr\">7</span>He does not need His Son to show Him how to find His way.</span> <span data-sentence-id=\"597#9:8\"><span class=\"snr\">8</span>Through every opened door His Love shines outward from its home within, and lightens up the world in innocence.</span></p></div> <div data-paragraph-id=\"597#10\"><p class=\"p-italic\"><span class=\"pnr\">10.</span> <span data-sentence-id=\"597#10:1\"><span class=\"snr noprint\">1</span>Father, we do not know the way to You.</span> <span data-sentence-id=\"597#10:2\"><span class=\"snr\">2</span>But we have called, and You have answered us.</span> <span data-sentence-id=\"597#10:3\"><span class=\"snr\">3</span>We will not interfere.</span> <span data-sentence-id=\"597#10:4\"><span class=\"snr\">4</span>Salvation’s ways are not our own, for they belong to You.</span> <span data-sentence-id=\"597#10:5\"><span class=\"snr\">5</span>And it is unto You we look for them.</span> <span data-sentence-id=\"597#10:6\"><span class=\"snr\">6</span>Our hands are open to receive Your gifts.</span> <span data-sentence-id=\"597#10:7\"><span class=\"snr\">7</span>We have no thoughts we think apart from You, and cherish no beliefs of what we are, or Who created us.</span> <span data-sentence-id=\"597#10:8\"><span class=\"snr\">8</span>Yours is the way that we would find and follow.</span> <span data-sentence-id=\"597#10:9\"><span class=\"snr\">9</span>And we ask but that Your Will, which is our own as well, be done in us and in the world, that it become a part of Heaven now.</span> <span data-sentence-id=\"597#10:10\"><span class=\"snr\">10</span>Amen.</span></p></div> </div>","firstWords":"There is a light in you the world can not perceive. And with its eyes you will not see this light, for you are blinded by the world. Yet you have eyes to see it. It is there for you to look upon. It","contentType":"acim-content","seoTitle":"Lesson 189: I feel the Love of God within me now | ACIM","seoDescription":"✨ A Course in Miracles with 🎧 Audio! Read and listen to Lesson 189 “I feel the Love of God within me now”: There is a light in you the world can not perceive. And with its eyes you will…","desktopBreadcrumbs":[{"label":"Workbook","leadsTo":{"locale":"en","sectionId":401,"slugs":["workbook","introduction"],"forceToc":true}},{"label":"Part I","leadsTo":{"locale":"en","sectionId":403,"slugs":["lesson-1","nothing-i-see-means-anything"],"forceToc":true}},{"label":"Lesson 189","leadsTo":{"locale":"en","sectionId":597,"slugs":["lesson-189","i-feel-the-love-of-god-within-me-now"]}}],"mobileBreadcrumbs":[{"label":"Workbook","leadsTo":{"locale":"en","sectionId":401,"slugs":["workbook","introduction"],"forceToc":true}},{"label":"Part I","leadsTo":{"locale":"en","sectionId":403,"slugs":["lesson-1","nothing-i-see-means-anything"],"forceToc":true}},{"label":"Lesson 189","leadsTo":{"locale":"en","sectionId":597,"slugs":["lesson-189","i-feel-the-love-of-god-within-me-now"]}}],"seoBreadcrumbs":[{"label":"A Course in Miracles","leadsTo":"dashboard"},{"label":"Workbook","leadsTo":{"locale":"en","sectionId":401,"slugs":["workbook","introduction"],"forceToc":true}},{"label":"Part I","leadsTo":{"locale":"en","sectionId":403,"slugs":["lesson-1","nothing-i-see-means-anything"],"forceToc":true}},{"label":"Lesson 189","leadsTo":{"locale":"en","sectionId":597,"slugs":["lesson-189","i-feel-the-love-of-god-within-me-now"]}}],"slugs":["lesson-189","i-feel-the-love-of-god-within-me-now"],"canonicalLink":"https://acim.org/acim/lesson-189/i-feel-the-love-of-god-within-me-now/en/s/597","link":"https://acim.org/acim/lesson-189/i-feel-the-love-of-god-within-me-now/en/s/597","shortLink":"https://acim.org/acim/en/s/597","previousSectionId":596,"previousSectionSlugs":["lesson-188","the-peace-of-god-is-shining-in-me-now"],"previousSectionLink":"https://acim.org/acim/lesson-188/the-peace-of-god-is-shining-in-me-now/en/s/596","nextSectionId":598,"nextSectionSlugs":["lesson-190","i-choose-the-joy-of-god-instead-of-pain"],"nextSectionLink":"https://acim.org/acim/lesson-190/i-choose-the-joy-of-god-instead-of-pain/en/s/598","hreflangLinks":[{"hrefLang":"en","link":"https://acim.org/acim/en/s/597"}]}