{"sectionId":598,"sectionIdLiteral":"598","humanId":"lesson-190","volumeId":"workbook","locale":"en","titleInfo":{"title":"I choose the joy of God instead of pain.","ownlineNumber":"Lesson 190"},"annotation":"W-190","bodyHtml":"<div class=\"acim-text lesson-190\"> <div data-paragraph-id=\"598#1\"><p class=\"p-normal\"><span class=\"pnr\">1.</span> <span data-sentence-id=\"598#1:1\"><span class=\"snr noprint\">1</span>Pain is a wrong perspective.</span> <span data-sentence-id=\"598#1:2\"><span class=\"snr\">2</span>When it is experienced in any form, it is a proof of self-deception.</span> <span data-sentence-id=\"598#1:3\"><span class=\"snr\">3</span>It is not a fact at all.</span> <span data-sentence-id=\"598#1:4\"><span class=\"snr\">4</span>There is no form it takes that will not disappear if seen aright.</span> <span data-sentence-id=\"598#1:5\"><span class=\"snr\">5</span>For pain proclaims God cruel.</span> <span data-sentence-id=\"598#1:6\"><span class=\"snr\">6</span>How could it be real in any form?</span> <span data-sentence-id=\"598#1:7\"><span class=\"snr\">7</span>It witnesses to God the Father’s hatred of His Son, the sinfulness He sees in him, and His insane desire for revenge and death.</span></p></div> <div data-paragraph-id=\"598#2\"><p class=\"p-normal\"><span class=\"pnr\">2.</span> <span data-sentence-id=\"598#2:1\"><span class=\"snr noprint\">1</span>Can such projections be attested to?</span> <span data-sentence-id=\"598#2:2\"><span class=\"snr\">2</span>Can they be anything but wholly false?</span> <span data-sentence-id=\"598#2:3\"><span class=\"snr\">3</span>Pain is but witness to the Son’s mistakes in what he thinks he is.</span> <span data-sentence-id=\"598#2:4\"><span class=\"snr\">4</span>It is a dream of fierce retaliation for a crime that could not be committed; for attack on what is wholly unassailable.</span> <span data-sentence-id=\"598#2:5\"><span class=\"snr\">5</span>It is a nightmare of abandonment by an Eternal Love, which could not leave the Son whom It created out of love.</span></p></div> <div data-paragraph-id=\"598#3\"><p class=\"p-normal\"><span class=\"pnr\">3.</span> <span data-sentence-id=\"598#3:1\"><span class=\"snr noprint\">1</span>Pain is a sign illusions reign in place of truth.</span> <span data-sentence-id=\"598#3:2\"><span class=\"snr\">2</span>It demonstrates God is denied, confused with fear, perceived as mad, and seen as traitor to Himself.</span> <span data-sentence-id=\"598#3:3\"><span class=\"snr\">3</span>If God is real, there is no pain.</span> <span data-sentence-id=\"598#3:4\"><span class=\"snr\">4</span>If pain is real, there is no God.</span> <span data-sentence-id=\"598#3:5\"><span class=\"snr\">5</span>For vengeance is not part of love.</span> <span data-sentence-id=\"598#3:6\"><span class=\"snr\">6</span>And fear, denying love and using pain to prove that God is dead, has shown that death is victor over life.</span> <span data-sentence-id=\"598#3:7\"><span class=\"snr\">7</span>The body is the Son of God, corruptible in death, as mortal as the Father he has slain.</span></p></div> <div data-paragraph-id=\"598#4\"><p class=\"p-normal\"><span class=\"pnr\">4.</span> <span data-sentence-id=\"598#4:1\"><span class=\"snr noprint\">1</span>Peace to such foolishness!</span> <span data-sentence-id=\"598#4:2\"><span class=\"snr\">2</span>The time has come to laugh at such insane ideas.</span> <span data-sentence-id=\"598#4:3\"><span class=\"snr\">3</span>There is no need to think of them as savage crimes, or secret sins with weighty consequence.</span> <span data-sentence-id=\"598#4:4\"><span class=\"snr\">4</span>Who but a madman could conceive of them as cause of anything?</span> <span data-sentence-id=\"598#4:5\"><span class=\"snr\">5</span>Their witness, pain, is mad as they, and no more to be feared than the insane illusions which it shields, and tries to demonstrate must still be true.</span></p></div> <div data-paragraph-id=\"598#5\"><p class=\"p-normal\"><span class=\"pnr\">5.</span> <span data-sentence-id=\"598#5:1\"><span class=\"snr noprint\">1</span>It is your thoughts alone that cause you pain.</span> <span data-sentence-id=\"598#5:2\"><span class=\"snr\">2</span>Nothing external to your mind can hurt or injure you in any way.</span> <span data-sentence-id=\"598#5:3\"><span class=\"snr\">3</span>There is no cause beyond yourself that can reach down and bring oppression.</span> <span data-sentence-id=\"598#5:4\"><span class=\"snr\">4</span>No one but yourself affects you.</span> <span data-sentence-id=\"598#5:5\"><span class=\"snr\">5</span>There is nothing in the world that has the power to make you ill or sad, or weak or frail.</span> <span data-sentence-id=\"598#5:6\"><span class=\"snr\">6</span>But it is you who have the power to dominate all things you see by merely recognizing what you are.</span> <span data-sentence-id=\"598#5:7\"><span class=\"snr\">7</span>As you perceive the harmlessness in them, they will accept your holy will as theirs.</span> <span data-sentence-id=\"598#5:8\"><span class=\"snr\">8</span>And what was seen as fearful now becomes a source of innocence and holiness.</span></p></div> <div data-paragraph-id=\"598#6\"><p class=\"p-normal\"><span class=\"pnr\">6.</span> <span data-sentence-id=\"598#6:1\"><span class=\"snr noprint\">1</span>My holy brother, think of this awhile: The world you see does nothing.</span> <span data-sentence-id=\"598#6:2\"><span class=\"snr\">2</span>It has no effects at all.</span> <span data-sentence-id=\"598#6:3\"><span class=\"snr\">3</span>It merely represents your thoughts.</span> <span data-sentence-id=\"598#6:4\"><span class=\"snr\">4</span>And it will change entirely as you elect to change your mind, and choose the joy of God as what you really want.</span> <span data-sentence-id=\"598#6:5\"><span class=\"snr\">5</span>Your Self is radiant in this holy joy, unchanged, unchanging and unchangeable, forever and forever.</span> <span data-sentence-id=\"598#6:6\"><span class=\"snr\">6</span>And would you deny a little corner of your mind its own inheritance, and keep it as a hospital for pain; a sickly place where living things must come at last to die?</span></p></div> <div data-paragraph-id=\"598#7\"><p class=\"p-normal\"><span class=\"pnr\">7.</span> <span data-sentence-id=\"598#7:1\"><span class=\"snr noprint\">1</span>The world may seem to cause you pain.</span> <span data-sentence-id=\"598#7:2\"><span class=\"snr\">2</span>And yet the world, as causeless, has no power to cause.</span> <span data-sentence-id=\"598#7:3\"><span class=\"snr\">3</span>As an effect, it cannot make effects.</span> <span data-sentence-id=\"598#7:4\"><span class=\"snr\">4</span>As an illusion, it is what you wish.</span> <span data-sentence-id=\"598#7:5\"><span class=\"snr\">5</span>Your idle wishes represent its pains.</span> <span data-sentence-id=\"598#7:6\"><span class=\"snr\">6</span>Your strange desires bring it evil dreams.</span> <span data-sentence-id=\"598#7:7\"><span class=\"snr\">7</span>Your thoughts of death envelop it in fear, while in your kind forgiveness does it live.</span></p></div> <div data-paragraph-id=\"598#8\"><p class=\"p-normal\"><span class=\"pnr\">8.</span> <span data-sentence-id=\"598#8:1\"><span class=\"snr noprint\">1</span>Pain is the thought of evil taking form, and working havoc in your holy mind.</span> <span data-sentence-id=\"598#8:2\"><span class=\"snr\">2</span>Pain is the ransom you have gladly paid not to be free.</span> <span data-sentence-id=\"598#8:3\"><span class=\"snr\">3</span>In pain is God denied the Son He loves.</span> <span data-sentence-id=\"598#8:4\"><span class=\"snr\">4</span>In pain does fear appear to triumph over love, and time replace eternity and Heaven.</span> <span data-sentence-id=\"598#8:5\"><span class=\"snr\">5</span>And the world becomes a cruel and a bitter place, where sorrow rules and little joys give way before the onslaught of the savage pain that waits to end all joy in misery.</span></p></div> <div data-paragraph-id=\"598#9\"><p class=\"p-normal\"><span class=\"pnr\">9.</span> <span data-sentence-id=\"598#9:1\"><span class=\"snr noprint\">1</span>Lay down your arms, and come without defense into the quiet place where Heaven’s peace holds all things still at last.</span> <span data-sentence-id=\"598#9:2\"><span class=\"snr\">2</span>Lay down all thoughts of danger and of fear.</span> <span data-sentence-id=\"598#9:3\"><span class=\"snr\">3</span>Let no attack enter with you.</span> <span data-sentence-id=\"598#9:4\"><span class=\"snr\">4</span>Lay down the cruel sword of judgment that you hold against your throat, and put aside the withering assaults with which you seek to hide your holiness.</span></p></div> <div data-paragraph-id=\"598#10\"><p class=\"p-normal\"><span class=\"pnr\">10.</span> <span data-sentence-id=\"598#10:1\"><span class=\"snr noprint\">1</span>Here will you understand there is no pain.</span> <span data-sentence-id=\"598#10:2\"><span class=\"snr\">2</span>Here does the joy of God belong to you.</span> <span data-sentence-id=\"598#10:3\"><span class=\"snr\">3</span>This is the day when it is given you to realize the lesson that contains all of salvation’s power.</span> <span data-sentence-id=\"598#10:4\"><span class=\"snr\">4</span>It is this: Pain is illusion; joy, reality.</span> <span data-sentence-id=\"598#10:5\"><span class=\"snr\">5</span>Pain is but sleep; joy is awakening.</span> <span data-sentence-id=\"598#10:6\"><span class=\"snr\">6</span>Pain is deception; joy alone is truth.</span></p></div> <div data-paragraph-id=\"598#11\"><p class=\"p-normal\"><span class=\"pnr\">11.</span> <span data-sentence-id=\"598#11:1\"><span class=\"snr noprint\">1</span>And so again we make the only choice that ever can be made; we choose between illusions and the truth, or pain and joy, or hell and Heaven.</span> <span data-sentence-id=\"598#11:2\"><span class=\"snr\">2</span>Let our gratitude unto our Teacher fill our hearts, as we are free to choose our joy instead of pain, our holiness in place of sin, the peace of God instead of conflict, and the light of Heaven for the darkness of the world.</span></p></div> </div>","firstWords":"Pain is a wrong perspective. When it is experienced in any form, it is a proof of self-deception. It is not a fact at all. There is no form it takes that will not disappear if seen aright. For pain","contentType":"acim-content","seoTitle":"Lesson 190: I choose the joy of God instead of… | ACIM","seoDescription":"✨ A Course in Miracles with 🎧 Audio! Read and listen to Lesson 190 “I choose the joy of God instead of pain”: Pain is a wrong perspective. When it is experienced in any form, it is a…","desktopBreadcrumbs":[{"label":"Workbook","leadsTo":{"locale":"en","sectionId":401,"slugs":["workbook","introduction"],"forceToc":true}},{"label":"Part I","leadsTo":{"locale":"en","sectionId":403,"slugs":["lesson-1","nothing-i-see-means-anything"],"forceToc":true}},{"label":"Lesson 190","leadsTo":{"locale":"en","sectionId":598,"slugs":["lesson-190","i-choose-the-joy-of-god-instead-of-pain"]}}],"mobileBreadcrumbs":[{"label":"Workbook","leadsTo":{"locale":"en","sectionId":401,"slugs":["workbook","introduction"],"forceToc":true}},{"label":"Part I","leadsTo":{"locale":"en","sectionId":403,"slugs":["lesson-1","nothing-i-see-means-anything"],"forceToc":true}},{"label":"Lesson 190","leadsTo":{"locale":"en","sectionId":598,"slugs":["lesson-190","i-choose-the-joy-of-god-instead-of-pain"]}}],"seoBreadcrumbs":[{"label":"A Course in Miracles","leadsTo":"dashboard"},{"label":"Workbook","leadsTo":{"locale":"en","sectionId":401,"slugs":["workbook","introduction"],"forceToc":true}},{"label":"Part I","leadsTo":{"locale":"en","sectionId":403,"slugs":["lesson-1","nothing-i-see-means-anything"],"forceToc":true}},{"label":"Lesson 190","leadsTo":{"locale":"en","sectionId":598,"slugs":["lesson-190","i-choose-the-joy-of-god-instead-of-pain"]}}],"slugs":["lesson-190","i-choose-the-joy-of-god-instead-of-pain"],"canonicalLink":"https://acim.org/acim/lesson-190/i-choose-the-joy-of-god-instead-of-pain/en/s/598","link":"https://acim.org/acim/lesson-190/i-choose-the-joy-of-god-instead-of-pain/en/s/598","shortLink":"https://acim.org/acim/en/s/598","previousSectionId":597,"previousSectionSlugs":["lesson-189","i-feel-the-love-of-god-within-me-now"],"previousSectionLink":"https://acim.org/acim/lesson-189/i-feel-the-love-of-god-within-me-now/en/s/597","nextSectionId":599,"nextSectionSlugs":["lesson-191","i-am-the-holy-son-of-god-himself"],"nextSectionLink":"https://acim.org/acim/lesson-191/i-am-the-holy-son-of-god-himself/en/s/599","hreflangLinks":[{"hrefLang":"en","link":"https://acim.org/acim/en/s/598"}]}