{"sectionId":600,"sectionIdLiteral":"600","humanId":"lesson-192","volumeId":"workbook","locale":"en","titleInfo":{"title":"I have a function God would have me fill.","ownlineNumber":"Lesson 192"},"annotation":"W-192","bodyHtml":"<div class=\"acim-text lesson-192\"> <div data-paragraph-id=\"600#1\"><p class=\"p-normal\"><span class=\"pnr\">1.</span> <span data-sentence-id=\"600#1:1\"><span class=\"snr noprint\">1</span>It is your Father’s holy Will that you complete Himself, and that your Self shall be His sacred Son, forever pure as He, of love created and in love preserved, extending love, creating in its name, forever one with God and with your Self.</span> <span data-sentence-id=\"600#1:2\"><span class=\"snr\">2</span>Yet what can such a function mean within a world of envy, hatred and attack?</span></p></div> <div data-paragraph-id=\"600#2\"><p class=\"p-normal\"><span class=\"pnr\">2.</span> <span data-sentence-id=\"600#2:1\"><span class=\"snr noprint\">1</span>Therefore, you have a function in the world in its own terms.</span> <span data-sentence-id=\"600#2:2\"><span class=\"snr\">2</span>For who can understand a language far beyond his simple grasp?</span> <span data-sentence-id=\"600#2:3\"><span class=\"snr\">3</span>Forgiveness represents your function here.</span> <span data-sentence-id=\"600#2:4\"><span class=\"snr\">4</span>It is not God’s creation, for it is the means by which untruth can be undone.</span> <span data-sentence-id=\"600#2:5\"><span class=\"snr\">5</span>And who would pardon Heaven?</span> <span data-sentence-id=\"600#2:6\"><span class=\"snr\">6</span>Yet on earth, you need the means to let illusions go.</span> <span data-sentence-id=\"600#2:7\"><span class=\"snr\">7</span>Creation merely waits for your return to be acknowledged, not to be complete.</span></p></div> <div data-paragraph-id=\"600#3\"><p class=\"p-normal\"><span class=\"pnr\">3.</span> <span data-sentence-id=\"600#3:1\"><span class=\"snr noprint\">1</span>Creation cannot even be conceived of in the world.</span> <span data-sentence-id=\"600#3:2\"><span class=\"snr\">2</span>It has no meaning here.</span> <span data-sentence-id=\"600#3:3\"><span class=\"snr\">3</span>Forgiveness is the closest it can come to earth.</span> <span data-sentence-id=\"600#3:4\"><span class=\"snr\">4</span>For being Heaven-born, it has no form at all.</span> <span data-sentence-id=\"600#3:5\"><span class=\"snr\">5</span>Yet God created One Who has the power to translate in form the wholly formless.</span> <span data-sentence-id=\"600#3:6\"><span class=\"snr\">6</span>What He makes are dreams, but of a kind so close to waking that the light of day already shines in them, and eyes already opening behold the joyful sights their offerings contain.</span></p></div> <div data-paragraph-id=\"600#4\"><p class=\"p-normal\"><span class=\"pnr\">4.</span> <span data-sentence-id=\"600#4:1\"><span class=\"snr noprint\">1</span>Forgiveness gently looks upon all things unknown in Heaven, sees them disappear, and leaves the world a clean and unmarked slate on which the Word of God can now replace the senseless symbols written there before.</span> <span data-sentence-id=\"600#4:2\"><span class=\"snr\">2</span>Forgiveness is the means by which the fear of death is overcome, because it holds no fierce attraction now and guilt is gone.</span> <span data-sentence-id=\"600#4:3\"><span class=\"snr\">3</span>Forgiveness lets the body be perceived as what it is; a simple teaching aid, to be laid by when learning is complete, but hardly changing him who learns at all.</span></p></div> <div data-paragraph-id=\"600#5\"><p class=\"p-normal\"><span class=\"pnr\">5.</span> <span data-sentence-id=\"600#5:1\"><span class=\"snr noprint\">1</span>The mind without the body cannot make mistakes.</span> <span data-sentence-id=\"600#5:2\"><span class=\"snr\">2</span>It cannot think that it will die, nor be the prey of merciless attack.</span> <span data-sentence-id=\"600#5:3\"><span class=\"snr\">3</span>Anger becomes impossible, and where is terror then?</span> <span data-sentence-id=\"600#5:4\"><span class=\"snr\">4</span>What fears could still assail those who have lost the source of all attack, the core of anguish and the seat of fear?</span> <span data-sentence-id=\"600#5:5\"><span class=\"snr\">5</span>Only forgiveness can relieve the mind of thinking that the body is its home.</span> <span data-sentence-id=\"600#5:6\"><span class=\"snr\">6</span>Only forgiveness can restore the peace that God intended for His holy Son.</span> <span data-sentence-id=\"600#5:7\"><span class=\"snr\">7</span>Only forgiveness can persuade the Son to look again upon his holiness.</span></p></div> <div data-paragraph-id=\"600#6\"><p class=\"p-normal\"><span class=\"pnr\">6.</span> <span data-sentence-id=\"600#6:1\"><span class=\"snr noprint\">1</span>With anger gone, you will indeed perceive that, for Christ’s vision and the gift of sight, no sacrifice was asked, and only pain was lifted from a sick and tortured mind.</span> <span data-sentence-id=\"600#6:2\"><span class=\"snr\">2</span>Is this unwelcome?</span> <span data-sentence-id=\"600#6:3\"><span class=\"snr\">3</span>Is it to be feared?</span> <span data-sentence-id=\"600#6:4\"><span class=\"snr\">4</span>Or is it to be hoped for, met with thanks and joyously accepted?</span> <span data-sentence-id=\"600#6:5\"><span class=\"snr\">5</span>We are one, and therefore give up nothing.</span> <span data-sentence-id=\"600#6:6\"><span class=\"snr\">6</span>But we have indeed been given everything by God.</span></p></div> <div data-paragraph-id=\"600#7\"><p class=\"p-normal\"><span class=\"pnr\">7.</span> <span data-sentence-id=\"600#7:1\"><span class=\"snr noprint\">1</span>Yet do we need forgiveness to perceive that this is so.</span> <span data-sentence-id=\"600#7:2\"><span class=\"snr\">2</span>Without its kindly light we grope in darkness, using reason but to justify our rage and our attack.</span> <span data-sentence-id=\"600#7:3\"><span class=\"snr\">3</span>Our understanding is so limited that what we think we understand is but confusion born of error.</span> <span data-sentence-id=\"600#7:4\"><span class=\"snr\">4</span>We are lost in mists of shifting dreams and fearful thoughts, our eyes shut tight against the light; our minds engaged in worshipping what is not there.</span></p></div> <div data-paragraph-id=\"600#8\"><p class=\"p-normal\"><span class=\"pnr\">8.</span> <span data-sentence-id=\"600#8:1\"><span class=\"snr noprint\">1</span>Who can be born again in Christ but him who has forgiven everyone he sees or thinks of or imagines?</span> <span data-sentence-id=\"600#8:2\"><span class=\"snr\">2</span>Who could be set free while he imprisons anyone?</span> <span data-sentence-id=\"600#8:3\"><span class=\"snr\">3</span>A jailer is not free, for he is bound together with his prisoner.</span> <span data-sentence-id=\"600#8:4\"><span class=\"snr\">4</span>He must be sure that he does not escape, and so he spends his time in keeping watch on him.</span> <span data-sentence-id=\"600#8:5\"><span class=\"snr\">5</span>The bars that limit him become the world in which his jailer lives, along with him.</span> <span data-sentence-id=\"600#8:6\"><span class=\"snr\">6</span>And it is on his freedom that the way to liberty depends for both of them.</span></p></div> <div data-paragraph-id=\"600#9\"><p class=\"p-normal\"><span class=\"pnr\">9.</span> <span data-sentence-id=\"600#9:1\"><span class=\"snr noprint\">1</span>Therefore, hold no one prisoner.</span> <span data-sentence-id=\"600#9:2\"><span class=\"snr\">2</span>Release instead of bind, for thus are you made free.</span> <span data-sentence-id=\"600#9:3\"><span class=\"snr\">3</span>The way is simple.</span> <span data-sentence-id=\"600#9:4\"><span class=\"snr\">4</span>Every time you feel a stab of anger, realize you hold a sword above your head.</span> <span data-sentence-id=\"600#9:5\"><span class=\"snr\">5</span>And it will fall or be averted as you choose to be condemned or free.</span> <span data-sentence-id=\"600#9:6\"><span class=\"snr\">6</span>Thus does each one who seems to tempt you to be angry represent your savior from the prison house of death.</span> <span data-sentence-id=\"600#9:7\"><span class=\"snr\">7</span>And so you owe him thanks instead of pain.</span></p></div> <div data-paragraph-id=\"600#10\"><p class=\"p-normal\"><span class=\"pnr\">10.</span> <span data-sentence-id=\"600#10:1\"><span class=\"snr noprint\">1</span>Be merciful today.</span> <span data-sentence-id=\"600#10:2\"><span class=\"snr\">2</span>The Son of God deserves your mercy.</span> <span data-sentence-id=\"600#10:3\"><span class=\"snr\">3</span>It is he who asks that you accept the way to freedom now.</span> <span data-sentence-id=\"600#10:4\"><span class=\"snr\">4</span>Deny him not.</span> <span data-sentence-id=\"600#10:5\"><span class=\"snr\">5</span>His Father’s Love for him belongs to you.</span> <span data-sentence-id=\"600#10:6\"><span class=\"snr\">6</span>Your function here on earth is only to forgive him, that you may accept him back as your Identity.</span> <span data-sentence-id=\"600#10:7\"><span class=\"snr\">7</span>He is as God created him.</span> <span data-sentence-id=\"600#10:8\"><span class=\"snr\">8</span>And you are what he is.</span> <span data-sentence-id=\"600#10:9\"><span class=\"snr\">9</span>Forgive him now his sins, and you will see that you are one with him.</span></p></div> </div>","firstWords":"It is your Father’s holy Will that you complete Himself, and that your Self shall be His sacred Son, forever pure as He, of love created and in love preserved, extending love, creating in its name,","contentType":"acim-content","seoTitle":"Lesson 192: I have a function God would have… | ACIM","seoDescription":"✨ A Course in Miracles with 🎧 Audio! Read and listen to Lesson 192 “I have a function God would have me fill”: It is your Father’s holy Will that you complete Himself, and that your…","desktopBreadcrumbs":[{"label":"Workbook","leadsTo":{"locale":"en","sectionId":401,"slugs":["workbook","introduction"],"forceToc":true}},{"label":"Part I","leadsTo":{"locale":"en","sectionId":403,"slugs":["lesson-1","nothing-i-see-means-anything"],"forceToc":true}},{"label":"Lesson 192","leadsTo":{"locale":"en","sectionId":600,"slugs":["lesson-192","i-have-a-function-god-would-have-me-fill"]}}],"mobileBreadcrumbs":[{"label":"Workbook","leadsTo":{"locale":"en","sectionId":401,"slugs":["workbook","introduction"],"forceToc":true}},{"label":"Part I","leadsTo":{"locale":"en","sectionId":403,"slugs":["lesson-1","nothing-i-see-means-anything"],"forceToc":true}},{"label":"Lesson 192","leadsTo":{"locale":"en","sectionId":600,"slugs":["lesson-192","i-have-a-function-god-would-have-me-fill"]}}],"seoBreadcrumbs":[{"label":"A Course in Miracles","leadsTo":"dashboard"},{"label":"Workbook","leadsTo":{"locale":"en","sectionId":401,"slugs":["workbook","introduction"],"forceToc":true}},{"label":"Part I","leadsTo":{"locale":"en","sectionId":403,"slugs":["lesson-1","nothing-i-see-means-anything"],"forceToc":true}},{"label":"Lesson 192","leadsTo":{"locale":"en","sectionId":600,"slugs":["lesson-192","i-have-a-function-god-would-have-me-fill"]}}],"slugs":["lesson-192","i-have-a-function-god-would-have-me-fill"],"canonicalLink":"https://acim.org/acim/lesson-192/i-have-a-function-god-would-have-me-fill/en/s/600","link":"https://acim.org/acim/lesson-192/i-have-a-function-god-would-have-me-fill/en/s/600","shortLink":"https://acim.org/acim/en/s/600","previousSectionId":599,"previousSectionSlugs":["lesson-191","i-am-the-holy-son-of-god-himself"],"previousSectionLink":"https://acim.org/acim/lesson-191/i-am-the-holy-son-of-god-himself/en/s/599","nextSectionId":601,"nextSectionSlugs":["lesson-193","all-things-are-lessons-god-would-have-me-learn"],"nextSectionLink":"https://acim.org/acim/lesson-193/all-things-are-lessons-god-would-have-me-learn/en/s/601","hreflangLinks":[{"hrefLang":"en","link":"https://acim.org/acim/en/s/600"}]}