{"sectionId":606,"sectionIdLiteral":"606","humanId":"lesson-198","volumeId":"workbook","locale":"en","titleInfo":{"title":"Only my condemnation injures me.","ownlineNumber":"Lesson 198"},"annotation":"W-198","bodyHtml":"<div class=\"acim-text lesson-198\"> <div data-paragraph-id=\"606#1\"><p class=\"p-normal\"><span class=\"pnr\">1.</span> <span data-sentence-id=\"606#1:1\"><span class=\"snr noprint\">1</span>Injury is impossible.</span> <span data-sentence-id=\"606#1:2\"><span class=\"snr\">2</span>And yet illusion makes illusion.</span> <span data-sentence-id=\"606#1:3\"><span class=\"snr\">3</span>If you can condemn, you can be injured.</span> <span data-sentence-id=\"606#1:4\"><span class=\"snr\">4</span>For you have believed that you can injure, and the right you have established for yourself can be now used against you, till you lay it down as valueless, unwanted and unreal.</span> <span data-sentence-id=\"606#1:5\"><span class=\"snr\">5</span>Then does illusion cease to have effects, and those it seemed to have will be undone.</span> <span data-sentence-id=\"606#1:6\"><span class=\"snr\">6</span>Then are you free, for freedom is your gift, and you can now receive the gift you gave.</span></p></div> <div data-paragraph-id=\"606#2\"><p class=\"p-normal\"><span class=\"pnr\">2.</span> <span data-sentence-id=\"606#2:1\"><span class=\"snr noprint\">1</span>Condemn and you are made a prisoner.</span> <span data-sentence-id=\"606#2:2\"><span class=\"snr\">2</span>Forgive and you are freed.</span> <span data-sentence-id=\"606#2:3\"><span class=\"snr\">3</span>Such is the law that rules perception.</span> <span data-sentence-id=\"606#2:4\"><span class=\"snr\">4</span>It is not a law that knowledge understands, for freedom is a part of knowledge.</span> <span data-sentence-id=\"606#2:5\"><span class=\"snr\">5</span>To condemn is thus impossible in truth.</span> <span data-sentence-id=\"606#2:6\"><span class=\"snr\">6</span>What seems to be its influence and its effects have not occurred at all.</span> <span data-sentence-id=\"606#2:7\"><span class=\"snr\">7</span>Yet must we deal with them a while as if they had.</span> <span data-sentence-id=\"606#2:8\"><span class=\"snr\">8</span>Illusion makes illusion.</span> <span data-sentence-id=\"606#2:9\"><span class=\"snr\">9</span>Except one.</span> <span data-sentence-id=\"606#2:10\"><span class=\"snr\">10</span>Forgiveness is illusion that is answer to the rest.</span></p></div> <div data-paragraph-id=\"606#3\"><p class=\"p-normal\"><span class=\"pnr\">3.</span> <span data-sentence-id=\"606#3:1\"><span class=\"snr noprint\">1</span>Forgiveness sweeps all other dreams away, and though it is itself a dream, it breeds no others.</span> <span data-sentence-id=\"606#3:2\"><span class=\"snr\">2</span>All illusions save this one must multiply a thousandfold.</span> <span data-sentence-id=\"606#3:3\"><span class=\"snr\">3</span>But this is where illusions end.</span> <span data-sentence-id=\"606#3:4\"><span class=\"snr\">4</span>Forgiveness is the end of dreams, because it is a dream of waking.</span> <span data-sentence-id=\"606#3:5\"><span class=\"snr\">5</span>It is not itself the truth.</span> <span data-sentence-id=\"606#3:6\"><span class=\"snr\">6</span>Yet does it point to where the truth must be, and gives direction with the certainty of God Himself.</span> <span data-sentence-id=\"606#3:7\"><span class=\"snr\">7</span>It is a dream in which the Son of God awakens to his Self and to his Father, knowing They are one.</span></p></div> <div data-paragraph-id=\"606#4\"><p class=\"p-normal\"><span class=\"pnr\">4.</span> <span data-sentence-id=\"606#4:1\"><span class=\"snr noprint\">1</span>Forgiveness is the only road that leads out of disaster, past all suffering, and finally away from death.</span> <span data-sentence-id=\"606#4:2\"><span class=\"snr\">2</span>How could there be another way, when this one is the plan of God Himself?</span> <span data-sentence-id=\"606#4:3\"><span class=\"snr\">3</span>And why would you oppose it, quarrel with it, seek to find a thousand ways in which it must be wrong; a thousand other possibilities?</span></p></div> <div data-paragraph-id=\"606#5\"><p class=\"p-normal\"><span class=\"pnr\">5.</span> <span data-sentence-id=\"606#5:1\"><span class=\"snr noprint\">1</span>Is it not wiser to be glad you hold the answer to your problems in your hand?</span> <span data-sentence-id=\"606#5:2\"><span class=\"snr\">2</span>Is it not more intelligent to thank the One Who gives salvation, and accept His gift with gratitude?</span> <span data-sentence-id=\"606#5:3\"><span class=\"snr\">3</span>And is it not a kindness to yourself to hear His Voice and learn the simple lessons He would teach, instead of trying to dismiss His words, and substitute your own in place of His?</span></p></div> <div data-paragraph-id=\"606#6\"><p class=\"p-normal\"><span class=\"pnr\">6.</span> <span data-sentence-id=\"606#6:1\"><span class=\"snr noprint\">1</span>His words will work.</span> <span data-sentence-id=\"606#6:2\"><span class=\"snr\">2</span>His words will save.</span> <span data-sentence-id=\"606#6:3\"><span class=\"snr\">3</span>His words contain all hope, all blessing and all joy that ever can be found upon this earth.</span> <span data-sentence-id=\"606#6:4\"><span class=\"snr\">4</span>His words are born in God, and come to you with Heaven’s love upon them.</span> <span data-sentence-id=\"606#6:5\"><span class=\"snr\">5</span>Those who hear His words have heard the song of Heaven.</span> <span data-sentence-id=\"606#6:6\"><span class=\"snr\">6</span>For these are the words in which all merge as one at last.</span> <span data-sentence-id=\"606#6:7\"><span class=\"snr\">7</span>And as this one will fade away, the Word of God will come to take its place, for it will be remembered then and loved.</span></p></div> <div data-paragraph-id=\"606#7\"><p class=\"p-normal\"><span class=\"pnr\">7.</span> <span data-sentence-id=\"606#7:1\"><span class=\"snr noprint\">1</span>This world has many seeming separate haunts where mercy has no meaning, and attack appears as justified.</span> <span data-sentence-id=\"606#7:2\"><span class=\"snr\">2</span>Yet all are one; a place where death is offered to God’s Son and to his Father.</span> <span data-sentence-id=\"606#7:3\"><span class=\"snr\">3</span>You may think They have accepted.</span> <span data-sentence-id=\"606#7:4\"><span class=\"snr\">4</span>But if you will look again upon the place where you beheld Their blood, you will perceive a miracle instead.</span> <span data-sentence-id=\"606#7:5\"><span class=\"snr\">5</span>How foolish to believe that They could die!</span> <span data-sentence-id=\"606#7:6\"><span class=\"snr\">6</span>How foolish to believe you can attack!</span> <span data-sentence-id=\"606#7:7\"><span class=\"snr\">7</span>How mad to think that you could be condemned, and that the holy Son of God can die!</span></p></div> <div data-paragraph-id=\"606#8\"><p class=\"p-normal\"><span class=\"pnr\">8.</span> <span data-sentence-id=\"606#8:1\"><span class=\"snr noprint\">1</span>The stillness of your Self remains unmoved, untouched by thoughts like these, and unaware of any condemnation which could need forgiveness.</span> <span data-sentence-id=\"606#8:2\"><span class=\"snr\">2</span>Dreams of any kind are strange and alien to the truth.</span> <span data-sentence-id=\"606#8:3\"><span class=\"snr\">3</span>And what but truth could have a Thought which builds a bridge to it that brings illusions to the other side?</span></p></div> <div data-paragraph-id=\"606#9\"><p class=\"p-normal\"><span class=\"pnr\">9.</span> <span data-sentence-id=\"606#9:1\"><span class=\"snr noprint\">1</span>Today we practice letting freedom come to make its home with you.</span> <span data-sentence-id=\"606#9:2\"><span class=\"snr\">2</span>The truth bestows these words upon your mind, that you may find the key to light and let the darkness end:</span></p> <p class=\"p-prayer\"><span data-sentence-id=\"606#9:3\"><span class=\"snr\">3</span>Only my condemnation injures me.<br/></span> <span data-sentence-id=\"606#9:4\"><span class=\"snr\">4</span>Only my own forgiveness sets me free.</span></p> <p class=\"p-normal\"><span data-sentence-id=\"606#9:5\"><span class=\"snr\">5</span>Do not forget today that there can be no form of suffering that fails to hide an unforgiving thought.</span> <span data-sentence-id=\"606#9:6\"><span class=\"snr\">6</span>Nor can there be a form of pain forgiveness cannot heal.</span></p></div> <div data-paragraph-id=\"606#10\"><p class=\"p-normal\"><span class=\"pnr\">10.</span> <span data-sentence-id=\"606#10:1\"><span class=\"snr noprint\">1</span>Accept the one illusion which proclaims there is no condemnation in God’s Son, and Heaven is remembered instantly; the world forgotten, all its weird beliefs forgotten with it, as the face of Christ appears unveiled at last in this one dream.</span> <span data-sentence-id=\"606#10:2\"><span class=\"snr\">2</span>This is the gift the Holy Spirit holds for you from God your Father.</span> <span data-sentence-id=\"606#10:3\"><span class=\"snr\">3</span>Let today be celebrated both on earth and in your holy home as well.</span> <span data-sentence-id=\"606#10:4\"><span class=\"snr\">4</span>Be kind to Both, as you forgive the trespasses you thought Them guilty of, and see your innocence shining upon you from the face of Christ.</span></p></div> <div data-paragraph-id=\"606#11\"><p class=\"p-normal\"><span class=\"pnr\">11.</span> <span data-sentence-id=\"606#11:1\"><span class=\"snr noprint\">1</span>Now is there silence all around the world.</span> <span data-sentence-id=\"606#11:2\"><span class=\"snr\">2</span>Now is there stillness where before there was a frantic rush of thoughts that made no sense.</span> <span data-sentence-id=\"606#11:3\"><span class=\"snr\">3</span>Now is there tranquil light across the face of earth, made quiet in a dreamless sleep.</span> <span data-sentence-id=\"606#11:4\"><span class=\"snr\">4</span>And now the Word of God alone remains upon it.</span> <span data-sentence-id=\"606#11:5\"><span class=\"snr\">5</span>Only that can be perceived an instant longer.</span> <span data-sentence-id=\"606#11:6\"><span class=\"snr\">6</span>Then are symbols done, and everything you ever thought you made completely vanished from the mind that God forever knows to be His only Son.</span></p></div> <div data-paragraph-id=\"606#12\"><p class=\"p-normal\"><span class=\"pnr\">12.</span> <span data-sentence-id=\"606#12:1\"><span class=\"snr noprint\">1</span>There is no condemnation in him.</span> <span data-sentence-id=\"606#12:2\"><span class=\"snr\">2</span>He is perfect in his holiness.</span> <span data-sentence-id=\"606#12:3\"><span class=\"snr\">3</span>He needs no thoughts of mercy.</span> <span data-sentence-id=\"606#12:4\"><span class=\"snr\">4</span>Who could give him gifts when everything is his?</span> <span data-sentence-id=\"606#12:5\"><span class=\"snr\">5</span>And who could dream of offering forgiveness to the Son of Sinlessness Itself, so like to Him Whose Son he is, that to behold the Son is to perceive no more, and only know the Father?</span> <span data-sentence-id=\"606#12:6\"><span class=\"snr\">6</span>In this vision of the Son, so brief that not an instant stands between this single sight and timelessness itself, you see the vision of yourself, and then you disappear forever into God.</span></p></div> <div data-paragraph-id=\"606#13\"><p class=\"p-normal\"><span class=\"pnr\">13.</span> <span data-sentence-id=\"606#13:1\"><span class=\"snr noprint\">1</span>Today we come still nearer to the end of everything that yet would stand between this vision and our sight.</span> <span data-sentence-id=\"606#13:2\"><span class=\"snr\">2</span>And we are glad that we have come this far, and recognize that He Who brought us here will not forsake us now.</span> <span data-sentence-id=\"606#13:3\"><span class=\"snr\">3</span>For He would give to us the gift that God has given us through Him today.</span> <span data-sentence-id=\"606#13:4\"><span class=\"snr\">4</span>Now is the time for your deliverance.</span> <span data-sentence-id=\"606#13:5\"><span class=\"snr\">5</span>The time has come.</span> <span data-sentence-id=\"606#13:6\"><span class=\"snr\">6</span>The time has come today.</span></p></div> </div>","firstWords":"Injury is impossible. And yet illusion makes illusion. If you can condemn, you can be injured. For you have believed that you can injure, and the right you have established for yourself can be now","contentType":"acim-content","seoTitle":"Lesson 198: Only my condemnation injures me | ACIM","seoDescription":"✨ A Course in Miracles with 🎧 Audio! Read and listen to Lesson 198 “Only my condemnation injures me”: Injury is impossible. And yet illusion makes illusion. If you can condemn, you can…","desktopBreadcrumbs":[{"label":"Workbook","leadsTo":{"locale":"en","sectionId":401,"slugs":["workbook","introduction"],"forceToc":true}},{"label":"Part I","leadsTo":{"locale":"en","sectionId":403,"slugs":["lesson-1","nothing-i-see-means-anything"],"forceToc":true}},{"label":"Lesson 198","leadsTo":{"locale":"en","sectionId":606,"slugs":["lesson-198","only-my-condemnation-injures-me"]}}],"mobileBreadcrumbs":[{"label":"Workbook","leadsTo":{"locale":"en","sectionId":401,"slugs":["workbook","introduction"],"forceToc":true}},{"label":"Part I","leadsTo":{"locale":"en","sectionId":403,"slugs":["lesson-1","nothing-i-see-means-anything"],"forceToc":true}},{"label":"Lesson 198","leadsTo":{"locale":"en","sectionId":606,"slugs":["lesson-198","only-my-condemnation-injures-me"]}}],"seoBreadcrumbs":[{"label":"A Course in Miracles","leadsTo":"dashboard"},{"label":"Workbook","leadsTo":{"locale":"en","sectionId":401,"slugs":["workbook","introduction"],"forceToc":true}},{"label":"Part I","leadsTo":{"locale":"en","sectionId":403,"slugs":["lesson-1","nothing-i-see-means-anything"],"forceToc":true}},{"label":"Lesson 198","leadsTo":{"locale":"en","sectionId":606,"slugs":["lesson-198","only-my-condemnation-injures-me"]}}],"slugs":["lesson-198","only-my-condemnation-injures-me"],"canonicalLink":"https://acim.org/acim/lesson-198/only-my-condemnation-injures-me/en/s/606","link":"https://acim.org/acim/lesson-198/only-my-condemnation-injures-me/en/s/606","shortLink":"https://acim.org/acim/en/s/606","previousSectionId":605,"previousSectionSlugs":["lesson-197","it-can-be-but-my-gratitude-i-earn"],"previousSectionLink":"https://acim.org/acim/lesson-197/it-can-be-but-my-gratitude-i-earn/en/s/605","nextSectionId":607,"nextSectionSlugs":["lesson-199","i-am-not-a-body-i-am-free"],"nextSectionLink":"https://acim.org/acim/lesson-199/i-am-not-a-body-i-am-free/en/s/607","hreflangLinks":[{"hrefLang":"en","link":"https://acim.org/acim/en/s/606"}]}