{"sectionId":610,"sectionIdLiteral":"610","humanId":"lesson-201","volumeId":"workbook","locale":"en","titleInfo":{"ownlineNumber":"Lesson 201"},"annotation":"W-201","bodyHtml":"<div class=\"acim-text review-lesson review-6 lesson-201\"> <div data-paragraph-id=\"610#0\"><p class=\"p-bold p-centered p-bold-centered\"><span data-sentence-id=\"610#0:1\">I am not a body. I am free. <br/>For I am still as God created me.</span></p></div> <div data-paragraph-id=\"610#1\"><p class=\"p-lesson-ref\"><span class=\"pnr\">1.</span> <span data-sentence-id=\"610#1:1\"><span class=\"snr noprint\">1</span>(<span class=\"lref\">181</span>) I trust my brothers, who are one with me.</span></p> <p class=\"p-prayer\"><span data-sentence-id=\"610#1:2\"><span class=\"snr\">2</span>No one but is my brother.</span> <span data-sentence-id=\"610#1:3\"><span class=\"snr\">3</span>I am blessed with oneness with the universe and God, my Father, one Creator of the whole that is my Self, forever One with me.</span></p> <p class=\"p-bold p-centered p-bold-centered\"><span data-sentence-id=\"610#1:4\"><span class=\"snr\">4</span>I am not a body.</span> <span data-sentence-id=\"610#1:5\"><span class=\"snr\">5</span>I am free. <br/></span><span data-sentence-id=\"610#1:6\"><span class=\"snr\">6</span>For I am still as God created me.</span></p></div> </div>","firstWords":"I am not a body. I am free. For I am still as God created me. (181) I trust my brothers, who are one with me. No one but is my brother. I am blessed with oneness with the universe and God, my Father,","contentType":"acim-content","seoTitle":"Lesson 201: Review (181) | ACIM","seoDescription":"✨ A Course in Miracles with 🎧 Audio! Read and listen to Lesson 201 “Review (181)”: I am not a body. I am free. For I am still as God created me. (181) I trust my brothers, who are one…","desktopBreadcrumbs":[{"label":"Workbook","leadsTo":{"locale":"en","sectionId":401,"slugs":["workbook","introduction"],"forceToc":true}},{"label":"Part I","leadsTo":{"locale":"en","sectionId":403,"slugs":["lesson-1","nothing-i-see-means-anything"],"forceToc":true}},{"label":"Review VI","leadsTo":{"locale":"en","sectionId":609,"slugs":["review-vi","introduction"]}},{"label":"Lesson 201","leadsTo":{"locale":"en","sectionId":610,"slugs":["review-vi","lesson-201"]}}],"mobileBreadcrumbs":[{"label":"Workbook","leadsTo":{"locale":"en","sectionId":401,"slugs":["workbook","introduction"],"forceToc":true}},{"label":"Part I","leadsTo":{"locale":"en","sectionId":403,"slugs":["lesson-1","nothing-i-see-means-anything"],"forceToc":true}},{"label":"Review VI","leadsTo":{"locale":"en","sectionId":609,"slugs":["review-vi","introduction"]}},{"label":"Lesson 201","leadsTo":{"locale":"en","sectionId":610,"slugs":["review-vi","lesson-201"]}}],"seoBreadcrumbs":[{"label":"A Course in Miracles","leadsTo":"dashboard"},{"label":"Workbook","leadsTo":{"locale":"en","sectionId":401,"slugs":["workbook","introduction"],"forceToc":true}},{"label":"Part I","leadsTo":{"locale":"en","sectionId":403,"slugs":["lesson-1","nothing-i-see-means-anything"],"forceToc":true}},{"label":"Review VI","leadsTo":{"locale":"en","sectionId":609,"slugs":["review-vi","introduction"]}},{"label":"Lesson 201","leadsTo":{"locale":"en","sectionId":610,"slugs":["review-vi","lesson-201"]}}],"slugs":["review-vi","lesson-201"],"canonicalLink":"https://acim.org/acim/review-vi/lesson-201/en/s/610","link":"https://acim.org/acim/review-vi/lesson-201/en/s/610","shortLink":"https://acim.org/acim/en/s/610","previousSectionId":609,"previousSectionSlugs":["review-vi","introduction"],"previousSectionLink":"https://acim.org/acim/review-vi/introduction/en/s/609","nextSectionId":611,"nextSectionSlugs":["review-vi","lesson-202"],"nextSectionLink":"https://acim.org/acim/review-vi/lesson-202/en/s/611","hreflangLinks":[{"hrefLang":"en","link":"https://acim.org/acim/en/s/610"}]}