{"sectionId":611,"sectionIdLiteral":"611","humanId":"lesson-202","volumeId":"workbook","locale":"en","titleInfo":{"ownlineNumber":"Lesson 202"},"annotation":"W-202","bodyHtml":"<div class=\"acim-text review-lesson review-6 lesson-202\"> <div data-paragraph-id=\"611#0\"><p class=\"p-bold p-centered p-bold-centered\"><span data-sentence-id=\"611#0:1\">I am not a body. I am free. <br/>For I am still as God created me.</span></p></div> <div data-paragraph-id=\"611#1\"><p class=\"p-lesson-ref\"><span class=\"pnr\">1.</span> <span data-sentence-id=\"611#1:1\"><span class=\"snr noprint\">1</span>(<span class=\"lref\">182</span>) I will be still an instant and go home.</span></p> <p class=\"p-prayer\"><span data-sentence-id=\"611#1:2\"><span class=\"snr\">2</span>Why would I choose to stay an instant more where I do not belong, when God Himself has given me His Voice to call me home?</span></p> <p class=\"p-bold p-centered p-bold-centered\"><span data-sentence-id=\"611#1:3\"><span class=\"snr\">3</span>I am not a body.</span> <span data-sentence-id=\"611#1:4\"><span class=\"snr\">4</span>I am free. <br/></span><span data-sentence-id=\"611#1:5\"><span class=\"snr\">5</span>For I am still as God created me.</span></p></div> </div>","firstWords":"I am not a body. I am free. For I am still as God created me. (182) I will be still an instant and go home. Why would I choose to stay an instant more where I do not belong, when God Himself has","contentType":"acim-content","seoTitle":"Lesson 202: Review (182) | ACIM","seoDescription":"✨ A Course in Miracles with 🎧 Audio! Read and listen to Lesson 202 “Review (182)”: I am not a body. I am free. For I am still as God created me. (182) I will be still an instant and go…","desktopBreadcrumbs":[{"label":"Workbook","leadsTo":{"locale":"en","sectionId":401,"slugs":["workbook","introduction"],"forceToc":true}},{"label":"Part I","leadsTo":{"locale":"en","sectionId":403,"slugs":["lesson-1","nothing-i-see-means-anything"],"forceToc":true}},{"label":"Review VI","leadsTo":{"locale":"en","sectionId":609,"slugs":["review-vi","introduction"]}},{"label":"Lesson 202","leadsTo":{"locale":"en","sectionId":611,"slugs":["review-vi","lesson-202"]}}],"mobileBreadcrumbs":[{"label":"Workbook","leadsTo":{"locale":"en","sectionId":401,"slugs":["workbook","introduction"],"forceToc":true}},{"label":"Part I","leadsTo":{"locale":"en","sectionId":403,"slugs":["lesson-1","nothing-i-see-means-anything"],"forceToc":true}},{"label":"Review VI","leadsTo":{"locale":"en","sectionId":609,"slugs":["review-vi","introduction"]}},{"label":"Lesson 202","leadsTo":{"locale":"en","sectionId":611,"slugs":["review-vi","lesson-202"]}}],"seoBreadcrumbs":[{"label":"A Course in Miracles","leadsTo":"dashboard"},{"label":"Workbook","leadsTo":{"locale":"en","sectionId":401,"slugs":["workbook","introduction"],"forceToc":true}},{"label":"Part I","leadsTo":{"locale":"en","sectionId":403,"slugs":["lesson-1","nothing-i-see-means-anything"],"forceToc":true}},{"label":"Review VI","leadsTo":{"locale":"en","sectionId":609,"slugs":["review-vi","introduction"]}},{"label":"Lesson 202","leadsTo":{"locale":"en","sectionId":611,"slugs":["review-vi","lesson-202"]}}],"slugs":["review-vi","lesson-202"],"canonicalLink":"https://acim.org/acim/review-vi/lesson-202/en/s/611","link":"https://acim.org/acim/review-vi/lesson-202/en/s/611","shortLink":"https://acim.org/acim/en/s/611","previousSectionId":610,"previousSectionSlugs":["review-vi","lesson-201"],"previousSectionLink":"https://acim.org/acim/review-vi/lesson-201/en/s/610","nextSectionId":612,"nextSectionSlugs":["review-vi","lesson-203"],"nextSectionLink":"https://acim.org/acim/review-vi/lesson-203/en/s/612","hreflangLinks":[{"hrefLang":"en","link":"https://acim.org/acim/en/s/611"}]}