{"sectionId":613,"sectionIdLiteral":"613","humanId":"lesson-204","volumeId":"workbook","locale":"en","titleInfo":{"ownlineNumber":"Lesson 204"},"annotation":"W-204","bodyHtml":"<div class=\"acim-text review-lesson review-6 lesson-204\"> <div data-paragraph-id=\"613#0\"><p class=\"p-bold p-centered p-bold-centered\"><span data-sentence-id=\"613#0:1\">I am not a body. I am free. <br/>For I am still as God created me.</span></p></div> <div data-paragraph-id=\"613#1\"><p class=\"p-lesson-ref\"><span class=\"pnr\">1.</span> <span data-sentence-id=\"613#1:1\"><span class=\"snr noprint\">1</span>(<span class=\"lref\">184</span>) The Name of God is my inheritance.</span></p> <p class=\"p-prayer\"><span data-sentence-id=\"613#1:2\"><span class=\"snr\">2</span>God’s Name reminds me that I am His Son, not slave to time, unbound by laws which rule the world of sick illusions, free in God, forever and forever one with Him.</span></p> <p class=\"p-bold p-centered p-bold-centered\"><span data-sentence-id=\"613#1:3\"><span class=\"snr\">3</span>I am not a body.</span> <span data-sentence-id=\"613#1:4\"><span class=\"snr\">4</span>I am free. <br/></span><span data-sentence-id=\"613#1:5\"><span class=\"snr\">5</span>For I am still as God created me.</span></p></div> </div>","firstWords":"I am not a body. I am free. For I am still as God created me. (184) The Name of God is my inheritance. God’s Name reminds me that I am His Son, not slave to time, unbound by laws which rule the world","contentType":"acim-content","seoTitle":"Lesson 204: Review (184) | ACIM","seoDescription":"✨ A Course in Miracles with 🎧 Audio! Read and listen to Lesson 204 “Review (184)”: I am not a body. I am free. For I am still as God created me. (184) The Name of God is my inheritance.…","desktopBreadcrumbs":[{"label":"Workbook","leadsTo":{"locale":"en","sectionId":401,"slugs":["workbook","introduction"],"forceToc":true}},{"label":"Part I","leadsTo":{"locale":"en","sectionId":403,"slugs":["lesson-1","nothing-i-see-means-anything"],"forceToc":true}},{"label":"Review VI","leadsTo":{"locale":"en","sectionId":609,"slugs":["review-vi","introduction"]}},{"label":"Lesson 204","leadsTo":{"locale":"en","sectionId":613,"slugs":["review-vi","lesson-204"]}}],"mobileBreadcrumbs":[{"label":"Workbook","leadsTo":{"locale":"en","sectionId":401,"slugs":["workbook","introduction"],"forceToc":true}},{"label":"Part I","leadsTo":{"locale":"en","sectionId":403,"slugs":["lesson-1","nothing-i-see-means-anything"],"forceToc":true}},{"label":"Review VI","leadsTo":{"locale":"en","sectionId":609,"slugs":["review-vi","introduction"]}},{"label":"Lesson 204","leadsTo":{"locale":"en","sectionId":613,"slugs":["review-vi","lesson-204"]}}],"seoBreadcrumbs":[{"label":"A Course in Miracles","leadsTo":"dashboard"},{"label":"Workbook","leadsTo":{"locale":"en","sectionId":401,"slugs":["workbook","introduction"],"forceToc":true}},{"label":"Part I","leadsTo":{"locale":"en","sectionId":403,"slugs":["lesson-1","nothing-i-see-means-anything"],"forceToc":true}},{"label":"Review VI","leadsTo":{"locale":"en","sectionId":609,"slugs":["review-vi","introduction"]}},{"label":"Lesson 204","leadsTo":{"locale":"en","sectionId":613,"slugs":["review-vi","lesson-204"]}}],"slugs":["review-vi","lesson-204"],"canonicalLink":"https://acim.org/acim/review-vi/lesson-204/en/s/613","link":"https://acim.org/acim/review-vi/lesson-204/en/s/613","shortLink":"https://acim.org/acim/en/s/613","previousSectionId":612,"previousSectionSlugs":["review-vi","lesson-203"],"previousSectionLink":"https://acim.org/acim/review-vi/lesson-203/en/s/612","nextSectionId":614,"nextSectionSlugs":["review-vi","lesson-205"],"nextSectionLink":"https://acim.org/acim/review-vi/lesson-205/en/s/614","hreflangLinks":[{"hrefLang":"en","link":"https://acim.org/acim/en/s/613"}]}