{"sectionId":616,"sectionIdLiteral":"616","humanId":"lesson-207","volumeId":"workbook","locale":"en","titleInfo":{"ownlineNumber":"Lesson 207"},"annotation":"W-207","bodyHtml":"<div class=\"acim-text review-lesson review-6 lesson-207\"> <div data-paragraph-id=\"616#0\"><p class=\"p-bold p-centered p-bold-centered\"><span data-sentence-id=\"616#0:1\">I am not a body. I am free. <br/>For I am still as God created me.</span></p></div> <div data-paragraph-id=\"616#1\"><p class=\"p-lesson-ref\"><span class=\"pnr\">1.</span> <span data-sentence-id=\"616#1:1\"><span class=\"snr noprint\">1</span>(<span class=\"lref\">187</span>) I bless the world because I bless myself.</span></p> <p class=\"p-prayer\"><span data-sentence-id=\"616#1:2\"><span class=\"snr\">2</span>God’s blessing shines upon me from within my heart, where He abides.</span> <span data-sentence-id=\"616#1:3\"><span class=\"snr\">3</span>I need but turn to Him, and every sorrow melts away, as I accept His boundless Love for me.</span></p> <p class=\"p-bold p-centered p-bold-centered\"><span data-sentence-id=\"616#1:4\"><span class=\"snr\">4</span>I am not a body.</span> <span data-sentence-id=\"616#1:5\"><span class=\"snr\">5</span>I am free. <br/></span><span data-sentence-id=\"616#1:6\"><span class=\"snr\">6</span>For I am still as God created me.</span></p></div> </div>","firstWords":"I am not a body. I am free. For I am still as God created me. (187) I bless the world because I bless myself. God’s blessing shines upon me from within my heart, where He abides. I need but turn to","contentType":"acim-content","seoTitle":"Lesson 207: Review (187) | ACIM","seoDescription":"✨ A Course in Miracles with 🎧 Audio! Read and listen to Lesson 207 “Review (187)”: I am not a body. I am free. For I am still as God created me. (187) I bless the world because I bless…","desktopBreadcrumbs":[{"label":"Workbook","leadsTo":{"locale":"en","sectionId":401,"slugs":["workbook","introduction"],"forceToc":true}},{"label":"Part I","leadsTo":{"locale":"en","sectionId":403,"slugs":["lesson-1","nothing-i-see-means-anything"],"forceToc":true}},{"label":"Review VI","leadsTo":{"locale":"en","sectionId":609,"slugs":["review-vi","introduction"]}},{"label":"Lesson 207","leadsTo":{"locale":"en","sectionId":616,"slugs":["review-vi","lesson-207"]}}],"mobileBreadcrumbs":[{"label":"Workbook","leadsTo":{"locale":"en","sectionId":401,"slugs":["workbook","introduction"],"forceToc":true}},{"label":"Part I","leadsTo":{"locale":"en","sectionId":403,"slugs":["lesson-1","nothing-i-see-means-anything"],"forceToc":true}},{"label":"Review VI","leadsTo":{"locale":"en","sectionId":609,"slugs":["review-vi","introduction"]}},{"label":"Lesson 207","leadsTo":{"locale":"en","sectionId":616,"slugs":["review-vi","lesson-207"]}}],"seoBreadcrumbs":[{"label":"A Course in Miracles","leadsTo":"dashboard"},{"label":"Workbook","leadsTo":{"locale":"en","sectionId":401,"slugs":["workbook","introduction"],"forceToc":true}},{"label":"Part I","leadsTo":{"locale":"en","sectionId":403,"slugs":["lesson-1","nothing-i-see-means-anything"],"forceToc":true}},{"label":"Review VI","leadsTo":{"locale":"en","sectionId":609,"slugs":["review-vi","introduction"]}},{"label":"Lesson 207","leadsTo":{"locale":"en","sectionId":616,"slugs":["review-vi","lesson-207"]}}],"slugs":["review-vi","lesson-207"],"canonicalLink":"https://acim.org/acim/review-vi/lesson-207/en/s/616","link":"https://acim.org/acim/review-vi/lesson-207/en/s/616","shortLink":"https://acim.org/acim/en/s/616","previousSectionId":615,"previousSectionSlugs":["review-vi","lesson-206"],"previousSectionLink":"https://acim.org/acim/review-vi/lesson-206/en/s/615","nextSectionId":617,"nextSectionSlugs":["review-vi","lesson-208"],"nextSectionLink":"https://acim.org/acim/review-vi/lesson-208/en/s/617","hreflangLinks":[{"hrefLang":"en","link":"https://acim.org/acim/en/s/616"}]}