{"sectionId":617,"sectionIdLiteral":"617","humanId":"lesson-208","volumeId":"workbook","locale":"en","titleInfo":{"ownlineNumber":"Lesson 208"},"annotation":"W-208","bodyHtml":"<div class=\"acim-text review-lesson review-6 lesson-208\"> <div data-paragraph-id=\"617#0\"><p class=\"p-bold p-centered p-bold-centered\"><span data-sentence-id=\"617#0:1\">I am not a body. I am free. <br/>For I am still as God created me.</span></p></div> <div data-paragraph-id=\"617#1\"><p class=\"p-lesson-ref\"><span class=\"pnr\">1.</span> <span data-sentence-id=\"617#1:1\"><span class=\"snr noprint\">1</span>(<span class=\"lref\">188</span>) The peace of God is shining in me now.</span></p> <p class=\"p-prayer\"><span data-sentence-id=\"617#1:2\"><span class=\"snr\">2</span>I will be still, and let the earth be still along with me.</span> <span data-sentence-id=\"617#1:3\"><span class=\"snr\">3</span>And in that stillness we will find the peace of God.</span> <span data-sentence-id=\"617#1:4\"><span class=\"snr\">4</span>It is within my heart, which witnesses to God Himself.</span></p> <p class=\"p-bold p-centered p-bold-centered\"><span data-sentence-id=\"617#1:5\"><span class=\"snr\">5</span>I am not a body.</span> <span data-sentence-id=\"617#1:6\"><span class=\"snr\">6</span>I am free. <br/></span><span data-sentence-id=\"617#1:7\"><span class=\"snr\">7</span>For I am still as God created me.</span></p></div> </div>","firstWords":"I am not a body. I am free. For I am still as God created me. (188) The peace of God is shining in me now. I will be still, and let the earth be still along with me. And in that stillness we will","contentType":"acim-content","seoTitle":"Lesson 208: Review (188) | ACIM","seoDescription":"✨ A Course in Miracles with 🎧 Audio! Read and listen to Lesson 208 “Review (188)”: I am not a body. I am free. For I am still as God created me. (188) The peace of God is shining in me…","desktopBreadcrumbs":[{"label":"Workbook","leadsTo":{"locale":"en","sectionId":401,"slugs":["workbook","introduction"],"forceToc":true}},{"label":"Part I","leadsTo":{"locale":"en","sectionId":403,"slugs":["lesson-1","nothing-i-see-means-anything"],"forceToc":true}},{"label":"Review VI","leadsTo":{"locale":"en","sectionId":609,"slugs":["review-vi","introduction"]}},{"label":"Lesson 208","leadsTo":{"locale":"en","sectionId":617,"slugs":["review-vi","lesson-208"]}}],"mobileBreadcrumbs":[{"label":"Workbook","leadsTo":{"locale":"en","sectionId":401,"slugs":["workbook","introduction"],"forceToc":true}},{"label":"Part I","leadsTo":{"locale":"en","sectionId":403,"slugs":["lesson-1","nothing-i-see-means-anything"],"forceToc":true}},{"label":"Review VI","leadsTo":{"locale":"en","sectionId":609,"slugs":["review-vi","introduction"]}},{"label":"Lesson 208","leadsTo":{"locale":"en","sectionId":617,"slugs":["review-vi","lesson-208"]}}],"seoBreadcrumbs":[{"label":"A Course in Miracles","leadsTo":"dashboard"},{"label":"Workbook","leadsTo":{"locale":"en","sectionId":401,"slugs":["workbook","introduction"],"forceToc":true}},{"label":"Part I","leadsTo":{"locale":"en","sectionId":403,"slugs":["lesson-1","nothing-i-see-means-anything"],"forceToc":true}},{"label":"Review VI","leadsTo":{"locale":"en","sectionId":609,"slugs":["review-vi","introduction"]}},{"label":"Lesson 208","leadsTo":{"locale":"en","sectionId":617,"slugs":["review-vi","lesson-208"]}}],"slugs":["review-vi","lesson-208"],"canonicalLink":"https://acim.org/acim/review-vi/lesson-208/en/s/617","link":"https://acim.org/acim/review-vi/lesson-208/en/s/617","shortLink":"https://acim.org/acim/en/s/617","previousSectionId":616,"previousSectionSlugs":["review-vi","lesson-207"],"previousSectionLink":"https://acim.org/acim/review-vi/lesson-207/en/s/616","nextSectionId":618,"nextSectionSlugs":["review-vi","lesson-209"],"nextSectionLink":"https://acim.org/acim/review-vi/lesson-209/en/s/618","hreflangLinks":[{"hrefLang":"en","link":"https://acim.org/acim/en/s/617"}]}