{"sectionId":620,"sectionIdLiteral":"620","humanId":"lesson-211","volumeId":"workbook","locale":"en","titleInfo":{"ownlineNumber":"Lesson 211"},"annotation":"W-211","bodyHtml":"<div class=\"acim-text review-lesson review-6 lesson-211\"> <div data-paragraph-id=\"620#0\"><p class=\"p-bold p-centered p-bold-centered\"><span data-sentence-id=\"620#0:1\">I am not a body. I am free. <br/>For I am still as God created me.</span></p></div> <div data-paragraph-id=\"620#1\"><p class=\"p-lesson-ref\"><span class=\"pnr\">1.</span> <span data-sentence-id=\"620#1:1\"><span class=\"snr noprint\">1</span>(<span class=\"lref\">191</span>) I am the holy Son of God Himself.</span></p> <p class=\"p-prayer\"><span data-sentence-id=\"620#1:2\"><span class=\"snr\">2</span>In silence and in true humility I seek God’s glory, to behold it in the Son whom He created as my Self.</span></p> <p class=\"p-bold p-centered p-bold-centered\"><span data-sentence-id=\"620#1:3\"><span class=\"snr\">3</span>I am not a body.</span> <span data-sentence-id=\"620#1:4\"><span class=\"snr\">4</span>I am free. <br/></span><span data-sentence-id=\"620#1:5\"><span class=\"snr\">5</span>For I am still as God created me.</span></p></div> </div>","firstWords":"I am not a body. I am free. For I am still as God created me. (191) I am the holy Son of God Himself. In silence and in true humility I seek God’s glory, to behold it in the Son whom He created as my","contentType":"acim-content","seoTitle":"Lesson 211: Review (191) | ACIM","seoDescription":"✨ A Course in Miracles with 🎧 Audio! Read and listen to Lesson 211 “Review (191)”: I am not a body. I am free. For I am still as God created me. (191) I am the holy Son of God Himself.…","desktopBreadcrumbs":[{"label":"Workbook","leadsTo":{"locale":"en","sectionId":401,"slugs":["workbook","introduction"],"forceToc":true}},{"label":"Part I","leadsTo":{"locale":"en","sectionId":403,"slugs":["lesson-1","nothing-i-see-means-anything"],"forceToc":true}},{"label":"Review VI","leadsTo":{"locale":"en","sectionId":609,"slugs":["review-vi","introduction"]}},{"label":"Lesson 211","leadsTo":{"locale":"en","sectionId":620,"slugs":["review-vi","lesson-211"]}}],"mobileBreadcrumbs":[{"label":"Workbook","leadsTo":{"locale":"en","sectionId":401,"slugs":["workbook","introduction"],"forceToc":true}},{"label":"Part I","leadsTo":{"locale":"en","sectionId":403,"slugs":["lesson-1","nothing-i-see-means-anything"],"forceToc":true}},{"label":"Review VI","leadsTo":{"locale":"en","sectionId":609,"slugs":["review-vi","introduction"]}},{"label":"Lesson 211","leadsTo":{"locale":"en","sectionId":620,"slugs":["review-vi","lesson-211"]}}],"seoBreadcrumbs":[{"label":"A Course in Miracles","leadsTo":"dashboard"},{"label":"Workbook","leadsTo":{"locale":"en","sectionId":401,"slugs":["workbook","introduction"],"forceToc":true}},{"label":"Part I","leadsTo":{"locale":"en","sectionId":403,"slugs":["lesson-1","nothing-i-see-means-anything"],"forceToc":true}},{"label":"Review VI","leadsTo":{"locale":"en","sectionId":609,"slugs":["review-vi","introduction"]}},{"label":"Lesson 211","leadsTo":{"locale":"en","sectionId":620,"slugs":["review-vi","lesson-211"]}}],"slugs":["review-vi","lesson-211"],"canonicalLink":"https://acim.org/acim/review-vi/lesson-211/en/s/620","link":"https://acim.org/acim/review-vi/lesson-211/en/s/620","shortLink":"https://acim.org/acim/en/s/620","previousSectionId":619,"previousSectionSlugs":["review-vi","lesson-210"],"previousSectionLink":"https://acim.org/acim/review-vi/lesson-210/en/s/619","nextSectionId":621,"nextSectionSlugs":["review-vi","lesson-212"],"nextSectionLink":"https://acim.org/acim/review-vi/lesson-212/en/s/621","hreflangLinks":[{"hrefLang":"en","link":"https://acim.org/acim/en/s/620"}]}