{"sectionId":625,"sectionIdLiteral":"625","humanId":"lesson-216","volumeId":"workbook","locale":"en","titleInfo":{"ownlineNumber":"Lesson 216"},"annotation":"W-216","bodyHtml":"<div class=\"acim-text review-lesson review-6 lesson-216\"> <div data-paragraph-id=\"625#0\"><p class=\"p-bold p-centered p-bold-centered\"><span data-sentence-id=\"625#0:1\">I am not a body. I am free. <br/>For I am still as God created me.</span></p></div> <div data-paragraph-id=\"625#1\"><p class=\"p-lesson-ref\"><span class=\"pnr\">1.</span> <span data-sentence-id=\"625#1:1\"><span class=\"snr noprint\">1</span>(<span class=\"lref\">196</span>) It can be but myself I crucify.</span></p> <p class=\"p-prayer\"><span data-sentence-id=\"625#1:2\"><span class=\"snr\">2</span>All that I do I do unto myself.</span> <span data-sentence-id=\"625#1:3\"><span class=\"snr\">3</span>If I attack, I suffer.</span> <span data-sentence-id=\"625#1:4\"><span class=\"snr\">4</span>But if I forgive, salvation will be given me.</span></p> <p class=\"p-bold p-centered p-bold-centered\"><span data-sentence-id=\"625#1:5\"><span class=\"snr\">5</span>I am not a body.</span> <span data-sentence-id=\"625#1:6\"><span class=\"snr\">6</span>I am free. <br/></span><span data-sentence-id=\"625#1:7\"><span class=\"snr\">7</span>For I am still as God created me.</span></p></div> </div>","firstWords":"I am not a body. I am free. For I am still as God created me. (196) It can be but myself I crucify. All that I do I do unto myself. If I attack, I suffer. But if I forgive, salvation will be given","contentType":"acim-content","seoTitle":"Lesson 216: Review (196) | ACIM","seoDescription":"✨ A Course in Miracles with 🎧 Audio! Read and listen to Lesson 216 “Review (196)”: I am not a body. I am free. For I am still as God created me. (196) It can be but myself I crucify.…","desktopBreadcrumbs":[{"label":"Workbook","leadsTo":{"locale":"en","sectionId":401,"slugs":["workbook","introduction"],"forceToc":true}},{"label":"Part I","leadsTo":{"locale":"en","sectionId":403,"slugs":["lesson-1","nothing-i-see-means-anything"],"forceToc":true}},{"label":"Review VI","leadsTo":{"locale":"en","sectionId":609,"slugs":["review-vi","introduction"]}},{"label":"Lesson 216","leadsTo":{"locale":"en","sectionId":625,"slugs":["review-vi","lesson-216"]}}],"mobileBreadcrumbs":[{"label":"Workbook","leadsTo":{"locale":"en","sectionId":401,"slugs":["workbook","introduction"],"forceToc":true}},{"label":"Part I","leadsTo":{"locale":"en","sectionId":403,"slugs":["lesson-1","nothing-i-see-means-anything"],"forceToc":true}},{"label":"Review VI","leadsTo":{"locale":"en","sectionId":609,"slugs":["review-vi","introduction"]}},{"label":"Lesson 216","leadsTo":{"locale":"en","sectionId":625,"slugs":["review-vi","lesson-216"]}}],"seoBreadcrumbs":[{"label":"A Course in Miracles","leadsTo":"dashboard"},{"label":"Workbook","leadsTo":{"locale":"en","sectionId":401,"slugs":["workbook","introduction"],"forceToc":true}},{"label":"Part I","leadsTo":{"locale":"en","sectionId":403,"slugs":["lesson-1","nothing-i-see-means-anything"],"forceToc":true}},{"label":"Review VI","leadsTo":{"locale":"en","sectionId":609,"slugs":["review-vi","introduction"]}},{"label":"Lesson 216","leadsTo":{"locale":"en","sectionId":625,"slugs":["review-vi","lesson-216"]}}],"slugs":["review-vi","lesson-216"],"canonicalLink":"https://acim.org/acim/review-vi/lesson-216/en/s/625","link":"https://acim.org/acim/review-vi/lesson-216/en/s/625","shortLink":"https://acim.org/acim/en/s/625","previousSectionId":624,"previousSectionSlugs":["review-vi","lesson-215"],"previousSectionLink":"https://acim.org/acim/review-vi/lesson-215/en/s/624","nextSectionId":626,"nextSectionSlugs":["review-vi","lesson-217"],"nextSectionLink":"https://acim.org/acim/review-vi/lesson-217/en/s/626","hreflangLinks":[{"hrefLang":"en","link":"https://acim.org/acim/en/s/625"}]}