{"sectionId":626,"sectionIdLiteral":"626","humanId":"lesson-217","volumeId":"workbook","locale":"en","titleInfo":{"ownlineNumber":"Lesson 217"},"annotation":"W-217","bodyHtml":"<div class=\"acim-text review-lesson review-6 lesson-217\"> <div data-paragraph-id=\"626#0\"><p class=\"p-bold p-centered p-bold-centered\"><span data-sentence-id=\"626#0:1\">I am not a body. I am free. <br/>For I am still as God created me.</span></p></div> <div data-paragraph-id=\"626#1\"><p class=\"p-lesson-ref\"><span class=\"pnr\">1.</span> <span data-sentence-id=\"626#1:1\"><span class=\"snr noprint\">1</span>(<span class=\"lref\">197</span>) It can be but my gratitude I earn.</span></p> <p class=\"p-prayer\"><span data-sentence-id=\"626#1:2\"><span class=\"snr\">2</span>Who should give thanks for my salvation but myself?</span> <span data-sentence-id=\"626#1:3\"><span class=\"snr\">3</span>And how but through salvation can I find the Self to Whom my thanks are due?</span></p> <p class=\"p-bold p-centered p-bold-centered\"><span data-sentence-id=\"626#1:4\"><span class=\"snr\">4</span>I am not a body.</span> <span data-sentence-id=\"626#1:5\"><span class=\"snr\">5</span>I am free. <br/></span><span data-sentence-id=\"626#1:6\"><span class=\"snr\">6</span>For I am still as God created me.</span></p></div> </div>","firstWords":"I am not a body. I am free. For I am still as God created me. (197) It can be but my gratitude I earn. Who should give thanks for my salvation but myself? And how but through salvation can I find the","contentType":"acim-content","seoTitle":"Lesson 217: Review (197) | ACIM","seoDescription":"✨ A Course in Miracles with 🎧 Audio! Read and listen to Lesson 217 “Review (197)”: I am not a body. I am free. For I am still as God created me. (197) It can be but my gratitude I earn.…","desktopBreadcrumbs":[{"label":"Workbook","leadsTo":{"locale":"en","sectionId":401,"slugs":["workbook","introduction"],"forceToc":true}},{"label":"Part I","leadsTo":{"locale":"en","sectionId":403,"slugs":["lesson-1","nothing-i-see-means-anything"],"forceToc":true}},{"label":"Review VI","leadsTo":{"locale":"en","sectionId":609,"slugs":["review-vi","introduction"]}},{"label":"Lesson 217","leadsTo":{"locale":"en","sectionId":626,"slugs":["review-vi","lesson-217"]}}],"mobileBreadcrumbs":[{"label":"Workbook","leadsTo":{"locale":"en","sectionId":401,"slugs":["workbook","introduction"],"forceToc":true}},{"label":"Part I","leadsTo":{"locale":"en","sectionId":403,"slugs":["lesson-1","nothing-i-see-means-anything"],"forceToc":true}},{"label":"Review VI","leadsTo":{"locale":"en","sectionId":609,"slugs":["review-vi","introduction"]}},{"label":"Lesson 217","leadsTo":{"locale":"en","sectionId":626,"slugs":["review-vi","lesson-217"]}}],"seoBreadcrumbs":[{"label":"A Course in Miracles","leadsTo":"dashboard"},{"label":"Workbook","leadsTo":{"locale":"en","sectionId":401,"slugs":["workbook","introduction"],"forceToc":true}},{"label":"Part I","leadsTo":{"locale":"en","sectionId":403,"slugs":["lesson-1","nothing-i-see-means-anything"],"forceToc":true}},{"label":"Review VI","leadsTo":{"locale":"en","sectionId":609,"slugs":["review-vi","introduction"]}},{"label":"Lesson 217","leadsTo":{"locale":"en","sectionId":626,"slugs":["review-vi","lesson-217"]}}],"slugs":["review-vi","lesson-217"],"canonicalLink":"https://acim.org/acim/review-vi/lesson-217/en/s/626","link":"https://acim.org/acim/review-vi/lesson-217/en/s/626","shortLink":"https://acim.org/acim/en/s/626","previousSectionId":625,"previousSectionSlugs":["review-vi","lesson-216"],"previousSectionLink":"https://acim.org/acim/review-vi/lesson-216/en/s/625","nextSectionId":627,"nextSectionSlugs":["review-vi","lesson-218"],"nextSectionLink":"https://acim.org/acim/review-vi/lesson-218/en/s/627","hreflangLinks":[{"hrefLang":"en","link":"https://acim.org/acim/en/s/626"}]}