{"sectionId":627,"sectionIdLiteral":"627","humanId":"lesson-218","volumeId":"workbook","locale":"en","titleInfo":{"ownlineNumber":"Lesson 218"},"annotation":"W-218","bodyHtml":"<div class=\"acim-text review-lesson review-6 lesson-218\"> <div data-paragraph-id=\"627#0\"><p class=\"p-bold p-centered p-bold-centered\"><span data-sentence-id=\"627#0:1\">I am not a body. I am free. <br/>For I am still as God created me.</span></p></div> <div data-paragraph-id=\"627#1\"><p class=\"p-lesson-ref\"><span class=\"pnr\">1.</span> <span data-sentence-id=\"627#1:1\"><span class=\"snr noprint\">1</span>(<span class=\"lref\">198</span>) Only my condemnation injures me.</span></p> <p class=\"p-prayer\"><span data-sentence-id=\"627#1:2\"><span class=\"snr\">2</span>My condemnation keeps my vision dark, and through my sightless eyes I cannot see the vision of my glory.</span> <span data-sentence-id=\"627#1:3\"><span class=\"snr\">3</span>Yet today I can behold this glory and be glad.</span></p> <p class=\"p-bold p-centered p-bold-centered\"><span data-sentence-id=\"627#1:4\"><span class=\"snr\">4</span>I am not a body.</span> <span data-sentence-id=\"627#1:5\"><span class=\"snr\">5</span>I am free. <br/></span><span data-sentence-id=\"627#1:6\"><span class=\"snr\">6</span>For I am still as God created me.</span></p></div> </div>","firstWords":"I am not a body. I am free. For I am still as God created me. (198) Only my condemnation injures me. My condemnation keeps my vision dark, and through my sightless eyes I cannot see the vision of my","contentType":"acim-content","seoTitle":"Lesson 218: Review (198) | ACIM","seoDescription":"✨ A Course in Miracles with 🎧 Audio! Read and listen to Lesson 218 “Review (198)”: I am not a body. I am free. For I am still as God created me. (198) Only my condemnation injures me.…","desktopBreadcrumbs":[{"label":"Workbook","leadsTo":{"locale":"en","sectionId":401,"slugs":["workbook","introduction"],"forceToc":true}},{"label":"Part I","leadsTo":{"locale":"en","sectionId":403,"slugs":["lesson-1","nothing-i-see-means-anything"],"forceToc":true}},{"label":"Review VI","leadsTo":{"locale":"en","sectionId":609,"slugs":["review-vi","introduction"]}},{"label":"Lesson 218","leadsTo":{"locale":"en","sectionId":627,"slugs":["review-vi","lesson-218"]}}],"mobileBreadcrumbs":[{"label":"Workbook","leadsTo":{"locale":"en","sectionId":401,"slugs":["workbook","introduction"],"forceToc":true}},{"label":"Part I","leadsTo":{"locale":"en","sectionId":403,"slugs":["lesson-1","nothing-i-see-means-anything"],"forceToc":true}},{"label":"Review VI","leadsTo":{"locale":"en","sectionId":609,"slugs":["review-vi","introduction"]}},{"label":"Lesson 218","leadsTo":{"locale":"en","sectionId":627,"slugs":["review-vi","lesson-218"]}}],"seoBreadcrumbs":[{"label":"A Course in Miracles","leadsTo":"dashboard"},{"label":"Workbook","leadsTo":{"locale":"en","sectionId":401,"slugs":["workbook","introduction"],"forceToc":true}},{"label":"Part I","leadsTo":{"locale":"en","sectionId":403,"slugs":["lesson-1","nothing-i-see-means-anything"],"forceToc":true}},{"label":"Review VI","leadsTo":{"locale":"en","sectionId":609,"slugs":["review-vi","introduction"]}},{"label":"Lesson 218","leadsTo":{"locale":"en","sectionId":627,"slugs":["review-vi","lesson-218"]}}],"slugs":["review-vi","lesson-218"],"canonicalLink":"https://acim.org/acim/review-vi/lesson-218/en/s/627","link":"https://acim.org/acim/review-vi/lesson-218/en/s/627","shortLink":"https://acim.org/acim/en/s/627","previousSectionId":626,"previousSectionSlugs":["review-vi","lesson-217"],"previousSectionLink":"https://acim.org/acim/review-vi/lesson-217/en/s/626","nextSectionId":628,"nextSectionSlugs":["review-vi","lesson-219"],"nextSectionLink":"https://acim.org/acim/review-vi/lesson-219/en/s/628","hreflangLinks":[{"hrefLang":"en","link":"https://acim.org/acim/en/s/627"}]}