{"sectionId":629,"sectionIdLiteral":"629","humanId":"lesson-220","volumeId":"workbook","locale":"en","titleInfo":{"ownlineNumber":"Lesson 220"},"annotation":"W-220","bodyHtml":"<div class=\"acim-text review-lesson review-6 lesson-220\"> <div data-paragraph-id=\"629#0\"><p class=\"p-bold p-centered p-bold-centered\"><span data-sentence-id=\"629#0:1\">I am not a body. I am free. <br/>For I am still as God created me.</span></p></div> <div data-paragraph-id=\"629#1\"><p class=\"p-lesson-ref\"><span class=\"pnr\">1.</span> <span data-sentence-id=\"629#1:1\"><span class=\"snr noprint\">1</span>(<span class=\"lref\">200</span>) There is no peace except the peace of God.</span></p> <p class=\"p-prayer\"><span data-sentence-id=\"629#1:2\"><span class=\"snr\">2</span>Let me not wander from the way of peace, for I am lost on other roads than this.</span> <span data-sentence-id=\"629#1:3\"><span class=\"snr\">3</span>But let me follow Him Who leads me home, and peace is certain as the Love of God.</span></p> <p class=\"p-bold p-centered p-bold-centered\"><span data-sentence-id=\"629#1:4\"><span class=\"snr\">4</span>I am not a body.</span> <span data-sentence-id=\"629#1:5\"><span class=\"snr\">5</span>I am free. <br/></span><span data-sentence-id=\"629#1:6\"><span class=\"snr\">6</span>For I am still as God created me.</span></p></div> </div>","firstWords":"I am not a body. I am free. For I am still as God created me. (200) There is no peace except the peace of God. Let me not wander from the way of peace, for I am lost on other roads than this. But let","contentType":"acim-content","seoTitle":"Lesson 220: Review (200) | ACIM","seoDescription":"✨ A Course in Miracles with 🎧 Audio! Read and listen to Lesson 220 “Review (200)”: I am not a body. I am free. For I am still as God created me. (200) There is no peace except the peace…","desktopBreadcrumbs":[{"label":"Workbook","leadsTo":{"locale":"en","sectionId":401,"slugs":["workbook","introduction"],"forceToc":true}},{"label":"Part I","leadsTo":{"locale":"en","sectionId":403,"slugs":["lesson-1","nothing-i-see-means-anything"],"forceToc":true}},{"label":"Review VI","leadsTo":{"locale":"en","sectionId":609,"slugs":["review-vi","introduction"]}},{"label":"Lesson 220","leadsTo":{"locale":"en","sectionId":629,"slugs":["review-vi","lesson-220"]}}],"mobileBreadcrumbs":[{"label":"Workbook","leadsTo":{"locale":"en","sectionId":401,"slugs":["workbook","introduction"],"forceToc":true}},{"label":"Part I","leadsTo":{"locale":"en","sectionId":403,"slugs":["lesson-1","nothing-i-see-means-anything"],"forceToc":true}},{"label":"Review VI","leadsTo":{"locale":"en","sectionId":609,"slugs":["review-vi","introduction"]}},{"label":"Lesson 220","leadsTo":{"locale":"en","sectionId":629,"slugs":["review-vi","lesson-220"]}}],"seoBreadcrumbs":[{"label":"A Course in Miracles","leadsTo":"dashboard"},{"label":"Workbook","leadsTo":{"locale":"en","sectionId":401,"slugs":["workbook","introduction"],"forceToc":true}},{"label":"Part I","leadsTo":{"locale":"en","sectionId":403,"slugs":["lesson-1","nothing-i-see-means-anything"],"forceToc":true}},{"label":"Review VI","leadsTo":{"locale":"en","sectionId":609,"slugs":["review-vi","introduction"]}},{"label":"Lesson 220","leadsTo":{"locale":"en","sectionId":629,"slugs":["review-vi","lesson-220"]}}],"slugs":["review-vi","lesson-220"],"canonicalLink":"https://acim.org/acim/review-vi/lesson-220/en/s/629","link":"https://acim.org/acim/review-vi/lesson-220/en/s/629","shortLink":"https://acim.org/acim/en/s/629","previousSectionId":628,"previousSectionSlugs":["review-vi","lesson-219"],"previousSectionLink":"https://acim.org/acim/review-vi/lesson-219/en/s/628","nextSectionId":631,"nextSectionSlugs":["workbook","part-ii-introduction"],"nextSectionLink":"https://acim.org/acim/workbook/part-ii-introduction/en/s/631","hreflangLinks":[{"hrefLang":"en","link":"https://acim.org/acim/en/s/629"}]}