{"sectionId":633,"sectionIdLiteral":"633","humanId":"lesson-221","volumeId":"workbook","locale":"en","titleInfo":{"title":"Peace to my mind. Let all my thoughts be still.","ownlineNumber":"Lesson 221"},"annotation":"W-221","bodyHtml":"<div class=\"acim-text lesson-221\"> <div data-paragraph-id=\"633#1\"><p class=\"p-italic\"><span class=\"pnr\">1.</span> <span data-sentence-id=\"633#1:1\"><span class=\"snr noprint\">1</span>Father, I come to You today to seek the peace that You alone can give.</span> <span data-sentence-id=\"633#1:2\"><span class=\"snr\">2</span>I come in silence.</span> <span data-sentence-id=\"633#1:3\"><span class=\"snr\">3</span>In the quiet of my heart, the deep recesses of my mind, I wait and listen for Your Voice.</span> <span data-sentence-id=\"633#1:4\"><span class=\"snr\">4</span>My Father, speak to me today.</span> <span data-sentence-id=\"633#1:5\"><span class=\"snr\">5</span>I come to hear Your Voice in silence and in certainty and love, sure You will hear my call and answer me.</span></p></div> <div data-paragraph-id=\"633#2\"><p class=\"p-normal\"><span class=\"pnr\">2.</span> <span data-sentence-id=\"633#2:1\"><span class=\"snr noprint\">1</span>Now do we wait in quiet.</span> <span data-sentence-id=\"633#2:2\"><span class=\"snr\">2</span>God is here, because we wait together.</span> <span data-sentence-id=\"633#2:3\"><span class=\"snr\">3</span>I am sure that He will speak to you, and you will hear.</span> <span data-sentence-id=\"633#2:4\"><span class=\"snr\">4</span>Accept my confidence, for it is yours.</span> <span data-sentence-id=\"633#2:5\"><span class=\"snr\">5</span>Our minds are joined.</span> <span data-sentence-id=\"633#2:6\"><span class=\"snr\">6</span>We wait with one intent; to hear our Father’s answer to our call, to let our thoughts be still and find His peace, to hear Him speak to us of what we are, and to reveal Himself unto His Son.</span></p></div> </div>","firstWords":"Father, I come to You today to seek the peace that You alone can give. I come in silence. In the quiet of my heart, the deep recesses of my mind, I wait and listen for Your Voice. My Father, speak to","contentType":"acim-content","seoTitle":"Lesson 221: Peace to my mind. Let all my… | ACIM","seoDescription":"✨ A Course in Miracles with 🎧 Audio! Read and listen to Lesson 221 “Peace to my mind. Let all my thoughts be still”: Father, I come to You today to seek the peace that You alone can…","desktopBreadcrumbs":[{"label":"Workbook","leadsTo":{"locale":"en","sectionId":401,"slugs":["workbook","introduction"],"forceToc":true}},{"label":"Part II","leadsTo":{"locale":"en","sectionId":631,"slugs":["workbook","part-ii-introduction"],"forceToc":true}},{"label":"1. What Is Forgiveness?","leadsTo":{"locale":"en","sectionId":632,"slugs":["workbook","what-is-forgiveness"]}},{"label":"Lesson 221","leadsTo":{"locale":"en","sectionId":633,"slugs":["lesson-221","peace-to-my-mind-let-all-my-thoughts-be-still"]}}],"mobileBreadcrumbs":[{"label":"Workbook","leadsTo":{"locale":"en","sectionId":401,"slugs":["workbook","introduction"],"forceToc":true}},{"label":"Part II","leadsTo":{"locale":"en","sectionId":631,"slugs":["workbook","part-ii-introduction"],"forceToc":true}},{"label":"1. What Is Forgiveness?","leadsTo":{"locale":"en","sectionId":632,"slugs":["workbook","what-is-forgiveness"]}},{"label":"Lesson 221","leadsTo":{"locale":"en","sectionId":633,"slugs":["lesson-221","peace-to-my-mind-let-all-my-thoughts-be-still"]}}],"seoBreadcrumbs":[{"label":"A Course in Miracles","leadsTo":"dashboard"},{"label":"Workbook","leadsTo":{"locale":"en","sectionId":401,"slugs":["workbook","introduction"],"forceToc":true}},{"label":"Part II","leadsTo":{"locale":"en","sectionId":631,"slugs":["workbook","part-ii-introduction"],"forceToc":true}},{"label":"1. What Is Forgiveness?","leadsTo":{"locale":"en","sectionId":632,"slugs":["workbook","what-is-forgiveness"]}},{"label":"Lesson 221","leadsTo":{"locale":"en","sectionId":633,"slugs":["lesson-221","peace-to-my-mind-let-all-my-thoughts-be-still"]}}],"slugs":["lesson-221","peace-to-my-mind-let-all-my-thoughts-be-still"],"canonicalLink":"https://acim.org/acim/lesson-221/peace-to-my-mind-let-all-my-thoughts-be-still/en/s/633","link":"https://acim.org/acim/lesson-221/peace-to-my-mind-let-all-my-thoughts-be-still/en/s/633","shortLink":"https://acim.org/acim/en/s/633","previousSectionId":632,"previousSectionSlugs":["workbook","what-is-forgiveness"],"previousSectionLink":"https://acim.org/acim/workbook/what-is-forgiveness/en/s/632","nextSectionId":634,"nextSectionSlugs":["lesson-222","god-is-with-me-i-live-and-move-in-him"],"nextSectionLink":"https://acim.org/acim/lesson-222/god-is-with-me-i-live-and-move-in-him/en/s/634","hreflangLinks":[{"hrefLang":"en","link":"https://acim.org/acim/en/s/633"}]}