{"sectionId":636,"sectionIdLiteral":"636","humanId":"lesson-224","volumeId":"workbook","locale":"en","titleInfo":{"title":"God is my Father, and He loves His Son.","ownlineNumber":"Lesson 224"},"annotation":"W-224","bodyHtml":"<div class=\"acim-text lesson-224\"> <div data-paragraph-id=\"636#1\"><p class=\"p-normal\"><span class=\"pnr\">1.</span> <span data-sentence-id=\"636#1:1\"><span class=\"snr noprint\">1</span>My true Identity is so secure, so lofty, sinless, glorious and great, wholly beneficent and free from guilt, that Heaven looks to It to give it light.</span> <span data-sentence-id=\"636#1:2\"><span class=\"snr\">2</span>It lights the world as well.</span> <span data-sentence-id=\"636#1:3\"><span class=\"snr\">3</span>It is the gift my Father gave to me; the one as well I give the world.</span> <span data-sentence-id=\"636#1:4\"><span class=\"snr\">4</span>There is no gift but this that can be either given or received.</span> <span data-sentence-id=\"636#1:5\"><span class=\"snr\">5</span>This is reality, and only this.</span> <span data-sentence-id=\"636#1:6\"><span class=\"snr\">6</span>This is illusion’s end.</span> <span data-sentence-id=\"636#1:7\"><span class=\"snr\">7</span>It is the truth.</span></p></div> <div data-paragraph-id=\"636#2\"><p class=\"p-italic\"><span class=\"pnr\">2.</span> <span data-sentence-id=\"636#2:1\"><span class=\"snr noprint\">1</span>My Name, O Father, still is known to You.</span> <span data-sentence-id=\"636#2:2\"><span class=\"snr\">2</span>I have forgotten It, and do not know where I am going, who I am, or what it is I do.</span> <span data-sentence-id=\"636#2:3\"><span class=\"snr\">3</span>Remind me, Father, now, for I am weary of the world I see.</span> <span data-sentence-id=\"636#2:4\"><span class=\"snr\">4</span>Reveal what You would have me see instead.</span></p></div> </div>","firstWords":"My true Identity is so secure, so lofty, sinless, glorious and great, wholly beneficent and free from guilt, that Heaven looks to It to give it light. It lights the world as well. It is the gift my","contentType":"acim-content","seoTitle":"Lesson 224: God is my Father, and He loves His… | ACIM","seoDescription":"✨ A Course in Miracles with 🎧 Audio! Read and listen to Lesson 224 “God is my Father, and He loves His Son”: My true Identity is so secure, so lofty, sinless, glorious and great, wholly…","desktopBreadcrumbs":[{"label":"Workbook","leadsTo":{"locale":"en","sectionId":401,"slugs":["workbook","introduction"],"forceToc":true}},{"label":"Part II","leadsTo":{"locale":"en","sectionId":631,"slugs":["workbook","part-ii-introduction"],"forceToc":true}},{"label":"1. What Is Forgiveness?","leadsTo":{"locale":"en","sectionId":632,"slugs":["workbook","what-is-forgiveness"]}},{"label":"Lesson 224","leadsTo":{"locale":"en","sectionId":636,"slugs":["lesson-224","god-is-my-father-and-he-loves-his-son"]}}],"mobileBreadcrumbs":[{"label":"Workbook","leadsTo":{"locale":"en","sectionId":401,"slugs":["workbook","introduction"],"forceToc":true}},{"label":"Part II","leadsTo":{"locale":"en","sectionId":631,"slugs":["workbook","part-ii-introduction"],"forceToc":true}},{"label":"1. What Is Forgiveness?","leadsTo":{"locale":"en","sectionId":632,"slugs":["workbook","what-is-forgiveness"]}},{"label":"Lesson 224","leadsTo":{"locale":"en","sectionId":636,"slugs":["lesson-224","god-is-my-father-and-he-loves-his-son"]}}],"seoBreadcrumbs":[{"label":"A Course in Miracles","leadsTo":"dashboard"},{"label":"Workbook","leadsTo":{"locale":"en","sectionId":401,"slugs":["workbook","introduction"],"forceToc":true}},{"label":"Part II","leadsTo":{"locale":"en","sectionId":631,"slugs":["workbook","part-ii-introduction"],"forceToc":true}},{"label":"1. What Is Forgiveness?","leadsTo":{"locale":"en","sectionId":632,"slugs":["workbook","what-is-forgiveness"]}},{"label":"Lesson 224","leadsTo":{"locale":"en","sectionId":636,"slugs":["lesson-224","god-is-my-father-and-he-loves-his-son"]}}],"slugs":["lesson-224","god-is-my-father-and-he-loves-his-son"],"canonicalLink":"https://acim.org/acim/lesson-224/god-is-my-father-and-he-loves-his-son/en/s/636","link":"https://acim.org/acim/lesson-224/god-is-my-father-and-he-loves-his-son/en/s/636","shortLink":"https://acim.org/acim/en/s/636","previousSectionId":635,"previousSectionSlugs":["lesson-223","god-is-my-life-i-have-no-life-but-his"],"previousSectionLink":"https://acim.org/acim/lesson-223/god-is-my-life-i-have-no-life-but-his/en/s/635","nextSectionId":637,"nextSectionSlugs":["lesson-225","god-is-my-father-and-his-son-loves-him"],"nextSectionLink":"https://acim.org/acim/lesson-225/god-is-my-father-and-his-son-loves-him/en/s/637","hreflangLinks":[{"hrefLang":"en","link":"https://acim.org/acim/en/s/636"}]}