{"sectionId":637,"sectionIdLiteral":"637","humanId":"lesson-225","volumeId":"workbook","locale":"en","titleInfo":{"title":"God is my Father, and His Son loves Him.","ownlineNumber":"Lesson 225"},"annotation":"W-225","bodyHtml":"<div class=\"acim-text lesson-225\"> <div data-paragraph-id=\"637#1\"><p class=\"p-italic\"><span class=\"pnr\">1.</span> <span data-sentence-id=\"637#1:1\"><span class=\"snr noprint\">1</span>Father, I must return Your Love for me, for giving and receiving are the same, and You have given all Your Love to me.</span> <span data-sentence-id=\"637#1:2\"><span class=\"snr\">2</span>I must return it, for I want it mine in full awareness, blazing in my mind and keeping it within its kindly light, inviolate, beloved, with fear behind and only peace ahead.</span> <span data-sentence-id=\"637#1:3\"><span class=\"snr\">3</span>How still the way Your loving Son is led along to You!</span></p></div> <div data-paragraph-id=\"637#2\"><p class=\"p-normal\"><span class=\"pnr\">2.</span> <span data-sentence-id=\"637#2:1\"><span class=\"snr noprint\">1</span>Brother, we find that stillness now.</span> <span data-sentence-id=\"637#2:2\"><span class=\"snr\">2</span>The way is open.</span> <span data-sentence-id=\"637#2:3\"><span class=\"snr\">3</span>Now we follow it in peace together.</span> <span data-sentence-id=\"637#2:4\"><span class=\"snr\">4</span>You have reached your hand to me, and I will never leave you.</span> <span data-sentence-id=\"637#2:5\"><span class=\"snr\">5</span>We are one, and it is but this oneness that we seek, as we accomplish these few final steps which end a journey that was not begun.</span></p></div> </div>","firstWords":"Father, I must return Your Love for me, for giving and receiving are the same, and You have given all Your Love to me. I must return it, for I want it mine in full awareness, blazing in my mind and","contentType":"acim-content","seoTitle":"Lesson 225: God is my Father, and His Son… | ACIM","seoDescription":"✨ A Course in Miracles with 🎧 Audio! Read and listen to Lesson 225 “God is my Father, and His Son loves Him”: Father, I must return Your Love for me, for giving and receiving are the…","desktopBreadcrumbs":[{"label":"Workbook","leadsTo":{"locale":"en","sectionId":401,"slugs":["workbook","introduction"],"forceToc":true}},{"label":"Part II","leadsTo":{"locale":"en","sectionId":631,"slugs":["workbook","part-ii-introduction"],"forceToc":true}},{"label":"1. What Is Forgiveness?","leadsTo":{"locale":"en","sectionId":632,"slugs":["workbook","what-is-forgiveness"]}},{"label":"Lesson 225","leadsTo":{"locale":"en","sectionId":637,"slugs":["lesson-225","god-is-my-father-and-his-son-loves-him"]}}],"mobileBreadcrumbs":[{"label":"Workbook","leadsTo":{"locale":"en","sectionId":401,"slugs":["workbook","introduction"],"forceToc":true}},{"label":"Part II","leadsTo":{"locale":"en","sectionId":631,"slugs":["workbook","part-ii-introduction"],"forceToc":true}},{"label":"1. What Is Forgiveness?","leadsTo":{"locale":"en","sectionId":632,"slugs":["workbook","what-is-forgiveness"]}},{"label":"Lesson 225","leadsTo":{"locale":"en","sectionId":637,"slugs":["lesson-225","god-is-my-father-and-his-son-loves-him"]}}],"seoBreadcrumbs":[{"label":"A Course in Miracles","leadsTo":"dashboard"},{"label":"Workbook","leadsTo":{"locale":"en","sectionId":401,"slugs":["workbook","introduction"],"forceToc":true}},{"label":"Part II","leadsTo":{"locale":"en","sectionId":631,"slugs":["workbook","part-ii-introduction"],"forceToc":true}},{"label":"1. What Is Forgiveness?","leadsTo":{"locale":"en","sectionId":632,"slugs":["workbook","what-is-forgiveness"]}},{"label":"Lesson 225","leadsTo":{"locale":"en","sectionId":637,"slugs":["lesson-225","god-is-my-father-and-his-son-loves-him"]}}],"slugs":["lesson-225","god-is-my-father-and-his-son-loves-him"],"canonicalLink":"https://acim.org/acim/lesson-225/god-is-my-father-and-his-son-loves-him/en/s/637","link":"https://acim.org/acim/lesson-225/god-is-my-father-and-his-son-loves-him/en/s/637","shortLink":"https://acim.org/acim/en/s/637","previousSectionId":636,"previousSectionSlugs":["lesson-224","god-is-my-father-and-he-loves-his-son"],"previousSectionLink":"https://acim.org/acim/lesson-224/god-is-my-father-and-he-loves-his-son/en/s/636","nextSectionId":638,"nextSectionSlugs":["lesson-226","my-home-awaits-me-i-will-hasten-there"],"nextSectionLink":"https://acim.org/acim/lesson-226/my-home-awaits-me-i-will-hasten-there/en/s/638","hreflangLinks":[{"hrefLang":"en","link":"https://acim.org/acim/en/s/637"}]}