{"sectionId":640,"sectionIdLiteral":"640","humanId":"lesson-228","volumeId":"workbook","locale":"en","titleInfo":{"title":"God has condemned me not. No more do I.","ownlineNumber":"Lesson 228"},"annotation":"W-228","bodyHtml":"<div class=\"acim-text lesson-228\"> <div data-paragraph-id=\"640#1\"><p class=\"p-normal\"><span class=\"pnr\">1.</span> <span data-sentence-id=\"640#1:1\"><span class=\"snr noprint\">1</span>My Father knows my holiness.</span> <span data-sentence-id=\"640#1:2\"><span class=\"snr\">2</span>Shall I deny His knowledge, and believe in what His knowledge makes impossible?</span> <span data-sentence-id=\"640#1:3\"><span class=\"snr\">3</span>Shall I accept as true what He proclaims as false?</span> <span data-sentence-id=\"640#1:4\"><span class=\"snr\">4</span>Or shall I take His Word for what I am, since He is my Creator, and the One Who knows the true condition of His Son?</span></p></div> <div data-paragraph-id=\"640#2\"><p class=\"p-italic\"><span class=\"pnr\">2.</span> <span data-sentence-id=\"640#2:1\"><span class=\"snr noprint\">1</span>Father, I was mistaken in myself, because I failed to realize the Source from which I came.</span> <span data-sentence-id=\"640#2:2\"><span class=\"snr\">2</span>I have not left that Source to enter in a body and to die.</span> <span data-sentence-id=\"640#2:3\"><span class=\"snr\">3</span>My holiness remains a part of me, as I am part of You.</span> <span data-sentence-id=\"640#2:4\"><span class=\"snr\">4</span>And my mistakes about myself are dreams.</span> <span data-sentence-id=\"640#2:5\"><span class=\"snr\">5</span>I let them go today.</span> <span data-sentence-id=\"640#2:6\"><span class=\"snr\">6</span>And I stand ready to receive Your Word alone for what I really am.</span></p></div> </div>","firstWords":"My Father knows my holiness. Shall I deny His knowledge, and believe in what His knowledge makes impossible? Shall I accept as true what He proclaims as false? Or shall I take His Word for what I am,","contentType":"acim-content","seoTitle":"Lesson 228: God has condemned me not. No more… | ACIM","seoDescription":"✨ A Course in Miracles with 🎧 Audio! Read and listen to Lesson 228 “God has condemned me not. No more do I”: My Father knows my holiness. Shall I deny His knowledge, and believe in what…","desktopBreadcrumbs":[{"label":"Workbook","leadsTo":{"locale":"en","sectionId":401,"slugs":["workbook","introduction"],"forceToc":true}},{"label":"Part II","leadsTo":{"locale":"en","sectionId":631,"slugs":["workbook","part-ii-introduction"],"forceToc":true}},{"label":"1. What Is Forgiveness?","leadsTo":{"locale":"en","sectionId":632,"slugs":["workbook","what-is-forgiveness"]}},{"label":"Lesson 228","leadsTo":{"locale":"en","sectionId":640,"slugs":["lesson-228","god-has-condemned-me-not-no-more-do-i"]}}],"mobileBreadcrumbs":[{"label":"Workbook","leadsTo":{"locale":"en","sectionId":401,"slugs":["workbook","introduction"],"forceToc":true}},{"label":"Part II","leadsTo":{"locale":"en","sectionId":631,"slugs":["workbook","part-ii-introduction"],"forceToc":true}},{"label":"1. What Is Forgiveness?","leadsTo":{"locale":"en","sectionId":632,"slugs":["workbook","what-is-forgiveness"]}},{"label":"Lesson 228","leadsTo":{"locale":"en","sectionId":640,"slugs":["lesson-228","god-has-condemned-me-not-no-more-do-i"]}}],"seoBreadcrumbs":[{"label":"A Course in Miracles","leadsTo":"dashboard"},{"label":"Workbook","leadsTo":{"locale":"en","sectionId":401,"slugs":["workbook","introduction"],"forceToc":true}},{"label":"Part II","leadsTo":{"locale":"en","sectionId":631,"slugs":["workbook","part-ii-introduction"],"forceToc":true}},{"label":"1. What Is Forgiveness?","leadsTo":{"locale":"en","sectionId":632,"slugs":["workbook","what-is-forgiveness"]}},{"label":"Lesson 228","leadsTo":{"locale":"en","sectionId":640,"slugs":["lesson-228","god-has-condemned-me-not-no-more-do-i"]}}],"slugs":["lesson-228","god-has-condemned-me-not-no-more-do-i"],"canonicalLink":"https://acim.org/acim/lesson-228/god-has-condemned-me-not-no-more-do-i/en/s/640","link":"https://acim.org/acim/lesson-228/god-has-condemned-me-not-no-more-do-i/en/s/640","shortLink":"https://acim.org/acim/en/s/640","previousSectionId":639,"previousSectionSlugs":["lesson-227","this-is-my-holy-instant-of-release"],"previousSectionLink":"https://acim.org/acim/lesson-227/this-is-my-holy-instant-of-release/en/s/639","nextSectionId":641,"nextSectionSlugs":["lesson-229","love-which-created-me-is-what-i-am"],"nextSectionLink":"https://acim.org/acim/lesson-229/love-which-created-me-is-what-i-am/en/s/641","hreflangLinks":[{"hrefLang":"en","link":"https://acim.org/acim/en/s/640"}]}