{"sectionId":641,"sectionIdLiteral":"641","humanId":"lesson-229","volumeId":"workbook","locale":"en","titleInfo":{"title":"Love, which created me, is what I am.","ownlineNumber":"Lesson 229"},"annotation":"W-229","bodyHtml":"<div class=\"acim-text lesson-229\"> <div data-paragraph-id=\"641#1\"><p class=\"p-normal\"><span class=\"pnr\">1.</span> <span data-sentence-id=\"641#1:1\"><span class=\"snr noprint\">1</span>I seek my own Identity, and find It in these words: “Love, which created me, is what I am.”</span> <span data-sentence-id=\"641#1:2\"><span class=\"snr\">2</span>Now need I seek no more.</span> <span data-sentence-id=\"641#1:3\"><span class=\"snr\">3</span>Love has prevailed.</span> <span data-sentence-id=\"641#1:4\"><span class=\"snr\">4</span>So still It waited for my coming home, that I will turn away no longer from the holy face of Christ.</span> <span data-sentence-id=\"641#1:5\"><span class=\"snr\">5</span>And what I look upon attests the truth of the Identity I sought to lose, but which my Father has kept safe for me.</span></p></div> <div data-paragraph-id=\"641#2\"><p class=\"p-italic\"><span class=\"pnr\">2.</span> <span data-sentence-id=\"641#2:1\"><span class=\"snr noprint\">1</span>Father, my thanks to You for what I am; for keeping my Identity untouched and sinless, in the midst of all the thoughts of sin my foolish mind made up.</span> <span data-sentence-id=\"641#2:2\"><span class=\"snr\">2</span>And thanks to You for saving me from them.</span> <span data-sentence-id=\"641#2:3\"><span class=\"snr\">3</span>Amen.</span></p></div> </div>","firstWords":"I seek my own Identity, and find It in these words: “Love, which created me, is what I am.” Now need I seek no more. Love has prevailed. So still It waited for my coming home, that I will turn away","contentType":"acim-content","seoTitle":"Lesson 229: Love, which created me, is what I am | ACIM","seoDescription":"✨ A Course in Miracles with 🎧 Audio! Read and listen to Lesson 229 “Love, which created me, is what I am”: I seek my own Identity, and find It in these words: “Love, which created me,…","desktopBreadcrumbs":[{"label":"Workbook","leadsTo":{"locale":"en","sectionId":401,"slugs":["workbook","introduction"],"forceToc":true}},{"label":"Part II","leadsTo":{"locale":"en","sectionId":631,"slugs":["workbook","part-ii-introduction"],"forceToc":true}},{"label":"1. What Is Forgiveness?","leadsTo":{"locale":"en","sectionId":632,"slugs":["workbook","what-is-forgiveness"]}},{"label":"Lesson 229","leadsTo":{"locale":"en","sectionId":641,"slugs":["lesson-229","love-which-created-me-is-what-i-am"]}}],"mobileBreadcrumbs":[{"label":"Workbook","leadsTo":{"locale":"en","sectionId":401,"slugs":["workbook","introduction"],"forceToc":true}},{"label":"Part II","leadsTo":{"locale":"en","sectionId":631,"slugs":["workbook","part-ii-introduction"],"forceToc":true}},{"label":"1. What Is Forgiveness?","leadsTo":{"locale":"en","sectionId":632,"slugs":["workbook","what-is-forgiveness"]}},{"label":"Lesson 229","leadsTo":{"locale":"en","sectionId":641,"slugs":["lesson-229","love-which-created-me-is-what-i-am"]}}],"seoBreadcrumbs":[{"label":"A Course in Miracles","leadsTo":"dashboard"},{"label":"Workbook","leadsTo":{"locale":"en","sectionId":401,"slugs":["workbook","introduction"],"forceToc":true}},{"label":"Part II","leadsTo":{"locale":"en","sectionId":631,"slugs":["workbook","part-ii-introduction"],"forceToc":true}},{"label":"1. What Is Forgiveness?","leadsTo":{"locale":"en","sectionId":632,"slugs":["workbook","what-is-forgiveness"]}},{"label":"Lesson 229","leadsTo":{"locale":"en","sectionId":641,"slugs":["lesson-229","love-which-created-me-is-what-i-am"]}}],"slugs":["lesson-229","love-which-created-me-is-what-i-am"],"canonicalLink":"https://acim.org/acim/lesson-229/love-which-created-me-is-what-i-am/en/s/641","link":"https://acim.org/acim/lesson-229/love-which-created-me-is-what-i-am/en/s/641","shortLink":"https://acim.org/acim/en/s/641","previousSectionId":640,"previousSectionSlugs":["lesson-228","god-has-condemned-me-not-no-more-do-i"],"previousSectionLink":"https://acim.org/acim/lesson-228/god-has-condemned-me-not-no-more-do-i/en/s/640","nextSectionId":642,"nextSectionSlugs":["lesson-230","now-will-i-seek-and-find-the-peace-of-god"],"nextSectionLink":"https://acim.org/acim/lesson-230/now-will-i-seek-and-find-the-peace-of-god/en/s/642","hreflangLinks":[{"hrefLang":"en","link":"https://acim.org/acim/en/s/641"}]}