{"sectionId":646,"sectionIdLiteral":"646","humanId":"lesson-233","volumeId":"workbook","locale":"en","titleInfo":{"title":"I give my life to God to guide today.","ownlineNumber":"Lesson 233"},"annotation":"W-233","bodyHtml":"<div class=\"acim-text lesson-233\"> <div data-paragraph-id=\"646#1\"><p class=\"p-italic\"><span class=\"pnr\">1.</span> <span data-sentence-id=\"646#1:1\"><span class=\"snr noprint\">1</span>Father, I give You all my thoughts today.</span> <span data-sentence-id=\"646#1:2\"><span class=\"snr\">2</span>I would have none of mine.</span> <span data-sentence-id=\"646#1:3\"><span class=\"snr\">3</span>In place of them, give me Your Own.</span> <span data-sentence-id=\"646#1:4\"><span class=\"snr\">4</span>I give You all my acts as well, that I may do Your Will instead of seeking goals which cannot be obtained, and wasting time in vain imaginings.</span> <span data-sentence-id=\"646#1:5\"><span class=\"snr\">5</span>Today I come to You.</span> <span data-sentence-id=\"646#1:6\"><span class=\"snr\">6</span>I will step back and merely follow You.</span> <span data-sentence-id=\"646#1:7\"><span class=\"snr\">7</span>Be You the Guide, and I the follower who questions not the wisdom of the Infinite, nor Love whose tenderness I cannot comprehend, but which is yet Your perfect gift to me.</span></p></div> <div data-paragraph-id=\"646#2\"><p class=\"p-normal\"><span class=\"pnr\">2.</span> <span data-sentence-id=\"646#2:1\"><span class=\"snr noprint\">1</span>Today we have one Guide to lead us on.</span> <span data-sentence-id=\"646#2:2\"><span class=\"snr\">2</span>And as we walk together, we will give this day to Him with no reserve at all.</span> <span data-sentence-id=\"646#2:3\"><span class=\"snr\">3</span>This is His day.</span> <span data-sentence-id=\"646#2:4\"><span class=\"snr\">4</span>And so it is a day of countless gifts and mercies unto us.</span></p></div> </div>","firstWords":"Father, I give You all my thoughts today. I would have none of mine. In place of them, give me Your Own. I give You all my acts as well, that I may do Your Will instead of seeking goals which cannot","contentType":"acim-content","seoTitle":"Lesson 233: I give my life to God to guide today | ACIM","seoDescription":"✨ A Course in Miracles with 🎧 Audio! Read and listen to Lesson 233 “I give my life to God to guide today”: Father, I give You all my thoughts today. I would have none of mine. In place…","desktopBreadcrumbs":[{"label":"Workbook","leadsTo":{"locale":"en","sectionId":401,"slugs":["workbook","introduction"],"forceToc":true}},{"label":"Part II","leadsTo":{"locale":"en","sectionId":631,"slugs":["workbook","part-ii-introduction"],"forceToc":true}},{"label":"2. What Is Salvation?","leadsTo":{"locale":"en","sectionId":643,"slugs":["workbook","what-is-salvation"]}},{"label":"Lesson 233","leadsTo":{"locale":"en","sectionId":646,"slugs":["lesson-233","i-give-my-life-to-god-to-guide-today"]}}],"mobileBreadcrumbs":[{"label":"Workbook","leadsTo":{"locale":"en","sectionId":401,"slugs":["workbook","introduction"],"forceToc":true}},{"label":"Part II","leadsTo":{"locale":"en","sectionId":631,"slugs":["workbook","part-ii-introduction"],"forceToc":true}},{"label":"2. What Is Salvation?","leadsTo":{"locale":"en","sectionId":643,"slugs":["workbook","what-is-salvation"]}},{"label":"Lesson 233","leadsTo":{"locale":"en","sectionId":646,"slugs":["lesson-233","i-give-my-life-to-god-to-guide-today"]}}],"seoBreadcrumbs":[{"label":"A Course in Miracles","leadsTo":"dashboard"},{"label":"Workbook","leadsTo":{"locale":"en","sectionId":401,"slugs":["workbook","introduction"],"forceToc":true}},{"label":"Part II","leadsTo":{"locale":"en","sectionId":631,"slugs":["workbook","part-ii-introduction"],"forceToc":true}},{"label":"2. What Is Salvation?","leadsTo":{"locale":"en","sectionId":643,"slugs":["workbook","what-is-salvation"]}},{"label":"Lesson 233","leadsTo":{"locale":"en","sectionId":646,"slugs":["lesson-233","i-give-my-life-to-god-to-guide-today"]}}],"slugs":["lesson-233","i-give-my-life-to-god-to-guide-today"],"canonicalLink":"https://acim.org/acim/lesson-233/i-give-my-life-to-god-to-guide-today/en/s/646","link":"https://acim.org/acim/lesson-233/i-give-my-life-to-god-to-guide-today/en/s/646","shortLink":"https://acim.org/acim/en/s/646","previousSectionId":645,"previousSectionSlugs":["lesson-232","be-in-my-mind-my-father-through-the-day"],"previousSectionLink":"https://acim.org/acim/lesson-232/be-in-my-mind-my-father-through-the-day/en/s/645","nextSectionId":647,"nextSectionSlugs":["lesson-234","father-today-i-am-your-son-again"],"nextSectionLink":"https://acim.org/acim/lesson-234/father-today-i-am-your-son-again/en/s/647","hreflangLinks":[{"hrefLang":"en","link":"https://acim.org/acim/en/s/646"}]}