{"sectionId":648,"sectionIdLiteral":"648","humanId":"lesson-235","volumeId":"workbook","locale":"en","titleInfo":{"title":"God in His mercy wills that I be saved.","ownlineNumber":"Lesson 235"},"annotation":"W-235","bodyHtml":"<div class=\"acim-text lesson-235\"> <div data-paragraph-id=\"648#1\"><p class=\"p-normal\"><span class=\"pnr\">1.</span> <span data-sentence-id=\"648#1:1\"><span class=\"snr noprint\">1</span>I need but look upon all things that seem to hurt me, and with perfect certainty assure myself, “God wills that I be saved from this,” and merely watch them disappear.</span> <span data-sentence-id=\"648#1:2\"><span class=\"snr\">2</span>I need but keep in mind my Father’s Will for me is only happiness, to find that only happiness has come to me.</span> <span data-sentence-id=\"648#1:3\"><span class=\"snr\">3</span>And I need but remember that God’s Love surrounds His Son and keeps his sinlessness forever perfect, to be sure that I am saved and safe forever in His Arms.</span> <span data-sentence-id=\"648#1:4\"><span class=\"snr\">4</span>I am the Son He loves.</span> <span data-sentence-id=\"648#1:5\"><span class=\"snr\">5</span>And I am saved because God in His mercy wills it so.</span></p></div> <div data-paragraph-id=\"648#2\"><p class=\"p-italic\"><span class=\"pnr\">2.</span> <span data-sentence-id=\"648#2:1\"><span class=\"snr noprint\">1</span>Father, Your Holiness is mine.</span> <span data-sentence-id=\"648#2:2\"><span class=\"snr\">2</span>Your Love created me, and made my sinlessness forever part of You.</span> <span data-sentence-id=\"648#2:3\"><span class=\"snr\">3</span>I have no guilt nor sin in me, for there is none in You.</span></p></div> </div>","firstWords":"I need but look upon all things that seem to hurt me, and with perfect certainty assure myself, “God wills that I be saved from this,” and merely watch them disappear. I need but keep in mind my","contentType":"acim-content","seoTitle":"Lesson 235: God in His mercy wills that I be… | ACIM","seoDescription":"✨ A Course in Miracles with 🎧 Audio! Read and listen to Lesson 235 “God in His mercy wills that I be saved”: I need but look upon all things that seem to hurt me, and with perfect…","desktopBreadcrumbs":[{"label":"Workbook","leadsTo":{"locale":"en","sectionId":401,"slugs":["workbook","introduction"],"forceToc":true}},{"label":"Part II","leadsTo":{"locale":"en","sectionId":631,"slugs":["workbook","part-ii-introduction"],"forceToc":true}},{"label":"2. What Is Salvation?","leadsTo":{"locale":"en","sectionId":643,"slugs":["workbook","what-is-salvation"]}},{"label":"Lesson 235","leadsTo":{"locale":"en","sectionId":648,"slugs":["lesson-235","god-in-his-mercy-wills-that-i-be-saved"]}}],"mobileBreadcrumbs":[{"label":"Workbook","leadsTo":{"locale":"en","sectionId":401,"slugs":["workbook","introduction"],"forceToc":true}},{"label":"Part II","leadsTo":{"locale":"en","sectionId":631,"slugs":["workbook","part-ii-introduction"],"forceToc":true}},{"label":"2. What Is Salvation?","leadsTo":{"locale":"en","sectionId":643,"slugs":["workbook","what-is-salvation"]}},{"label":"Lesson 235","leadsTo":{"locale":"en","sectionId":648,"slugs":["lesson-235","god-in-his-mercy-wills-that-i-be-saved"]}}],"seoBreadcrumbs":[{"label":"A Course in Miracles","leadsTo":"dashboard"},{"label":"Workbook","leadsTo":{"locale":"en","sectionId":401,"slugs":["workbook","introduction"],"forceToc":true}},{"label":"Part II","leadsTo":{"locale":"en","sectionId":631,"slugs":["workbook","part-ii-introduction"],"forceToc":true}},{"label":"2. What Is Salvation?","leadsTo":{"locale":"en","sectionId":643,"slugs":["workbook","what-is-salvation"]}},{"label":"Lesson 235","leadsTo":{"locale":"en","sectionId":648,"slugs":["lesson-235","god-in-his-mercy-wills-that-i-be-saved"]}}],"slugs":["lesson-235","god-in-his-mercy-wills-that-i-be-saved"],"canonicalLink":"https://acim.org/acim/lesson-235/god-in-his-mercy-wills-that-i-be-saved/en/s/648","link":"https://acim.org/acim/lesson-235/god-in-his-mercy-wills-that-i-be-saved/en/s/648","shortLink":"https://acim.org/acim/en/s/648","previousSectionId":647,"previousSectionSlugs":["lesson-234","father-today-i-am-your-son-again"],"previousSectionLink":"https://acim.org/acim/lesson-234/father-today-i-am-your-son-again/en/s/647","nextSectionId":649,"nextSectionSlugs":["lesson-236","i-rule-my-mind-which-i-alone-must-rule"],"nextSectionLink":"https://acim.org/acim/lesson-236/i-rule-my-mind-which-i-alone-must-rule/en/s/649","hreflangLinks":[{"hrefLang":"en","link":"https://acim.org/acim/en/s/648"}]}