{"sectionId":650,"sectionIdLiteral":"650","humanId":"lesson-237","volumeId":"workbook","locale":"en","titleInfo":{"title":"Now would I be as God created me.","ownlineNumber":"Lesson 237"},"annotation":"W-237","bodyHtml":"<div class=\"acim-text lesson-237\"> <div data-paragraph-id=\"650#1\"><p class=\"p-normal\"><span class=\"pnr\">1.</span> <span data-sentence-id=\"650#1:1\"><span class=\"snr noprint\">1</span>Today I will accept the truth about myself.</span> <span data-sentence-id=\"650#1:2\"><span class=\"snr\">2</span>I will arise in glory, and allow the light in me to shine upon the world throughout the day.</span> <span data-sentence-id=\"650#1:3\"><span class=\"snr\">3</span>I bring the world the tidings of salvation which I hear as God my Father speaks to me.</span> <span data-sentence-id=\"650#1:4\"><span class=\"snr\">4</span>And I behold the world that Christ would have me see, aware it ends the bitter dream of death; aware it is my Father’s Call to me.</span></p></div> <div data-paragraph-id=\"650#2\"><p class=\"p-italic\"><span class=\"pnr\">2.</span> <span data-sentence-id=\"650#2:1\"><span class=\"snr noprint\">1</span>Christ is my eyes today, and He the ears that listen to the Voice for God today.</span> <span data-sentence-id=\"650#2:2\"><span class=\"snr\">2</span>Father, I come to You through Him Who is Your Son, and my true Self as well.</span> <span data-sentence-id=\"650#2:3\"><span class=\"snr\">3</span>Amen.</span></p></div> </div>","firstWords":"Today I will accept the truth about myself. I will arise in glory, and allow the light in me to shine upon the world throughout the day. I bring the world the tidings of salvation which I hear as God","contentType":"acim-content","seoTitle":"Lesson 237: Now would I be as God created me | ACIM","seoDescription":"✨ A Course in Miracles with 🎧 Audio! Read and listen to Lesson 237 “Now would I be as God created me”: Today I will accept the truth about myself. I will arise in glory, and allow the…","desktopBreadcrumbs":[{"label":"Workbook","leadsTo":{"locale":"en","sectionId":401,"slugs":["workbook","introduction"],"forceToc":true}},{"label":"Part II","leadsTo":{"locale":"en","sectionId":631,"slugs":["workbook","part-ii-introduction"],"forceToc":true}},{"label":"2. What Is Salvation?","leadsTo":{"locale":"en","sectionId":643,"slugs":["workbook","what-is-salvation"]}},{"label":"Lesson 237","leadsTo":{"locale":"en","sectionId":650,"slugs":["lesson-237","now-would-i-be-as-god-created-me"]}}],"mobileBreadcrumbs":[{"label":"Workbook","leadsTo":{"locale":"en","sectionId":401,"slugs":["workbook","introduction"],"forceToc":true}},{"label":"Part II","leadsTo":{"locale":"en","sectionId":631,"slugs":["workbook","part-ii-introduction"],"forceToc":true}},{"label":"2. What Is Salvation?","leadsTo":{"locale":"en","sectionId":643,"slugs":["workbook","what-is-salvation"]}},{"label":"Lesson 237","leadsTo":{"locale":"en","sectionId":650,"slugs":["lesson-237","now-would-i-be-as-god-created-me"]}}],"seoBreadcrumbs":[{"label":"A Course in Miracles","leadsTo":"dashboard"},{"label":"Workbook","leadsTo":{"locale":"en","sectionId":401,"slugs":["workbook","introduction"],"forceToc":true}},{"label":"Part II","leadsTo":{"locale":"en","sectionId":631,"slugs":["workbook","part-ii-introduction"],"forceToc":true}},{"label":"2. What Is Salvation?","leadsTo":{"locale":"en","sectionId":643,"slugs":["workbook","what-is-salvation"]}},{"label":"Lesson 237","leadsTo":{"locale":"en","sectionId":650,"slugs":["lesson-237","now-would-i-be-as-god-created-me"]}}],"slugs":["lesson-237","now-would-i-be-as-god-created-me"],"canonicalLink":"https://acim.org/acim/lesson-237/now-would-i-be-as-god-created-me/en/s/650","link":"https://acim.org/acim/lesson-237/now-would-i-be-as-god-created-me/en/s/650","shortLink":"https://acim.org/acim/en/s/650","previousSectionId":649,"previousSectionSlugs":["lesson-236","i-rule-my-mind-which-i-alone-must-rule"],"previousSectionLink":"https://acim.org/acim/lesson-236/i-rule-my-mind-which-i-alone-must-rule/en/s/649","nextSectionId":651,"nextSectionSlugs":["lesson-238","on-my-decision-all-salvation-rests"],"nextSectionLink":"https://acim.org/acim/lesson-238/on-my-decision-all-salvation-rests/en/s/651","hreflangLinks":[{"hrefLang":"en","link":"https://acim.org/acim/en/s/650"}]}