{"sectionId":652,"sectionIdLiteral":"652","humanId":"lesson-239","volumeId":"workbook","locale":"en","titleInfo":{"title":"The glory of my Father is my own.","ownlineNumber":"Lesson 239"},"annotation":"W-239","bodyHtml":"<div class=\"acim-text lesson-239\"> <div data-paragraph-id=\"652#1\"><p class=\"p-normal\"><span class=\"pnr\">1.</span> <span data-sentence-id=\"652#1:1\"><span class=\"snr noprint\">1</span>Let not the truth about ourselves today be hidden by a false humility.</span> <span data-sentence-id=\"652#1:2\"><span class=\"snr\">2</span>Let us instead be thankful for the gifts our Father gave us.</span> <span data-sentence-id=\"652#1:3\"><span class=\"snr\">3</span>Can we see in those with whom He shares His glory any trace of sin and guilt?</span> <span data-sentence-id=\"652#1:4\"><span class=\"snr\">4</span>And can it be that we are not among them, when He loves His Son forever and with perfect constancy, knowing he is as He created him?</span></p></div> <div data-paragraph-id=\"652#2\"><p class=\"p-italic\"><span class=\"pnr\">2.</span> <span data-sentence-id=\"652#2:1\"><span class=\"snr noprint\">1</span> We thank You, Father, for the light that shines forever in us.</span> <span data-sentence-id=\"652#2:2\"><span class=\"snr\">2</span>And we honor it, because You share it with us.</span> <span data-sentence-id=\"652#2:3\"><span class=\"snr\">3</span>We are one, united in this light and one with You, at peace with all creation and ourselves.</span></p></div> </div>","firstWords":"Let not the truth about ourselves today be hidden by a false humility. Let us instead be thankful for the gifts our Father gave us. Can we see in those with whom He shares His glory any trace of sin","contentType":"acim-content","seoTitle":"Lesson 239: The glory of my Father is my own | ACIM","seoDescription":"✨ A Course in Miracles with 🎧 Audio! Read and listen to Lesson 239 “The glory of my Father is my own”: Let not the truth about ourselves today be hidden by a false humility. Let us…","desktopBreadcrumbs":[{"label":"Workbook","leadsTo":{"locale":"en","sectionId":401,"slugs":["workbook","introduction"],"forceToc":true}},{"label":"Part II","leadsTo":{"locale":"en","sectionId":631,"slugs":["workbook","part-ii-introduction"],"forceToc":true}},{"label":"2. What Is Salvation?","leadsTo":{"locale":"en","sectionId":643,"slugs":["workbook","what-is-salvation"]}},{"label":"Lesson 239","leadsTo":{"locale":"en","sectionId":652,"slugs":["lesson-239","the-glory-of-my-father-is-my-own"]}}],"mobileBreadcrumbs":[{"label":"Workbook","leadsTo":{"locale":"en","sectionId":401,"slugs":["workbook","introduction"],"forceToc":true}},{"label":"Part II","leadsTo":{"locale":"en","sectionId":631,"slugs":["workbook","part-ii-introduction"],"forceToc":true}},{"label":"2. What Is Salvation?","leadsTo":{"locale":"en","sectionId":643,"slugs":["workbook","what-is-salvation"]}},{"label":"Lesson 239","leadsTo":{"locale":"en","sectionId":652,"slugs":["lesson-239","the-glory-of-my-father-is-my-own"]}}],"seoBreadcrumbs":[{"label":"A Course in Miracles","leadsTo":"dashboard"},{"label":"Workbook","leadsTo":{"locale":"en","sectionId":401,"slugs":["workbook","introduction"],"forceToc":true}},{"label":"Part II","leadsTo":{"locale":"en","sectionId":631,"slugs":["workbook","part-ii-introduction"],"forceToc":true}},{"label":"2. What Is Salvation?","leadsTo":{"locale":"en","sectionId":643,"slugs":["workbook","what-is-salvation"]}},{"label":"Lesson 239","leadsTo":{"locale":"en","sectionId":652,"slugs":["lesson-239","the-glory-of-my-father-is-my-own"]}}],"slugs":["lesson-239","the-glory-of-my-father-is-my-own"],"canonicalLink":"https://acim.org/acim/lesson-239/the-glory-of-my-father-is-my-own/en/s/652","link":"https://acim.org/acim/lesson-239/the-glory-of-my-father-is-my-own/en/s/652","shortLink":"https://acim.org/acim/en/s/652","previousSectionId":651,"previousSectionSlugs":["lesson-238","on-my-decision-all-salvation-rests"],"previousSectionLink":"https://acim.org/acim/lesson-238/on-my-decision-all-salvation-rests/en/s/651","nextSectionId":653,"nextSectionSlugs":["lesson-240","fear-is-not-justified-in-any-form"],"nextSectionLink":"https://acim.org/acim/lesson-240/fear-is-not-justified-in-any-form/en/s/653","hreflangLinks":[{"hrefLang":"en","link":"https://acim.org/acim/en/s/652"}]}