{"sectionId":656,"sectionIdLiteral":"656","humanId":"lesson-242","volumeId":"workbook","locale":"en","titleInfo":{"title":"This day is God’s. It is my gift to Him.","ownlineNumber":"Lesson 242"},"annotation":"W-242","bodyHtml":"<div class=\"acim-text lesson-242\"> <div data-paragraph-id=\"656#1\"><p class=\"p-normal\"><span class=\"pnr\">1.</span> <span data-sentence-id=\"656#1:1\"><span class=\"snr noprint\">1</span>I will not lead my life alone today.</span> <span data-sentence-id=\"656#1:2\"><span class=\"snr\">2</span>I do not understand the world, and so to try to lead my life alone must be but foolishness.</span> <span data-sentence-id=\"656#1:3\"><span class=\"snr\">3</span>But there is One Who knows all that is best for me.</span> <span data-sentence-id=\"656#1:4\"><span class=\"snr\">4</span>And He is glad to make no choices for me but the ones that lead to God.</span> <span data-sentence-id=\"656#1:5\"><span class=\"snr\">5</span>I give this day to Him, for I would not delay my coming home, and it is He Who knows the way to God.</span></p></div> <div data-paragraph-id=\"656#2\"><p class=\"p-italic\"><span class=\"pnr\">2.</span> <span data-sentence-id=\"656#2:1\"><span class=\"snr noprint\">1</span>And so we give today to You.</span> <span data-sentence-id=\"656#2:2\"><span class=\"snr\">2</span>We come with wholly open minds.</span> <span data-sentence-id=\"656#2:3\"><span class=\"snr\">3</span>We do not ask for anything that we may think we want.</span> <span data-sentence-id=\"656#2:4\"><span class=\"snr\">4</span>Give us what You would have received by us.</span> <span data-sentence-id=\"656#2:5\"><span class=\"snr\">5</span>You know all our desires and our wants.</span> <span data-sentence-id=\"656#2:6\"><span class=\"snr\">6</span>And You will give us everything we need in helping us to find the way to You.</span></p></div> </div>","firstWords":"I will not lead my life alone today. I do not understand the world, and so to try to lead my life alone must be but foolishness. But there is One Who knows all that is best for me. And He is glad to","contentType":"acim-content","seoTitle":"Lesson 242: This day is God’s. It is my gift… | ACIM","seoDescription":"✨ A Course in Miracles with 🎧 Audio! Read and listen to Lesson 242 “This day is God’s. It is my gift to Him”: I will not lead my life alone today. I do not understand the world, and so…","desktopBreadcrumbs":[{"label":"Workbook","leadsTo":{"locale":"en","sectionId":401,"slugs":["workbook","introduction"],"forceToc":true}},{"label":"Part II","leadsTo":{"locale":"en","sectionId":631,"slugs":["workbook","part-ii-introduction"],"forceToc":true}},{"label":"3. What Is the World?","leadsTo":{"locale":"en","sectionId":654,"slugs":["workbook","what-is-the-world"]}},{"label":"Lesson 242","leadsTo":{"locale":"en","sectionId":656,"slugs":["lesson-242","this-day-is-gods-it-is-my-gift-to-him"]}}],"mobileBreadcrumbs":[{"label":"Workbook","leadsTo":{"locale":"en","sectionId":401,"slugs":["workbook","introduction"],"forceToc":true}},{"label":"Part II","leadsTo":{"locale":"en","sectionId":631,"slugs":["workbook","part-ii-introduction"],"forceToc":true}},{"label":"3. What Is the World?","leadsTo":{"locale":"en","sectionId":654,"slugs":["workbook","what-is-the-world"]}},{"label":"Lesson 242","leadsTo":{"locale":"en","sectionId":656,"slugs":["lesson-242","this-day-is-gods-it-is-my-gift-to-him"]}}],"seoBreadcrumbs":[{"label":"A Course in Miracles","leadsTo":"dashboard"},{"label":"Workbook","leadsTo":{"locale":"en","sectionId":401,"slugs":["workbook","introduction"],"forceToc":true}},{"label":"Part II","leadsTo":{"locale":"en","sectionId":631,"slugs":["workbook","part-ii-introduction"],"forceToc":true}},{"label":"3. What Is the World?","leadsTo":{"locale":"en","sectionId":654,"slugs":["workbook","what-is-the-world"]}},{"label":"Lesson 242","leadsTo":{"locale":"en","sectionId":656,"slugs":["lesson-242","this-day-is-gods-it-is-my-gift-to-him"]}}],"slugs":["lesson-242","this-day-is-gods-it-is-my-gift-to-him"],"canonicalLink":"https://acim.org/acim/lesson-242/this-day-is-gods-it-is-my-gift-to-him/en/s/656","link":"https://acim.org/acim/lesson-242/this-day-is-gods-it-is-my-gift-to-him/en/s/656","shortLink":"https://acim.org/acim/en/s/656","previousSectionId":655,"previousSectionSlugs":["lesson-241","this-holy-instant-is-salvation-come"],"previousSectionLink":"https://acim.org/acim/lesson-241/this-holy-instant-is-salvation-come/en/s/655","nextSectionId":657,"nextSectionSlugs":["lesson-243","today-i-will-judge-nothing-that-occurs"],"nextSectionLink":"https://acim.org/acim/lesson-243/today-i-will-judge-nothing-that-occurs/en/s/657","hreflangLinks":[{"hrefLang":"en","link":"https://acim.org/acim/en/s/656"}]}