{"sectionId":660,"sectionIdLiteral":"660","humanId":"lesson-246","volumeId":"workbook","locale":"en","titleInfo":{"title":"To love my Father is to love His Son.","ownlineNumber":"Lesson 246"},"annotation":"W-246","bodyHtml":"<div class=\"acim-text lesson-246\"> <div data-paragraph-id=\"660#1\"><p class=\"p-normal\"><span class=\"pnr\">1.</span> <span data-sentence-id=\"660#1:1\"><span class=\"snr noprint\">1</span>Let me not think that I can find the way to God, if I have hatred in my heart.</span> <span data-sentence-id=\"660#1:2\"><span class=\"snr\">2</span>Let me not try to hurt God’s Son, and think that I can know his Father or my Self.</span> <span data-sentence-id=\"660#1:3\"><span class=\"snr\">3</span>Let me not fail to recognize myself, and still believe that my awareness can contain my Father, or my mind conceive of all the love my Father has for me, and all the love which I return to Him.</span></p></div> <div data-paragraph-id=\"660#2\"><p class=\"p-italic\"><span class=\"pnr\">2.</span> <span data-sentence-id=\"660#2:1\"><span class=\"snr noprint\">1</span>I will accept the way You choose for me to come to You, my Father.</span> <span data-sentence-id=\"660#2:2\"><span class=\"snr\">2</span>For in that will I succeed, because it is Your Will.</span> <span data-sentence-id=\"660#2:3\"><span class=\"snr\">3</span>And I would recognize that what You will is what I will as well, and only that.</span> <span data-sentence-id=\"660#2:4\"><span class=\"snr\">4</span>And so I choose to love Your Son.</span> <span data-sentence-id=\"660#2:5\"><span class=\"snr\">5</span>Amen.</span></p></div> </div>","firstWords":"Let me not think that I can find the way to God, if I have hatred in my heart. Let me not try to hurt God’s Son, and think that I can know his Father or my Self. Let me not fail to recognize myself,","contentType":"acim-content","seoTitle":"Lesson 246: To love my Father is to love His Son | ACIM","seoDescription":"✨ A Course in Miracles with 🎧 Audio! Read and listen to Lesson 246 “To love my Father is to love His Son”: Let me not think that I can find the way to God, if I have hatred in my heart.…","desktopBreadcrumbs":[{"label":"Workbook","leadsTo":{"locale":"en","sectionId":401,"slugs":["workbook","introduction"],"forceToc":true}},{"label":"Part II","leadsTo":{"locale":"en","sectionId":631,"slugs":["workbook","part-ii-introduction"],"forceToc":true}},{"label":"3. What Is the World?","leadsTo":{"locale":"en","sectionId":654,"slugs":["workbook","what-is-the-world"]}},{"label":"Lesson 246","leadsTo":{"locale":"en","sectionId":660,"slugs":["lesson-246","to-love-my-father-is-to-love-his-son"]}}],"mobileBreadcrumbs":[{"label":"Workbook","leadsTo":{"locale":"en","sectionId":401,"slugs":["workbook","introduction"],"forceToc":true}},{"label":"Part II","leadsTo":{"locale":"en","sectionId":631,"slugs":["workbook","part-ii-introduction"],"forceToc":true}},{"label":"3. What Is the World?","leadsTo":{"locale":"en","sectionId":654,"slugs":["workbook","what-is-the-world"]}},{"label":"Lesson 246","leadsTo":{"locale":"en","sectionId":660,"slugs":["lesson-246","to-love-my-father-is-to-love-his-son"]}}],"seoBreadcrumbs":[{"label":"A Course in Miracles","leadsTo":"dashboard"},{"label":"Workbook","leadsTo":{"locale":"en","sectionId":401,"slugs":["workbook","introduction"],"forceToc":true}},{"label":"Part II","leadsTo":{"locale":"en","sectionId":631,"slugs":["workbook","part-ii-introduction"],"forceToc":true}},{"label":"3. What Is the World?","leadsTo":{"locale":"en","sectionId":654,"slugs":["workbook","what-is-the-world"]}},{"label":"Lesson 246","leadsTo":{"locale":"en","sectionId":660,"slugs":["lesson-246","to-love-my-father-is-to-love-his-son"]}}],"slugs":["lesson-246","to-love-my-father-is-to-love-his-son"],"canonicalLink":"https://acim.org/acim/lesson-246/to-love-my-father-is-to-love-his-son/en/s/660","link":"https://acim.org/acim/lesson-246/to-love-my-father-is-to-love-his-son/en/s/660","shortLink":"https://acim.org/acim/en/s/660","previousSectionId":659,"previousSectionSlugs":["lesson-245","your-peace-is-with-me-father-i-am-safe"],"previousSectionLink":"https://acim.org/acim/lesson-245/your-peace-is-with-me-father-i-am-safe/en/s/659","nextSectionId":661,"nextSectionSlugs":["lesson-247","without-forgiveness-i-will-still-be-blind"],"nextSectionLink":"https://acim.org/acim/lesson-247/without-forgiveness-i-will-still-be-blind/en/s/661","hreflangLinks":[{"hrefLang":"en","link":"https://acim.org/acim/en/s/660"}]}