{"sectionId":661,"sectionIdLiteral":"661","humanId":"lesson-247","volumeId":"workbook","locale":"en","titleInfo":{"title":"Without forgiveness I will still be blind.","ownlineNumber":"Lesson 247"},"annotation":"W-247","bodyHtml":"<div class=\"acim-text lesson-247\"> <div data-paragraph-id=\"661#1\"><p class=\"p-normal\"><span class=\"pnr\">1.</span> <span data-sentence-id=\"661#1:1\"><span class=\"snr noprint\">1</span>Sin is the symbol of attack.</span> <span data-sentence-id=\"661#1:2\"><span class=\"snr\">2</span>Behold it anywhere, and I will suffer.</span> <span data-sentence-id=\"661#1:3\"><span class=\"snr\">3</span>For forgiveness is the only means whereby Christ’s vision comes to me.</span> <span data-sentence-id=\"661#1:4\"><span class=\"snr\">4</span>Let me accept what His sight shows me as the simple truth, and I am healed completely.</span> <span data-sentence-id=\"661#1:5\"><span class=\"snr\">5</span>Brother, come and let me look on you.</span> <span data-sentence-id=\"661#1:6\"><span class=\"snr\">6</span>Your loveliness reflects my own.</span> <span data-sentence-id=\"661#1:7\"><span class=\"snr\">7</span>Your sinlessness is mine.</span> <span data-sentence-id=\"661#1:8\"><span class=\"snr\">8</span>You stand forgiven, and I stand with you.</span></p></div> <div data-paragraph-id=\"661#2\"><p class=\"p-italic\"><span class=\"pnr\">2.</span> <span data-sentence-id=\"661#2:1\"><span class=\"snr noprint\">1</span>So would I look on everyone today.</span> <span data-sentence-id=\"661#2:2\"><span class=\"snr\">2</span>My brothers are Your Sons.</span> <span data-sentence-id=\"661#2:3\"><span class=\"snr\">3</span>Your Fatherhood created them, and gave them all to me as part of You, and my own Self as well.</span> <span data-sentence-id=\"661#2:4\"><span class=\"snr\">4</span>Today I honor You through them, and thus I hope this day to recognize my Self.</span></p></div> </div>","firstWords":"Sin is the symbol of attack. Behold it anywhere, and I will suffer. For forgiveness is the only means whereby Christ’s vision comes to me. Let me accept what His sight shows me as the simple truth,","contentType":"acim-content","seoTitle":"Lesson 247: Without forgiveness I will still… | ACIM","seoDescription":"✨ A Course in Miracles with 🎧 Audio! Read and listen to Lesson 247 “Without forgiveness I will still be blind”: Sin is the symbol of attack. Behold it anywhere, and I will suffer. For…","desktopBreadcrumbs":[{"label":"Workbook","leadsTo":{"locale":"en","sectionId":401,"slugs":["workbook","introduction"],"forceToc":true}},{"label":"Part II","leadsTo":{"locale":"en","sectionId":631,"slugs":["workbook","part-ii-introduction"],"forceToc":true}},{"label":"3. What Is the World?","leadsTo":{"locale":"en","sectionId":654,"slugs":["workbook","what-is-the-world"]}},{"label":"Lesson 247","leadsTo":{"locale":"en","sectionId":661,"slugs":["lesson-247","without-forgiveness-i-will-still-be-blind"]}}],"mobileBreadcrumbs":[{"label":"Workbook","leadsTo":{"locale":"en","sectionId":401,"slugs":["workbook","introduction"],"forceToc":true}},{"label":"Part II","leadsTo":{"locale":"en","sectionId":631,"slugs":["workbook","part-ii-introduction"],"forceToc":true}},{"label":"3. What Is the World?","leadsTo":{"locale":"en","sectionId":654,"slugs":["workbook","what-is-the-world"]}},{"label":"Lesson 247","leadsTo":{"locale":"en","sectionId":661,"slugs":["lesson-247","without-forgiveness-i-will-still-be-blind"]}}],"seoBreadcrumbs":[{"label":"A Course in Miracles","leadsTo":"dashboard"},{"label":"Workbook","leadsTo":{"locale":"en","sectionId":401,"slugs":["workbook","introduction"],"forceToc":true}},{"label":"Part II","leadsTo":{"locale":"en","sectionId":631,"slugs":["workbook","part-ii-introduction"],"forceToc":true}},{"label":"3. What Is the World?","leadsTo":{"locale":"en","sectionId":654,"slugs":["workbook","what-is-the-world"]}},{"label":"Lesson 247","leadsTo":{"locale":"en","sectionId":661,"slugs":["lesson-247","without-forgiveness-i-will-still-be-blind"]}}],"slugs":["lesson-247","without-forgiveness-i-will-still-be-blind"],"canonicalLink":"https://acim.org/acim/lesson-247/without-forgiveness-i-will-still-be-blind/en/s/661","link":"https://acim.org/acim/lesson-247/without-forgiveness-i-will-still-be-blind/en/s/661","shortLink":"https://acim.org/acim/en/s/661","previousSectionId":660,"previousSectionSlugs":["lesson-246","to-love-my-father-is-to-love-his-son"],"previousSectionLink":"https://acim.org/acim/lesson-246/to-love-my-father-is-to-love-his-son/en/s/660","nextSectionId":662,"nextSectionSlugs":["lesson-248","whatever-suffers-is-not-part-of-me"],"nextSectionLink":"https://acim.org/acim/lesson-248/whatever-suffers-is-not-part-of-me/en/s/662","hreflangLinks":[{"hrefLang":"en","link":"https://acim.org/acim/en/s/661"}]}