{"sectionId":664,"sectionIdLiteral":"664","humanId":"lesson-250","volumeId":"workbook","locale":"en","titleInfo":{"title":"Let me not see myself as limited.","ownlineNumber":"Lesson 250"},"annotation":"W-250","bodyHtml":"<div class=\"acim-text lesson-250\"> <div data-paragraph-id=\"664#1\"><p class=\"p-normal\"><span class=\"pnr\">1.</span> <span data-sentence-id=\"664#1:1\"><span class=\"snr noprint\">1</span>Let me behold the Son of God today, and witness to his glory.</span> <span data-sentence-id=\"664#1:2\"><span class=\"snr\">2</span>Let me not try to obscure the holy light in him, and see his strength diminished and reduced to frailty; nor perceive the lacks in him with which I would attack his sovereignty.</span></p></div> <div data-paragraph-id=\"664#2\"><p class=\"p-italic\"><span class=\"pnr\">2.</span> <span data-sentence-id=\"664#2:1\"><span class=\"snr noprint\">1</span>He is Your Son, my Father.</span> <span data-sentence-id=\"664#2:2\"><span class=\"snr\">2</span>And today I would behold his gentleness instead of my illusions.</span> <span data-sentence-id=\"664#2:3\"><span class=\"snr\">3</span>He is what I am, and as I see him so I see myself.</span> <span data-sentence-id=\"664#2:4\"><span class=\"snr\">4</span>Today I would see truly, that this day I may at last identify with him.</span></p></div> </div>","firstWords":"Let me behold the Son of God today, and witness to his glory. Let me not try to obscure the holy light in him, and see his strength diminished and reduced to frailty; nor perceive the lacks in him","contentType":"acim-content","seoTitle":"Lesson 250: Let me not see myself as limited | ACIM","seoDescription":"✨ A Course in Miracles with 🎧 Audio! Read and listen to Lesson 250 “Let me not see myself as limited”: Let me behold the Son of God today, and witness to his glory. Let me not try to…","desktopBreadcrumbs":[{"label":"Workbook","leadsTo":{"locale":"en","sectionId":401,"slugs":["workbook","introduction"],"forceToc":true}},{"label":"Part II","leadsTo":{"locale":"en","sectionId":631,"slugs":["workbook","part-ii-introduction"],"forceToc":true}},{"label":"3. What Is the World?","leadsTo":{"locale":"en","sectionId":654,"slugs":["workbook","what-is-the-world"]}},{"label":"Lesson 250","leadsTo":{"locale":"en","sectionId":664,"slugs":["lesson-250","let-me-not-see-myself-as-limited"]}}],"mobileBreadcrumbs":[{"label":"Workbook","leadsTo":{"locale":"en","sectionId":401,"slugs":["workbook","introduction"],"forceToc":true}},{"label":"Part II","leadsTo":{"locale":"en","sectionId":631,"slugs":["workbook","part-ii-introduction"],"forceToc":true}},{"label":"3. What Is the World?","leadsTo":{"locale":"en","sectionId":654,"slugs":["workbook","what-is-the-world"]}},{"label":"Lesson 250","leadsTo":{"locale":"en","sectionId":664,"slugs":["lesson-250","let-me-not-see-myself-as-limited"]}}],"seoBreadcrumbs":[{"label":"A Course in Miracles","leadsTo":"dashboard"},{"label":"Workbook","leadsTo":{"locale":"en","sectionId":401,"slugs":["workbook","introduction"],"forceToc":true}},{"label":"Part II","leadsTo":{"locale":"en","sectionId":631,"slugs":["workbook","part-ii-introduction"],"forceToc":true}},{"label":"3. What Is the World?","leadsTo":{"locale":"en","sectionId":654,"slugs":["workbook","what-is-the-world"]}},{"label":"Lesson 250","leadsTo":{"locale":"en","sectionId":664,"slugs":["lesson-250","let-me-not-see-myself-as-limited"]}}],"slugs":["lesson-250","let-me-not-see-myself-as-limited"],"canonicalLink":"https://acim.org/acim/lesson-250/let-me-not-see-myself-as-limited/en/s/664","link":"https://acim.org/acim/lesson-250/let-me-not-see-myself-as-limited/en/s/664","shortLink":"https://acim.org/acim/en/s/664","previousSectionId":663,"previousSectionSlugs":["lesson-249","forgiveness-ends-all-suffering-and-loss"],"previousSectionLink":"https://acim.org/acim/lesson-249/forgiveness-ends-all-suffering-and-loss/en/s/663","nextSectionId":665,"nextSectionSlugs":["workbook","what-is-sin"],"nextSectionLink":"https://acim.org/acim/workbook/what-is-sin/en/s/665","hreflangLinks":[{"hrefLang":"en","link":"https://acim.org/acim/en/s/664"}]}