{"sectionId":666,"sectionIdLiteral":"666","humanId":"lesson-251","volumeId":"workbook","locale":"en","titleInfo":{"title":"I am in need of nothing but the truth.","ownlineNumber":"Lesson 251"},"annotation":"W-251","bodyHtml":"<div class=\"acim-text lesson-251\"> <div data-paragraph-id=\"666#1\"><p class=\"p-normal\"><span class=\"pnr\">1.</span> <span data-sentence-id=\"666#1:1\"><span class=\"snr noprint\">1</span>I sought for many things, and found despair.</span> <span data-sentence-id=\"666#1:2\"><span class=\"snr\">2</span>Now do I seek but one, for in that one is all I need, and only what I need.</span> <span data-sentence-id=\"666#1:3\"><span class=\"snr\">3</span>All that I sought before I needed not, and did not even want.</span> <span data-sentence-id=\"666#1:4\"><span class=\"snr\">4</span>My only need I did not recognize.</span> <span data-sentence-id=\"666#1:5\"><span class=\"snr\">5</span>But now I see that I need only truth.</span> <span data-sentence-id=\"666#1:6\"><span class=\"snr\">6</span>In that all needs are satisfied, all cravings end, all hopes are finally fulfilled and dreams are gone.</span> <span data-sentence-id=\"666#1:7\"><span class=\"snr\">7</span>Now have I everything that I could need.</span> <span data-sentence-id=\"666#1:8\"><span class=\"snr\">8</span>Now have I everything that I could want.</span> <span data-sentence-id=\"666#1:9\"><span class=\"snr\">9</span>And now at last I find myself at peace.</span></p></div> <div data-paragraph-id=\"666#2\"><p class=\"p-italic\"><span class=\"pnr\">2.</span> <span data-sentence-id=\"666#2:1\"><span class=\"snr noprint\">1</span>And for that peace, our Father, we give thanks.</span> <span data-sentence-id=\"666#2:2\"><span class=\"snr\">2</span>What we denied ourselves You have restored, and only that is what we really want.</span></p></div> </div>","firstWords":"I sought for many things, and found despair. Now do I seek but one, for in that one is all I need, and only what I need. All that I sought before I needed not, and did not even want. My only need I","contentType":"acim-content","seoTitle":"Lesson 251: I am in need of nothing but the… | ACIM","seoDescription":"✨ A Course in Miracles with 🎧 Audio! Read and listen to Lesson 251 “I am in need of nothing but the truth”: I sought for many things, and found despair. Now do I seek but one, for in…","desktopBreadcrumbs":[{"label":"Workbook","leadsTo":{"locale":"en","sectionId":401,"slugs":["workbook","introduction"],"forceToc":true}},{"label":"Part II","leadsTo":{"locale":"en","sectionId":631,"slugs":["workbook","part-ii-introduction"],"forceToc":true}},{"label":"4. What Is Sin?","leadsTo":{"locale":"en","sectionId":665,"slugs":["workbook","what-is-sin"]}},{"label":"Lesson 251","leadsTo":{"locale":"en","sectionId":666,"slugs":["lesson-251","i-am-in-need-of-nothing-but-the-truth"]}}],"mobileBreadcrumbs":[{"label":"Workbook","leadsTo":{"locale":"en","sectionId":401,"slugs":["workbook","introduction"],"forceToc":true}},{"label":"Part II","leadsTo":{"locale":"en","sectionId":631,"slugs":["workbook","part-ii-introduction"],"forceToc":true}},{"label":"4. What Is Sin?","leadsTo":{"locale":"en","sectionId":665,"slugs":["workbook","what-is-sin"]}},{"label":"Lesson 251","leadsTo":{"locale":"en","sectionId":666,"slugs":["lesson-251","i-am-in-need-of-nothing-but-the-truth"]}}],"seoBreadcrumbs":[{"label":"A Course in Miracles","leadsTo":"dashboard"},{"label":"Workbook","leadsTo":{"locale":"en","sectionId":401,"slugs":["workbook","introduction"],"forceToc":true}},{"label":"Part II","leadsTo":{"locale":"en","sectionId":631,"slugs":["workbook","part-ii-introduction"],"forceToc":true}},{"label":"4. What Is Sin?","leadsTo":{"locale":"en","sectionId":665,"slugs":["workbook","what-is-sin"]}},{"label":"Lesson 251","leadsTo":{"locale":"en","sectionId":666,"slugs":["lesson-251","i-am-in-need-of-nothing-but-the-truth"]}}],"slugs":["lesson-251","i-am-in-need-of-nothing-but-the-truth"],"canonicalLink":"https://acim.org/acim/lesson-251/i-am-in-need-of-nothing-but-the-truth/en/s/666","link":"https://acim.org/acim/lesson-251/i-am-in-need-of-nothing-but-the-truth/en/s/666","shortLink":"https://acim.org/acim/en/s/666","previousSectionId":665,"previousSectionSlugs":["workbook","what-is-sin"],"previousSectionLink":"https://acim.org/acim/workbook/what-is-sin/en/s/665","nextSectionId":667,"nextSectionSlugs":["lesson-252","the-son-of-god-is-my-identity"],"nextSectionLink":"https://acim.org/acim/lesson-252/the-son-of-god-is-my-identity/en/s/667","hreflangLinks":[{"hrefLang":"en","link":"https://acim.org/acim/en/s/666"}]}