{"sectionId":667,"sectionIdLiteral":"667","humanId":"lesson-252","volumeId":"workbook","locale":"en","titleInfo":{"title":"The Son of God is my Identity.","ownlineNumber":"Lesson 252"},"annotation":"W-252","bodyHtml":"<div class=\"acim-text lesson-252\"> <div data-paragraph-id=\"667#1\"><p class=\"p-normal\"><span class=\"pnr\">1.</span> <span data-sentence-id=\"667#1:1\"><span class=\"snr noprint\">1</span>My Self is holy beyond all the thoughts of holiness of which I now conceive.</span> <span data-sentence-id=\"667#1:2\"><span class=\"snr\">2</span>Its shimmering and perfect purity is far more brilliant than is any light that I have ever looked upon.</span> <span data-sentence-id=\"667#1:3\"><span class=\"snr\">3</span>Its love is limitless, with an intensity that holds all things within it, in the calm of quiet certainty.</span> <span data-sentence-id=\"667#1:4\"><span class=\"snr\">4</span>Its strength comes not from burning impulses which move the world, but from the boundless Love of God Himself.</span> <span data-sentence-id=\"667#1:5\"><span class=\"snr\">5</span>How far beyond this world my Self must be, and yet how near to me and close to God!</span></p></div> <div data-paragraph-id=\"667#2\"><p class=\"p-italic\"><span class=\"pnr\">2.</span> <span data-sentence-id=\"667#2:1\"><span class=\"snr noprint\">1</span>Father, You know my true Identity.</span> <span data-sentence-id=\"667#2:2\"><span class=\"snr\">2</span>Reveal It now to me who am Your Son, that I may waken to the truth in You, and know that Heaven is restored to me.</span></p></div> </div>","firstWords":"My Self is holy beyond all the thoughts of holiness of which I now conceive. Its shimmering and perfect purity is far more brilliant than is any light that I have ever looked upon. Its love is","contentType":"acim-content","seoTitle":"Lesson 252: The Son of God is my Identity | ACIM","seoDescription":"✨ A Course in Miracles with 🎧 Audio! Read and listen to Lesson 252 “The Son of God is my Identity”: My Self is holy beyond all the thoughts of holiness of which I now conceive. Its…","desktopBreadcrumbs":[{"label":"Workbook","leadsTo":{"locale":"en","sectionId":401,"slugs":["workbook","introduction"],"forceToc":true}},{"label":"Part II","leadsTo":{"locale":"en","sectionId":631,"slugs":["workbook","part-ii-introduction"],"forceToc":true}},{"label":"4. What Is Sin?","leadsTo":{"locale":"en","sectionId":665,"slugs":["workbook","what-is-sin"]}},{"label":"Lesson 252","leadsTo":{"locale":"en","sectionId":667,"slugs":["lesson-252","the-son-of-god-is-my-identity"]}}],"mobileBreadcrumbs":[{"label":"Workbook","leadsTo":{"locale":"en","sectionId":401,"slugs":["workbook","introduction"],"forceToc":true}},{"label":"Part II","leadsTo":{"locale":"en","sectionId":631,"slugs":["workbook","part-ii-introduction"],"forceToc":true}},{"label":"4. What Is Sin?","leadsTo":{"locale":"en","sectionId":665,"slugs":["workbook","what-is-sin"]}},{"label":"Lesson 252","leadsTo":{"locale":"en","sectionId":667,"slugs":["lesson-252","the-son-of-god-is-my-identity"]}}],"seoBreadcrumbs":[{"label":"A Course in Miracles","leadsTo":"dashboard"},{"label":"Workbook","leadsTo":{"locale":"en","sectionId":401,"slugs":["workbook","introduction"],"forceToc":true}},{"label":"Part II","leadsTo":{"locale":"en","sectionId":631,"slugs":["workbook","part-ii-introduction"],"forceToc":true}},{"label":"4. What Is Sin?","leadsTo":{"locale":"en","sectionId":665,"slugs":["workbook","what-is-sin"]}},{"label":"Lesson 252","leadsTo":{"locale":"en","sectionId":667,"slugs":["lesson-252","the-son-of-god-is-my-identity"]}}],"slugs":["lesson-252","the-son-of-god-is-my-identity"],"canonicalLink":"https://acim.org/acim/lesson-252/the-son-of-god-is-my-identity/en/s/667","link":"https://acim.org/acim/lesson-252/the-son-of-god-is-my-identity/en/s/667","shortLink":"https://acim.org/acim/en/s/667","previousSectionId":666,"previousSectionSlugs":["lesson-251","i-am-in-need-of-nothing-but-the-truth"],"previousSectionLink":"https://acim.org/acim/lesson-251/i-am-in-need-of-nothing-but-the-truth/en/s/666","nextSectionId":668,"nextSectionSlugs":["lesson-253","my-self-is-ruler-of-the-universe"],"nextSectionLink":"https://acim.org/acim/lesson-253/my-self-is-ruler-of-the-universe/en/s/668","hreflangLinks":[{"hrefLang":"en","link":"https://acim.org/acim/en/s/667"}]}