{"sectionId":668,"sectionIdLiteral":"668","humanId":"lesson-253","volumeId":"workbook","locale":"en","titleInfo":{"title":"My Self is ruler of the universe.","ownlineNumber":"Lesson 253"},"annotation":"W-253","bodyHtml":"<div class=\"acim-text lesson-253\"> <div data-paragraph-id=\"668#1\"><p class=\"p-normal\"><span class=\"pnr\">1.</span> <span data-sentence-id=\"668#1:1\"><span class=\"snr noprint\">1</span>It is impossible that anything should come to me unbidden by myself.</span> <span data-sentence-id=\"668#1:2\"><span class=\"snr\">2</span>Even in this world, it is I who rule my destiny.</span> <span data-sentence-id=\"668#1:3\"><span class=\"snr\">3</span>What happens is what I desire.</span> <span data-sentence-id=\"668#1:4\"><span class=\"snr\">4</span>What does not occur is what I do not want to happen.</span> <span data-sentence-id=\"668#1:5\"><span class=\"snr\">5</span>This must I accept.</span> <span data-sentence-id=\"668#1:6\"><span class=\"snr\">6</span>For thus am I led past this world to my creations, children of my will, in Heaven where my holy Self abides with them and Him Who has created me.</span></p></div> <div data-paragraph-id=\"668#2\"><p class=\"p-italic\"><span class=\"pnr\">2.</span> <span data-sentence-id=\"668#2:1\"><span class=\"snr noprint\">1</span>You are the Self Whom You created Son, creating like Yourself and One with You.</span> <span data-sentence-id=\"668#2:2\"><span class=\"snr\">2</span>My Self, which rules the universe, is but Your Will in perfect union with my own, which can but offer glad assent to Yours, that it may be extended to Itself.</span></p></div> </div>","firstWords":"It is impossible that anything should come to me unbidden by myself. Even in this world, it is I who rule my destiny. What happens is what I desire. What does not occur is what I do not want to","contentType":"acim-content","seoTitle":"Lesson 253: My Self is ruler of the universe | ACIM","seoDescription":"✨ A Course in Miracles with 🎧 Audio! Read and listen to Lesson 253 “My Self is ruler of the universe”: It is impossible that anything should come to me unbidden by myself. Even in this…","desktopBreadcrumbs":[{"label":"Workbook","leadsTo":{"locale":"en","sectionId":401,"slugs":["workbook","introduction"],"forceToc":true}},{"label":"Part II","leadsTo":{"locale":"en","sectionId":631,"slugs":["workbook","part-ii-introduction"],"forceToc":true}},{"label":"4. What Is Sin?","leadsTo":{"locale":"en","sectionId":665,"slugs":["workbook","what-is-sin"]}},{"label":"Lesson 253","leadsTo":{"locale":"en","sectionId":668,"slugs":["lesson-253","my-self-is-ruler-of-the-universe"]}}],"mobileBreadcrumbs":[{"label":"Workbook","leadsTo":{"locale":"en","sectionId":401,"slugs":["workbook","introduction"],"forceToc":true}},{"label":"Part II","leadsTo":{"locale":"en","sectionId":631,"slugs":["workbook","part-ii-introduction"],"forceToc":true}},{"label":"4. What Is Sin?","leadsTo":{"locale":"en","sectionId":665,"slugs":["workbook","what-is-sin"]}},{"label":"Lesson 253","leadsTo":{"locale":"en","sectionId":668,"slugs":["lesson-253","my-self-is-ruler-of-the-universe"]}}],"seoBreadcrumbs":[{"label":"A Course in Miracles","leadsTo":"dashboard"},{"label":"Workbook","leadsTo":{"locale":"en","sectionId":401,"slugs":["workbook","introduction"],"forceToc":true}},{"label":"Part II","leadsTo":{"locale":"en","sectionId":631,"slugs":["workbook","part-ii-introduction"],"forceToc":true}},{"label":"4. What Is Sin?","leadsTo":{"locale":"en","sectionId":665,"slugs":["workbook","what-is-sin"]}},{"label":"Lesson 253","leadsTo":{"locale":"en","sectionId":668,"slugs":["lesson-253","my-self-is-ruler-of-the-universe"]}}],"slugs":["lesson-253","my-self-is-ruler-of-the-universe"],"canonicalLink":"https://acim.org/acim/lesson-253/my-self-is-ruler-of-the-universe/en/s/668","link":"https://acim.org/acim/lesson-253/my-self-is-ruler-of-the-universe/en/s/668","shortLink":"https://acim.org/acim/en/s/668","previousSectionId":667,"previousSectionSlugs":["lesson-252","the-son-of-god-is-my-identity"],"previousSectionLink":"https://acim.org/acim/lesson-252/the-son-of-god-is-my-identity/en/s/667","nextSectionId":669,"nextSectionSlugs":["lesson-254","let-every-voice-but-gods-be-still-in-me"],"nextSectionLink":"https://acim.org/acim/lesson-254/let-every-voice-but-gods-be-still-in-me/en/s/669","hreflangLinks":[{"hrefLang":"en","link":"https://acim.org/acim/en/s/668"}]}