{"sectionId":670,"sectionIdLiteral":"670","humanId":"lesson-255","volumeId":"workbook","locale":"en","titleInfo":{"title":"This day I choose to spend in perfect peace.","ownlineNumber":"Lesson 255"},"annotation":"W-255","bodyHtml":"<div class=\"acim-text lesson-255\"> <div data-paragraph-id=\"670#1\"><p class=\"p-normal\"><span class=\"pnr\">1.</span> <span data-sentence-id=\"670#1:1\"><span class=\"snr noprint\">1</span>It does not seem to me that I can choose to have but peace today.</span> <span data-sentence-id=\"670#1:2\"><span class=\"snr\">2</span>And yet, my God assures me that His Son is like Himself.</span> <span data-sentence-id=\"670#1:3\"><span class=\"snr\">3</span>Let me this day have faith in Him Who says I am God’s Son.</span> <span data-sentence-id=\"670#1:4\"><span class=\"snr\">4</span>And let the peace I choose be mine today bear witness to the truth of what He says.</span> <span data-sentence-id=\"670#1:5\"><span class=\"snr\">5</span>God’s Son can have no cares, and must remain forever in the peace of Heaven.</span> <span data-sentence-id=\"670#1:6\"><span class=\"snr\">6</span>In His Name, I give today to finding what my Father wills for me, accepting it as mine, and giving it to all my Father’s Sons, along with me.</span></p></div> <div data-paragraph-id=\"670#2\"><p class=\"p-italic\"><span class=\"pnr\">2.</span> <span data-sentence-id=\"670#2:1\"><span class=\"snr noprint\">1</span>And so, my Father, would I pass this day with You.</span> <span data-sentence-id=\"670#2:2\"><span class=\"snr\">2</span>Your Son has not forgotten You.</span> <span data-sentence-id=\"670#2:3\"><span class=\"snr\">3</span>The peace You gave him still is in his mind, and it is there I choose to spend today.</span></p></div> </div>","firstWords":"It does not seem to me that I can choose to have but peace today. And yet, my God assures me that His Son is like Himself. Let me this day have faith in Him Who says I am God’s Son. And let the peace","contentType":"acim-content","seoTitle":"Lesson 255: This day I choose to spend in… | ACIM","seoDescription":"✨ A Course in Miracles with 🎧 Audio! Read and listen to Lesson 255 “This day I choose to spend in perfect peace”: It does not seem to me that I can choose to have but peace today. And…","desktopBreadcrumbs":[{"label":"Workbook","leadsTo":{"locale":"en","sectionId":401,"slugs":["workbook","introduction"],"forceToc":true}},{"label":"Part II","leadsTo":{"locale":"en","sectionId":631,"slugs":["workbook","part-ii-introduction"],"forceToc":true}},{"label":"4. What Is Sin?","leadsTo":{"locale":"en","sectionId":665,"slugs":["workbook","what-is-sin"]}},{"label":"Lesson 255","leadsTo":{"locale":"en","sectionId":670,"slugs":["lesson-255","this-day-i-choose-to-spend-in-perfect-peace"]}}],"mobileBreadcrumbs":[{"label":"Workbook","leadsTo":{"locale":"en","sectionId":401,"slugs":["workbook","introduction"],"forceToc":true}},{"label":"Part II","leadsTo":{"locale":"en","sectionId":631,"slugs":["workbook","part-ii-introduction"],"forceToc":true}},{"label":"4. What Is Sin?","leadsTo":{"locale":"en","sectionId":665,"slugs":["workbook","what-is-sin"]}},{"label":"Lesson 255","leadsTo":{"locale":"en","sectionId":670,"slugs":["lesson-255","this-day-i-choose-to-spend-in-perfect-peace"]}}],"seoBreadcrumbs":[{"label":"A Course in Miracles","leadsTo":"dashboard"},{"label":"Workbook","leadsTo":{"locale":"en","sectionId":401,"slugs":["workbook","introduction"],"forceToc":true}},{"label":"Part II","leadsTo":{"locale":"en","sectionId":631,"slugs":["workbook","part-ii-introduction"],"forceToc":true}},{"label":"4. What Is Sin?","leadsTo":{"locale":"en","sectionId":665,"slugs":["workbook","what-is-sin"]}},{"label":"Lesson 255","leadsTo":{"locale":"en","sectionId":670,"slugs":["lesson-255","this-day-i-choose-to-spend-in-perfect-peace"]}}],"slugs":["lesson-255","this-day-i-choose-to-spend-in-perfect-peace"],"canonicalLink":"https://acim.org/acim/lesson-255/this-day-i-choose-to-spend-in-perfect-peace/en/s/670","link":"https://acim.org/acim/lesson-255/this-day-i-choose-to-spend-in-perfect-peace/en/s/670","shortLink":"https://acim.org/acim/en/s/670","previousSectionId":669,"previousSectionSlugs":["lesson-254","let-every-voice-but-gods-be-still-in-me"],"previousSectionLink":"https://acim.org/acim/lesson-254/let-every-voice-but-gods-be-still-in-me/en/s/669","nextSectionId":671,"nextSectionSlugs":["lesson-256","god-is-the-only-goal-i-have-today"],"nextSectionLink":"https://acim.org/acim/lesson-256/god-is-the-only-goal-i-have-today/en/s/671","hreflangLinks":[{"hrefLang":"en","link":"https://acim.org/acim/en/s/670"}]}