{"sectionId":672,"sectionIdLiteral":"672","humanId":"lesson-257","volumeId":"workbook","locale":"en","titleInfo":{"title":"Let me remember what my purpose is.","ownlineNumber":"Lesson 257"},"annotation":"W-257","bodyHtml":"<div class=\"acim-text lesson-257\"> <div data-paragraph-id=\"672#1\"><p class=\"p-normal\"><span class=\"pnr\">1.</span> <span data-sentence-id=\"672#1:1\"><span class=\"snr noprint\">1</span>If I forget my goal I can be but confused, unsure of what I am, and thus conflicted in my actions.</span> <span data-sentence-id=\"672#1:2\"><span class=\"snr\">2</span>No one can serve contradicting goals and serve them well.</span> <span data-sentence-id=\"672#1:3\"><span class=\"snr\">3</span>Nor can he function without deep distress and great depression.</span> <span data-sentence-id=\"672#1:4\"><span class=\"snr\">4</span>Let us therefore be determined to remember what we want today, that we may unify our thoughts and actions meaningfully, and achieve only what God would have us do this day.</span></p></div> <div data-paragraph-id=\"672#2\"><p class=\"p-italic\"><span class=\"pnr\">2.</span> <span data-sentence-id=\"672#2:1\"><span class=\"snr noprint\">1</span>Father, forgiveness is Your chosen means for our salvation.</span> <span data-sentence-id=\"672#2:2\"><span class=\"snr\">2</span>Let us not forget today that we can have no will but Yours.</span> <span data-sentence-id=\"672#2:3\"><span class=\"snr\">3</span>And thus our purpose must be Yours as well, if we would reach the peace You will for us.</span></p></div> </div>","firstWords":"If I forget my goal I can be but confused, unsure of what I am, and thus conflicted in my actions. No one can serve contradicting goals and serve them well. Nor can he function without deep distress","contentType":"acim-content","seoTitle":"Lesson 257: Let me remember what my purpose is | ACIM","seoDescription":"✨ A Course in Miracles with 🎧 Audio! Read and listen to Lesson 257 “Let me remember what my purpose is”: If I forget my goal I can be but confused, unsure of what I am, and thus…","desktopBreadcrumbs":[{"label":"Workbook","leadsTo":{"locale":"en","sectionId":401,"slugs":["workbook","introduction"],"forceToc":true}},{"label":"Part II","leadsTo":{"locale":"en","sectionId":631,"slugs":["workbook","part-ii-introduction"],"forceToc":true}},{"label":"4. What Is Sin?","leadsTo":{"locale":"en","sectionId":665,"slugs":["workbook","what-is-sin"]}},{"label":"Lesson 257","leadsTo":{"locale":"en","sectionId":672,"slugs":["lesson-257","let-me-remember-what-my-purpose-is"]}}],"mobileBreadcrumbs":[{"label":"Workbook","leadsTo":{"locale":"en","sectionId":401,"slugs":["workbook","introduction"],"forceToc":true}},{"label":"Part II","leadsTo":{"locale":"en","sectionId":631,"slugs":["workbook","part-ii-introduction"],"forceToc":true}},{"label":"4. What Is Sin?","leadsTo":{"locale":"en","sectionId":665,"slugs":["workbook","what-is-sin"]}},{"label":"Lesson 257","leadsTo":{"locale":"en","sectionId":672,"slugs":["lesson-257","let-me-remember-what-my-purpose-is"]}}],"seoBreadcrumbs":[{"label":"A Course in Miracles","leadsTo":"dashboard"},{"label":"Workbook","leadsTo":{"locale":"en","sectionId":401,"slugs":["workbook","introduction"],"forceToc":true}},{"label":"Part II","leadsTo":{"locale":"en","sectionId":631,"slugs":["workbook","part-ii-introduction"],"forceToc":true}},{"label":"4. What Is Sin?","leadsTo":{"locale":"en","sectionId":665,"slugs":["workbook","what-is-sin"]}},{"label":"Lesson 257","leadsTo":{"locale":"en","sectionId":672,"slugs":["lesson-257","let-me-remember-what-my-purpose-is"]}}],"slugs":["lesson-257","let-me-remember-what-my-purpose-is"],"canonicalLink":"https://acim.org/acim/lesson-257/let-me-remember-what-my-purpose-is/en/s/672","link":"https://acim.org/acim/lesson-257/let-me-remember-what-my-purpose-is/en/s/672","shortLink":"https://acim.org/acim/en/s/672","previousSectionId":671,"previousSectionSlugs":["lesson-256","god-is-the-only-goal-i-have-today"],"previousSectionLink":"https://acim.org/acim/lesson-256/god-is-the-only-goal-i-have-today/en/s/671","nextSectionId":673,"nextSectionSlugs":["lesson-258","let-me-remember-that-my-goal-is-god"],"nextSectionLink":"https://acim.org/acim/lesson-258/let-me-remember-that-my-goal-is-god/en/s/673","hreflangLinks":[{"hrefLang":"en","link":"https://acim.org/acim/en/s/672"}]}