{"sectionId":676,"sectionIdLiteral":"676","humanId":"wb-part2-what-is-5","volumeId":"workbook","locale":"en","titleInfo":{"title":"What Is the Body?","inlineNumber":"5."},"annotation":"W-pII.5","bodyHtml":"<div class=\"acim-text wb-part2-what-is-5\"> <div data-paragraph-id=\"676#1\"><p class=\"p-normal\"><span class=\"pnr\">1.</span> <span data-sentence-id=\"676#1:1\"><span class=\"snr noprint\">1</span>The body is a fence the Son of God imagines he has built, to separate parts of his Self from other parts.</span> <span data-sentence-id=\"676#1:2\"><span class=\"snr\">2</span>It is within this fence he thinks he lives, to die as it decays and crumbles.</span> <span data-sentence-id=\"676#1:3\"><span class=\"snr\">3</span>For within this fence he thinks that he is safe from love.</span> <span data-sentence-id=\"676#1:4\"><span class=\"snr\">4</span>Identifying with his safety, he regards himself as what his safety is.</span> <span data-sentence-id=\"676#1:5\"><span class=\"snr\">5</span>How else could he be certain he remains within the body, keeping love outside?</span></p></div> <div data-paragraph-id=\"676#2\"><p class=\"p-normal\"><span class=\"pnr\">2.</span> <span data-sentence-id=\"676#2:1\"><span class=\"snr noprint\">1</span>The body will not stay.</span> <span data-sentence-id=\"676#2:2\"><span class=\"snr\">2</span>Yet this he sees as double safety.</span> <span data-sentence-id=\"676#2:3\"><span class=\"snr\">3</span>For the Son of God’s impermanence is “proof” his fences work, and do the task his mind assigns to them.</span> <span data-sentence-id=\"676#2:4\"><span class=\"snr\">4</span>For if his oneness still remained untouched, who could attack and who could be attacked?</span> <span data-sentence-id=\"676#2:5\"><span class=\"snr\">5</span>Who could be victor?</span> <span data-sentence-id=\"676#2:6\"><span class=\"snr\">6</span>Who could be his prey?</span> <span data-sentence-id=\"676#2:7\"><span class=\"snr\">7</span>Who could be victim?</span> <span data-sentence-id=\"676#2:8\"><span class=\"snr\">8</span>Who the murderer?</span> <span data-sentence-id=\"676#2:9\"><span class=\"snr\">9</span>And if he did not die, what “proof” is there that God’s eternal Son can be destroyed?</span></p></div> <div data-paragraph-id=\"676#3\"><p class=\"p-normal\"><span class=\"pnr\">3.</span> <span data-sentence-id=\"676#3:1\"><span class=\"snr noprint\">1</span>The body is a dream.</span> <span data-sentence-id=\"676#3:2\"><span class=\"snr\">2</span>Like other dreams it sometimes seems to picture happiness, but can quite suddenly revert to fear, where every dream is born.</span> <span data-sentence-id=\"676#3:3\"><span class=\"snr\">3</span>For only love creates in truth, and truth can never fear.</span> <span data-sentence-id=\"676#3:4\"><span class=\"snr\">4</span>Made to be fearful, must the body serve the purpose given it.</span> <span data-sentence-id=\"676#3:5\"><span class=\"snr\">5</span>But we can change the purpose that the body will obey by changing what we think that it is for.</span></p></div> <div data-paragraph-id=\"676#4\"><p class=\"p-normal\"><span class=\"pnr\">4.</span> <span data-sentence-id=\"676#4:1\"><span class=\"snr noprint\">1</span>The body is the means by which God’s Son returns to sanity.</span> <span data-sentence-id=\"676#4:2\"><span class=\"snr\">2</span>Though it was made to fence him into hell without escape, yet has the goal of Heaven been exchanged for the pursuit of hell.</span> <span data-sentence-id=\"676#4:3\"><span class=\"snr\">3</span>The Son of God extends his hand to reach his brother, and to help him walk along the road with him.</span> <span data-sentence-id=\"676#4:4\"><span class=\"snr\">4</span>Now is the body holy.</span> <span data-sentence-id=\"676#4:5\"><span class=\"snr\">5</span>Now it serves to heal the mind that it was made to kill.</span></p></div> <div data-paragraph-id=\"676#5\"><p class=\"p-normal\"><span class=\"pnr\">5.</span> <span data-sentence-id=\"676#5:1\"><span class=\"snr noprint\">1</span>You will identify with what you think will make you safe.</span> <span data-sentence-id=\"676#5:2\"><span class=\"snr\">2</span>Whatever it may be, you will believe that it is one with you.</span> <span data-sentence-id=\"676#5:3\"><span class=\"snr\">3</span>Your safety lies in truth, and not in lies.</span> <span data-sentence-id=\"676#5:4\"><span class=\"snr\">4</span>Love is your safety.</span> <span data-sentence-id=\"676#5:5\"><span class=\"snr\">5</span>Fear does not exist.</span> <span data-sentence-id=\"676#5:6\"><span class=\"snr\">6</span>Identify with love, and you are safe.</span> <span data-sentence-id=\"676#5:7\"><span class=\"snr\">7</span>Identify with love, and you are home.</span> <span data-sentence-id=\"676#5:8\"><span class=\"snr\">8</span>Identify with love, and find your Self.</span></p></div> </div>","firstWords":"The body is a fence the Son of God imagines he has built, to separate parts of his Self from other parts. It is within this fence he thinks he lives, to die as it decays and crumbles. For within this","contentType":"acim-content","seoTitle":"What Is the Body? | ACIM","seoDescription":"✨ A Course in Miracles with 🎧 Audio! Read and listen to “What Is the Body?” from the Workbook. The body is a fence the Son of God imagines he has built, to separate parts of his Self…","desktopBreadcrumbs":[{"label":"Workbook","leadsTo":{"locale":"en","sectionId":401,"slugs":["workbook","introduction"],"forceToc":true}},{"label":"Part II","leadsTo":{"locale":"en","sectionId":631,"slugs":["workbook","part-ii-introduction"],"forceToc":true}},{"label":"5. What Is the Body?","leadsTo":{"locale":"en","sectionId":676,"slugs":["workbook","what-is-the-body"]}}],"mobileBreadcrumbs":[{"label":"Workbook","leadsTo":{"locale":"en","sectionId":401,"slugs":["workbook","introduction"],"forceToc":true}},{"label":"Part II","leadsTo":{"locale":"en","sectionId":631,"slugs":["workbook","part-ii-introduction"],"forceToc":true}},{"label":"5. What Is the Body?","leadsTo":{"locale":"en","sectionId":676,"slugs":["workbook","what-is-the-body"]}}],"seoBreadcrumbs":[{"label":"A Course in Miracles","leadsTo":"dashboard"},{"label":"Workbook","leadsTo":{"locale":"en","sectionId":401,"slugs":["workbook","introduction"],"forceToc":true}},{"label":"Part II","leadsTo":{"locale":"en","sectionId":631,"slugs":["workbook","part-ii-introduction"],"forceToc":true}},{"label":"5. What Is the Body?","leadsTo":{"locale":"en","sectionId":676,"slugs":["workbook","what-is-the-body"]}}],"slugs":["workbook","what-is-the-body"],"canonicalLink":"https://acim.org/acim/workbook/what-is-the-body/en/s/676","link":"https://acim.org/acim/workbook/what-is-the-body/en/s/676","shortLink":"https://acim.org/acim/en/s/676","previousSectionId":675,"previousSectionSlugs":["lesson-260","let-me-remember-god-created-me"],"previousSectionLink":"https://acim.org/acim/lesson-260/let-me-remember-god-created-me/en/s/675","nextSectionId":677,"nextSectionSlugs":["lesson-261","god-is-my-refuge-and-security"],"nextSectionLink":"https://acim.org/acim/lesson-261/god-is-my-refuge-and-security/en/s/677","hreflangLinks":[{"hrefLang":"en","link":"https://acim.org/acim/en/s/676"}]}