{"sectionId":677,"sectionIdLiteral":"677","humanId":"lesson-261","volumeId":"workbook","locale":"en","titleInfo":{"title":"God is my refuge and security.","ownlineNumber":"Lesson 261"},"annotation":"W-261","bodyHtml":"<div class=\"acim-text lesson-261\"> <div data-paragraph-id=\"677#1\"><p class=\"p-normal\"><span class=\"pnr\">1.</span> <span data-sentence-id=\"677#1:1\"><span class=\"snr noprint\">1</span>I will identify with what I think is refuge and security.</span> <span data-sentence-id=\"677#1:2\"><span class=\"snr\">2</span>I will behold myself where I perceive my strength, and think I live within the citadel where I am safe and cannot be attacked.</span> <span data-sentence-id=\"677#1:3\"><span class=\"snr\">3</span>Let me today seek not security in danger, nor attempt to find my peace in murderous attack.</span> <span data-sentence-id=\"677#1:4\"><span class=\"snr\">4</span>I live in God.</span> <span data-sentence-id=\"677#1:5\"><span class=\"snr\">5</span>In Him I find my refuge and my strength.</span> <span data-sentence-id=\"677#1:6\"><span class=\"snr\">6</span>In Him is my Identity.</span> <span data-sentence-id=\"677#1:7\"><span class=\"snr\">7</span>In Him is everlasting peace.</span> <span data-sentence-id=\"677#1:8\"><span class=\"snr\">8</span>And only there will I remember Who I really am.</span></p></div> <div data-paragraph-id=\"677#2\"><p class=\"p-italic\"><span class=\"pnr\">2.</span> <span data-sentence-id=\"677#2:1\"><span class=\"snr noprint\">1</span>Let me not seek for idols.</span> <span data-sentence-id=\"677#2:2\"><span class=\"snr\">2</span>I would come, my Father, home to You today.</span> <span data-sentence-id=\"677#2:3\"><span class=\"snr\">3</span>I choose to be as You created me, and find the Son whom You created as my Self.</span></p></div> </div>","firstWords":"I will identify with what I think is refuge and security. I will behold myself where I perceive my strength, and think I live within the citadel where I am safe and cannot be attacked. Let me today","contentType":"acim-content","seoTitle":"Lesson 261: God is my refuge and security | ACIM","seoDescription":"✨ A Course in Miracles with 🎧 Audio! Read and listen to Lesson 261 “God is my refuge and security”: I will identify with what I think is refuge and security. I will behold myself where…","desktopBreadcrumbs":[{"label":"Workbook","leadsTo":{"locale":"en","sectionId":401,"slugs":["workbook","introduction"],"forceToc":true}},{"label":"Part II","leadsTo":{"locale":"en","sectionId":631,"slugs":["workbook","part-ii-introduction"],"forceToc":true}},{"label":"5. What Is the Body?","leadsTo":{"locale":"en","sectionId":676,"slugs":["workbook","what-is-the-body"]}},{"label":"Lesson 261","leadsTo":{"locale":"en","sectionId":677,"slugs":["lesson-261","god-is-my-refuge-and-security"]}}],"mobileBreadcrumbs":[{"label":"Workbook","leadsTo":{"locale":"en","sectionId":401,"slugs":["workbook","introduction"],"forceToc":true}},{"label":"Part II","leadsTo":{"locale":"en","sectionId":631,"slugs":["workbook","part-ii-introduction"],"forceToc":true}},{"label":"5. What Is the Body?","leadsTo":{"locale":"en","sectionId":676,"slugs":["workbook","what-is-the-body"]}},{"label":"Lesson 261","leadsTo":{"locale":"en","sectionId":677,"slugs":["lesson-261","god-is-my-refuge-and-security"]}}],"seoBreadcrumbs":[{"label":"A Course in Miracles","leadsTo":"dashboard"},{"label":"Workbook","leadsTo":{"locale":"en","sectionId":401,"slugs":["workbook","introduction"],"forceToc":true}},{"label":"Part II","leadsTo":{"locale":"en","sectionId":631,"slugs":["workbook","part-ii-introduction"],"forceToc":true}},{"label":"5. What Is the Body?","leadsTo":{"locale":"en","sectionId":676,"slugs":["workbook","what-is-the-body"]}},{"label":"Lesson 261","leadsTo":{"locale":"en","sectionId":677,"slugs":["lesson-261","god-is-my-refuge-and-security"]}}],"slugs":["lesson-261","god-is-my-refuge-and-security"],"canonicalLink":"https://acim.org/acim/lesson-261/god-is-my-refuge-and-security/en/s/677","link":"https://acim.org/acim/lesson-261/god-is-my-refuge-and-security/en/s/677","shortLink":"https://acim.org/acim/en/s/677","previousSectionId":676,"previousSectionSlugs":["workbook","what-is-the-body"],"previousSectionLink":"https://acim.org/acim/workbook/what-is-the-body/en/s/676","nextSectionId":678,"nextSectionSlugs":["lesson-262","let-me-perceive-no-differences-today"],"nextSectionLink":"https://acim.org/acim/lesson-262/let-me-perceive-no-differences-today/en/s/678","hreflangLinks":[{"hrefLang":"en","link":"https://acim.org/acim/en/s/677"}]}