{"sectionId":682,"sectionIdLiteral":"682","humanId":"lesson-266","volumeId":"workbook","locale":"en","titleInfo":{"title":"My holy Self abides in you, God’s Son.","ownlineNumber":"Lesson 266"},"annotation":"W-266","bodyHtml":"<div class=\"acim-text lesson-266\"> <div data-paragraph-id=\"682#1\"><p class=\"p-italic\"><span class=\"pnr\">1.</span> <span data-sentence-id=\"682#1:1\"><span class=\"snr noprint\">1</span>Father, You gave me all Your Sons, to be my saviors and my counselors in sight; the bearers of Your holy Voice to me.</span> <span data-sentence-id=\"682#1:2\"><span class=\"snr\">2</span>In them are You reflected, and in them does Christ look back upon me from my Self.</span> <span data-sentence-id=\"682#1:3\"><span class=\"snr\">3</span>Let not Your Son forget Your holy Name.</span> <span data-sentence-id=\"682#1:4\"><span class=\"snr\">4</span>Let not Your Son forget his holy Source.</span> <span data-sentence-id=\"682#1:5\"><span class=\"snr\">5</span>Let not Your Son forget his Name is Yours.</span></p></div> <div data-paragraph-id=\"682#2\"><p class=\"p-normal\"><span class=\"pnr\">2.</span> <span data-sentence-id=\"682#2:1\"><span class=\"snr noprint\">1</span>This day we enter into Paradise, calling upon God’s Name and on our own, acknowledging our Self in each of us; united in the holy Love of God.</span> <span data-sentence-id=\"682#2:2\"><span class=\"snr\">2</span>How many saviors God has given us!</span> <span data-sentence-id=\"682#2:3\"><span class=\"snr\">3</span>How can we lose the way to Him, when He has filled the world with those who point to Him, and given us the sight to look on them?</span></p></div> </div>","firstWords":"Father, You gave me all Your Sons, to be my saviors and my counselors in sight; the bearers of Your holy Voice to me. In them are You reflected, and in them does Christ look back upon me from my","contentType":"acim-content","seoTitle":"Lesson 266: My holy Self abides in you, God’s… | ACIM","seoDescription":"✨ A Course in Miracles with 🎧 Audio! Read and listen to Lesson 266 “My holy Self abides in you, God’s Son”: Father, You gave me all Your Sons, to be my saviors and my counselors in…","desktopBreadcrumbs":[{"label":"Workbook","leadsTo":{"locale":"en","sectionId":401,"slugs":["workbook","introduction"],"forceToc":true}},{"label":"Part II","leadsTo":{"locale":"en","sectionId":631,"slugs":["workbook","part-ii-introduction"],"forceToc":true}},{"label":"5. What Is the Body?","leadsTo":{"locale":"en","sectionId":676,"slugs":["workbook","what-is-the-body"]}},{"label":"Lesson 266","leadsTo":{"locale":"en","sectionId":682,"slugs":["lesson-266","my-holy-self-abides-in-you-gods-son"]}}],"mobileBreadcrumbs":[{"label":"Workbook","leadsTo":{"locale":"en","sectionId":401,"slugs":["workbook","introduction"],"forceToc":true}},{"label":"Part II","leadsTo":{"locale":"en","sectionId":631,"slugs":["workbook","part-ii-introduction"],"forceToc":true}},{"label":"5. What Is the Body?","leadsTo":{"locale":"en","sectionId":676,"slugs":["workbook","what-is-the-body"]}},{"label":"Lesson 266","leadsTo":{"locale":"en","sectionId":682,"slugs":["lesson-266","my-holy-self-abides-in-you-gods-son"]}}],"seoBreadcrumbs":[{"label":"A Course in Miracles","leadsTo":"dashboard"},{"label":"Workbook","leadsTo":{"locale":"en","sectionId":401,"slugs":["workbook","introduction"],"forceToc":true}},{"label":"Part II","leadsTo":{"locale":"en","sectionId":631,"slugs":["workbook","part-ii-introduction"],"forceToc":true}},{"label":"5. What Is the Body?","leadsTo":{"locale":"en","sectionId":676,"slugs":["workbook","what-is-the-body"]}},{"label":"Lesson 266","leadsTo":{"locale":"en","sectionId":682,"slugs":["lesson-266","my-holy-self-abides-in-you-gods-son"]}}],"slugs":["lesson-266","my-holy-self-abides-in-you-gods-son"],"canonicalLink":"https://acim.org/acim/lesson-266/my-holy-self-abides-in-you-gods-son/en/s/682","link":"https://acim.org/acim/lesson-266/my-holy-self-abides-in-you-gods-son/en/s/682","shortLink":"https://acim.org/acim/en/s/682","previousSectionId":681,"previousSectionSlugs":["lesson-265","creations-gentleness-is-all-i-see"],"previousSectionLink":"https://acim.org/acim/lesson-265/creations-gentleness-is-all-i-see/en/s/681","nextSectionId":683,"nextSectionSlugs":["lesson-267","my-heart-is-beating-in-the-peace-of-god"],"nextSectionLink":"https://acim.org/acim/lesson-267/my-heart-is-beating-in-the-peace-of-god/en/s/683","hreflangLinks":[{"hrefLang":"en","link":"https://acim.org/acim/en/s/682"}]}