{"sectionId":683,"sectionIdLiteral":"683","humanId":"lesson-267","volumeId":"workbook","locale":"en","titleInfo":{"title":"My heart is beating in the peace of God.","ownlineNumber":"Lesson 267"},"annotation":"W-267","bodyHtml":"<div class=\"acim-text lesson-267\"> <div data-paragraph-id=\"683#1\"><p class=\"p-normal\"><span class=\"pnr\">1.</span> <span data-sentence-id=\"683#1:1\"><span class=\"snr noprint\">1</span>Surrounding me is all the life that God created in His Love.</span> <span data-sentence-id=\"683#1:2\"><span class=\"snr\">2</span>It calls to me in every heartbeat and in every breath; in every action and in every thought.</span> <span data-sentence-id=\"683#1:3\"><span class=\"snr\">3</span>Peace fills my heart, and floods my body with the purpose of forgiveness.</span> <span data-sentence-id=\"683#1:4\"><span class=\"snr\">4</span>Now my mind is healed, and all I need to save the world is given me.</span> <span data-sentence-id=\"683#1:5\"><span class=\"snr\">5</span>Each heartbeat brings me peace; each breath infuses me with strength.</span> <span data-sentence-id=\"683#1:6\"><span class=\"snr\">6</span>I am a messenger of God, directed by His Voice, sustained by Him in love, and held forever quiet and at peace within His loving Arms.</span> <span data-sentence-id=\"683#1:7\"><span class=\"snr\">7</span>Each heartbeat calls His Name, and every one is answered by His Voice, assuring me I am at home in Him.</span></p></div> <div data-paragraph-id=\"683#2\"><p class=\"p-italic\"><span class=\"pnr\">2.</span> <span data-sentence-id=\"683#2:1\"><span class=\"snr noprint\">1</span>Let me attend Your Answer, not my own.</span> <span data-sentence-id=\"683#2:2\"><span class=\"snr\">2</span>Father, my heart is beating in the peace the Heart of Love created.</span> <span data-sentence-id=\"683#2:3\"><span class=\"snr\">3</span>It is there and only there that I can be at home.</span></p></div> </div>","firstWords":"Surrounding me is all the life that God created in His Love. It calls to me in every heartbeat and in every breath; in every action and in every thought. Peace fills my heart, and floods my body with","contentType":"acim-content","seoTitle":"Lesson 267: My heart is beating in the peace… | ACIM","seoDescription":"✨ A Course in Miracles with 🎧 Audio! Read and listen to Lesson 267 “My heart is beating in the peace of God”: Surrounding me is all the life that God created in His Love. It calls to me…","desktopBreadcrumbs":[{"label":"Workbook","leadsTo":{"locale":"en","sectionId":401,"slugs":["workbook","introduction"],"forceToc":true}},{"label":"Part II","leadsTo":{"locale":"en","sectionId":631,"slugs":["workbook","part-ii-introduction"],"forceToc":true}},{"label":"5. What Is the Body?","leadsTo":{"locale":"en","sectionId":676,"slugs":["workbook","what-is-the-body"]}},{"label":"Lesson 267","leadsTo":{"locale":"en","sectionId":683,"slugs":["lesson-267","my-heart-is-beating-in-the-peace-of-god"]}}],"mobileBreadcrumbs":[{"label":"Workbook","leadsTo":{"locale":"en","sectionId":401,"slugs":["workbook","introduction"],"forceToc":true}},{"label":"Part II","leadsTo":{"locale":"en","sectionId":631,"slugs":["workbook","part-ii-introduction"],"forceToc":true}},{"label":"5. What Is the Body?","leadsTo":{"locale":"en","sectionId":676,"slugs":["workbook","what-is-the-body"]}},{"label":"Lesson 267","leadsTo":{"locale":"en","sectionId":683,"slugs":["lesson-267","my-heart-is-beating-in-the-peace-of-god"]}}],"seoBreadcrumbs":[{"label":"A Course in Miracles","leadsTo":"dashboard"},{"label":"Workbook","leadsTo":{"locale":"en","sectionId":401,"slugs":["workbook","introduction"],"forceToc":true}},{"label":"Part II","leadsTo":{"locale":"en","sectionId":631,"slugs":["workbook","part-ii-introduction"],"forceToc":true}},{"label":"5. What Is the Body?","leadsTo":{"locale":"en","sectionId":676,"slugs":["workbook","what-is-the-body"]}},{"label":"Lesson 267","leadsTo":{"locale":"en","sectionId":683,"slugs":["lesson-267","my-heart-is-beating-in-the-peace-of-god"]}}],"slugs":["lesson-267","my-heart-is-beating-in-the-peace-of-god"],"canonicalLink":"https://acim.org/acim/lesson-267/my-heart-is-beating-in-the-peace-of-god/en/s/683","link":"https://acim.org/acim/lesson-267/my-heart-is-beating-in-the-peace-of-god/en/s/683","shortLink":"https://acim.org/acim/en/s/683","previousSectionId":682,"previousSectionSlugs":["lesson-266","my-holy-self-abides-in-you-gods-son"],"previousSectionLink":"https://acim.org/acim/lesson-266/my-holy-self-abides-in-you-gods-son/en/s/682","nextSectionId":684,"nextSectionSlugs":["lesson-268","let-all-things-be-exactly-as-they-are"],"nextSectionLink":"https://acim.org/acim/lesson-268/let-all-things-be-exactly-as-they-are/en/s/684","hreflangLinks":[{"hrefLang":"en","link":"https://acim.org/acim/en/s/683"}]}