{"sectionId":684,"sectionIdLiteral":"684","humanId":"lesson-268","volumeId":"workbook","locale":"en","titleInfo":{"title":"Let all things be exactly as they are.","ownlineNumber":"Lesson 268"},"annotation":"W-268","bodyHtml":"<div class=\"acim-text lesson-268\"> <div data-paragraph-id=\"684#1\"><p class=\"p-italic\"><span class=\"pnr\">1.</span> <span data-sentence-id=\"684#1:1\"><span class=\"snr noprint\">1</span>Let me not be Your critic, Lord, today, and judge against You.</span> <span data-sentence-id=\"684#1:2\"><span class=\"snr\">2</span>Let me not attempt to interfere with Your creation, and distort it into sickly forms.</span> <span data-sentence-id=\"684#1:3\"><span class=\"snr\">3</span>Let me be willing to withdraw my wishes from its unity, and thus to let it be as You created it.</span> <span data-sentence-id=\"684#1:4\"><span class=\"snr\">4</span>For thus will I be able, too, to recognize my Self as You created me.</span> <span data-sentence-id=\"684#1:5\"><span class=\"snr\">5</span>In love was I created, and in love will I remain forever.</span> <span data-sentence-id=\"684#1:6\"><span class=\"snr\">6</span>What can frighten me, when I let all things be exactly as they are?</span></p></div> <div data-paragraph-id=\"684#2\"><p class=\"p-normal\"><span class=\"pnr\">2.</span> <span data-sentence-id=\"684#2:1\"><span class=\"snr noprint\">1</span>Let not our sight be blasphemous today, nor let our ears attend to lying tongues.</span> <span data-sentence-id=\"684#2:2\"><span class=\"snr\">2</span>Only reality is free of pain.</span> <span data-sentence-id=\"684#2:3\"><span class=\"snr\">3</span>Only reality is free of loss.</span> <span data-sentence-id=\"684#2:4\"><span class=\"snr\">4</span>Only reality is wholly safe.</span> <span data-sentence-id=\"684#2:5\"><span class=\"snr\">5</span>And it is only this we seek today.</span></p></div> </div>","firstWords":"Let me not be Your critic, Lord, today, and judge against You. Let me not attempt to interfere with Your creation, and distort it into sickly forms. Let me be willing to withdraw my wishes from its","contentType":"acim-content","seoTitle":"Lesson 268: Let all things be exactly as they… | ACIM","seoDescription":"✨ A Course in Miracles with 🎧 Audio! Read and listen to Lesson 268 “Let all things be exactly as they are”: Let me not be Your critic, Lord, today, and judge against You. Let me not…","desktopBreadcrumbs":[{"label":"Workbook","leadsTo":{"locale":"en","sectionId":401,"slugs":["workbook","introduction"],"forceToc":true}},{"label":"Part II","leadsTo":{"locale":"en","sectionId":631,"slugs":["workbook","part-ii-introduction"],"forceToc":true}},{"label":"5. What Is the Body?","leadsTo":{"locale":"en","sectionId":676,"slugs":["workbook","what-is-the-body"]}},{"label":"Lesson 268","leadsTo":{"locale":"en","sectionId":684,"slugs":["lesson-268","let-all-things-be-exactly-as-they-are"]}}],"mobileBreadcrumbs":[{"label":"Workbook","leadsTo":{"locale":"en","sectionId":401,"slugs":["workbook","introduction"],"forceToc":true}},{"label":"Part II","leadsTo":{"locale":"en","sectionId":631,"slugs":["workbook","part-ii-introduction"],"forceToc":true}},{"label":"5. What Is the Body?","leadsTo":{"locale":"en","sectionId":676,"slugs":["workbook","what-is-the-body"]}},{"label":"Lesson 268","leadsTo":{"locale":"en","sectionId":684,"slugs":["lesson-268","let-all-things-be-exactly-as-they-are"]}}],"seoBreadcrumbs":[{"label":"A Course in Miracles","leadsTo":"dashboard"},{"label":"Workbook","leadsTo":{"locale":"en","sectionId":401,"slugs":["workbook","introduction"],"forceToc":true}},{"label":"Part II","leadsTo":{"locale":"en","sectionId":631,"slugs":["workbook","part-ii-introduction"],"forceToc":true}},{"label":"5. What Is the Body?","leadsTo":{"locale":"en","sectionId":676,"slugs":["workbook","what-is-the-body"]}},{"label":"Lesson 268","leadsTo":{"locale":"en","sectionId":684,"slugs":["lesson-268","let-all-things-be-exactly-as-they-are"]}}],"slugs":["lesson-268","let-all-things-be-exactly-as-they-are"],"canonicalLink":"https://acim.org/acim/lesson-268/let-all-things-be-exactly-as-they-are/en/s/684","link":"https://acim.org/acim/lesson-268/let-all-things-be-exactly-as-they-are/en/s/684","shortLink":"https://acim.org/acim/en/s/684","previousSectionId":683,"previousSectionSlugs":["lesson-267","my-heart-is-beating-in-the-peace-of-god"],"previousSectionLink":"https://acim.org/acim/lesson-267/my-heart-is-beating-in-the-peace-of-god/en/s/683","nextSectionId":685,"nextSectionSlugs":["lesson-269","my-sight-goes-forth-to-look-upon-christs-face"],"nextSectionLink":"https://acim.org/acim/lesson-269/my-sight-goes-forth-to-look-upon-christs-face/en/s/685","hreflangLinks":[{"hrefLang":"en","link":"https://acim.org/acim/en/s/684"}]}