{"sectionId":685,"sectionIdLiteral":"685","humanId":"lesson-269","volumeId":"workbook","locale":"en","titleInfo":{"title":"My sight goes forth to look upon Christ’s face.","ownlineNumber":"Lesson 269"},"annotation":"W-269","bodyHtml":"<div class=\"acim-text lesson-269\"> <div data-paragraph-id=\"685#1\"><p class=\"p-italic\"><span class=\"pnr\">1.</span> <span data-sentence-id=\"685#1:1\"><span class=\"snr noprint\">1</span>I ask Your blessing on my sight today.</span> <span data-sentence-id=\"685#1:2\"><span class=\"snr\">2</span>It is the means which You have chosen to become the way to show me my mistakes, and look beyond them.</span> <span data-sentence-id=\"685#1:3\"><span class=\"snr\">3</span>It is given me to find a new perception through the Guide You gave to me, and through His lessons to surpass perception and return to truth.</span> <span data-sentence-id=\"685#1:4\"><span class=\"snr\">4</span>I ask for the illusion which transcends all those I made.</span> <span data-sentence-id=\"685#1:5\"><span class=\"snr\">5</span>Today I choose to see a world forgiven, in which everyone shows me the face of Christ, and teaches me that what I look upon belongs to me; that nothing is, except Your holy Son.</span></p></div> <div data-paragraph-id=\"685#2\"><p class=\"p-normal\"><span class=\"pnr\">2.</span> <span data-sentence-id=\"685#2:1\"><span class=\"snr noprint\">1</span>Today our sight is blessed indeed.</span> <span data-sentence-id=\"685#2:2\"><span class=\"snr\">2</span>We share one vision, as we look upon the face of Him Whose Self is ours.</span> <span data-sentence-id=\"685#2:3\"><span class=\"snr\">3</span>We are one because of Him Who is the Son of God; of Him Who is our own Identity.</span></p></div> </div>","firstWords":"I ask Your blessing on my sight today. It is the means which You have chosen to become the way to show me my mistakes, and look beyond them. It is given me to find a new perception through the Guide","contentType":"acim-content","seoTitle":"Lesson 269: My sight goes forth to look upon… | ACIM","seoDescription":"✨ A Course in Miracles with 🎧 Audio! Read and listen to Lesson 269 “My sight goes forth to look upon Christ’s face”: I ask Your blessing on my sight today. It is the means which You…","desktopBreadcrumbs":[{"label":"Workbook","leadsTo":{"locale":"en","sectionId":401,"slugs":["workbook","introduction"],"forceToc":true}},{"label":"Part II","leadsTo":{"locale":"en","sectionId":631,"slugs":["workbook","part-ii-introduction"],"forceToc":true}},{"label":"5. What Is the Body?","leadsTo":{"locale":"en","sectionId":676,"slugs":["workbook","what-is-the-body"]}},{"label":"Lesson 269","leadsTo":{"locale":"en","sectionId":685,"slugs":["lesson-269","my-sight-goes-forth-to-look-upon-christs-face"]}}],"mobileBreadcrumbs":[{"label":"Workbook","leadsTo":{"locale":"en","sectionId":401,"slugs":["workbook","introduction"],"forceToc":true}},{"label":"Part II","leadsTo":{"locale":"en","sectionId":631,"slugs":["workbook","part-ii-introduction"],"forceToc":true}},{"label":"5. What Is the Body?","leadsTo":{"locale":"en","sectionId":676,"slugs":["workbook","what-is-the-body"]}},{"label":"Lesson 269","leadsTo":{"locale":"en","sectionId":685,"slugs":["lesson-269","my-sight-goes-forth-to-look-upon-christs-face"]}}],"seoBreadcrumbs":[{"label":"A Course in Miracles","leadsTo":"dashboard"},{"label":"Workbook","leadsTo":{"locale":"en","sectionId":401,"slugs":["workbook","introduction"],"forceToc":true}},{"label":"Part II","leadsTo":{"locale":"en","sectionId":631,"slugs":["workbook","part-ii-introduction"],"forceToc":true}},{"label":"5. What Is the Body?","leadsTo":{"locale":"en","sectionId":676,"slugs":["workbook","what-is-the-body"]}},{"label":"Lesson 269","leadsTo":{"locale":"en","sectionId":685,"slugs":["lesson-269","my-sight-goes-forth-to-look-upon-christs-face"]}}],"slugs":["lesson-269","my-sight-goes-forth-to-look-upon-christs-face"],"canonicalLink":"https://acim.org/acim/lesson-269/my-sight-goes-forth-to-look-upon-christs-face/en/s/685","link":"https://acim.org/acim/lesson-269/my-sight-goes-forth-to-look-upon-christs-face/en/s/685","shortLink":"https://acim.org/acim/en/s/685","previousSectionId":684,"previousSectionSlugs":["lesson-268","let-all-things-be-exactly-as-they-are"],"previousSectionLink":"https://acim.org/acim/lesson-268/let-all-things-be-exactly-as-they-are/en/s/684","nextSectionId":686,"nextSectionSlugs":["lesson-270","i-will-not-use-the-bodys-eyes-today"],"nextSectionLink":"https://acim.org/acim/lesson-270/i-will-not-use-the-bodys-eyes-today/en/s/686","hreflangLinks":[{"hrefLang":"en","link":"https://acim.org/acim/en/s/685"}]}