{"sectionId":688,"sectionIdLiteral":"688","humanId":"lesson-271","volumeId":"workbook","locale":"en","titleInfo":{"title":"Christ’s is the vision I will use today.","ownlineNumber":"Lesson 271"},"annotation":"W-271","bodyHtml":"<div class=\"acim-text lesson-271\"> <div data-paragraph-id=\"688#1\"><p class=\"p-normal\"><span class=\"pnr\">1.</span> <span data-sentence-id=\"688#1:1\"><span class=\"snr noprint\">1</span>Each day, each hour, every instant, I am choosing what I want to look upon, the sounds I want to hear, the witnesses to what I want to be the truth for me.</span> <span data-sentence-id=\"688#1:2\"><span class=\"snr\">2</span>Today I choose to look upon what Christ would have me see, to listen to God’s Voice, and seek the witnesses to what is true in God’s creation.</span> <span data-sentence-id=\"688#1:3\"><span class=\"snr\">3</span>In Christ’s sight, the world and God’s creation meet, and as they come together all perception disappears.</span> <span data-sentence-id=\"688#1:4\"><span class=\"snr\">4</span>His kindly sight redeems the world from death, for nothing that He looks on but must live, remembering the Father and the Son; Creator and creation unified.</span></p></div> <div data-paragraph-id=\"688#2\"><p class=\"p-italic\"><span class=\"pnr\">2.</span> <span data-sentence-id=\"688#2:1\"><span class=\"snr noprint\">1</span>Father, Christ’s vision is the way to You.</span> <span data-sentence-id=\"688#2:2\"><span class=\"snr\">2</span>What He beholds invites Your memory to be restored to me.</span> <span data-sentence-id=\"688#2:3\"><span class=\"snr\">3</span>And this I choose, to be what I would look upon today.</span></p></div> </div>","firstWords":"Each day, each hour, every instant, I am choosing what I want to look upon, the sounds I want to hear, the witnesses to what I want to be the truth for me. Today I choose to look upon what Christ","contentType":"acim-content","seoTitle":"Lesson 271: Christ’s is the vision I will use… | ACIM","seoDescription":"✨ A Course in Miracles with 🎧 Audio! Read and listen to Lesson 271 “Christ’s is the vision I will use today”: Each day, each hour, every instant, I am choosing what I want to look upon,…","desktopBreadcrumbs":[{"label":"Workbook","leadsTo":{"locale":"en","sectionId":401,"slugs":["workbook","introduction"],"forceToc":true}},{"label":"Part II","leadsTo":{"locale":"en","sectionId":631,"slugs":["workbook","part-ii-introduction"],"forceToc":true}},{"label":"6. What Is the Christ?","leadsTo":{"locale":"en","sectionId":687,"slugs":["workbook","what-is-the-christ"]}},{"label":"Lesson 271","leadsTo":{"locale":"en","sectionId":688,"slugs":["lesson-271","christs-is-the-vision-i-will-use-today"]}}],"mobileBreadcrumbs":[{"label":"Workbook","leadsTo":{"locale":"en","sectionId":401,"slugs":["workbook","introduction"],"forceToc":true}},{"label":"Part II","leadsTo":{"locale":"en","sectionId":631,"slugs":["workbook","part-ii-introduction"],"forceToc":true}},{"label":"6. What Is the Christ?","leadsTo":{"locale":"en","sectionId":687,"slugs":["workbook","what-is-the-christ"]}},{"label":"Lesson 271","leadsTo":{"locale":"en","sectionId":688,"slugs":["lesson-271","christs-is-the-vision-i-will-use-today"]}}],"seoBreadcrumbs":[{"label":"A Course in Miracles","leadsTo":"dashboard"},{"label":"Workbook","leadsTo":{"locale":"en","sectionId":401,"slugs":["workbook","introduction"],"forceToc":true}},{"label":"Part II","leadsTo":{"locale":"en","sectionId":631,"slugs":["workbook","part-ii-introduction"],"forceToc":true}},{"label":"6. What Is the Christ?","leadsTo":{"locale":"en","sectionId":687,"slugs":["workbook","what-is-the-christ"]}},{"label":"Lesson 271","leadsTo":{"locale":"en","sectionId":688,"slugs":["lesson-271","christs-is-the-vision-i-will-use-today"]}}],"slugs":["lesson-271","christs-is-the-vision-i-will-use-today"],"canonicalLink":"https://acim.org/acim/lesson-271/christs-is-the-vision-i-will-use-today/en/s/688","link":"https://acim.org/acim/lesson-271/christs-is-the-vision-i-will-use-today/en/s/688","shortLink":"https://acim.org/acim/en/s/688","previousSectionId":687,"previousSectionSlugs":["workbook","what-is-the-christ"],"previousSectionLink":"https://acim.org/acim/workbook/what-is-the-christ/en/s/687","nextSectionId":689,"nextSectionSlugs":["lesson-272","how-can-illusions-satisfy-gods-son"],"nextSectionLink":"https://acim.org/acim/lesson-272/how-can-illusions-satisfy-gods-son/en/s/689","hreflangLinks":[{"hrefLang":"en","link":"https://acim.org/acim/en/s/688"}]}