{"sectionId":689,"sectionIdLiteral":"689","humanId":"lesson-272","volumeId":"workbook","locale":"en","titleInfo":{"title":"How can illusions satisfy God’s Son?","ownlineNumber":"Lesson 272"},"annotation":"W-272","bodyHtml":"<div class=\"acim-text lesson-272\"> <div data-paragraph-id=\"689#1\"><p class=\"p-italic\"><span class=\"pnr\">1.</span> <span data-sentence-id=\"689#1:1\"><span class=\"snr noprint\">1</span>Father, the truth belongs to me.</span> <span data-sentence-id=\"689#1:2\"><span class=\"snr\">2</span>My home is set in Heaven by Your Will and mine.</span> <span data-sentence-id=\"689#1:3\"><span class=\"snr\">3</span>Can dreams content me?</span> <span data-sentence-id=\"689#1:4\"><span class=\"snr\">4</span>Can illusions bring me happiness?</span> <span data-sentence-id=\"689#1:5\"><span class=\"snr\">5</span>What but Your memory can satisfy Your Son?</span> <span data-sentence-id=\"689#1:6\"><span class=\"snr\">6</span>I will accept no less than You have given me.</span> <span data-sentence-id=\"689#1:7\"><span class=\"snr\">7</span>I am surrounded by Your Love, forever still, forever gentle and forever safe.</span> <span data-sentence-id=\"689#1:8\"><span class=\"snr\">8</span>God’s Son must be as You created him.</span></p></div> <div data-paragraph-id=\"689#2\"><p class=\"p-normal\"><span class=\"pnr\">2.</span> <span data-sentence-id=\"689#2:1\"><span class=\"snr noprint\">1</span>Today we pass illusions by.</span> <span data-sentence-id=\"689#2:2\"><span class=\"snr\">2</span>And if we hear temptation call to us to stay and linger in a dream, we turn aside and ask ourselves if we, the Sons of God, could be content with dreams, when Heaven can be chosen just as easily as hell, and love will happily replace all fear.</span></p></div> </div>","firstWords":"Father, the truth belongs to me. My home is set in Heaven by Your Will and mine. Can dreams content me? Can illusions bring me happiness? What but Your memory can satisfy Your Son? I will accept no","contentType":"acim-content","seoTitle":"Lesson 272: How can illusions satisfy God’s Son? | ACIM","seoDescription":"✨ A Course in Miracles with 🎧 Audio! Read and listen to Lesson 272 “How can illusions satisfy God’s Son?”: Father, the truth belongs to me. My home is set in Heaven by Your Will and…","desktopBreadcrumbs":[{"label":"Workbook","leadsTo":{"locale":"en","sectionId":401,"slugs":["workbook","introduction"],"forceToc":true}},{"label":"Part II","leadsTo":{"locale":"en","sectionId":631,"slugs":["workbook","part-ii-introduction"],"forceToc":true}},{"label":"6. What Is the Christ?","leadsTo":{"locale":"en","sectionId":687,"slugs":["workbook","what-is-the-christ"]}},{"label":"Lesson 272","leadsTo":{"locale":"en","sectionId":689,"slugs":["lesson-272","how-can-illusions-satisfy-gods-son"]}}],"mobileBreadcrumbs":[{"label":"Workbook","leadsTo":{"locale":"en","sectionId":401,"slugs":["workbook","introduction"],"forceToc":true}},{"label":"Part II","leadsTo":{"locale":"en","sectionId":631,"slugs":["workbook","part-ii-introduction"],"forceToc":true}},{"label":"6. What Is the Christ?","leadsTo":{"locale":"en","sectionId":687,"slugs":["workbook","what-is-the-christ"]}},{"label":"Lesson 272","leadsTo":{"locale":"en","sectionId":689,"slugs":["lesson-272","how-can-illusions-satisfy-gods-son"]}}],"seoBreadcrumbs":[{"label":"A Course in Miracles","leadsTo":"dashboard"},{"label":"Workbook","leadsTo":{"locale":"en","sectionId":401,"slugs":["workbook","introduction"],"forceToc":true}},{"label":"Part II","leadsTo":{"locale":"en","sectionId":631,"slugs":["workbook","part-ii-introduction"],"forceToc":true}},{"label":"6. What Is the Christ?","leadsTo":{"locale":"en","sectionId":687,"slugs":["workbook","what-is-the-christ"]}},{"label":"Lesson 272","leadsTo":{"locale":"en","sectionId":689,"slugs":["lesson-272","how-can-illusions-satisfy-gods-son"]}}],"slugs":["lesson-272","how-can-illusions-satisfy-gods-son"],"canonicalLink":"https://acim.org/acim/lesson-272/how-can-illusions-satisfy-gods-son/en/s/689","link":"https://acim.org/acim/lesson-272/how-can-illusions-satisfy-gods-son/en/s/689","shortLink":"https://acim.org/acim/en/s/689","previousSectionId":688,"previousSectionSlugs":["lesson-271","christs-is-the-vision-i-will-use-today"],"previousSectionLink":"https://acim.org/acim/lesson-271/christs-is-the-vision-i-will-use-today/en/s/688","nextSectionId":690,"nextSectionSlugs":["lesson-273","the-stillness-of-the-peace-of-god-is-mine"],"nextSectionLink":"https://acim.org/acim/lesson-273/the-stillness-of-the-peace-of-god-is-mine/en/s/690","hreflangLinks":[{"hrefLang":"en","link":"https://acim.org/acim/en/s/689"}]}