{"sectionId":690,"sectionIdLiteral":"690","humanId":"lesson-273","volumeId":"workbook","locale":"en","titleInfo":{"title":"The stillness of the peace of God is mine.","ownlineNumber":"Lesson 273"},"annotation":"W-273","bodyHtml":"<div class=\"acim-text lesson-273\"> <div data-paragraph-id=\"690#1\"><p class=\"p-normal\"><span class=\"pnr\">1.</span> <span data-sentence-id=\"690#1:1\"><span class=\"snr noprint\">1</span>Perhaps we are now ready for a day of undisturbed tranquility.</span> <span data-sentence-id=\"690#1:2\"><span class=\"snr\">2</span>If this is not yet feasible, we are content and even more than satisfied to learn how such a day can be achieved.</span> <span data-sentence-id=\"690#1:3\"><span class=\"snr\">3</span>If we give way to a disturbance, let us learn how to dismiss it and return to peace.</span> <span data-sentence-id=\"690#1:4\"><span class=\"snr\">4</span>We need but tell our minds, with certainty, “The stillness of the peace of God is mine,” and nothing can intrude upon the peace that God Himself has given to His Son.</span></p></div> <div data-paragraph-id=\"690#2\"><p class=\"p-italic\"><span class=\"pnr\">2.</span> <span data-sentence-id=\"690#2:1\"><span class=\"snr noprint\">1</span>Father, Your peace is mine.</span> <span data-sentence-id=\"690#2:2\"><span class=\"snr\">2</span>What need have I to fear that anything can rob me of what You would have me keep?</span> <span data-sentence-id=\"690#2:3\"><span class=\"snr\">3</span>I cannot lose Your gifts to me.</span> <span data-sentence-id=\"690#2:4\"><span class=\"snr\">4</span>And so the peace You gave Your Son is with me still, in quietness and in my own eternal love for You.</span></p></div> </div>","firstWords":"Perhaps we are now ready for a day of undisturbed tranquility. If this is not yet feasible, we are content and even more than satisfied to learn how such a day can be achieved. If we give way to a","contentType":"acim-content","seoTitle":"Lesson 273: The stillness of the peace of God… | ACIM","seoDescription":"✨ A Course in Miracles with 🎧 Audio! Read and listen to Lesson 273 “The stillness of the peace of God is mine”: Perhaps we are now ready for a day of undisturbed tranquility. If this is…","desktopBreadcrumbs":[{"label":"Workbook","leadsTo":{"locale":"en","sectionId":401,"slugs":["workbook","introduction"],"forceToc":true}},{"label":"Part II","leadsTo":{"locale":"en","sectionId":631,"slugs":["workbook","part-ii-introduction"],"forceToc":true}},{"label":"6. What Is the Christ?","leadsTo":{"locale":"en","sectionId":687,"slugs":["workbook","what-is-the-christ"]}},{"label":"Lesson 273","leadsTo":{"locale":"en","sectionId":690,"slugs":["lesson-273","the-stillness-of-the-peace-of-god-is-mine"]}}],"mobileBreadcrumbs":[{"label":"Workbook","leadsTo":{"locale":"en","sectionId":401,"slugs":["workbook","introduction"],"forceToc":true}},{"label":"Part II","leadsTo":{"locale":"en","sectionId":631,"slugs":["workbook","part-ii-introduction"],"forceToc":true}},{"label":"6. What Is the Christ?","leadsTo":{"locale":"en","sectionId":687,"slugs":["workbook","what-is-the-christ"]}},{"label":"Lesson 273","leadsTo":{"locale":"en","sectionId":690,"slugs":["lesson-273","the-stillness-of-the-peace-of-god-is-mine"]}}],"seoBreadcrumbs":[{"label":"A Course in Miracles","leadsTo":"dashboard"},{"label":"Workbook","leadsTo":{"locale":"en","sectionId":401,"slugs":["workbook","introduction"],"forceToc":true}},{"label":"Part II","leadsTo":{"locale":"en","sectionId":631,"slugs":["workbook","part-ii-introduction"],"forceToc":true}},{"label":"6. What Is the Christ?","leadsTo":{"locale":"en","sectionId":687,"slugs":["workbook","what-is-the-christ"]}},{"label":"Lesson 273","leadsTo":{"locale":"en","sectionId":690,"slugs":["lesson-273","the-stillness-of-the-peace-of-god-is-mine"]}}],"slugs":["lesson-273","the-stillness-of-the-peace-of-god-is-mine"],"canonicalLink":"https://acim.org/acim/lesson-273/the-stillness-of-the-peace-of-god-is-mine/en/s/690","link":"https://acim.org/acim/lesson-273/the-stillness-of-the-peace-of-god-is-mine/en/s/690","shortLink":"https://acim.org/acim/en/s/690","previousSectionId":689,"previousSectionSlugs":["lesson-272","how-can-illusions-satisfy-gods-son"],"previousSectionLink":"https://acim.org/acim/lesson-272/how-can-illusions-satisfy-gods-son/en/s/689","nextSectionId":691,"nextSectionSlugs":["lesson-274","today-belongs-to-love-let-me-not-fear"],"nextSectionLink":"https://acim.org/acim/lesson-274/today-belongs-to-love-let-me-not-fear/en/s/691","hreflangLinks":[{"hrefLang":"en","link":"https://acim.org/acim/en/s/690"}]}