{"sectionId":691,"sectionIdLiteral":"691","humanId":"lesson-274","volumeId":"workbook","locale":"en","titleInfo":{"title":"Today belongs to love. Let me not fear.","ownlineNumber":"Lesson 274"},"annotation":"W-274","bodyHtml":"<div class=\"acim-text lesson-274\"> <div data-paragraph-id=\"691#1\"><p class=\"p-italic\"><span class=\"pnr\">1.</span> <span data-sentence-id=\"691#1:1\"><span class=\"snr noprint\">1</span>Father, today I would let all things be as You created them, and give Your Son the honor due his sinlessness; the love of brother to his brother and his Friend.</span> <span data-sentence-id=\"691#1:2\"><span class=\"snr\">2</span>Through this I am redeemed.</span> <span data-sentence-id=\"691#1:3\"><span class=\"snr\">3</span>Through this as well the truth will enter where illusions were, light will replace all darkness, and Your Son will know he is as You created him.</span></p></div> <div data-paragraph-id=\"691#2\"><p class=\"p-normal\"><span class=\"pnr\">2.</span> <span data-sentence-id=\"691#2:1\"><span class=\"snr noprint\">1</span>A special blessing comes to us today, from Him Who is our Father.</span> <span data-sentence-id=\"691#2:2\"><span class=\"snr\">2</span>Give this day to Him, and there will be no fear today, because the day is given unto love.</span></p></div> </div>","firstWords":"Father, today I would let all things be as You created them, and give Your Son the honor due his sinlessness; the love of brother to his brother and his Friend. Through this I am redeemed. Through","contentType":"acim-content","seoTitle":"Lesson 274: Today belongs to love. Let me not… | ACIM","seoDescription":"✨ A Course in Miracles with 🎧 Audio! Read and listen to Lesson 274 “Today belongs to love. Let me not fear”: Father, today I would let all things be as You created them, and give Your…","desktopBreadcrumbs":[{"label":"Workbook","leadsTo":{"locale":"en","sectionId":401,"slugs":["workbook","introduction"],"forceToc":true}},{"label":"Part II","leadsTo":{"locale":"en","sectionId":631,"slugs":["workbook","part-ii-introduction"],"forceToc":true}},{"label":"6. What Is the Christ?","leadsTo":{"locale":"en","sectionId":687,"slugs":["workbook","what-is-the-christ"]}},{"label":"Lesson 274","leadsTo":{"locale":"en","sectionId":691,"slugs":["lesson-274","today-belongs-to-love-let-me-not-fear"]}}],"mobileBreadcrumbs":[{"label":"Workbook","leadsTo":{"locale":"en","sectionId":401,"slugs":["workbook","introduction"],"forceToc":true}},{"label":"Part II","leadsTo":{"locale":"en","sectionId":631,"slugs":["workbook","part-ii-introduction"],"forceToc":true}},{"label":"6. What Is the Christ?","leadsTo":{"locale":"en","sectionId":687,"slugs":["workbook","what-is-the-christ"]}},{"label":"Lesson 274","leadsTo":{"locale":"en","sectionId":691,"slugs":["lesson-274","today-belongs-to-love-let-me-not-fear"]}}],"seoBreadcrumbs":[{"label":"A Course in Miracles","leadsTo":"dashboard"},{"label":"Workbook","leadsTo":{"locale":"en","sectionId":401,"slugs":["workbook","introduction"],"forceToc":true}},{"label":"Part II","leadsTo":{"locale":"en","sectionId":631,"slugs":["workbook","part-ii-introduction"],"forceToc":true}},{"label":"6. What Is the Christ?","leadsTo":{"locale":"en","sectionId":687,"slugs":["workbook","what-is-the-christ"]}},{"label":"Lesson 274","leadsTo":{"locale":"en","sectionId":691,"slugs":["lesson-274","today-belongs-to-love-let-me-not-fear"]}}],"slugs":["lesson-274","today-belongs-to-love-let-me-not-fear"],"canonicalLink":"https://acim.org/acim/lesson-274/today-belongs-to-love-let-me-not-fear/en/s/691","link":"https://acim.org/acim/lesson-274/today-belongs-to-love-let-me-not-fear/en/s/691","shortLink":"https://acim.org/acim/en/s/691","previousSectionId":690,"previousSectionSlugs":["lesson-273","the-stillness-of-the-peace-of-god-is-mine"],"previousSectionLink":"https://acim.org/acim/lesson-273/the-stillness-of-the-peace-of-god-is-mine/en/s/690","nextSectionId":692,"nextSectionSlugs":["lesson-275","gods-healing-voice-protects-all-things-today"],"nextSectionLink":"https://acim.org/acim/lesson-275/gods-healing-voice-protects-all-things-today/en/s/692","hreflangLinks":[{"hrefLang":"en","link":"https://acim.org/acim/en/s/691"}]}