{"sectionId":693,"sectionIdLiteral":"693","humanId":"lesson-276","volumeId":"workbook","locale":"en","titleInfo":{"title":"The Word of God is given me to speak.","ownlineNumber":"Lesson 276"},"annotation":"W-276","bodyHtml":"<div class=\"acim-text lesson-276\"> <div data-paragraph-id=\"693#1\"><p class=\"p-normal\"><span class=\"pnr\">1.</span> <span data-sentence-id=\"693#1:1\"><span class=\"snr noprint\">1</span>What is the Word of God?</span> <span data-sentence-id=\"693#1:2\"><span class=\"snr\">2</span>“My Son is pure and holy as Myself.”</span> <span data-sentence-id=\"693#1:3\"><span class=\"snr\">3</span>And thus did God become the Father of the Son He loves, for thus was he created.</span> <span data-sentence-id=\"693#1:4\"><span class=\"snr\">4</span>This the Word His Son did not create with Him, because in this His Son was born.</span> <span data-sentence-id=\"693#1:5\"><span class=\"snr\">5</span>Let us accept His Fatherhood, and all is given us.</span> <span data-sentence-id=\"693#1:6\"><span class=\"snr\">6</span>Deny we were created in His Love and we deny our Self, to be unsure of Who we are, of Who our Father is, and for what purpose we have come.</span> <span data-sentence-id=\"693#1:7\"><span class=\"snr\">7</span>And yet, we need but to acknowledge Him Who gave His Word to us in our creation, to remember Him and so recall our Self.</span></p></div> <div data-paragraph-id=\"693#2\"><p class=\"p-italic\"><span class=\"pnr\">2.</span> <span data-sentence-id=\"693#2:1\"><span class=\"snr noprint\">1</span>Father, Your Word is mine.</span> <span data-sentence-id=\"693#2:2\"><span class=\"snr\">2</span>And it is this that I would speak to all my brothers, who are given me to cherish as my own, as I am loved and blessed and saved by You.</span></p></div> </div>","firstWords":"What is the Word of God? “My Son is pure and holy as Myself.” And thus did God become the Father of the Son He loves, for thus was he created. This the Word His Son did not create with Him, because","contentType":"acim-content","seoTitle":"Lesson 276: The Word of God is given me to speak | ACIM","seoDescription":"✨ A Course in Miracles with 🎧 Audio! Read and listen to Lesson 276 “The Word of God is given me to speak”: What is the Word of God? “My Son is pure and holy as Myself.” And thus did God…","desktopBreadcrumbs":[{"label":"Workbook","leadsTo":{"locale":"en","sectionId":401,"slugs":["workbook","introduction"],"forceToc":true}},{"label":"Part II","leadsTo":{"locale":"en","sectionId":631,"slugs":["workbook","part-ii-introduction"],"forceToc":true}},{"label":"6. What Is the Christ?","leadsTo":{"locale":"en","sectionId":687,"slugs":["workbook","what-is-the-christ"]}},{"label":"Lesson 276","leadsTo":{"locale":"en","sectionId":693,"slugs":["lesson-276","the-word-of-god-is-given-me-to-speak"]}}],"mobileBreadcrumbs":[{"label":"Workbook","leadsTo":{"locale":"en","sectionId":401,"slugs":["workbook","introduction"],"forceToc":true}},{"label":"Part II","leadsTo":{"locale":"en","sectionId":631,"slugs":["workbook","part-ii-introduction"],"forceToc":true}},{"label":"6. What Is the Christ?","leadsTo":{"locale":"en","sectionId":687,"slugs":["workbook","what-is-the-christ"]}},{"label":"Lesson 276","leadsTo":{"locale":"en","sectionId":693,"slugs":["lesson-276","the-word-of-god-is-given-me-to-speak"]}}],"seoBreadcrumbs":[{"label":"A Course in Miracles","leadsTo":"dashboard"},{"label":"Workbook","leadsTo":{"locale":"en","sectionId":401,"slugs":["workbook","introduction"],"forceToc":true}},{"label":"Part II","leadsTo":{"locale":"en","sectionId":631,"slugs":["workbook","part-ii-introduction"],"forceToc":true}},{"label":"6. What Is the Christ?","leadsTo":{"locale":"en","sectionId":687,"slugs":["workbook","what-is-the-christ"]}},{"label":"Lesson 276","leadsTo":{"locale":"en","sectionId":693,"slugs":["lesson-276","the-word-of-god-is-given-me-to-speak"]}}],"slugs":["lesson-276","the-word-of-god-is-given-me-to-speak"],"canonicalLink":"https://acim.org/acim/lesson-276/the-word-of-god-is-given-me-to-speak/en/s/693","link":"https://acim.org/acim/lesson-276/the-word-of-god-is-given-me-to-speak/en/s/693","shortLink":"https://acim.org/acim/en/s/693","previousSectionId":692,"previousSectionSlugs":["lesson-275","gods-healing-voice-protects-all-things-today"],"previousSectionLink":"https://acim.org/acim/lesson-275/gods-healing-voice-protects-all-things-today/en/s/692","nextSectionId":694,"nextSectionSlugs":["lesson-277","let-me-not-bind-your-son-with-laws-i-made"],"nextSectionLink":"https://acim.org/acim/lesson-277/let-me-not-bind-your-son-with-laws-i-made/en/s/694","hreflangLinks":[{"hrefLang":"en","link":"https://acim.org/acim/en/s/693"}]}