{"sectionId":694,"sectionIdLiteral":"694","humanId":"lesson-277","volumeId":"workbook","locale":"en","titleInfo":{"title":"Let me not bind Your Son with laws I made.","ownlineNumber":"Lesson 277"},"annotation":"W-277","bodyHtml":"<div class=\"acim-text lesson-277\"> <div data-paragraph-id=\"694#1\"><p class=\"p-italic\"><span class=\"pnr\">1.</span> <span data-sentence-id=\"694#1:1\"><span class=\"snr noprint\">1</span>Your Son is free, my Father.</span> <span data-sentence-id=\"694#1:2\"><span class=\"snr\">2</span>Let me not imagine I have bound him with the laws I made to rule the body.</span> <span data-sentence-id=\"694#1:3\"><span class=\"snr\">3</span>He is not subject to any laws I made by which I try to make the body more secure.</span> <span data-sentence-id=\"694#1:4\"><span class=\"snr\">4</span>He is not changed by what is changeable.</span> <span data-sentence-id=\"694#1:5\"><span class=\"snr\">5</span>He is not slave to any laws of time.</span> <span data-sentence-id=\"694#1:6\"><span class=\"snr\">6</span>He is as You created him, because he knows no law except the law of love.</span></p></div> <div data-paragraph-id=\"694#2\"><p class=\"p-normal\"><span class=\"pnr\">2.</span> <span data-sentence-id=\"694#2:1\"><span class=\"snr noprint\">1</span>Let us not worship idols, nor believe in any law idolatry would make to hide the freedom of the Son of God.</span> <span data-sentence-id=\"694#2:2\"><span class=\"snr\">2</span>He is not bound except by his beliefs.</span> <span data-sentence-id=\"694#2:3\"><span class=\"snr\">3</span>Yet what he is, is far beyond his faith in slavery or freedom.</span> <span data-sentence-id=\"694#2:4\"><span class=\"snr\">4</span>He is free because he is his Father’s Son.</span> <span data-sentence-id=\"694#2:5\"><span class=\"snr\">5</span>And he cannot be bound unless God’s truth can lie, and God can will that He deceive Himself.</span></p></div> </div>","firstWords":"Your Son is free, my Father. Let me not imagine I have bound him with the laws I made to rule the body. He is not subject to any laws I made by which I try to make the body more secure. He is not","contentType":"acim-content","seoTitle":"Lesson 277: Let me not bind Your Son with laws… | ACIM","seoDescription":"✨ A Course in Miracles with 🎧 Audio! Read and listen to Lesson 277 “Let me not bind Your Son with laws I made”: Your Son is free, my Father. Let me not imagine I have bound him with the…","desktopBreadcrumbs":[{"label":"Workbook","leadsTo":{"locale":"en","sectionId":401,"slugs":["workbook","introduction"],"forceToc":true}},{"label":"Part II","leadsTo":{"locale":"en","sectionId":631,"slugs":["workbook","part-ii-introduction"],"forceToc":true}},{"label":"6. What Is the Christ?","leadsTo":{"locale":"en","sectionId":687,"slugs":["workbook","what-is-the-christ"]}},{"label":"Lesson 277","leadsTo":{"locale":"en","sectionId":694,"slugs":["lesson-277","let-me-not-bind-your-son-with-laws-i-made"]}}],"mobileBreadcrumbs":[{"label":"Workbook","leadsTo":{"locale":"en","sectionId":401,"slugs":["workbook","introduction"],"forceToc":true}},{"label":"Part II","leadsTo":{"locale":"en","sectionId":631,"slugs":["workbook","part-ii-introduction"],"forceToc":true}},{"label":"6. What Is the Christ?","leadsTo":{"locale":"en","sectionId":687,"slugs":["workbook","what-is-the-christ"]}},{"label":"Lesson 277","leadsTo":{"locale":"en","sectionId":694,"slugs":["lesson-277","let-me-not-bind-your-son-with-laws-i-made"]}}],"seoBreadcrumbs":[{"label":"A Course in Miracles","leadsTo":"dashboard"},{"label":"Workbook","leadsTo":{"locale":"en","sectionId":401,"slugs":["workbook","introduction"],"forceToc":true}},{"label":"Part II","leadsTo":{"locale":"en","sectionId":631,"slugs":["workbook","part-ii-introduction"],"forceToc":true}},{"label":"6. What Is the Christ?","leadsTo":{"locale":"en","sectionId":687,"slugs":["workbook","what-is-the-christ"]}},{"label":"Lesson 277","leadsTo":{"locale":"en","sectionId":694,"slugs":["lesson-277","let-me-not-bind-your-son-with-laws-i-made"]}}],"slugs":["lesson-277","let-me-not-bind-your-son-with-laws-i-made"],"canonicalLink":"https://acim.org/acim/lesson-277/let-me-not-bind-your-son-with-laws-i-made/en/s/694","link":"https://acim.org/acim/lesson-277/let-me-not-bind-your-son-with-laws-i-made/en/s/694","shortLink":"https://acim.org/acim/en/s/694","previousSectionId":693,"previousSectionSlugs":["lesson-276","the-word-of-god-is-given-me-to-speak"],"previousSectionLink":"https://acim.org/acim/lesson-276/the-word-of-god-is-given-me-to-speak/en/s/693","nextSectionId":695,"nextSectionSlugs":["lesson-278","if-i-am-bound-my-father-is-not-free"],"nextSectionLink":"https://acim.org/acim/lesson-278/if-i-am-bound-my-father-is-not-free/en/s/695","hreflangLinks":[{"hrefLang":"en","link":"https://acim.org/acim/en/s/694"}]}