{"sectionId":703,"sectionIdLiteral":"703","humanId":"lesson-285","volumeId":"workbook","locale":"en","titleInfo":{"title":"My holiness shines bright and clear today.","ownlineNumber":"Lesson 285"},"annotation":"W-285","bodyHtml":"<div class=\"acim-text lesson-285\"> <div data-paragraph-id=\"703#1\"><p class=\"p-normal\"><span class=\"pnr\">1.</span> <span data-sentence-id=\"703#1:1\"><span class=\"snr noprint\">1</span>Today I wake with joy, expecting but the happy things of God to come to me.</span> <span data-sentence-id=\"703#1:2\"><span class=\"snr\">2</span>I ask but them to come, and realize my invitation will be answered by the thoughts to which it has been sent by me.</span> <span data-sentence-id=\"703#1:3\"><span class=\"snr\">3</span>And I will ask for only joyous things the instant I accept my holiness.</span> <span data-sentence-id=\"703#1:4\"><span class=\"snr\">4</span>For what would be the use of pain to me, what purpose would my suffering fulfill, and how would grief and loss avail me if insanity departs from me today, and I accept my holiness instead?</span></p></div> <div data-paragraph-id=\"703#2\"><p class=\"p-italic\"><span class=\"pnr\">2.</span> <span data-sentence-id=\"703#2:1\"><span class=\"snr noprint\">1</span>Father, my holiness is Yours.</span> <span data-sentence-id=\"703#2:2\"><span class=\"snr\">2</span>Let me rejoice in it, and through forgiveness be restored to sanity.</span> <span data-sentence-id=\"703#2:3\"><span class=\"snr\">3</span>Your Son is still as You created him.</span> <span data-sentence-id=\"703#2:4\"><span class=\"snr\">4</span>My holiness is part of me, and also part of You.</span> <span data-sentence-id=\"703#2:5\"><span class=\"snr\">5</span>And what can alter Holiness Itself?</span></p></div> </div>","firstWords":"Today I wake with joy, expecting but the happy things of God to come to me. I ask but them to come, and realize my invitation will be answered by the thoughts to which it has been sent by me. And I","contentType":"acim-content","seoTitle":"Lesson 285: My holiness shines bright and… | ACIM","seoDescription":"✨ A Course in Miracles with 🎧 Audio! Read and listen to Lesson 285 “My holiness shines bright and clear today”: Today I wake with joy, expecting but the happy things of God to come to…","desktopBreadcrumbs":[{"label":"Workbook","leadsTo":{"locale":"en","sectionId":401,"slugs":["workbook","introduction"],"forceToc":true}},{"label":"Part II","leadsTo":{"locale":"en","sectionId":631,"slugs":["workbook","part-ii-introduction"],"forceToc":true}},{"label":"7. What Is the Holy Spirit?","leadsTo":{"locale":"en","sectionId":698,"slugs":["workbook","what-is-the-holy-spirit"]}},{"label":"Lesson 285","leadsTo":{"locale":"en","sectionId":703,"slugs":["lesson-285","my-holiness-shines-bright-and-clear-today"]}}],"mobileBreadcrumbs":[{"label":"Workbook","leadsTo":{"locale":"en","sectionId":401,"slugs":["workbook","introduction"],"forceToc":true}},{"label":"Part II","leadsTo":{"locale":"en","sectionId":631,"slugs":["workbook","part-ii-introduction"],"forceToc":true}},{"label":"7. What Is the Holy Spirit?","leadsTo":{"locale":"en","sectionId":698,"slugs":["workbook","what-is-the-holy-spirit"]}},{"label":"Lesson 285","leadsTo":{"locale":"en","sectionId":703,"slugs":["lesson-285","my-holiness-shines-bright-and-clear-today"]}}],"seoBreadcrumbs":[{"label":"A Course in Miracles","leadsTo":"dashboard"},{"label":"Workbook","leadsTo":{"locale":"en","sectionId":401,"slugs":["workbook","introduction"],"forceToc":true}},{"label":"Part II","leadsTo":{"locale":"en","sectionId":631,"slugs":["workbook","part-ii-introduction"],"forceToc":true}},{"label":"7. What Is the Holy Spirit?","leadsTo":{"locale":"en","sectionId":698,"slugs":["workbook","what-is-the-holy-spirit"]}},{"label":"Lesson 285","leadsTo":{"locale":"en","sectionId":703,"slugs":["lesson-285","my-holiness-shines-bright-and-clear-today"]}}],"slugs":["lesson-285","my-holiness-shines-bright-and-clear-today"],"canonicalLink":"https://acim.org/acim/lesson-285/my-holiness-shines-bright-and-clear-today/en/s/703","link":"https://acim.org/acim/lesson-285/my-holiness-shines-bright-and-clear-today/en/s/703","shortLink":"https://acim.org/acim/en/s/703","previousSectionId":702,"previousSectionSlugs":["lesson-284","i-can-elect-to-change-all-thoughts-that-hurt"],"previousSectionLink":"https://acim.org/acim/lesson-284/i-can-elect-to-change-all-thoughts-that-hurt/en/s/702","nextSectionId":704,"nextSectionSlugs":["lesson-286","the-hush-of-heaven-holds-my-heart-today"],"nextSectionLink":"https://acim.org/acim/lesson-286/the-hush-of-heaven-holds-my-heart-today/en/s/704","hreflangLinks":[{"hrefLang":"en","link":"https://acim.org/acim/en/s/703"}]}