{"sectionId":704,"sectionIdLiteral":"704","humanId":"lesson-286","volumeId":"workbook","locale":"en","titleInfo":{"title":"The hush of Heaven holds my heart today.","ownlineNumber":"Lesson 286"},"annotation":"W-286","bodyHtml":"<div class=\"acim-text lesson-286\"> <div data-paragraph-id=\"704#1\"><p class=\"p-italic\"><span class=\"pnr\">1.</span> <span data-sentence-id=\"704#1:1\"><span class=\"snr noprint\">1</span>Father, how still today!</span> <span data-sentence-id=\"704#1:2\"><span class=\"snr\">2</span>How quietly do all things fall in place!</span> <span data-sentence-id=\"704#1:3\"><span class=\"snr\">3</span>This is the day that has been chosen as the time in which I come to understand the lesson that there is no need that I do anything.</span> <span data-sentence-id=\"704#1:4\"><span class=\"snr\">4</span>In You is every choice already made.</span> <span data-sentence-id=\"704#1:5\"><span class=\"snr\">5</span>In You has every conflict been resolved.</span> <span data-sentence-id=\"704#1:6\"><span class=\"snr\">6</span>In You is everything I hope to find already given me.</span> <span data-sentence-id=\"704#1:7\"><span class=\"snr\">7</span>Your peace is mine.</span> <span data-sentence-id=\"704#1:8\"><span class=\"snr\">8</span>My heart is quiet, and my mind at rest.</span> <span data-sentence-id=\"704#1:9\"><span class=\"snr\">9</span>Your Love is Heaven, and Your Love is mine.</span></p></div> <div data-paragraph-id=\"704#2\"><p class=\"p-normal\"><span class=\"pnr\">2.</span> <span data-sentence-id=\"704#2:1\"><span class=\"snr noprint\">1</span>The stillness of today will give us hope that we have found the way, and travelled far along it to a wholly certain goal.</span> <span data-sentence-id=\"704#2:2\"><span class=\"snr\">2</span>Today we will not doubt the end which God Himself has promised us.</span> <span data-sentence-id=\"704#2:3\"><span class=\"snr\">3</span>We trust in Him, and in our Self, Who still is one with Him.</span></p></div> </div>","firstWords":"Father, how still today! How quietly do all things fall in place! This is the day that has been chosen as the time in which I come to understand the lesson that there is no need that I do anything.","contentType":"acim-content","seoTitle":"Lesson 286: The hush of Heaven holds my heart… | ACIM","seoDescription":"✨ A Course in Miracles with 🎧 Audio! Read and listen to Lesson 286 “The hush of Heaven holds my heart today”: Father, how still today! How quietly do all things fall in place! This is…","desktopBreadcrumbs":[{"label":"Workbook","leadsTo":{"locale":"en","sectionId":401,"slugs":["workbook","introduction"],"forceToc":true}},{"label":"Part II","leadsTo":{"locale":"en","sectionId":631,"slugs":["workbook","part-ii-introduction"],"forceToc":true}},{"label":"7. What Is the Holy Spirit?","leadsTo":{"locale":"en","sectionId":698,"slugs":["workbook","what-is-the-holy-spirit"]}},{"label":"Lesson 286","leadsTo":{"locale":"en","sectionId":704,"slugs":["lesson-286","the-hush-of-heaven-holds-my-heart-today"]}}],"mobileBreadcrumbs":[{"label":"Workbook","leadsTo":{"locale":"en","sectionId":401,"slugs":["workbook","introduction"],"forceToc":true}},{"label":"Part II","leadsTo":{"locale":"en","sectionId":631,"slugs":["workbook","part-ii-introduction"],"forceToc":true}},{"label":"7. What Is the Holy Spirit?","leadsTo":{"locale":"en","sectionId":698,"slugs":["workbook","what-is-the-holy-spirit"]}},{"label":"Lesson 286","leadsTo":{"locale":"en","sectionId":704,"slugs":["lesson-286","the-hush-of-heaven-holds-my-heart-today"]}}],"seoBreadcrumbs":[{"label":"A Course in Miracles","leadsTo":"dashboard"},{"label":"Workbook","leadsTo":{"locale":"en","sectionId":401,"slugs":["workbook","introduction"],"forceToc":true}},{"label":"Part II","leadsTo":{"locale":"en","sectionId":631,"slugs":["workbook","part-ii-introduction"],"forceToc":true}},{"label":"7. What Is the Holy Spirit?","leadsTo":{"locale":"en","sectionId":698,"slugs":["workbook","what-is-the-holy-spirit"]}},{"label":"Lesson 286","leadsTo":{"locale":"en","sectionId":704,"slugs":["lesson-286","the-hush-of-heaven-holds-my-heart-today"]}}],"slugs":["lesson-286","the-hush-of-heaven-holds-my-heart-today"],"canonicalLink":"https://acim.org/acim/lesson-286/the-hush-of-heaven-holds-my-heart-today/en/s/704","link":"https://acim.org/acim/lesson-286/the-hush-of-heaven-holds-my-heart-today/en/s/704","shortLink":"https://acim.org/acim/en/s/704","previousSectionId":703,"previousSectionSlugs":["lesson-285","my-holiness-shines-bright-and-clear-today"],"previousSectionLink":"https://acim.org/acim/lesson-285/my-holiness-shines-bright-and-clear-today/en/s/703","nextSectionId":705,"nextSectionSlugs":["lesson-287","you-are-my-goal-my-father-only-you"],"nextSectionLink":"https://acim.org/acim/lesson-287/you-are-my-goal-my-father-only-you/en/s/705","hreflangLinks":[{"hrefLang":"en","link":"https://acim.org/acim/en/s/704"}]}