{"sectionId":705,"sectionIdLiteral":"705","humanId":"lesson-287","volumeId":"workbook","locale":"en","titleInfo":{"title":"You are my goal, my Father. Only You.","ownlineNumber":"Lesson 287"},"annotation":"W-287","bodyHtml":"<div class=\"acim-text lesson-287\"> <div data-paragraph-id=\"705#1\"><p class=\"p-normal\"><span class=\"pnr\">1.</span> <span data-sentence-id=\"705#1:1\"><span class=\"snr noprint\">1</span>Where would I go but Heaven?</span> <span data-sentence-id=\"705#1:2\"><span class=\"snr\">2</span>What could be a substitute for happiness?</span> <span data-sentence-id=\"705#1:3\"><span class=\"snr\">3</span>What gift could I prefer before the peace of God?</span> <span data-sentence-id=\"705#1:4\"><span class=\"snr\">4</span>What treasure would I seek and find and keep that can compare with my Identity?</span> <span data-sentence-id=\"705#1:5\"><span class=\"snr\">5</span>And would I rather live with fear than love?</span></p></div> <div data-paragraph-id=\"705#2\"><p class=\"p-italic\"><span class=\"pnr\">2.</span> <span data-sentence-id=\"705#2:1\"><span class=\"snr noprint\">1</span>You are my goal, my Father.</span> <span data-sentence-id=\"705#2:2\"><span class=\"snr\">2</span>What but You could I desire to have?</span> <span data-sentence-id=\"705#2:3\"><span class=\"snr\">3</span>What way but that which leads to You could I desire to walk?</span> <span data-sentence-id=\"705#2:4\"><span class=\"snr\">4</span>And what except the memory of You could signify to me the end of dreams and futile substitutions for the truth?</span> <span data-sentence-id=\"705#2:5\"><span class=\"snr\">5</span>You are my only goal.</span> <span data-sentence-id=\"705#2:6\"><span class=\"snr\">6</span>Your Son would be as You created him.</span> <span data-sentence-id=\"705#2:7\"><span class=\"snr\">7</span>What way but this could I expect to recognize my Self, and be at one with my Identity?</span></p></div> </div>","firstWords":"Where would I go but Heaven? What could be a substitute for happiness? What gift could I prefer before the peace of God? What treasure would I seek and find and keep that can compare with my","contentType":"acim-content","seoTitle":"Lesson 287: You are my goal, my Father. Only You | ACIM","seoDescription":"✨ A Course in Miracles with 🎧 Audio! Read and listen to Lesson 287 “You are my goal, my Father. Only You”: Where would I go but Heaven? What could be a substitute for happiness? What…","desktopBreadcrumbs":[{"label":"Workbook","leadsTo":{"locale":"en","sectionId":401,"slugs":["workbook","introduction"],"forceToc":true}},{"label":"Part II","leadsTo":{"locale":"en","sectionId":631,"slugs":["workbook","part-ii-introduction"],"forceToc":true}},{"label":"7. What Is the Holy Spirit?","leadsTo":{"locale":"en","sectionId":698,"slugs":["workbook","what-is-the-holy-spirit"]}},{"label":"Lesson 287","leadsTo":{"locale":"en","sectionId":705,"slugs":["lesson-287","you-are-my-goal-my-father-only-you"]}}],"mobileBreadcrumbs":[{"label":"Workbook","leadsTo":{"locale":"en","sectionId":401,"slugs":["workbook","introduction"],"forceToc":true}},{"label":"Part II","leadsTo":{"locale":"en","sectionId":631,"slugs":["workbook","part-ii-introduction"],"forceToc":true}},{"label":"7. What Is the Holy Spirit?","leadsTo":{"locale":"en","sectionId":698,"slugs":["workbook","what-is-the-holy-spirit"]}},{"label":"Lesson 287","leadsTo":{"locale":"en","sectionId":705,"slugs":["lesson-287","you-are-my-goal-my-father-only-you"]}}],"seoBreadcrumbs":[{"label":"A Course in Miracles","leadsTo":"dashboard"},{"label":"Workbook","leadsTo":{"locale":"en","sectionId":401,"slugs":["workbook","introduction"],"forceToc":true}},{"label":"Part II","leadsTo":{"locale":"en","sectionId":631,"slugs":["workbook","part-ii-introduction"],"forceToc":true}},{"label":"7. What Is the Holy Spirit?","leadsTo":{"locale":"en","sectionId":698,"slugs":["workbook","what-is-the-holy-spirit"]}},{"label":"Lesson 287","leadsTo":{"locale":"en","sectionId":705,"slugs":["lesson-287","you-are-my-goal-my-father-only-you"]}}],"slugs":["lesson-287","you-are-my-goal-my-father-only-you"],"canonicalLink":"https://acim.org/acim/lesson-287/you-are-my-goal-my-father-only-you/en/s/705","link":"https://acim.org/acim/lesson-287/you-are-my-goal-my-father-only-you/en/s/705","shortLink":"https://acim.org/acim/en/s/705","previousSectionId":704,"previousSectionSlugs":["lesson-286","the-hush-of-heaven-holds-my-heart-today"],"previousSectionLink":"https://acim.org/acim/lesson-286/the-hush-of-heaven-holds-my-heart-today/en/s/704","nextSectionId":706,"nextSectionSlugs":["lesson-288","let-me-forget-my-brothers-past-today"],"nextSectionLink":"https://acim.org/acim/lesson-288/let-me-forget-my-brothers-past-today/en/s/706","hreflangLinks":[{"hrefLang":"en","link":"https://acim.org/acim/en/s/705"}]}