{"sectionId":709,"sectionIdLiteral":"709","humanId":"wb-part2-what-is-8","volumeId":"workbook","locale":"en","titleInfo":{"title":"What Is the Real World?","inlineNumber":"8."},"annotation":"W-pII.8","bodyHtml":"<div class=\"acim-text wb-part2-what-is-8\"> <div data-paragraph-id=\"709#1\"><p class=\"p-normal\"><span class=\"pnr\">1.</span> <span data-sentence-id=\"709#1:1\"><span class=\"snr noprint\">1</span>The real world is a symbol, like the rest of what perception offers.</span> <span data-sentence-id=\"709#1:2\"><span class=\"snr\">2</span>Yet it stands for what is opposite to what you made.</span> <span data-sentence-id=\"709#1:3\"><span class=\"snr\">3</span>Your world is seen through eyes of fear, and brings the witnesses of terror to your mind.</span> <span data-sentence-id=\"709#1:4\"><span class=\"snr\">4</span>The real world cannot be perceived except through eyes forgiveness blesses, so they see a world where terror is impossible, and witnesses to fear can not be found.</span></p></div> <div data-paragraph-id=\"709#2\"><p class=\"p-normal\"><span class=\"pnr\">2.</span> <span data-sentence-id=\"709#2:1\"><span class=\"snr noprint\">1</span>The real world holds a counterpart for each unhappy thought reflected in your world; a sure correction for the sights of fear and sounds of battle which your world contains.</span> <span data-sentence-id=\"709#2:2\"><span class=\"snr\">2</span>The real world shows a world seen differently, through quiet eyes and with a mind at peace.</span> <span data-sentence-id=\"709#2:3\"><span class=\"snr\">3</span>Nothing but rest is there.</span> <span data-sentence-id=\"709#2:4\"><span class=\"snr\">4</span>There are no cries of pain and sorrow heard, for nothing there remains outside forgiveness.</span> <span data-sentence-id=\"709#2:5\"><span class=\"snr\">5</span>And the sights are gentle.</span> <span data-sentence-id=\"709#2:6\"><span class=\"snr\">6</span>Only happy sights and sounds can reach the mind that has forgiven itself.</span></p></div> <div data-paragraph-id=\"709#3\"><p class=\"p-normal\"><span class=\"pnr\">3.</span> <span data-sentence-id=\"709#3:1\"><span class=\"snr noprint\">1</span>What need has such a mind for thoughts of death, attack and murder?</span> <span data-sentence-id=\"709#3:2\"><span class=\"snr\">2</span>What can it perceive surrounding it but safety, love and joy?</span> <span data-sentence-id=\"709#3:3\"><span class=\"snr\">3</span>What is there it would choose to be condemned, and what is there that it would judge against?</span> <span data-sentence-id=\"709#3:4\"><span class=\"snr\">4</span>The world it sees arises from a mind at peace within itself.</span> <span data-sentence-id=\"709#3:5\"><span class=\"snr\">5</span>No danger lurks in anything it sees, for it is kind, and only kindness does it look upon.</span></p></div> <div data-paragraph-id=\"709#4\"><p class=\"p-normal\"><span class=\"pnr\">4.</span> <span data-sentence-id=\"709#4:1\"><span class=\"snr noprint\">1</span>The real world is the symbol that the dream of sin and guilt is over, and God’s Son no longer sleeps.</span> <span data-sentence-id=\"709#4:2\"><span class=\"snr\">2</span>His waking eyes perceive the sure reflection of his Father’s Love; the certain promise that he is redeemed.</span> <span data-sentence-id=\"709#4:3\"><span class=\"snr\">3</span>The real world signifies the end of time, for its perception makes time purposeless.</span></p></div> <div data-paragraph-id=\"709#5\"><p class=\"p-normal\"><span class=\"pnr\">5.</span> <span data-sentence-id=\"709#5:1\"><span class=\"snr noprint\">1</span>The Holy Spirit has no need of time when it has served His purpose.</span> <span data-sentence-id=\"709#5:2\"><span class=\"snr\">2</span>Now He waits but that one instant more for God to take His final step, and time has disappeared, taking perception with it as it goes, and leaving but the truth to be itself.</span> <span data-sentence-id=\"709#5:3\"><span class=\"snr\">3</span>That instant is our goal, for it contains the memory of God.</span> <span data-sentence-id=\"709#5:4\"><span class=\"snr\">4</span>And as we look upon a world forgiven, it is He Who calls to us and comes to take us home, reminding us of our Identity which our forgiveness has restored to us.</span></p></div> </div>","firstWords":"The real world is a symbol, like the rest of what perception offers. Yet it stands for what is opposite to what you made. Your world is seen through eyes of fear, and brings the witnesses of terror","contentType":"acim-content","seoTitle":"What Is the Real World? | ACIM","seoDescription":"✨ A Course in Miracles with 🎧 Audio! Read and listen to “What Is the Real World?” from the Workbook. The real world is a symbol, like the rest of what perception offers. Yet it stands…","desktopBreadcrumbs":[{"label":"Workbook","leadsTo":{"locale":"en","sectionId":401,"slugs":["workbook","introduction"],"forceToc":true}},{"label":"Part II","leadsTo":{"locale":"en","sectionId":631,"slugs":["workbook","part-ii-introduction"],"forceToc":true}},{"label":"8. What Is the Real World?","leadsTo":{"locale":"en","sectionId":709,"slugs":["workbook","what-is-the-real-world"]}}],"mobileBreadcrumbs":[{"label":"Workbook","leadsTo":{"locale":"en","sectionId":401,"slugs":["workbook","introduction"],"forceToc":true}},{"label":"Part II","leadsTo":{"locale":"en","sectionId":631,"slugs":["workbook","part-ii-introduction"],"forceToc":true}},{"label":"8. What Is the Real World?","leadsTo":{"locale":"en","sectionId":709,"slugs":["workbook","what-is-the-real-world"]}}],"seoBreadcrumbs":[{"label":"A Course in Miracles","leadsTo":"dashboard"},{"label":"Workbook","leadsTo":{"locale":"en","sectionId":401,"slugs":["workbook","introduction"],"forceToc":true}},{"label":"Part II","leadsTo":{"locale":"en","sectionId":631,"slugs":["workbook","part-ii-introduction"],"forceToc":true}},{"label":"8. What Is the Real World?","leadsTo":{"locale":"en","sectionId":709,"slugs":["workbook","what-is-the-real-world"]}}],"slugs":["workbook","what-is-the-real-world"],"canonicalLink":"https://acim.org/acim/workbook/what-is-the-real-world/en/s/709","link":"https://acim.org/acim/workbook/what-is-the-real-world/en/s/709","shortLink":"https://acim.org/acim/en/s/709","previousSectionId":708,"previousSectionSlugs":["lesson-290","my-present-happiness-is-all-i-see"],"previousSectionLink":"https://acim.org/acim/lesson-290/my-present-happiness-is-all-i-see/en/s/708","nextSectionId":710,"nextSectionSlugs":["lesson-291","this-is-a-day-of-stillness-and-of-peace"],"nextSectionLink":"https://acim.org/acim/lesson-291/this-is-a-day-of-stillness-and-of-peace/en/s/710","hreflangLinks":[{"hrefLang":"en","link":"https://acim.org/acim/en/s/709"}]}