{"sectionId":712,"sectionIdLiteral":"712","humanId":"lesson-293","volumeId":"workbook","locale":"en","titleInfo":{"title":"All fear is past and only love is here.","ownlineNumber":"Lesson 293"},"annotation":"W-293","bodyHtml":"<div class=\"acim-text lesson-293\"> <div data-paragraph-id=\"712#1\"><p class=\"p-normal\"><span class=\"pnr\">1.</span> <span data-sentence-id=\"712#1:1\"><span class=\"snr noprint\">1</span>All fear is past, because its source is gone, and all its thoughts gone with it.</span> <span data-sentence-id=\"712#1:2\"><span class=\"snr\">2</span>Love remains the only present state, whose Source is here forever and forever.</span> <span data-sentence-id=\"712#1:3\"><span class=\"snr\">3</span>Can the world seem bright and clear and safe and welcoming, with all my past mistakes oppressing it, and showing me distorted forms of fear?</span> <span data-sentence-id=\"712#1:4\"><span class=\"snr\">4</span>Yet in the present love is obvious, and its effects apparent.</span> <span data-sentence-id=\"712#1:5\"><span class=\"snr\">5</span>All the world shines in reflection of its holy light, and I perceive a world forgiven at last.</span></p></div> <div data-paragraph-id=\"712#2\"><p class=\"p-italic\"><span class=\"pnr\">2.</span> <span data-sentence-id=\"712#2:1\"><span class=\"snr noprint\">1</span>Father, let not Your holy world escape my sight today.</span> <span data-sentence-id=\"712#2:2\"><span class=\"snr\">2</span>Nor let my ears be deaf to all the hymns of gratitude the world is singing underneath the sounds of fear.</span> <span data-sentence-id=\"712#2:3\"><span class=\"snr\">3</span>There is a real world which the present holds safe from all past mistakes.</span> <span data-sentence-id=\"712#2:4\"><span class=\"snr\">4</span>And I would see only this world before my eyes today.</span></p></div> </div>","firstWords":"All fear is past, because its source is gone, and all its thoughts gone with it. Love remains the only present state, whose Source is here forever and forever. Can the world seem bright and clear and","contentType":"acim-content","seoTitle":"Lesson 293: All fear is past and only love is… | ACIM","seoDescription":"✨ A Course in Miracles with 🎧 Audio! Read and listen to Lesson 293 “All fear is past and only love is here”: All fear is past, because its source is gone, and all its thoughts gone with…","desktopBreadcrumbs":[{"label":"Workbook","leadsTo":{"locale":"en","sectionId":401,"slugs":["workbook","introduction"],"forceToc":true}},{"label":"Part II","leadsTo":{"locale":"en","sectionId":631,"slugs":["workbook","part-ii-introduction"],"forceToc":true}},{"label":"8. What Is the Real World?","leadsTo":{"locale":"en","sectionId":709,"slugs":["workbook","what-is-the-real-world"]}},{"label":"Lesson 293","leadsTo":{"locale":"en","sectionId":712,"slugs":["lesson-293","all-fear-is-past-and-only-love-is-here"]}}],"mobileBreadcrumbs":[{"label":"Workbook","leadsTo":{"locale":"en","sectionId":401,"slugs":["workbook","introduction"],"forceToc":true}},{"label":"Part II","leadsTo":{"locale":"en","sectionId":631,"slugs":["workbook","part-ii-introduction"],"forceToc":true}},{"label":"8. What Is the Real World?","leadsTo":{"locale":"en","sectionId":709,"slugs":["workbook","what-is-the-real-world"]}},{"label":"Lesson 293","leadsTo":{"locale":"en","sectionId":712,"slugs":["lesson-293","all-fear-is-past-and-only-love-is-here"]}}],"seoBreadcrumbs":[{"label":"A Course in Miracles","leadsTo":"dashboard"},{"label":"Workbook","leadsTo":{"locale":"en","sectionId":401,"slugs":["workbook","introduction"],"forceToc":true}},{"label":"Part II","leadsTo":{"locale":"en","sectionId":631,"slugs":["workbook","part-ii-introduction"],"forceToc":true}},{"label":"8. What Is the Real World?","leadsTo":{"locale":"en","sectionId":709,"slugs":["workbook","what-is-the-real-world"]}},{"label":"Lesson 293","leadsTo":{"locale":"en","sectionId":712,"slugs":["lesson-293","all-fear-is-past-and-only-love-is-here"]}}],"slugs":["lesson-293","all-fear-is-past-and-only-love-is-here"],"canonicalLink":"https://acim.org/acim/lesson-293/all-fear-is-past-and-only-love-is-here/en/s/712","link":"https://acim.org/acim/lesson-293/all-fear-is-past-and-only-love-is-here/en/s/712","shortLink":"https://acim.org/acim/en/s/712","previousSectionId":711,"previousSectionSlugs":["lesson-292","a-happy-outcome-to-all-things-is-sure"],"previousSectionLink":"https://acim.org/acim/lesson-292/a-happy-outcome-to-all-things-is-sure/en/s/711","nextSectionId":713,"nextSectionSlugs":["lesson-294","my-body-is-a-wholly-neutral-thing"],"nextSectionLink":"https://acim.org/acim/lesson-294/my-body-is-a-wholly-neutral-thing/en/s/713","hreflangLinks":[{"hrefLang":"en","link":"https://acim.org/acim/en/s/712"}]}