{"sectionId":715,"sectionIdLiteral":"715","humanId":"lesson-296","volumeId":"workbook","locale":"en","titleInfo":{"title":"The Holy Spirit speaks through me today.","ownlineNumber":"Lesson 296"},"annotation":"W-296","bodyHtml":"<div class=\"acim-text lesson-296\"> <div data-paragraph-id=\"715#1\"><p class=\"p-italic\"><span class=\"pnr\">1.</span> <span data-sentence-id=\"715#1:1\"><span class=\"snr noprint\">1</span>The Holy Spirit needs my voice today, that all the world may listen to Your Voice, and hear Your Word through me.</span> <span data-sentence-id=\"715#1:2\"><span class=\"snr\">2</span>I am resolved to let You speak through me, for I would use no words but Yours, and have no thoughts which are apart from Yours, for only Yours are true.</span> <span data-sentence-id=\"715#1:3\"><span class=\"snr\">3</span>I would be savior to the world I made.</span> <span data-sentence-id=\"715#1:4\"><span class=\"snr\">4</span>For having damned it I would set it free, that I may find escape, and hear the Word Your holy Voice will speak to me today.</span></p></div> <div data-paragraph-id=\"715#2\"><p class=\"p-normal\"><span class=\"pnr\">2.</span> <span data-sentence-id=\"715#2:1\"><span class=\"snr noprint\">1</span>We teach today what we would learn, and that alone.</span> <span data-sentence-id=\"715#2:2\"><span class=\"snr\">2</span>And so our learning goal becomes an unconflicted one, and possible of easy reach and quick accomplishment.</span> <span data-sentence-id=\"715#2:3\"><span class=\"snr\">3</span>How gladly does the Holy Spirit come to rescue us from hell, when we allow His teaching to persuade the world, through us, to seek and find the easy path to God.</span></p></div> </div>","firstWords":"The Holy Spirit needs my voice today, that all the world may listen to Your Voice, and hear Your Word through me. I am resolved to let You speak through me, for I would use no words but Yours, and","contentType":"acim-content","seoTitle":"Lesson 296: The Holy Spirit speaks through me… | ACIM","seoDescription":"✨ A Course in Miracles with 🎧 Audio! Read and listen to Lesson 296 “The Holy Spirit speaks through me today”: The Holy Spirit needs my voice today, that all the world may listen to Your…","desktopBreadcrumbs":[{"label":"Workbook","leadsTo":{"locale":"en","sectionId":401,"slugs":["workbook","introduction"],"forceToc":true}},{"label":"Part II","leadsTo":{"locale":"en","sectionId":631,"slugs":["workbook","part-ii-introduction"],"forceToc":true}},{"label":"8. What Is the Real World?","leadsTo":{"locale":"en","sectionId":709,"slugs":["workbook","what-is-the-real-world"]}},{"label":"Lesson 296","leadsTo":{"locale":"en","sectionId":715,"slugs":["lesson-296","the-holy-spirit-speaks-through-me-today"]}}],"mobileBreadcrumbs":[{"label":"Workbook","leadsTo":{"locale":"en","sectionId":401,"slugs":["workbook","introduction"],"forceToc":true}},{"label":"Part II","leadsTo":{"locale":"en","sectionId":631,"slugs":["workbook","part-ii-introduction"],"forceToc":true}},{"label":"8. What Is the Real World?","leadsTo":{"locale":"en","sectionId":709,"slugs":["workbook","what-is-the-real-world"]}},{"label":"Lesson 296","leadsTo":{"locale":"en","sectionId":715,"slugs":["lesson-296","the-holy-spirit-speaks-through-me-today"]}}],"seoBreadcrumbs":[{"label":"A Course in Miracles","leadsTo":"dashboard"},{"label":"Workbook","leadsTo":{"locale":"en","sectionId":401,"slugs":["workbook","introduction"],"forceToc":true}},{"label":"Part II","leadsTo":{"locale":"en","sectionId":631,"slugs":["workbook","part-ii-introduction"],"forceToc":true}},{"label":"8. What Is the Real World?","leadsTo":{"locale":"en","sectionId":709,"slugs":["workbook","what-is-the-real-world"]}},{"label":"Lesson 296","leadsTo":{"locale":"en","sectionId":715,"slugs":["lesson-296","the-holy-spirit-speaks-through-me-today"]}}],"slugs":["lesson-296","the-holy-spirit-speaks-through-me-today"],"canonicalLink":"https://acim.org/acim/lesson-296/the-holy-spirit-speaks-through-me-today/en/s/715","link":"https://acim.org/acim/lesson-296/the-holy-spirit-speaks-through-me-today/en/s/715","shortLink":"https://acim.org/acim/en/s/715","previousSectionId":714,"previousSectionSlugs":["lesson-295","the-holy-spirit-looks-through-me-today"],"previousSectionLink":"https://acim.org/acim/lesson-295/the-holy-spirit-looks-through-me-today/en/s/714","nextSectionId":716,"nextSectionSlugs":["lesson-297","forgiveness-is-the-only-gift-i-give"],"nextSectionLink":"https://acim.org/acim/lesson-297/forgiveness-is-the-only-gift-i-give/en/s/716","hreflangLinks":[{"hrefLang":"en","link":"https://acim.org/acim/en/s/715"}]}