{"sectionId":717,"sectionIdLiteral":"717","humanId":"lesson-298","volumeId":"workbook","locale":"en","titleInfo":{"title":"I love You, Father, and I love Your Son.","ownlineNumber":"Lesson 298"},"annotation":"W-298","bodyHtml":"<div class=\"acim-text lesson-298\"> <div data-paragraph-id=\"717#1\"><p class=\"p-normal\"><span class=\"pnr\">1.</span> <span data-sentence-id=\"717#1:1\"><span class=\"snr noprint\">1</span>My gratitude permits my love to be accepted without fear.</span> <span data-sentence-id=\"717#1:2\"><span class=\"snr\">2</span>And thus am I restored to my reality at last.</span> <span data-sentence-id=\"717#1:3\"><span class=\"snr\">3</span>All that intruded on my holy sight forgiveness takes away.</span> <span data-sentence-id=\"717#1:4\"><span class=\"snr\">4</span>And I draw near the end of senseless journeys, mad careers and artificial values.</span> <span data-sentence-id=\"717#1:5\"><span class=\"snr\">5</span>I accept instead what God establishes as mine, sure that in that alone I will be saved; sure that I go through fear to meet my Love.</span></p></div> <div data-paragraph-id=\"717#2\"><p class=\"p-italic\"><span class=\"pnr\">2.</span> <span data-sentence-id=\"717#2:1\"><span class=\"snr noprint\">1</span>Father, I come to You today, because I would not follow any way but Yours.</span> <span data-sentence-id=\"717#2:2\"><span class=\"snr\">2</span>You are beside me.</span> <span data-sentence-id=\"717#2:3\"><span class=\"snr\">3</span>Certain is Your way.</span> <span data-sentence-id=\"717#2:4\"><span class=\"snr\">4</span>And I am grateful for Your holy gifts of certain sanctuary, and escape from everything that would obscure my love for God my Father and His holy Son.</span></p></div> </div>","firstWords":"My gratitude permits my love to be accepted without fear. And thus am I restored to my reality at last. All that intruded on my holy sight forgiveness takes away. And I draw near the end of senseless","contentType":"acim-content","seoTitle":"Lesson 298: I love You, Father, and I love… | ACIM","seoDescription":"✨ A Course in Miracles with 🎧 Audio! Read and listen to Lesson 298 “I love You, Father, and I love Your Son”: My gratitude permits my love to be accepted without fear. And thus am I…","desktopBreadcrumbs":[{"label":"Workbook","leadsTo":{"locale":"en","sectionId":401,"slugs":["workbook","introduction"],"forceToc":true}},{"label":"Part II","leadsTo":{"locale":"en","sectionId":631,"slugs":["workbook","part-ii-introduction"],"forceToc":true}},{"label":"8. What Is the Real World?","leadsTo":{"locale":"en","sectionId":709,"slugs":["workbook","what-is-the-real-world"]}},{"label":"Lesson 298","leadsTo":{"locale":"en","sectionId":717,"slugs":["lesson-298","i-love-you-father-and-i-love-your-son"]}}],"mobileBreadcrumbs":[{"label":"Workbook","leadsTo":{"locale":"en","sectionId":401,"slugs":["workbook","introduction"],"forceToc":true}},{"label":"Part II","leadsTo":{"locale":"en","sectionId":631,"slugs":["workbook","part-ii-introduction"],"forceToc":true}},{"label":"8. What Is the Real World?","leadsTo":{"locale":"en","sectionId":709,"slugs":["workbook","what-is-the-real-world"]}},{"label":"Lesson 298","leadsTo":{"locale":"en","sectionId":717,"slugs":["lesson-298","i-love-you-father-and-i-love-your-son"]}}],"seoBreadcrumbs":[{"label":"A Course in Miracles","leadsTo":"dashboard"},{"label":"Workbook","leadsTo":{"locale":"en","sectionId":401,"slugs":["workbook","introduction"],"forceToc":true}},{"label":"Part II","leadsTo":{"locale":"en","sectionId":631,"slugs":["workbook","part-ii-introduction"],"forceToc":true}},{"label":"8. What Is the Real World?","leadsTo":{"locale":"en","sectionId":709,"slugs":["workbook","what-is-the-real-world"]}},{"label":"Lesson 298","leadsTo":{"locale":"en","sectionId":717,"slugs":["lesson-298","i-love-you-father-and-i-love-your-son"]}}],"slugs":["lesson-298","i-love-you-father-and-i-love-your-son"],"canonicalLink":"https://acim.org/acim/lesson-298/i-love-you-father-and-i-love-your-son/en/s/717","link":"https://acim.org/acim/lesson-298/i-love-you-father-and-i-love-your-son/en/s/717","shortLink":"https://acim.org/acim/en/s/717","previousSectionId":716,"previousSectionSlugs":["lesson-297","forgiveness-is-the-only-gift-i-give"],"previousSectionLink":"https://acim.org/acim/lesson-297/forgiveness-is-the-only-gift-i-give/en/s/716","nextSectionId":718,"nextSectionSlugs":["lesson-299","eternal-holiness-abides-in-me"],"nextSectionLink":"https://acim.org/acim/lesson-299/eternal-holiness-abides-in-me/en/s/718","hreflangLinks":[{"hrefLang":"en","link":"https://acim.org/acim/en/s/717"}]}