{"sectionId":719,"sectionIdLiteral":"719","humanId":"lesson-300","volumeId":"workbook","locale":"en","titleInfo":{"title":"Only an instant does this world endure.","ownlineNumber":"Lesson 300"},"annotation":"W-300","bodyHtml":"<div class=\"acim-text lesson-300\"> <div data-paragraph-id=\"719#1\"><p class=\"p-normal\"><span class=\"pnr\">1.</span> <span data-sentence-id=\"719#1:1\"><span class=\"snr noprint\">1</span>This is a thought which can be used to say that death and sorrow are the certain lot of all who come here, for their joys are gone before they are possessed, or even grasped.</span> <span data-sentence-id=\"719#1:2\"><span class=\"snr\">2</span>Yet this is also the idea that lets no false perception keep us in its hold, nor represent more than a passing cloud upon a sky eternally serene.</span> <span data-sentence-id=\"719#1:3\"><span class=\"snr\">3</span>And it is this serenity we seek, unclouded, obvious and sure, today.</span></p></div> <div data-paragraph-id=\"719#2\"><p class=\"p-italic\"><span class=\"pnr\">2.</span> <span data-sentence-id=\"719#2:1\"><span class=\"snr noprint\">1</span>We seek Your holy world today.</span> <span data-sentence-id=\"719#2:2\"><span class=\"snr\">2</span>For we, Your loving Sons, have lost our way a while.</span> <span data-sentence-id=\"719#2:3\"><span class=\"snr\">3</span>But we have listened to Your Voice, and learned exactly what to do to be restored to Heaven and our true Identity.</span> <span data-sentence-id=\"719#2:4\"><span class=\"snr\">4</span>And we give thanks today the world endures but for an instant.</span> <span data-sentence-id=\"719#2:5\"><span class=\"snr\">5</span>We would go beyond that tiny instant to eternity.</span></p></div> </div>","firstWords":"This is a thought which can be used to say that death and sorrow are the certain lot of all who come here, for their joys are gone before they are possessed, or even grasped. Yet this is also the","contentType":"acim-content","seoTitle":"Lesson 300: Only an instant does this world… | ACIM","seoDescription":"✨ A Course in Miracles with 🎧 Audio! Read and listen to Lesson 300 “Only an instant does this world endure”: This is a thought which can be used to say that death and sorrow are the…","desktopBreadcrumbs":[{"label":"Workbook","leadsTo":{"locale":"en","sectionId":401,"slugs":["workbook","introduction"],"forceToc":true}},{"label":"Part II","leadsTo":{"locale":"en","sectionId":631,"slugs":["workbook","part-ii-introduction"],"forceToc":true}},{"label":"8. What Is the Real World?","leadsTo":{"locale":"en","sectionId":709,"slugs":["workbook","what-is-the-real-world"]}},{"label":"Lesson 300","leadsTo":{"locale":"en","sectionId":719,"slugs":["lesson-300","only-an-instant-does-this-world-endure"]}}],"mobileBreadcrumbs":[{"label":"Workbook","leadsTo":{"locale":"en","sectionId":401,"slugs":["workbook","introduction"],"forceToc":true}},{"label":"Part II","leadsTo":{"locale":"en","sectionId":631,"slugs":["workbook","part-ii-introduction"],"forceToc":true}},{"label":"8. What Is the Real World?","leadsTo":{"locale":"en","sectionId":709,"slugs":["workbook","what-is-the-real-world"]}},{"label":"Lesson 300","leadsTo":{"locale":"en","sectionId":719,"slugs":["lesson-300","only-an-instant-does-this-world-endure"]}}],"seoBreadcrumbs":[{"label":"A Course in Miracles","leadsTo":"dashboard"},{"label":"Workbook","leadsTo":{"locale":"en","sectionId":401,"slugs":["workbook","introduction"],"forceToc":true}},{"label":"Part II","leadsTo":{"locale":"en","sectionId":631,"slugs":["workbook","part-ii-introduction"],"forceToc":true}},{"label":"8. What Is the Real World?","leadsTo":{"locale":"en","sectionId":709,"slugs":["workbook","what-is-the-real-world"]}},{"label":"Lesson 300","leadsTo":{"locale":"en","sectionId":719,"slugs":["lesson-300","only-an-instant-does-this-world-endure"]}}],"slugs":["lesson-300","only-an-instant-does-this-world-endure"],"canonicalLink":"https://acim.org/acim/lesson-300/only-an-instant-does-this-world-endure/en/s/719","link":"https://acim.org/acim/lesson-300/only-an-instant-does-this-world-endure/en/s/719","shortLink":"https://acim.org/acim/en/s/719","previousSectionId":718,"previousSectionSlugs":["lesson-299","eternal-holiness-abides-in-me"],"previousSectionLink":"https://acim.org/acim/lesson-299/eternal-holiness-abides-in-me/en/s/718","nextSectionId":720,"nextSectionSlugs":["workbook","what-is-the-second-coming"],"nextSectionLink":"https://acim.org/acim/workbook/what-is-the-second-coming/en/s/720","hreflangLinks":[{"hrefLang":"en","link":"https://acim.org/acim/en/s/719"}]}