{"sectionId":721,"sectionIdLiteral":"721","humanId":"lesson-301","volumeId":"workbook","locale":"en","titleInfo":{"title":"And God Himself shall wipe away all tears.","ownlineNumber":"Lesson 301"},"annotation":"W-301","bodyHtml":"<div class=\"acim-text lesson-301\"> <div data-paragraph-id=\"721#1\"><p class=\"p-italic\"><span class=\"pnr\">1.</span> <span data-sentence-id=\"721#1:1\"><span class=\"snr noprint\">1</span>Father, unless I judge I cannot weep.</span> <span data-sentence-id=\"721#1:2\"><span class=\"snr\">2</span>Nor can I suffer pain, or feel I am abandoned or unneeded in the world.</span> <span data-sentence-id=\"721#1:3\"><span class=\"snr\">3</span>This is my home because I judge it not, and therefore is it only what You will.</span> <span data-sentence-id=\"721#1:4\"><span class=\"snr\">4</span>Let me today behold it uncondemned, through happy eyes forgiveness has released from all distortion.</span> <span data-sentence-id=\"721#1:5\"><span class=\"snr\">5</span>Let me see Your world instead of mine.</span> <span data-sentence-id=\"721#1:6\"><span class=\"snr\">6</span>And all the tears I shed will be forgotten, for their source is gone.</span> <span data-sentence-id=\"721#1:7\"><span class=\"snr\">7</span>Father, I will not judge Your world today.</span></p></div> <div data-paragraph-id=\"721#2\"><p class=\"p-normal\"><span class=\"pnr\">2.</span> <span data-sentence-id=\"721#2:1\"><span class=\"snr noprint\">1</span>God’s world is happy.</span> <span data-sentence-id=\"721#2:2\"><span class=\"snr\">2</span>Those who look on it can only add their joy to it, and bless it as a cause of further joy in them.</span> <span data-sentence-id=\"721#2:3\"><span class=\"snr\">3</span>We wept because we did not understand.</span> <span data-sentence-id=\"721#2:4\"><span class=\"snr\">4</span>But we have learned the world we saw was false, and we will look upon God’s world today.</span></p></div> </div>","firstWords":"Father, unless I judge I cannot weep. Nor can I suffer pain, or feel I am abandoned or unneeded in the world. This is my home because I judge it not, and therefore is it only what You will. Let me","contentType":"acim-content","seoTitle":"Lesson 301: And God Himself shall wipe away… | ACIM","seoDescription":"✨ A Course in Miracles with 🎧 Audio! Read and listen to Lesson 301 “And God Himself shall wipe away all tears”: Father, unless I judge I cannot weep. Nor can I suffer pain, or feel I am…","desktopBreadcrumbs":[{"label":"Workbook","leadsTo":{"locale":"en","sectionId":401,"slugs":["workbook","introduction"],"forceToc":true}},{"label":"Part II","leadsTo":{"locale":"en","sectionId":631,"slugs":["workbook","part-ii-introduction"],"forceToc":true}},{"label":"9. What Is the Second Coming?","leadsTo":{"locale":"en","sectionId":720,"slugs":["workbook","what-is-the-second-coming"]}},{"label":"Lesson 301","leadsTo":{"locale":"en","sectionId":721,"slugs":["lesson-301","and-god-himself-shall-wipe-away-all-tears"]}}],"mobileBreadcrumbs":[{"label":"Workbook","leadsTo":{"locale":"en","sectionId":401,"slugs":["workbook","introduction"],"forceToc":true}},{"label":"Part II","leadsTo":{"locale":"en","sectionId":631,"slugs":["workbook","part-ii-introduction"],"forceToc":true}},{"label":"9. What Is the Second Coming?","leadsTo":{"locale":"en","sectionId":720,"slugs":["workbook","what-is-the-second-coming"]}},{"label":"Lesson 301","leadsTo":{"locale":"en","sectionId":721,"slugs":["lesson-301","and-god-himself-shall-wipe-away-all-tears"]}}],"seoBreadcrumbs":[{"label":"A Course in Miracles","leadsTo":"dashboard"},{"label":"Workbook","leadsTo":{"locale":"en","sectionId":401,"slugs":["workbook","introduction"],"forceToc":true}},{"label":"Part II","leadsTo":{"locale":"en","sectionId":631,"slugs":["workbook","part-ii-introduction"],"forceToc":true}},{"label":"9. What Is the Second Coming?","leadsTo":{"locale":"en","sectionId":720,"slugs":["workbook","what-is-the-second-coming"]}},{"label":"Lesson 301","leadsTo":{"locale":"en","sectionId":721,"slugs":["lesson-301","and-god-himself-shall-wipe-away-all-tears"]}}],"slugs":["lesson-301","and-god-himself-shall-wipe-away-all-tears"],"canonicalLink":"https://acim.org/acim/lesson-301/and-god-himself-shall-wipe-away-all-tears/en/s/721","link":"https://acim.org/acim/lesson-301/and-god-himself-shall-wipe-away-all-tears/en/s/721","shortLink":"https://acim.org/acim/en/s/721","previousSectionId":720,"previousSectionSlugs":["workbook","what-is-the-second-coming"],"previousSectionLink":"https://acim.org/acim/workbook/what-is-the-second-coming/en/s/720","nextSectionId":722,"nextSectionSlugs":["lesson-302","where-darkness-was-i-look-upon-the-light"],"nextSectionLink":"https://acim.org/acim/lesson-302/where-darkness-was-i-look-upon-the-light/en/s/722","hreflangLinks":[{"hrefLang":"en","link":"https://acim.org/acim/en/s/721"}]}