{"sectionId":722,"sectionIdLiteral":"722","humanId":"lesson-302","volumeId":"workbook","locale":"en","titleInfo":{"title":"Where darkness was I look upon the light.","ownlineNumber":"Lesson 302"},"annotation":"W-302","bodyHtml":"<div class=\"acim-text lesson-302\"> <div data-paragraph-id=\"722#1\"><p class=\"p-italic\"><span class=\"pnr\">1.</span> <span data-sentence-id=\"722#1:1\"><span class=\"snr noprint\">1</span>Father, our eyes are opening at last.</span> <span data-sentence-id=\"722#1:2\"><span class=\"snr\">2</span>Your holy world awaits us, as our sight is finally restored and we can see.</span> <span data-sentence-id=\"722#1:3\"><span class=\"snr\">3</span>We thought we suffered.</span> <span data-sentence-id=\"722#1:4\"><span class=\"snr\">4</span>But we had forgot the Son whom You created.</span> <span data-sentence-id=\"722#1:5\"><span class=\"snr\">5</span>Now we see that darkness is our own imagining, and light is there for us to look upon.</span> <span data-sentence-id=\"722#1:6\"><span class=\"snr\">6</span>Christ’s vision changes darkness into light, for fear must disappear when love has come.</span> <span data-sentence-id=\"722#1:7\"><span class=\"snr\">7</span>Let me forgive Your holy world today, that I may look upon its holiness and understand it but reflects my own.</span></p></div> <div data-paragraph-id=\"722#2\"><p class=\"p-normal\"><span class=\"pnr\">2.</span> <span data-sentence-id=\"722#2:1\"><span class=\"snr noprint\">1</span>Our Love awaits us as we go to Him, and walks beside us showing us the way.</span> <span data-sentence-id=\"722#2:2\"><span class=\"snr\">2</span>He fails in nothing.</span> <span data-sentence-id=\"722#2:3\"><span class=\"snr\">3</span>He the End we seek, and He the Means by which we go to Him.</span></p></div> </div>","firstWords":"Father, our eyes are opening at last. Your holy world awaits us, as our sight is finally restored and we can see. We thought we suffered. But we had forgot the Son whom You created. Now we see that","contentType":"acim-content","seoTitle":"Lesson 302: Where darkness was I look upon the… | ACIM","seoDescription":"✨ A Course in Miracles with 🎧 Audio! Read and listen to Lesson 302 “Where darkness was I look upon the light”: Father, our eyes are opening at last. Your holy world awaits us, as our…","desktopBreadcrumbs":[{"label":"Workbook","leadsTo":{"locale":"en","sectionId":401,"slugs":["workbook","introduction"],"forceToc":true}},{"label":"Part II","leadsTo":{"locale":"en","sectionId":631,"slugs":["workbook","part-ii-introduction"],"forceToc":true}},{"label":"9. What Is the Second Coming?","leadsTo":{"locale":"en","sectionId":720,"slugs":["workbook","what-is-the-second-coming"]}},{"label":"Lesson 302","leadsTo":{"locale":"en","sectionId":722,"slugs":["lesson-302","where-darkness-was-i-look-upon-the-light"]}}],"mobileBreadcrumbs":[{"label":"Workbook","leadsTo":{"locale":"en","sectionId":401,"slugs":["workbook","introduction"],"forceToc":true}},{"label":"Part II","leadsTo":{"locale":"en","sectionId":631,"slugs":["workbook","part-ii-introduction"],"forceToc":true}},{"label":"9. What Is the Second Coming?","leadsTo":{"locale":"en","sectionId":720,"slugs":["workbook","what-is-the-second-coming"]}},{"label":"Lesson 302","leadsTo":{"locale":"en","sectionId":722,"slugs":["lesson-302","where-darkness-was-i-look-upon-the-light"]}}],"seoBreadcrumbs":[{"label":"A Course in Miracles","leadsTo":"dashboard"},{"label":"Workbook","leadsTo":{"locale":"en","sectionId":401,"slugs":["workbook","introduction"],"forceToc":true}},{"label":"Part II","leadsTo":{"locale":"en","sectionId":631,"slugs":["workbook","part-ii-introduction"],"forceToc":true}},{"label":"9. What Is the Second Coming?","leadsTo":{"locale":"en","sectionId":720,"slugs":["workbook","what-is-the-second-coming"]}},{"label":"Lesson 302","leadsTo":{"locale":"en","sectionId":722,"slugs":["lesson-302","where-darkness-was-i-look-upon-the-light"]}}],"slugs":["lesson-302","where-darkness-was-i-look-upon-the-light"],"canonicalLink":"https://acim.org/acim/lesson-302/where-darkness-was-i-look-upon-the-light/en/s/722","link":"https://acim.org/acim/lesson-302/where-darkness-was-i-look-upon-the-light/en/s/722","shortLink":"https://acim.org/acim/en/s/722","previousSectionId":721,"previousSectionSlugs":["lesson-301","and-god-himself-shall-wipe-away-all-tears"],"previousSectionLink":"https://acim.org/acim/lesson-301/and-god-himself-shall-wipe-away-all-tears/en/s/721","nextSectionId":723,"nextSectionSlugs":["lesson-303","the-holy-christ-is-born-in-me-today"],"nextSectionLink":"https://acim.org/acim/lesson-303/the-holy-christ-is-born-in-me-today/en/s/723","hreflangLinks":[{"hrefLang":"en","link":"https://acim.org/acim/en/s/722"}]}