{"sectionId":723,"sectionIdLiteral":"723","humanId":"lesson-303","volumeId":"workbook","locale":"en","titleInfo":{"title":"The holy Christ is born in me today.","ownlineNumber":"Lesson 303"},"annotation":"W-303","bodyHtml":"<div class=\"acim-text lesson-303\"> <div data-paragraph-id=\"723#1\"><p class=\"p-normal\"><span class=\"pnr\">1.</span> <span data-sentence-id=\"723#1:1\"><span class=\"snr noprint\">1</span>Watch with me, angels, watch with me today.</span> <span data-sentence-id=\"723#1:2\"><span class=\"snr\">2</span>Let all God’s holy Thoughts surround me, and be still with me while Heaven’s Son is born.</span> <span data-sentence-id=\"723#1:3\"><span class=\"snr\">3</span>Let earthly sounds be quiet, and the sights to which I am accustomed disappear.</span> <span data-sentence-id=\"723#1:4\"><span class=\"snr\">4</span>Let Christ be welcomed where He is at home.</span> <span data-sentence-id=\"723#1:5\"><span class=\"snr\">5</span>And let Him hear the sounds He understands, and see but sights that show His Father’s Love.</span> <span data-sentence-id=\"723#1:6\"><span class=\"snr\">6</span>Let Him no longer be a stranger here, for He is born again in me today.</span></p></div> <div data-paragraph-id=\"723#2\"><p class=\"p-italic\"><span class=\"pnr\">2.</span> <span data-sentence-id=\"723#2:1\"><span class=\"snr noprint\">1</span>Your Son is welcome, Father.</span> <span data-sentence-id=\"723#2:2\"><span class=\"snr\">2</span>He has come to save me from the evil self I made.</span> <span data-sentence-id=\"723#2:3\"><span class=\"snr\">3</span>He is the Self that You have given me.</span> <span data-sentence-id=\"723#2:4\"><span class=\"snr\">4</span>He is but what I really am in truth.</span> <span data-sentence-id=\"723#2:5\"><span class=\"snr\">5</span>He is the Son You love above all things.</span> <span data-sentence-id=\"723#2:6\"><span class=\"snr\">6</span>He is my Self as You created me.</span> <span data-sentence-id=\"723#2:7\"><span class=\"snr\">7</span>It is not Christ that can be crucified.</span> <span data-sentence-id=\"723#2:8\"><span class=\"snr\">8</span>Safe in Your Arms let me receive Your Son.</span></p></div> </div>","firstWords":"Watch with me, angels, watch with me today. Let all God’s holy Thoughts surround me, and be still with me while Heaven’s Son is born. Let earthly sounds be quiet, and the sights to which I am","contentType":"acim-content","seoTitle":"Lesson 303: The holy Christ is born in me today | ACIM","seoDescription":"✨ A Course in Miracles with 🎧 Audio! Read and listen to Lesson 303 “The holy Christ is born in me today”: Watch with me, angels, watch with me today. Let all God’s holy Thoughts…","desktopBreadcrumbs":[{"label":"Workbook","leadsTo":{"locale":"en","sectionId":401,"slugs":["workbook","introduction"],"forceToc":true}},{"label":"Part II","leadsTo":{"locale":"en","sectionId":631,"slugs":["workbook","part-ii-introduction"],"forceToc":true}},{"label":"9. What Is the Second Coming?","leadsTo":{"locale":"en","sectionId":720,"slugs":["workbook","what-is-the-second-coming"]}},{"label":"Lesson 303","leadsTo":{"locale":"en","sectionId":723,"slugs":["lesson-303","the-holy-christ-is-born-in-me-today"]}}],"mobileBreadcrumbs":[{"label":"Workbook","leadsTo":{"locale":"en","sectionId":401,"slugs":["workbook","introduction"],"forceToc":true}},{"label":"Part II","leadsTo":{"locale":"en","sectionId":631,"slugs":["workbook","part-ii-introduction"],"forceToc":true}},{"label":"9. What Is the Second Coming?","leadsTo":{"locale":"en","sectionId":720,"slugs":["workbook","what-is-the-second-coming"]}},{"label":"Lesson 303","leadsTo":{"locale":"en","sectionId":723,"slugs":["lesson-303","the-holy-christ-is-born-in-me-today"]}}],"seoBreadcrumbs":[{"label":"A Course in Miracles","leadsTo":"dashboard"},{"label":"Workbook","leadsTo":{"locale":"en","sectionId":401,"slugs":["workbook","introduction"],"forceToc":true}},{"label":"Part II","leadsTo":{"locale":"en","sectionId":631,"slugs":["workbook","part-ii-introduction"],"forceToc":true}},{"label":"9. What Is the Second Coming?","leadsTo":{"locale":"en","sectionId":720,"slugs":["workbook","what-is-the-second-coming"]}},{"label":"Lesson 303","leadsTo":{"locale":"en","sectionId":723,"slugs":["lesson-303","the-holy-christ-is-born-in-me-today"]}}],"slugs":["lesson-303","the-holy-christ-is-born-in-me-today"],"canonicalLink":"https://acim.org/acim/lesson-303/the-holy-christ-is-born-in-me-today/en/s/723","link":"https://acim.org/acim/lesson-303/the-holy-christ-is-born-in-me-today/en/s/723","shortLink":"https://acim.org/acim/en/s/723","previousSectionId":722,"previousSectionSlugs":["lesson-302","where-darkness-was-i-look-upon-the-light"],"previousSectionLink":"https://acim.org/acim/lesson-302/where-darkness-was-i-look-upon-the-light/en/s/722","nextSectionId":724,"nextSectionSlugs":["lesson-304","let-not-my-world-obscure-the-sight-of-christ"],"nextSectionLink":"https://acim.org/acim/lesson-304/let-not-my-world-obscure-the-sight-of-christ/en/s/724","hreflangLinks":[{"hrefLang":"en","link":"https://acim.org/acim/en/s/723"}]}