{"sectionId":724,"sectionIdLiteral":"724","humanId":"lesson-304","volumeId":"workbook","locale":"en","titleInfo":{"title":"Let not my world obscure the sight of Christ.","ownlineNumber":"Lesson 304"},"annotation":"W-304","bodyHtml":"<div class=\"acim-text lesson-304\"> <div data-paragraph-id=\"724#1\"><p class=\"p-normal\"><span class=\"pnr\">1.</span> <span data-sentence-id=\"724#1:1\"><span class=\"snr noprint\">1</span>I can obscure my holy sight, if I intrude my world upon it.</span> <span data-sentence-id=\"724#1:2\"><span class=\"snr\">2</span>Nor can I behold the holy sights Christ looks upon, unless it is His vision that I use.</span> <span data-sentence-id=\"724#1:3\"><span class=\"snr\">3</span>Perception is a mirror, not a fact.</span> <span data-sentence-id=\"724#1:4\"><span class=\"snr\">4</span>And what I look on is my state of mind, reflected outward.</span> <span data-sentence-id=\"724#1:5\"><span class=\"snr\">5</span>I would bless the world by looking on it through the eyes of Christ.</span> <span data-sentence-id=\"724#1:6\"><span class=\"snr\">6</span>And I will look upon the certain signs that all my sins have been forgiven me.</span></p></div> <div data-paragraph-id=\"724#2\"><p class=\"p-italic\"><span class=\"pnr\">2.</span> <span data-sentence-id=\"724#2:1\"><span class=\"snr noprint\">1</span>You lead me from the darkness to the light; from sin to holiness.</span> <span data-sentence-id=\"724#2:2\"><span class=\"snr\">2</span>Let me forgive, and thus receive salvation for the world.</span> <span data-sentence-id=\"724#2:3\"><span class=\"snr\">3</span>It is Your gift, my Father, given me to offer to Your holy Son, that he may find again the memory of You, and of Your Son as You created him.</span></p></div> </div>","firstWords":"I can obscure my holy sight, if I intrude my world upon it. Nor can I behold the holy sights Christ looks upon, unless it is His vision that I use. Perception is a mirror, not a fact. And what I look","contentType":"acim-content","seoTitle":"Lesson 304: Let not my world obscure the sight… | ACIM","seoDescription":"✨ A Course in Miracles with 🎧 Audio! Read and listen to Lesson 304 “Let not my world obscure the sight of Christ”: I can obscure my holy sight, if I intrude my world upon it. Nor can I…","desktopBreadcrumbs":[{"label":"Workbook","leadsTo":{"locale":"en","sectionId":401,"slugs":["workbook","introduction"],"forceToc":true}},{"label":"Part II","leadsTo":{"locale":"en","sectionId":631,"slugs":["workbook","part-ii-introduction"],"forceToc":true}},{"label":"9. What Is the Second Coming?","leadsTo":{"locale":"en","sectionId":720,"slugs":["workbook","what-is-the-second-coming"]}},{"label":"Lesson 304","leadsTo":{"locale":"en","sectionId":724,"slugs":["lesson-304","let-not-my-world-obscure-the-sight-of-christ"]}}],"mobileBreadcrumbs":[{"label":"Workbook","leadsTo":{"locale":"en","sectionId":401,"slugs":["workbook","introduction"],"forceToc":true}},{"label":"Part II","leadsTo":{"locale":"en","sectionId":631,"slugs":["workbook","part-ii-introduction"],"forceToc":true}},{"label":"9. What Is the Second Coming?","leadsTo":{"locale":"en","sectionId":720,"slugs":["workbook","what-is-the-second-coming"]}},{"label":"Lesson 304","leadsTo":{"locale":"en","sectionId":724,"slugs":["lesson-304","let-not-my-world-obscure-the-sight-of-christ"]}}],"seoBreadcrumbs":[{"label":"A Course in Miracles","leadsTo":"dashboard"},{"label":"Workbook","leadsTo":{"locale":"en","sectionId":401,"slugs":["workbook","introduction"],"forceToc":true}},{"label":"Part II","leadsTo":{"locale":"en","sectionId":631,"slugs":["workbook","part-ii-introduction"],"forceToc":true}},{"label":"9. What Is the Second Coming?","leadsTo":{"locale":"en","sectionId":720,"slugs":["workbook","what-is-the-second-coming"]}},{"label":"Lesson 304","leadsTo":{"locale":"en","sectionId":724,"slugs":["lesson-304","let-not-my-world-obscure-the-sight-of-christ"]}}],"slugs":["lesson-304","let-not-my-world-obscure-the-sight-of-christ"],"canonicalLink":"https://acim.org/acim/lesson-304/let-not-my-world-obscure-the-sight-of-christ/en/s/724","link":"https://acim.org/acim/lesson-304/let-not-my-world-obscure-the-sight-of-christ/en/s/724","shortLink":"https://acim.org/acim/en/s/724","previousSectionId":723,"previousSectionSlugs":["lesson-303","the-holy-christ-is-born-in-me-today"],"previousSectionLink":"https://acim.org/acim/lesson-303/the-holy-christ-is-born-in-me-today/en/s/723","nextSectionId":725,"nextSectionSlugs":["lesson-305","there-is-a-peace-that-christ-bestows-on-us"],"nextSectionLink":"https://acim.org/acim/lesson-305/there-is-a-peace-that-christ-bestows-on-us/en/s/725","hreflangLinks":[{"hrefLang":"en","link":"https://acim.org/acim/en/s/724"}]}