{"sectionId":728,"sectionIdLiteral":"728","humanId":"lesson-308","volumeId":"workbook","locale":"en","titleInfo":{"title":"This instant is the only time there is.","ownlineNumber":"Lesson 308"},"annotation":"W-308","bodyHtml":"<div class=\"acim-text lesson-308\"> <div data-paragraph-id=\"728#1\"><p class=\"p-normal\"><span class=\"pnr\">1.</span> <span data-sentence-id=\"728#1:1\"><span class=\"snr noprint\">1</span>I have conceived of time in such a way that I defeat my aim.</span> <span data-sentence-id=\"728#1:2\"><span class=\"snr\">2</span>If I elect to reach past time to timelessness, I must change my perception of what time is for.</span> <span data-sentence-id=\"728#1:3\"><span class=\"snr\">3</span>Time’s purpose cannot be to keep the past and future one.</span> <span data-sentence-id=\"728#1:4\"><span class=\"snr\">4</span>The only interval in which I can be saved from time is now.</span> <span data-sentence-id=\"728#1:5\"><span class=\"snr\">5</span>For in this instant has forgiveness come to set me free.</span> <span data-sentence-id=\"728#1:6\"><span class=\"snr\">6</span>The birth of Christ is now, without a past or future.</span> <span data-sentence-id=\"728#1:7\"><span class=\"snr\">7</span>He has come to give His present blessing to the world, restoring it to timelessness and love.</span> <span data-sentence-id=\"728#1:8\"><span class=\"snr\">8</span>And love is ever-present, here and now.</span></p></div> <div data-paragraph-id=\"728#2\"><p class=\"p-italic\"><span class=\"pnr\">2.</span> <span data-sentence-id=\"728#2:1\"><span class=\"snr noprint\">1</span>Thanks for this instant, Father.</span> <span data-sentence-id=\"728#2:2\"><span class=\"snr\">2</span>It is now I am redeemed.</span> <span data-sentence-id=\"728#2:3\"><span class=\"snr\">3</span>This instant is the time You have appointed for Your Son’s release, and for salvation of the world in him.</span></p></div> </div>","firstWords":"I have conceived of time in such a way that I defeat my aim. If I elect to reach past time to timelessness, I must change my perception of what time is for. Time’s purpose cannot be to keep the past","contentType":"acim-content","seoTitle":"Lesson 308: This instant is the only time… | ACIM","seoDescription":"✨ A Course in Miracles with 🎧 Audio! Read and listen to Lesson 308 “This instant is the only time there is”: I have conceived of time in such a way that I defeat my aim. If I elect to…","desktopBreadcrumbs":[{"label":"Workbook","leadsTo":{"locale":"en","sectionId":401,"slugs":["workbook","introduction"],"forceToc":true}},{"label":"Part II","leadsTo":{"locale":"en","sectionId":631,"slugs":["workbook","part-ii-introduction"],"forceToc":true}},{"label":"9. What Is the Second Coming?","leadsTo":{"locale":"en","sectionId":720,"slugs":["workbook","what-is-the-second-coming"]}},{"label":"Lesson 308","leadsTo":{"locale":"en","sectionId":728,"slugs":["lesson-308","this-instant-is-the-only-time-there-is"]}}],"mobileBreadcrumbs":[{"label":"Workbook","leadsTo":{"locale":"en","sectionId":401,"slugs":["workbook","introduction"],"forceToc":true}},{"label":"Part II","leadsTo":{"locale":"en","sectionId":631,"slugs":["workbook","part-ii-introduction"],"forceToc":true}},{"label":"9. What Is the Second Coming?","leadsTo":{"locale":"en","sectionId":720,"slugs":["workbook","what-is-the-second-coming"]}},{"label":"Lesson 308","leadsTo":{"locale":"en","sectionId":728,"slugs":["lesson-308","this-instant-is-the-only-time-there-is"]}}],"seoBreadcrumbs":[{"label":"A Course in Miracles","leadsTo":"dashboard"},{"label":"Workbook","leadsTo":{"locale":"en","sectionId":401,"slugs":["workbook","introduction"],"forceToc":true}},{"label":"Part II","leadsTo":{"locale":"en","sectionId":631,"slugs":["workbook","part-ii-introduction"],"forceToc":true}},{"label":"9. What Is the Second Coming?","leadsTo":{"locale":"en","sectionId":720,"slugs":["workbook","what-is-the-second-coming"]}},{"label":"Lesson 308","leadsTo":{"locale":"en","sectionId":728,"slugs":["lesson-308","this-instant-is-the-only-time-there-is"]}}],"slugs":["lesson-308","this-instant-is-the-only-time-there-is"],"canonicalLink":"https://acim.org/acim/lesson-308/this-instant-is-the-only-time-there-is/en/s/728","link":"https://acim.org/acim/lesson-308/this-instant-is-the-only-time-there-is/en/s/728","shortLink":"https://acim.org/acim/en/s/728","previousSectionId":727,"previousSectionSlugs":["lesson-307","conflicting-wishes-cannot-be-my-will"],"previousSectionLink":"https://acim.org/acim/lesson-307/conflicting-wishes-cannot-be-my-will/en/s/727","nextSectionId":729,"nextSectionSlugs":["lesson-309","i-will-not-fear-to-look-within-today"],"nextSectionLink":"https://acim.org/acim/lesson-309/i-will-not-fear-to-look-within-today/en/s/729","hreflangLinks":[{"hrefLang":"en","link":"https://acim.org/acim/en/s/728"}]}