{"sectionId":729,"sectionIdLiteral":"729","humanId":"lesson-309","volumeId":"workbook","locale":"en","titleInfo":{"title":"I will not fear to look within today.","ownlineNumber":"Lesson 309"},"annotation":"W-309","bodyHtml":"<div class=\"acim-text lesson-309\"> <div data-paragraph-id=\"729#1\"><p class=\"p-normal\"><span class=\"pnr\">1.</span> <span data-sentence-id=\"729#1:1\"><span class=\"snr noprint\">1</span>Within me is eternal innocence, because it is God’s Will that it be there forever and forever.</span> <span data-sentence-id=\"729#1:2\"><span class=\"snr\">2</span>I, His Son, whose will is limitless as is His Own, can will no change in this.</span> <span data-sentence-id=\"729#1:3\"><span class=\"snr\">3</span>For to deny my Father’s Will is to deny my own.</span> <span data-sentence-id=\"729#1:4\"><span class=\"snr\">4</span>To look within is but to find my will as God created it, and as it is.</span> <span data-sentence-id=\"729#1:5\"><span class=\"snr\">5</span>I fear to look within because I think I made another will that is not true, and made it real.</span> <span data-sentence-id=\"729#1:6\"><span class=\"snr\">6</span>Yet it has no effects.</span> <span data-sentence-id=\"729#1:7\"><span class=\"snr\">7</span>Within me is the Holiness of God.</span> <span data-sentence-id=\"729#1:8\"><span class=\"snr\">8</span>Within me is the memory of Him.</span></p></div> <div data-paragraph-id=\"729#2\"><p class=\"p-italic\"><span class=\"pnr\">2.</span> <span data-sentence-id=\"729#2:1\"><span class=\"snr noprint\">1</span>The step I take today, my Father, is my sure release from idle dreams of sin.</span> <span data-sentence-id=\"729#2:2\"><span class=\"snr\">2</span>Your altar stands serene and undefiled.</span> <span data-sentence-id=\"729#2:3\"><span class=\"snr\">3</span>It is the holy altar to my Self, and there I find my true Identity.</span></p></div> </div>","firstWords":"Within me is eternal innocence, because it is God’s Will that it be there forever and forever. I, His Son, whose will is limitless as is His Own, can will no change in this. For to deny my Father’s","contentType":"acim-content","seoTitle":"Lesson 309: I will not fear to look within today | ACIM","seoDescription":"✨ A Course in Miracles with 🎧 Audio! Read and listen to Lesson 309 “I will not fear to look within today”: Within me is eternal innocence, because it is God’s Will that it be there…","desktopBreadcrumbs":[{"label":"Workbook","leadsTo":{"locale":"en","sectionId":401,"slugs":["workbook","introduction"],"forceToc":true}},{"label":"Part II","leadsTo":{"locale":"en","sectionId":631,"slugs":["workbook","part-ii-introduction"],"forceToc":true}},{"label":"9. What Is the Second Coming?","leadsTo":{"locale":"en","sectionId":720,"slugs":["workbook","what-is-the-second-coming"]}},{"label":"Lesson 309","leadsTo":{"locale":"en","sectionId":729,"slugs":["lesson-309","i-will-not-fear-to-look-within-today"]}}],"mobileBreadcrumbs":[{"label":"Workbook","leadsTo":{"locale":"en","sectionId":401,"slugs":["workbook","introduction"],"forceToc":true}},{"label":"Part II","leadsTo":{"locale":"en","sectionId":631,"slugs":["workbook","part-ii-introduction"],"forceToc":true}},{"label":"9. What Is the Second Coming?","leadsTo":{"locale":"en","sectionId":720,"slugs":["workbook","what-is-the-second-coming"]}},{"label":"Lesson 309","leadsTo":{"locale":"en","sectionId":729,"slugs":["lesson-309","i-will-not-fear-to-look-within-today"]}}],"seoBreadcrumbs":[{"label":"A Course in Miracles","leadsTo":"dashboard"},{"label":"Workbook","leadsTo":{"locale":"en","sectionId":401,"slugs":["workbook","introduction"],"forceToc":true}},{"label":"Part II","leadsTo":{"locale":"en","sectionId":631,"slugs":["workbook","part-ii-introduction"],"forceToc":true}},{"label":"9. What Is the Second Coming?","leadsTo":{"locale":"en","sectionId":720,"slugs":["workbook","what-is-the-second-coming"]}},{"label":"Lesson 309","leadsTo":{"locale":"en","sectionId":729,"slugs":["lesson-309","i-will-not-fear-to-look-within-today"]}}],"slugs":["lesson-309","i-will-not-fear-to-look-within-today"],"canonicalLink":"https://acim.org/acim/lesson-309/i-will-not-fear-to-look-within-today/en/s/729","link":"https://acim.org/acim/lesson-309/i-will-not-fear-to-look-within-today/en/s/729","shortLink":"https://acim.org/acim/en/s/729","previousSectionId":728,"previousSectionSlugs":["lesson-308","this-instant-is-the-only-time-there-is"],"previousSectionLink":"https://acim.org/acim/lesson-308/this-instant-is-the-only-time-there-is/en/s/728","nextSectionId":730,"nextSectionSlugs":["lesson-310","in-fearlessness-and-love-i-spend-today"],"nextSectionLink":"https://acim.org/acim/lesson-310/in-fearlessness-and-love-i-spend-today/en/s/730","hreflangLinks":[{"hrefLang":"en","link":"https://acim.org/acim/en/s/729"}]}