{"sectionId":732,"sectionIdLiteral":"732","humanId":"lesson-311","volumeId":"workbook","locale":"en","titleInfo":{"title":"I judge all things as I would have them be.","ownlineNumber":"Lesson 311"},"annotation":"W-311","bodyHtml":"<div class=\"acim-text lesson-311\"> <div data-paragraph-id=\"732#1\"><p class=\"p-normal\"><span class=\"pnr\">1.</span> <span data-sentence-id=\"732#1:1\"><span class=\"snr noprint\">1</span>Judgment was made to be a weapon used against the truth.</span> <span data-sentence-id=\"732#1:2\"><span class=\"snr\">2</span>It separates what it is being used against, and sets it off as if it were a thing apart.</span> <span data-sentence-id=\"732#1:3\"><span class=\"snr\">3</span>And then it makes of it what you would have it be.</span> <span data-sentence-id=\"732#1:4\"><span class=\"snr\">4</span>It judges what it cannot understand, because it cannot see totality and therefore judges falsely.</span> <span data-sentence-id=\"732#1:5\"><span class=\"snr\">5</span>Let us not use it today, but make a gift of it to Him Who has a different use for it.</span> <span data-sentence-id=\"732#1:6\"><span class=\"snr\">6</span>He will relieve us of the agony of all the judgments we have made against ourselves, and re-establish peace of mind by giving us God’s Judgment of His Son.</span></p></div> <div data-paragraph-id=\"732#2\"><p class=\"p-italic\"><span class=\"pnr\">2.</span> <span data-sentence-id=\"732#2:1\"><span class=\"snr noprint\">1</span>Father, we wait with open mind today, to hear Your Judgment of the Son You love.</span> <span data-sentence-id=\"732#2:2\"><span class=\"snr\">2</span>We do not know him, and we cannot judge.</span> <span data-sentence-id=\"732#2:3\"><span class=\"snr\">3</span>And so we let Your Love decide what he whom You created as Your Son must be.</span></p></div> </div>","firstWords":"Judgment was made to be a weapon used against the truth. It separates what it is being used against, and sets it off as if it were a thing apart. And then it makes of it what you would have it be. It","contentType":"acim-content","seoTitle":"Lesson 311: I judge all things as I would have… | ACIM","seoDescription":"✨ A Course in Miracles with 🎧 Audio! Read and listen to Lesson 311 “I judge all things as I would have them be”: Judgment was made to be a weapon used against the truth. It separates…","desktopBreadcrumbs":[{"label":"Workbook","leadsTo":{"locale":"en","sectionId":401,"slugs":["workbook","introduction"],"forceToc":true}},{"label":"Part II","leadsTo":{"locale":"en","sectionId":631,"slugs":["workbook","part-ii-introduction"],"forceToc":true}},{"label":"10. What Is the Last Judgment?","leadsTo":{"locale":"en","sectionId":731,"slugs":["workbook","what-is-the-last-judgment"]}},{"label":"Lesson 311","leadsTo":{"locale":"en","sectionId":732,"slugs":["lesson-311","i-judge-all-things-as-i-would-have-them-be"]}}],"mobileBreadcrumbs":[{"label":"Workbook","leadsTo":{"locale":"en","sectionId":401,"slugs":["workbook","introduction"],"forceToc":true}},{"label":"Part II","leadsTo":{"locale":"en","sectionId":631,"slugs":["workbook","part-ii-introduction"],"forceToc":true}},{"label":"10. What Is the Last Judgment?","leadsTo":{"locale":"en","sectionId":731,"slugs":["workbook","what-is-the-last-judgment"]}},{"label":"Lesson 311","leadsTo":{"locale":"en","sectionId":732,"slugs":["lesson-311","i-judge-all-things-as-i-would-have-them-be"]}}],"seoBreadcrumbs":[{"label":"A Course in Miracles","leadsTo":"dashboard"},{"label":"Workbook","leadsTo":{"locale":"en","sectionId":401,"slugs":["workbook","introduction"],"forceToc":true}},{"label":"Part II","leadsTo":{"locale":"en","sectionId":631,"slugs":["workbook","part-ii-introduction"],"forceToc":true}},{"label":"10. What Is the Last Judgment?","leadsTo":{"locale":"en","sectionId":731,"slugs":["workbook","what-is-the-last-judgment"]}},{"label":"Lesson 311","leadsTo":{"locale":"en","sectionId":732,"slugs":["lesson-311","i-judge-all-things-as-i-would-have-them-be"]}}],"slugs":["lesson-311","i-judge-all-things-as-i-would-have-them-be"],"canonicalLink":"https://acim.org/acim/lesson-311/i-judge-all-things-as-i-would-have-them-be/en/s/732","link":"https://acim.org/acim/lesson-311/i-judge-all-things-as-i-would-have-them-be/en/s/732","shortLink":"https://acim.org/acim/en/s/732","previousSectionId":731,"previousSectionSlugs":["workbook","what-is-the-last-judgment"],"previousSectionLink":"https://acim.org/acim/workbook/what-is-the-last-judgment/en/s/731","nextSectionId":733,"nextSectionSlugs":["lesson-312","i-see-all-things-as-i-would-have-them-be"],"nextSectionLink":"https://acim.org/acim/lesson-312/i-see-all-things-as-i-would-have-them-be/en/s/733","hreflangLinks":[{"hrefLang":"en","link":"https://acim.org/acim/en/s/732"}]}