{"sectionId":733,"sectionIdLiteral":"733","humanId":"lesson-312","volumeId":"workbook","locale":"en","titleInfo":{"title":"I see all things as I would have them be.","ownlineNumber":"Lesson 312"},"annotation":"W-312","bodyHtml":"<div class=\"acim-text lesson-312\"> <div data-paragraph-id=\"733#1\"><p class=\"p-normal\"><span class=\"pnr\">1.</span> <span data-sentence-id=\"733#1:1\"><span class=\"snr noprint\">1</span>Perception follows judgment.</span> <span data-sentence-id=\"733#1:2\"><span class=\"snr\">2</span>Having judged, we therefore see what we would look upon.</span> <span data-sentence-id=\"733#1:3\"><span class=\"snr\">3</span>For sight can merely serve to offer us what we would have.</span> <span data-sentence-id=\"733#1:4\"><span class=\"snr\">4</span>It is impossible to overlook what we would see, and fail to see what we have chosen to behold.</span> <span data-sentence-id=\"733#1:5\"><span class=\"snr\">5</span>How surely, therefore, must the real world come to greet the holy sight of anyone who takes the Holy Spirit’s purpose as his goal for seeing.</span> <span data-sentence-id=\"733#1:6\"><span class=\"snr\">6</span>And he cannot fail to look upon what Christ would have him see, and share Christ’s Love for what he looks upon.</span></p></div> <div data-paragraph-id=\"733#2\"><p class=\"p-italic\"><span class=\"pnr\">2.</span> <span data-sentence-id=\"733#2:1\"><span class=\"snr noprint\">1</span>I have no purpose for today except to look upon a liberated world, set free from all the judgments I have made.</span> <span data-sentence-id=\"733#2:2\"><span class=\"snr\">2</span>Father, this is Your Will for me today, and therefore it must be my goal as well.</span></p></div> </div>","firstWords":"Perception follows judgment. Having judged, we therefore see what we would look upon. For sight can merely serve to offer us what we would have. It is impossible to overlook what we would see, and","contentType":"acim-content","seoTitle":"Lesson 312: I see all things as I would have… | ACIM","seoDescription":"✨ A Course in Miracles with 🎧 Audio! Read and listen to Lesson 312 “I see all things as I would have them be”: Perception follows judgment. Having judged, we therefore see what we would…","desktopBreadcrumbs":[{"label":"Workbook","leadsTo":{"locale":"en","sectionId":401,"slugs":["workbook","introduction"],"forceToc":true}},{"label":"Part II","leadsTo":{"locale":"en","sectionId":631,"slugs":["workbook","part-ii-introduction"],"forceToc":true}},{"label":"10. What Is the Last Judgment?","leadsTo":{"locale":"en","sectionId":731,"slugs":["workbook","what-is-the-last-judgment"]}},{"label":"Lesson 312","leadsTo":{"locale":"en","sectionId":733,"slugs":["lesson-312","i-see-all-things-as-i-would-have-them-be"]}}],"mobileBreadcrumbs":[{"label":"Workbook","leadsTo":{"locale":"en","sectionId":401,"slugs":["workbook","introduction"],"forceToc":true}},{"label":"Part II","leadsTo":{"locale":"en","sectionId":631,"slugs":["workbook","part-ii-introduction"],"forceToc":true}},{"label":"10. What Is the Last Judgment?","leadsTo":{"locale":"en","sectionId":731,"slugs":["workbook","what-is-the-last-judgment"]}},{"label":"Lesson 312","leadsTo":{"locale":"en","sectionId":733,"slugs":["lesson-312","i-see-all-things-as-i-would-have-them-be"]}}],"seoBreadcrumbs":[{"label":"A Course in Miracles","leadsTo":"dashboard"},{"label":"Workbook","leadsTo":{"locale":"en","sectionId":401,"slugs":["workbook","introduction"],"forceToc":true}},{"label":"Part II","leadsTo":{"locale":"en","sectionId":631,"slugs":["workbook","part-ii-introduction"],"forceToc":true}},{"label":"10. What Is the Last Judgment?","leadsTo":{"locale":"en","sectionId":731,"slugs":["workbook","what-is-the-last-judgment"]}},{"label":"Lesson 312","leadsTo":{"locale":"en","sectionId":733,"slugs":["lesson-312","i-see-all-things-as-i-would-have-them-be"]}}],"slugs":["lesson-312","i-see-all-things-as-i-would-have-them-be"],"canonicalLink":"https://acim.org/acim/lesson-312/i-see-all-things-as-i-would-have-them-be/en/s/733","link":"https://acim.org/acim/lesson-312/i-see-all-things-as-i-would-have-them-be/en/s/733","shortLink":"https://acim.org/acim/en/s/733","previousSectionId":732,"previousSectionSlugs":["lesson-311","i-judge-all-things-as-i-would-have-them-be"],"previousSectionLink":"https://acim.org/acim/lesson-311/i-judge-all-things-as-i-would-have-them-be/en/s/732","nextSectionId":734,"nextSectionSlugs":["lesson-313","now-let-a-new-perception-come-to-me"],"nextSectionLink":"https://acim.org/acim/lesson-313/now-let-a-new-perception-come-to-me/en/s/734","hreflangLinks":[{"hrefLang":"en","link":"https://acim.org/acim/en/s/733"}]}