{"sectionId":737,"sectionIdLiteral":"737","humanId":"lesson-316","volumeId":"workbook","locale":"en","titleInfo":{"title":"All gifts I give my brothers are my own.","ownlineNumber":"Lesson 316"},"annotation":"W-316","bodyHtml":"<div class=\"acim-text lesson-316\"> <div data-paragraph-id=\"737#1\"><p class=\"p-normal\"><span class=\"pnr\">1.</span> <span data-sentence-id=\"737#1:1\"><span class=\"snr noprint\">1</span>As every gift my brothers give is mine, so every gift I give belongs to me.</span> <span data-sentence-id=\"737#1:2\"><span class=\"snr\">2</span>Each one allows a past mistake to go, and leave no shadow on the holy mind my Father loves.</span> <span data-sentence-id=\"737#1:3\"><span class=\"snr\">3</span>His grace is given me in every gift a brother has received throughout all time, and past all time as well.</span> <span data-sentence-id=\"737#1:4\"><span class=\"snr\">4</span>My treasure house is full, and angels watch its open doors that not one gift is lost, and only more are added.</span> <span data-sentence-id=\"737#1:5\"><span class=\"snr\">5</span>Let me come to where my treasures are, and enter in where I am truly welcome and at home, among the gifts that God has given me.</span></p></div> <div data-paragraph-id=\"737#2\"><p class=\"p-italic\"><span class=\"pnr\">2.</span> <span data-sentence-id=\"737#2:1\"><span class=\"snr noprint\">1</span>Father, I would accept Your gifts today.</span> <span data-sentence-id=\"737#2:2\"><span class=\"snr\">2</span>I do not recognize them.</span> <span data-sentence-id=\"737#2:3\"><span class=\"snr\">3</span>Yet I trust that You Who gave them will provide the means by which I can behold them, see their worth, and cherish only them as what I want.</span></p></div> </div>","firstWords":"As every gift my brothers give is mine, so every gift I give belongs to me. Each one allows a past mistake to go, and leave no shadow on the holy mind my Father loves. His grace is given me in every","contentType":"acim-content","seoTitle":"Lesson 316: All gifts I give my brothers are… | ACIM","seoDescription":"✨ A Course in Miracles with 🎧 Audio! Read and listen to Lesson 316 “All gifts I give my brothers are my own”: As every gift my brothers give is mine, so every gift I give belongs to me.…","desktopBreadcrumbs":[{"label":"Workbook","leadsTo":{"locale":"en","sectionId":401,"slugs":["workbook","introduction"],"forceToc":true}},{"label":"Part II","leadsTo":{"locale":"en","sectionId":631,"slugs":["workbook","part-ii-introduction"],"forceToc":true}},{"label":"10. What Is the Last Judgment?","leadsTo":{"locale":"en","sectionId":731,"slugs":["workbook","what-is-the-last-judgment"]}},{"label":"Lesson 316","leadsTo":{"locale":"en","sectionId":737,"slugs":["lesson-316","all-gifts-i-give-my-brothers-are-my-own"]}}],"mobileBreadcrumbs":[{"label":"Workbook","leadsTo":{"locale":"en","sectionId":401,"slugs":["workbook","introduction"],"forceToc":true}},{"label":"Part II","leadsTo":{"locale":"en","sectionId":631,"slugs":["workbook","part-ii-introduction"],"forceToc":true}},{"label":"10. What Is the Last Judgment?","leadsTo":{"locale":"en","sectionId":731,"slugs":["workbook","what-is-the-last-judgment"]}},{"label":"Lesson 316","leadsTo":{"locale":"en","sectionId":737,"slugs":["lesson-316","all-gifts-i-give-my-brothers-are-my-own"]}}],"seoBreadcrumbs":[{"label":"A Course in Miracles","leadsTo":"dashboard"},{"label":"Workbook","leadsTo":{"locale":"en","sectionId":401,"slugs":["workbook","introduction"],"forceToc":true}},{"label":"Part II","leadsTo":{"locale":"en","sectionId":631,"slugs":["workbook","part-ii-introduction"],"forceToc":true}},{"label":"10. What Is the Last Judgment?","leadsTo":{"locale":"en","sectionId":731,"slugs":["workbook","what-is-the-last-judgment"]}},{"label":"Lesson 316","leadsTo":{"locale":"en","sectionId":737,"slugs":["lesson-316","all-gifts-i-give-my-brothers-are-my-own"]}}],"slugs":["lesson-316","all-gifts-i-give-my-brothers-are-my-own"],"canonicalLink":"https://acim.org/acim/lesson-316/all-gifts-i-give-my-brothers-are-my-own/en/s/737","link":"https://acim.org/acim/lesson-316/all-gifts-i-give-my-brothers-are-my-own/en/s/737","shortLink":"https://acim.org/acim/en/s/737","previousSectionId":736,"previousSectionSlugs":["lesson-315","all-gifts-my-brothers-give-belong-to-me"],"previousSectionLink":"https://acim.org/acim/lesson-315/all-gifts-my-brothers-give-belong-to-me/en/s/736","nextSectionId":738,"nextSectionSlugs":["lesson-317","i-follow-in-the-way-appointed-me"],"nextSectionLink":"https://acim.org/acim/lesson-317/i-follow-in-the-way-appointed-me/en/s/738","hreflangLinks":[{"hrefLang":"en","link":"https://acim.org/acim/en/s/737"}]}