{"sectionId":738,"sectionIdLiteral":"738","humanId":"lesson-317","volumeId":"workbook","locale":"en","titleInfo":{"title":"I follow in the way appointed me.","ownlineNumber":"Lesson 317"},"annotation":"W-317","bodyHtml":"<div class=\"acim-text lesson-317\"> <div data-paragraph-id=\"738#1\"><p class=\"p-normal\"><span class=\"pnr\">1.</span> <span data-sentence-id=\"738#1:1\"><span class=\"snr noprint\">1</span>I have a special place to fill; a role for me alone.</span> <span data-sentence-id=\"738#1:2\"><span class=\"snr\">2</span>Salvation waits until I take this part as what I choose to do.</span> <span data-sentence-id=\"738#1:3\"><span class=\"snr\">3</span>Until I make this choice, I am the slave of time and human destiny.</span> <span data-sentence-id=\"738#1:4\"><span class=\"snr\">4</span>But when I willingly and gladly go the way my Father’s plan appointed me to go, then will I recognize salvation is already here, already given all my brothers and already mine as well.</span></p></div> <div data-paragraph-id=\"738#2\"><p class=\"p-italic\"><span class=\"pnr\">2.</span> <span data-sentence-id=\"738#2:1\"><span class=\"snr noprint\">1</span>Father, Your way is what I choose today.</span> <span data-sentence-id=\"738#2:2\"><span class=\"snr\">2</span>Where it would lead me do I choose to go; what it would have me do I choose to do.</span> <span data-sentence-id=\"738#2:3\"><span class=\"snr\">3</span>Your way is certain, and the end secure.</span> <span data-sentence-id=\"738#2:4\"><span class=\"snr\">4</span>The memory of You awaits me there.</span> <span data-sentence-id=\"738#2:5\"><span class=\"snr\">5</span>And all my sorrows end in Your embrace, which You have promised to Your Son, who thought mistakenly that he had wandered from the sure protection of Your loving Arms.</span></p></div> </div>","firstWords":"I have a special place to fill; a role for me alone. Salvation waits until I take this part as what I choose to do. Until I make this choice, I am the slave of time and human destiny. But when I","contentType":"acim-content","seoTitle":"Lesson 317: I follow in the way appointed me | ACIM","seoDescription":"✨ A Course in Miracles with 🎧 Audio! Read and listen to Lesson 317 “I follow in the way appointed me”: I have a special place to fill; a role for me alone. Salvation waits until I take…","desktopBreadcrumbs":[{"label":"Workbook","leadsTo":{"locale":"en","sectionId":401,"slugs":["workbook","introduction"],"forceToc":true}},{"label":"Part II","leadsTo":{"locale":"en","sectionId":631,"slugs":["workbook","part-ii-introduction"],"forceToc":true}},{"label":"10. What Is the Last Judgment?","leadsTo":{"locale":"en","sectionId":731,"slugs":["workbook","what-is-the-last-judgment"]}},{"label":"Lesson 317","leadsTo":{"locale":"en","sectionId":738,"slugs":["lesson-317","i-follow-in-the-way-appointed-me"]}}],"mobileBreadcrumbs":[{"label":"Workbook","leadsTo":{"locale":"en","sectionId":401,"slugs":["workbook","introduction"],"forceToc":true}},{"label":"Part II","leadsTo":{"locale":"en","sectionId":631,"slugs":["workbook","part-ii-introduction"],"forceToc":true}},{"label":"10. What Is the Last Judgment?","leadsTo":{"locale":"en","sectionId":731,"slugs":["workbook","what-is-the-last-judgment"]}},{"label":"Lesson 317","leadsTo":{"locale":"en","sectionId":738,"slugs":["lesson-317","i-follow-in-the-way-appointed-me"]}}],"seoBreadcrumbs":[{"label":"A Course in Miracles","leadsTo":"dashboard"},{"label":"Workbook","leadsTo":{"locale":"en","sectionId":401,"slugs":["workbook","introduction"],"forceToc":true}},{"label":"Part II","leadsTo":{"locale":"en","sectionId":631,"slugs":["workbook","part-ii-introduction"],"forceToc":true}},{"label":"10. What Is the Last Judgment?","leadsTo":{"locale":"en","sectionId":731,"slugs":["workbook","what-is-the-last-judgment"]}},{"label":"Lesson 317","leadsTo":{"locale":"en","sectionId":738,"slugs":["lesson-317","i-follow-in-the-way-appointed-me"]}}],"slugs":["lesson-317","i-follow-in-the-way-appointed-me"],"canonicalLink":"https://acim.org/acim/lesson-317/i-follow-in-the-way-appointed-me/en/s/738","link":"https://acim.org/acim/lesson-317/i-follow-in-the-way-appointed-me/en/s/738","shortLink":"https://acim.org/acim/en/s/738","previousSectionId":737,"previousSectionSlugs":["lesson-316","all-gifts-i-give-my-brothers-are-my-own"],"previousSectionLink":"https://acim.org/acim/lesson-316/all-gifts-i-give-my-brothers-are-my-own/en/s/737","nextSectionId":739,"nextSectionSlugs":["lesson-318","in-me-salvations-means-and-end-are-one"],"nextSectionLink":"https://acim.org/acim/lesson-318/in-me-salvations-means-and-end-are-one/en/s/739","hreflangLinks":[{"hrefLang":"en","link":"https://acim.org/acim/en/s/738"}]}