{"sectionId":739,"sectionIdLiteral":"739","humanId":"lesson-318","volumeId":"workbook","locale":"en","titleInfo":{"title":"In me salvation’s means and end are one.","ownlineNumber":"Lesson 318"},"annotation":"W-318","bodyHtml":"<div class=\"acim-text lesson-318\"> <div data-paragraph-id=\"739#1\"><p class=\"p-normal\"><span class=\"pnr\">1.</span> <span data-sentence-id=\"739#1:1\"><span class=\"snr noprint\">1</span>In me, God’s holy Son, are reconciled all parts of Heaven’s plan to save the world.</span> <span data-sentence-id=\"739#1:2\"><span class=\"snr\">2</span>What could conflict, when all the parts have but one purpose and one aim?</span> <span data-sentence-id=\"739#1:3\"><span class=\"snr\">3</span>How could there be a single part that stands alone, or one of more or less importance than the rest?</span> <span data-sentence-id=\"739#1:4\"><span class=\"snr\">4</span>I am the means by which God’s Son is saved, because salvation’s purpose is to find the sinlessness that God has placed in me.</span> <span data-sentence-id=\"739#1:5\"><span class=\"snr\">5</span>I was created as the thing I seek.</span> <span data-sentence-id=\"739#1:6\"><span class=\"snr\">6</span>I am the goal the world is searching for.</span> <span data-sentence-id=\"739#1:7\"><span class=\"snr\">7</span>I am God’s Son, His one eternal Love.</span> <span data-sentence-id=\"739#1:8\"><span class=\"snr\">8</span>I am salvation’s means and end as well.</span></p></div> <div data-paragraph-id=\"739#2\"><p class=\"p-italic\"><span class=\"pnr\">2.</span> <span data-sentence-id=\"739#2:1\"><span class=\"snr noprint\">1</span>Let me today, my Father, take the role You offer me in Your request that I accept Atonement for myself.</span> <span data-sentence-id=\"739#2:2\"><span class=\"snr\">2</span>For thus does what is thereby reconciled in me become as surely reconciled to You.</span></p></div> </div>","firstWords":"In me, God’s holy Son, are reconciled all parts of Heaven’s plan to save the world. What could conflict, when all the parts have but one purpose and one aim? How could there be a single part that","contentType":"acim-content","seoTitle":"Lesson 318: In me salvation’s means and end… | ACIM","seoDescription":"✨ A Course in Miracles with 🎧 Audio! Read and listen to Lesson 318 “In me salvation’s means and end are one”: In me, God’s holy Son, are reconciled all parts of Heaven’s plan to save…","desktopBreadcrumbs":[{"label":"Workbook","leadsTo":{"locale":"en","sectionId":401,"slugs":["workbook","introduction"],"forceToc":true}},{"label":"Part II","leadsTo":{"locale":"en","sectionId":631,"slugs":["workbook","part-ii-introduction"],"forceToc":true}},{"label":"10. What Is the Last Judgment?","leadsTo":{"locale":"en","sectionId":731,"slugs":["workbook","what-is-the-last-judgment"]}},{"label":"Lesson 318","leadsTo":{"locale":"en","sectionId":739,"slugs":["lesson-318","in-me-salvations-means-and-end-are-one"]}}],"mobileBreadcrumbs":[{"label":"Workbook","leadsTo":{"locale":"en","sectionId":401,"slugs":["workbook","introduction"],"forceToc":true}},{"label":"Part II","leadsTo":{"locale":"en","sectionId":631,"slugs":["workbook","part-ii-introduction"],"forceToc":true}},{"label":"10. What Is the Last Judgment?","leadsTo":{"locale":"en","sectionId":731,"slugs":["workbook","what-is-the-last-judgment"]}},{"label":"Lesson 318","leadsTo":{"locale":"en","sectionId":739,"slugs":["lesson-318","in-me-salvations-means-and-end-are-one"]}}],"seoBreadcrumbs":[{"label":"A Course in Miracles","leadsTo":"dashboard"},{"label":"Workbook","leadsTo":{"locale":"en","sectionId":401,"slugs":["workbook","introduction"],"forceToc":true}},{"label":"Part II","leadsTo":{"locale":"en","sectionId":631,"slugs":["workbook","part-ii-introduction"],"forceToc":true}},{"label":"10. What Is the Last Judgment?","leadsTo":{"locale":"en","sectionId":731,"slugs":["workbook","what-is-the-last-judgment"]}},{"label":"Lesson 318","leadsTo":{"locale":"en","sectionId":739,"slugs":["lesson-318","in-me-salvations-means-and-end-are-one"]}}],"slugs":["lesson-318","in-me-salvations-means-and-end-are-one"],"canonicalLink":"https://acim.org/acim/lesson-318/in-me-salvations-means-and-end-are-one/en/s/739","link":"https://acim.org/acim/lesson-318/in-me-salvations-means-and-end-are-one/en/s/739","shortLink":"https://acim.org/acim/en/s/739","previousSectionId":738,"previousSectionSlugs":["lesson-317","i-follow-in-the-way-appointed-me"],"previousSectionLink":"https://acim.org/acim/lesson-317/i-follow-in-the-way-appointed-me/en/s/738","nextSectionId":740,"nextSectionSlugs":["lesson-319","i-came-for-the-salvation-of-the-world"],"nextSectionLink":"https://acim.org/acim/lesson-319/i-came-for-the-salvation-of-the-world/en/s/740","hreflangLinks":[{"hrefLang":"en","link":"https://acim.org/acim/en/s/739"}]}