{"sectionId":740,"sectionIdLiteral":"740","humanId":"lesson-319","volumeId":"workbook","locale":"en","titleInfo":{"title":"I came for the salvation of the world.","ownlineNumber":"Lesson 319"},"annotation":"W-319","bodyHtml":"<div class=\"acim-text lesson-319\"> <div data-paragraph-id=\"740#1\"><p class=\"p-normal\"><span class=\"pnr\">1.</span> <span data-sentence-id=\"740#1:1\"><span class=\"snr noprint\">1</span>Here is a thought from which all arrogance has been removed, and only truth remains.</span> <span data-sentence-id=\"740#1:2\"><span class=\"snr\">2</span>For arrogance opposes truth.</span> <span data-sentence-id=\"740#1:3\"><span class=\"snr\">3</span>But when there is no arrogance the truth will come immediately, and fill up the space the ego left unoccupied by lies.</span> <span data-sentence-id=\"740#1:4\"><span class=\"snr\">4</span>Only the ego can be limited, and therefore it must seek for aims which are curtailed and limiting.</span> <span data-sentence-id=\"740#1:5\"><span class=\"snr\">5</span>The ego thinks that what one gains, totality must lose.</span> <span data-sentence-id=\"740#1:6\"><span class=\"snr\">6</span>And yet it is the Will of God I learn that what one gains is given unto all.</span></p></div> <div data-paragraph-id=\"740#2\"><p class=\"p-italic\"><span class=\"pnr\">2.</span> <span data-sentence-id=\"740#2:1\"><span class=\"snr noprint\">1</span>Father, Your Will is total.</span> <span data-sentence-id=\"740#2:2\"><span class=\"snr\">2</span>And the goal which stems from it shares its totality.</span> <span data-sentence-id=\"740#2:3\"><span class=\"snr\">3</span>What aim but the salvation of the world could You have given me?</span> <span data-sentence-id=\"740#2:4\"><span class=\"snr\">4</span>And what but this could be the Will my Self has shared with You?</span></p></div> </div>","firstWords":"Here is a thought from which all arrogance has been removed, and only truth remains. For arrogance opposes truth. But when there is no arrogance the truth will come immediately, and fill up the space","contentType":"acim-content","seoTitle":"Lesson 319: I came for the salvation of the… | ACIM","seoDescription":"✨ A Course in Miracles with 🎧 Audio! Read and listen to Lesson 319 “I came for the salvation of the world”: Here is a thought from which all arrogance has been removed, and only truth…","desktopBreadcrumbs":[{"label":"Workbook","leadsTo":{"locale":"en","sectionId":401,"slugs":["workbook","introduction"],"forceToc":true}},{"label":"Part II","leadsTo":{"locale":"en","sectionId":631,"slugs":["workbook","part-ii-introduction"],"forceToc":true}},{"label":"10. What Is the Last Judgment?","leadsTo":{"locale":"en","sectionId":731,"slugs":["workbook","what-is-the-last-judgment"]}},{"label":"Lesson 319","leadsTo":{"locale":"en","sectionId":740,"slugs":["lesson-319","i-came-for-the-salvation-of-the-world"]}}],"mobileBreadcrumbs":[{"label":"Workbook","leadsTo":{"locale":"en","sectionId":401,"slugs":["workbook","introduction"],"forceToc":true}},{"label":"Part II","leadsTo":{"locale":"en","sectionId":631,"slugs":["workbook","part-ii-introduction"],"forceToc":true}},{"label":"10. What Is the Last Judgment?","leadsTo":{"locale":"en","sectionId":731,"slugs":["workbook","what-is-the-last-judgment"]}},{"label":"Lesson 319","leadsTo":{"locale":"en","sectionId":740,"slugs":["lesson-319","i-came-for-the-salvation-of-the-world"]}}],"seoBreadcrumbs":[{"label":"A Course in Miracles","leadsTo":"dashboard"},{"label":"Workbook","leadsTo":{"locale":"en","sectionId":401,"slugs":["workbook","introduction"],"forceToc":true}},{"label":"Part II","leadsTo":{"locale":"en","sectionId":631,"slugs":["workbook","part-ii-introduction"],"forceToc":true}},{"label":"10. What Is the Last Judgment?","leadsTo":{"locale":"en","sectionId":731,"slugs":["workbook","what-is-the-last-judgment"]}},{"label":"Lesson 319","leadsTo":{"locale":"en","sectionId":740,"slugs":["lesson-319","i-came-for-the-salvation-of-the-world"]}}],"slugs":["lesson-319","i-came-for-the-salvation-of-the-world"],"canonicalLink":"https://acim.org/acim/lesson-319/i-came-for-the-salvation-of-the-world/en/s/740","link":"https://acim.org/acim/lesson-319/i-came-for-the-salvation-of-the-world/en/s/740","shortLink":"https://acim.org/acim/en/s/740","previousSectionId":739,"previousSectionSlugs":["lesson-318","in-me-salvations-means-and-end-are-one"],"previousSectionLink":"https://acim.org/acim/lesson-318/in-me-salvations-means-and-end-are-one/en/s/739","nextSectionId":741,"nextSectionSlugs":["lesson-320","my-father-gives-all-power-unto-me"],"nextSectionLink":"https://acim.org/acim/lesson-320/my-father-gives-all-power-unto-me/en/s/741","hreflangLinks":[{"hrefLang":"en","link":"https://acim.org/acim/en/s/740"}]}