{"sectionId":742,"sectionIdLiteral":"742","humanId":"wb-part2-what-is-11","volumeId":"workbook","locale":"en","titleInfo":{"title":"What Is Creation?","inlineNumber":"11."},"annotation":"W-pII.11","bodyHtml":"<div class=\"acim-text wb-part2-what-is-11\"> <div data-paragraph-id=\"742#1\"><p class=\"p-normal\"><span class=\"pnr\">1.</span> <span data-sentence-id=\"742#1:1\"><span class=\"snr noprint\">1</span>Creation is the sum of all God’s Thoughts, in number infinite, and everywhere without all limit.</span> <span data-sentence-id=\"742#1:2\"><span class=\"snr\">2</span>Only love creates, and only like itself.</span> <span data-sentence-id=\"742#1:3\"><span class=\"snr\">3</span>There was no time when all that it created was not there.</span> <span data-sentence-id=\"742#1:4\"><span class=\"snr\">4</span>Nor will there be a time when anything that it created suffers any loss.</span> <span data-sentence-id=\"742#1:5\"><span class=\"snr\">5</span>Forever and forever are God’s Thoughts exactly as they were and as they are, unchanged through time and after time is done.</span></p></div> <div data-paragraph-id=\"742#2\"><p class=\"p-normal\"><span class=\"pnr\">2.</span> <span data-sentence-id=\"742#2:1\"><span class=\"snr noprint\">1</span>God’s Thoughts are given all the power that their own Creator has.</span> <span data-sentence-id=\"742#2:2\"><span class=\"snr\">2</span>For He would add to love by its extension.</span> <span data-sentence-id=\"742#2:3\"><span class=\"snr\">3</span>Thus His Son shares in creation, and must therefore share in power to create.</span> <span data-sentence-id=\"742#2:4\"><span class=\"snr\">4</span>What God has willed to be forever One will still be One when time is over; and will not be changed throughout the course of time, remaining as it was before the thought of time began.</span></p></div> <div data-paragraph-id=\"742#3\"><p class=\"p-normal\"><span class=\"pnr\">3.</span> <span data-sentence-id=\"742#3:1\"><span class=\"snr noprint\">1</span>Creation is the opposite of all illusions, for creation is the truth.</span> <span data-sentence-id=\"742#3:2\"><span class=\"snr\">2</span>Creation is the holy Son of God, for in creation is His Will complete in every aspect, making every part container of the whole.</span> <span data-sentence-id=\"742#3:3\"><span class=\"snr\">3</span>Its oneness is forever guaranteed inviolate; forever held within His holy Will, beyond all possibility of harm, of separation, imperfection and of any spot upon its sinlessness.</span></p></div> <div data-paragraph-id=\"742#4\"><p class=\"p-normal\"><span class=\"pnr\">4.</span> <span data-sentence-id=\"742#4:1\"><span class=\"snr noprint\">1</span>We are creation; we the Sons of God.</span> <span data-sentence-id=\"742#4:2\"><span class=\"snr\">2</span>We seem to be discrete, and unaware of our eternal unity with Him.</span> <span data-sentence-id=\"742#4:3\"><span class=\"snr\">3</span>Yet back of all our doubts, past all our fears, there still is certainty.</span> <span data-sentence-id=\"742#4:4\"><span class=\"snr\">4</span>For love remains with all its Thoughts, its sureness being theirs.</span> <span data-sentence-id=\"742#4:5\"><span class=\"snr\">5</span>God’s memory is in our holy minds, which know their oneness and their unity with their Creator.</span> <span data-sentence-id=\"742#4:6\"><span class=\"snr\">6</span>Let our function be only to let this memory return, only to let God’s Will be done on earth, only to be restored to sanity, and to be but as God created us.</span></p></div> <div data-paragraph-id=\"742#5\"><p class=\"p-normal\"><span class=\"pnr\">5.</span> <span data-sentence-id=\"742#5:1\"><span class=\"snr noprint\">1</span>Our Father calls to us.</span> <span data-sentence-id=\"742#5:2\"><span class=\"snr\">2</span>We hear His Voice, and we forgive creation in the Name of its Creator, Holiness Itself, Whose Holiness His Own creation shares; Whose Holiness is still a part of us.</span></p></div> </div>","firstWords":"Creation is the sum of all God’s Thoughts, in number infinite, and everywhere without all limit. Only love creates, and only like itself. There was no time when all that it created was not there. Nor","contentType":"acim-content","seoTitle":"What Is Creation? | ACIM","seoDescription":"✨ A Course in Miracles with 🎧 Audio! Read and listen to “What Is Creation?” from the Workbook. Creation is the sum of all God’s Thoughts, in number infinite, and everywhere without all…","desktopBreadcrumbs":[{"label":"Workbook","leadsTo":{"locale":"en","sectionId":401,"slugs":["workbook","introduction"],"forceToc":true}},{"label":"Part II","leadsTo":{"locale":"en","sectionId":631,"slugs":["workbook","part-ii-introduction"],"forceToc":true}},{"label":"11. What Is Creation?","leadsTo":{"locale":"en","sectionId":742,"slugs":["workbook","what-is-creation"]}}],"mobileBreadcrumbs":[{"label":"Workbook","leadsTo":{"locale":"en","sectionId":401,"slugs":["workbook","introduction"],"forceToc":true}},{"label":"Part II","leadsTo":{"locale":"en","sectionId":631,"slugs":["workbook","part-ii-introduction"],"forceToc":true}},{"label":"11. What Is Creation?","leadsTo":{"locale":"en","sectionId":742,"slugs":["workbook","what-is-creation"]}}],"seoBreadcrumbs":[{"label":"A Course in Miracles","leadsTo":"dashboard"},{"label":"Workbook","leadsTo":{"locale":"en","sectionId":401,"slugs":["workbook","introduction"],"forceToc":true}},{"label":"Part II","leadsTo":{"locale":"en","sectionId":631,"slugs":["workbook","part-ii-introduction"],"forceToc":true}},{"label":"11. What Is Creation?","leadsTo":{"locale":"en","sectionId":742,"slugs":["workbook","what-is-creation"]}}],"slugs":["workbook","what-is-creation"],"canonicalLink":"https://acim.org/acim/workbook/what-is-creation/en/s/742","link":"https://acim.org/acim/workbook/what-is-creation/en/s/742","shortLink":"https://acim.org/acim/en/s/742","previousSectionId":741,"previousSectionSlugs":["lesson-320","my-father-gives-all-power-unto-me"],"previousSectionLink":"https://acim.org/acim/lesson-320/my-father-gives-all-power-unto-me/en/s/741","nextSectionId":743,"nextSectionSlugs":["lesson-321","father-my-freedom-is-in-you-alone"],"nextSectionLink":"https://acim.org/acim/lesson-321/father-my-freedom-is-in-you-alone/en/s/743","hreflangLinks":[{"hrefLang":"en","link":"https://acim.org/acim/en/s/742"}]}