{"sectionId":744,"sectionIdLiteral":"744","humanId":"lesson-322","volumeId":"workbook","locale":"en","titleInfo":{"title":"I can give up but what was never real.","ownlineNumber":"Lesson 322"},"annotation":"W-322","bodyHtml":"<div class=\"acim-text lesson-322\"> <div data-paragraph-id=\"744#1\"><p class=\"p-normal\"><span class=\"pnr\">1.</span> <span data-sentence-id=\"744#1:1\"><span class=\"snr noprint\">1</span>I sacrifice illusions; nothing more.</span> <span data-sentence-id=\"744#1:2\"><span class=\"snr\">2</span>And as illusions go I find the gifts illusions tried to hide, awaiting me in shining welcome, and in readiness to give God’s ancient messages to me.</span> <span data-sentence-id=\"744#1:3\"><span class=\"snr\">3</span>His memory abides in every gift that I receive of Him.</span> <span data-sentence-id=\"744#1:4\"><span class=\"snr\">4</span>And every dream serves only to conceal the Self which is God’s only Son, the likeness of Himself, the Holy One Who still abides in Him forever, as He still abides in me.</span></p></div> <div data-paragraph-id=\"744#2\"><p class=\"p-italic\"><span class=\"pnr\">2.</span> <span data-sentence-id=\"744#2:1\"><span class=\"snr noprint\">1</span>Father, to You all sacrifice remains forever inconceivable.</span> <span data-sentence-id=\"744#2:2\"><span class=\"snr\">2</span>And so I cannot sacrifice except in dreams.</span> <span data-sentence-id=\"744#2:3\"><span class=\"snr\">3</span>As You created me, I can give up nothing You gave me.</span> <span data-sentence-id=\"744#2:4\"><span class=\"snr\">4</span>What You did not give has no reality.</span> <span data-sentence-id=\"744#2:5\"><span class=\"snr\">5</span>What loss can I anticipate except the loss of fear, and the return of love into my mind?</span></p></div> </div>","firstWords":"I sacrifice illusions; nothing more. And as illusions go I find the gifts illusions tried to hide, awaiting me in shining welcome, and in readiness to give God’s ancient messages to me. His memory","contentType":"acim-content","seoTitle":"Lesson 322: I can give up but what was never… | ACIM","seoDescription":"✨ A Course in Miracles with 🎧 Audio! Read and listen to Lesson 322 “I can give up but what was never real”: I sacrifice illusions; nothing more. And as illusions go I find the gifts…","desktopBreadcrumbs":[{"label":"Workbook","leadsTo":{"locale":"en","sectionId":401,"slugs":["workbook","introduction"],"forceToc":true}},{"label":"Part II","leadsTo":{"locale":"en","sectionId":631,"slugs":["workbook","part-ii-introduction"],"forceToc":true}},{"label":"11. What Is Creation?","leadsTo":{"locale":"en","sectionId":742,"slugs":["workbook","what-is-creation"]}},{"label":"Lesson 322","leadsTo":{"locale":"en","sectionId":744,"slugs":["lesson-322","i-can-give-up-but-what-was-never-real"]}}],"mobileBreadcrumbs":[{"label":"Workbook","leadsTo":{"locale":"en","sectionId":401,"slugs":["workbook","introduction"],"forceToc":true}},{"label":"Part II","leadsTo":{"locale":"en","sectionId":631,"slugs":["workbook","part-ii-introduction"],"forceToc":true}},{"label":"11. What Is Creation?","leadsTo":{"locale":"en","sectionId":742,"slugs":["workbook","what-is-creation"]}},{"label":"Lesson 322","leadsTo":{"locale":"en","sectionId":744,"slugs":["lesson-322","i-can-give-up-but-what-was-never-real"]}}],"seoBreadcrumbs":[{"label":"A Course in Miracles","leadsTo":"dashboard"},{"label":"Workbook","leadsTo":{"locale":"en","sectionId":401,"slugs":["workbook","introduction"],"forceToc":true}},{"label":"Part II","leadsTo":{"locale":"en","sectionId":631,"slugs":["workbook","part-ii-introduction"],"forceToc":true}},{"label":"11. What Is Creation?","leadsTo":{"locale":"en","sectionId":742,"slugs":["workbook","what-is-creation"]}},{"label":"Lesson 322","leadsTo":{"locale":"en","sectionId":744,"slugs":["lesson-322","i-can-give-up-but-what-was-never-real"]}}],"slugs":["lesson-322","i-can-give-up-but-what-was-never-real"],"canonicalLink":"https://acim.org/acim/lesson-322/i-can-give-up-but-what-was-never-real/en/s/744","link":"https://acim.org/acim/lesson-322/i-can-give-up-but-what-was-never-real/en/s/744","shortLink":"https://acim.org/acim/en/s/744","previousSectionId":743,"previousSectionSlugs":["lesson-321","father-my-freedom-is-in-you-alone"],"previousSectionLink":"https://acim.org/acim/lesson-321/father-my-freedom-is-in-you-alone/en/s/743","nextSectionId":745,"nextSectionSlugs":["lesson-323","i-gladly-make-the-sacrifice-of-fear"],"nextSectionLink":"https://acim.org/acim/lesson-323/i-gladly-make-the-sacrifice-of-fear/en/s/745","hreflangLinks":[{"hrefLang":"en","link":"https://acim.org/acim/en/s/744"}]}