{"sectionId":745,"sectionIdLiteral":"745","humanId":"lesson-323","volumeId":"workbook","locale":"en","titleInfo":{"title":"I gladly make the “sacrifice” of fear.","ownlineNumber":"Lesson 323"},"annotation":"W-323","bodyHtml":"<div class=\"acim-text lesson-323\"> <div data-paragraph-id=\"745#1\"><p class=\"p-italic\"><span class=\"pnr\">1.</span> <span data-sentence-id=\"745#1:1\"><span class=\"snr noprint\">1</span>Here is the only “sacrifice” You ask of Your beloved Son; You ask him to give up all suffering, all sense of loss and sadness, all anxiety and doubt, and freely let Your Love come streaming in to his awareness, healing him of pain, and giving him Your Own eternal joy.</span> <span data-sentence-id=\"745#1:2\"><span class=\"snr\">2</span>Such is the “sacrifice” You ask of me, and one I gladly make; the only “cost” of restoration of Your memory to me, for the salvation of the world.</span></p></div> <div data-paragraph-id=\"745#2\"><p class=\"p-normal\"><span class=\"pnr\">2.</span> <span data-sentence-id=\"745#2:1\"><span class=\"snr noprint\">1</span>And as we pay the debt we owe to truth,—a debt that merely is the letting go of self-deceptions and of images we worshipped falsely—truth returns to us in wholeness and in joy.</span> <span data-sentence-id=\"745#2:2\"><span class=\"snr\">2</span>We are deceived no longer.</span> <span data-sentence-id=\"745#2:3\"><span class=\"snr\">3</span>Love has now returned to our awareness.</span> <span data-sentence-id=\"745#2:4\"><span class=\"snr\">4</span>And we are at peace again, for fear has gone and only love remains.</span></p></div> </div>","firstWords":"Here is the only “sacrifice” You ask of Your beloved Son; You ask him to give up all suffering, all sense of loss and sadness, all anxiety and doubt, and freely let Your Love come streaming in to his","contentType":"acim-content","seoTitle":"Lesson 323: I gladly make the “sacrifice” of… | ACIM","seoDescription":"✨ A Course in Miracles with 🎧 Audio! Read and listen to Lesson 323 “I gladly make the “sacrifice” of fear”: Here is the only “sacrifice” You ask of Your beloved Son; You ask him to give…","desktopBreadcrumbs":[{"label":"Workbook","leadsTo":{"locale":"en","sectionId":401,"slugs":["workbook","introduction"],"forceToc":true}},{"label":"Part II","leadsTo":{"locale":"en","sectionId":631,"slugs":["workbook","part-ii-introduction"],"forceToc":true}},{"label":"11. What Is Creation?","leadsTo":{"locale":"en","sectionId":742,"slugs":["workbook","what-is-creation"]}},{"label":"Lesson 323","leadsTo":{"locale":"en","sectionId":745,"slugs":["lesson-323","i-gladly-make-the-sacrifice-of-fear"]}}],"mobileBreadcrumbs":[{"label":"Workbook","leadsTo":{"locale":"en","sectionId":401,"slugs":["workbook","introduction"],"forceToc":true}},{"label":"Part II","leadsTo":{"locale":"en","sectionId":631,"slugs":["workbook","part-ii-introduction"],"forceToc":true}},{"label":"11. What Is Creation?","leadsTo":{"locale":"en","sectionId":742,"slugs":["workbook","what-is-creation"]}},{"label":"Lesson 323","leadsTo":{"locale":"en","sectionId":745,"slugs":["lesson-323","i-gladly-make-the-sacrifice-of-fear"]}}],"seoBreadcrumbs":[{"label":"A Course in Miracles","leadsTo":"dashboard"},{"label":"Workbook","leadsTo":{"locale":"en","sectionId":401,"slugs":["workbook","introduction"],"forceToc":true}},{"label":"Part II","leadsTo":{"locale":"en","sectionId":631,"slugs":["workbook","part-ii-introduction"],"forceToc":true}},{"label":"11. What Is Creation?","leadsTo":{"locale":"en","sectionId":742,"slugs":["workbook","what-is-creation"]}},{"label":"Lesson 323","leadsTo":{"locale":"en","sectionId":745,"slugs":["lesson-323","i-gladly-make-the-sacrifice-of-fear"]}}],"slugs":["lesson-323","i-gladly-make-the-sacrifice-of-fear"],"canonicalLink":"https://acim.org/acim/lesson-323/i-gladly-make-the-sacrifice-of-fear/en/s/745","link":"https://acim.org/acim/lesson-323/i-gladly-make-the-sacrifice-of-fear/en/s/745","shortLink":"https://acim.org/acim/en/s/745","previousSectionId":744,"previousSectionSlugs":["lesson-322","i-can-give-up-but-what-was-never-real"],"previousSectionLink":"https://acim.org/acim/lesson-322/i-can-give-up-but-what-was-never-real/en/s/744","nextSectionId":746,"nextSectionSlugs":["lesson-324","i-merely-follow-for-i-would-not-lead"],"nextSectionLink":"https://acim.org/acim/lesson-324/i-merely-follow-for-i-would-not-lead/en/s/746","hreflangLinks":[{"hrefLang":"en","link":"https://acim.org/acim/en/s/745"}]}