{"sectionId":749,"sectionIdLiteral":"749","humanId":"lesson-327","volumeId":"workbook","locale":"en","titleInfo":{"title":"I need but call and You will answer me.","ownlineNumber":"Lesson 327"},"annotation":"W-327","bodyHtml":"<div class=\"acim-text lesson-327\"> <div data-paragraph-id=\"749#1\"><p class=\"p-normal\"><span class=\"pnr\">1.</span> <span data-sentence-id=\"749#1:1\"><span class=\"snr noprint\">1</span>I am not asked to take salvation on the basis of an unsupported faith.</span> <span data-sentence-id=\"749#1:2\"><span class=\"snr\">2</span>For God has promised He will hear my call, and answer me Himself.</span> <span data-sentence-id=\"749#1:3\"><span class=\"snr\">3</span>Let me but learn from my experience that this is true, and faith in Him must surely come to me.</span> <span data-sentence-id=\"749#1:4\"><span class=\"snr\">4</span>This is the faith that will endure, and take me farther and still farther on the road that leads to Him.</span> <span data-sentence-id=\"749#1:5\"><span class=\"snr\">5</span>For thus I will be sure that He has not abandoned me and loves me still, awaiting but my call to give me all the help I need to come to Him.</span></p></div> <div data-paragraph-id=\"749#2\"><p class=\"p-italic\"><span class=\"pnr\">2.</span> <span data-sentence-id=\"749#2:1\"><span class=\"snr noprint\">1</span>Father, I thank You that Your promises will never fail in my experience, if I but test them out.</span> <span data-sentence-id=\"749#2:2\"><span class=\"snr\">2</span>Let me attempt therefore to try them, and to judge them not.</span> <span data-sentence-id=\"749#2:3\"><span class=\"snr\">3</span>Your Word is one with You.</span> <span data-sentence-id=\"749#2:4\"><span class=\"snr\">4</span>You give the means whereby conviction comes, and surety of Your abiding Love is gained at last.</span></p></div> </div>","firstWords":"I am not asked to take salvation on the basis of an unsupported faith. For God has promised He will hear my call, and answer me Himself. Let me but learn from my experience that this is true, and","contentType":"acim-content","seoTitle":"Lesson 327: I need but call and You will… | ACIM","seoDescription":"✨ A Course in Miracles with 🎧 Audio! Read and listen to Lesson 327 “I need but call and You will answer me”: I am not asked to take salvation on the basis of an unsupported faith. For…","desktopBreadcrumbs":[{"label":"Workbook","leadsTo":{"locale":"en","sectionId":401,"slugs":["workbook","introduction"],"forceToc":true}},{"label":"Part II","leadsTo":{"locale":"en","sectionId":631,"slugs":["workbook","part-ii-introduction"],"forceToc":true}},{"label":"11. What Is Creation?","leadsTo":{"locale":"en","sectionId":742,"slugs":["workbook","what-is-creation"]}},{"label":"Lesson 327","leadsTo":{"locale":"en","sectionId":749,"slugs":["lesson-327","i-need-but-call-and-you-will-answer-me"]}}],"mobileBreadcrumbs":[{"label":"Workbook","leadsTo":{"locale":"en","sectionId":401,"slugs":["workbook","introduction"],"forceToc":true}},{"label":"Part II","leadsTo":{"locale":"en","sectionId":631,"slugs":["workbook","part-ii-introduction"],"forceToc":true}},{"label":"11. What Is Creation?","leadsTo":{"locale":"en","sectionId":742,"slugs":["workbook","what-is-creation"]}},{"label":"Lesson 327","leadsTo":{"locale":"en","sectionId":749,"slugs":["lesson-327","i-need-but-call-and-you-will-answer-me"]}}],"seoBreadcrumbs":[{"label":"A Course in Miracles","leadsTo":"dashboard"},{"label":"Workbook","leadsTo":{"locale":"en","sectionId":401,"slugs":["workbook","introduction"],"forceToc":true}},{"label":"Part II","leadsTo":{"locale":"en","sectionId":631,"slugs":["workbook","part-ii-introduction"],"forceToc":true}},{"label":"11. What Is Creation?","leadsTo":{"locale":"en","sectionId":742,"slugs":["workbook","what-is-creation"]}},{"label":"Lesson 327","leadsTo":{"locale":"en","sectionId":749,"slugs":["lesson-327","i-need-but-call-and-you-will-answer-me"]}}],"slugs":["lesson-327","i-need-but-call-and-you-will-answer-me"],"canonicalLink":"https://acim.org/acim/lesson-327/i-need-but-call-and-you-will-answer-me/en/s/749","link":"https://acim.org/acim/lesson-327/i-need-but-call-and-you-will-answer-me/en/s/749","shortLink":"https://acim.org/acim/en/s/749","previousSectionId":748,"previousSectionSlugs":["lesson-326","i-am-forever-an-effect-of-god"],"previousSectionLink":"https://acim.org/acim/lesson-326/i-am-forever-an-effect-of-god/en/s/748","nextSectionId":750,"nextSectionSlugs":["lesson-328","i-choose-the-second-place-to-gain-the-first"],"nextSectionLink":"https://acim.org/acim/lesson-328/i-choose-the-second-place-to-gain-the-first/en/s/750","hreflangLinks":[{"hrefLang":"en","link":"https://acim.org/acim/en/s/749"}]}