{"sectionId":752,"sectionIdLiteral":"752","humanId":"lesson-330","volumeId":"workbook","locale":"en","titleInfo":{"title":"I will not hurt myself again today.","ownlineNumber":"Lesson 330"},"annotation":"W-330","bodyHtml":"<div class=\"acim-text lesson-330\"> <div data-paragraph-id=\"752#1\"><p class=\"p-normal\"><span class=\"pnr\">1.</span> <span data-sentence-id=\"752#1:1\"><span class=\"snr noprint\">1</span>Let us this day accept forgiveness as our only function.</span> <span data-sentence-id=\"752#1:2\"><span class=\"snr\">2</span>Why should we attack our minds, and give them images of pain?</span> <span data-sentence-id=\"752#1:3\"><span class=\"snr\">3</span>Why should we teach them they are powerless, when God holds out His power and His Love, and bids them take what is already theirs?</span> <span data-sentence-id=\"752#1:4\"><span class=\"snr\">4</span>The mind that is made willing to accept God’s gifts has been restored to spirit, and extends its freedom and its joy, as is the Will of God united with its own.</span> <span data-sentence-id=\"752#1:5\"><span class=\"snr\">5</span>The Self which God created cannot sin, and therefore cannot suffer.</span> <span data-sentence-id=\"752#1:6\"><span class=\"snr\">6</span>Let us choose today that He be our Identity, and thus escape forever from all things the dream of fear appears to offer us.</span></p></div> <div data-paragraph-id=\"752#2\"><p class=\"p-italic\"><span class=\"pnr\">2.</span> <span data-sentence-id=\"752#2:1\"><span class=\"snr noprint\">1</span>Father, Your Son can not be hurt.</span> <span data-sentence-id=\"752#2:2\"><span class=\"snr\">2</span>And if we think we suffer, we but fail to know our one Identity we share with You.</span> <span data-sentence-id=\"752#2:3\"><span class=\"snr\">3</span>We would return to It today, to be made free forever from all our mistakes, and to be saved from what we thought we were.</span></p></div> </div>","firstWords":"Let us this day accept forgiveness as our only function. Why should we attack our minds, and give them images of pain? Why should we teach them they are powerless, when God holds out His power and","contentType":"acim-content","seoTitle":"Lesson 330: I will not hurt myself again today | ACIM","seoDescription":"✨ A Course in Miracles with 🎧 Audio! Read and listen to Lesson 330 “I will not hurt myself again today”: Let us this day accept forgiveness as our only function. Why should we attack…","desktopBreadcrumbs":[{"label":"Workbook","leadsTo":{"locale":"en","sectionId":401,"slugs":["workbook","introduction"],"forceToc":true}},{"label":"Part II","leadsTo":{"locale":"en","sectionId":631,"slugs":["workbook","part-ii-introduction"],"forceToc":true}},{"label":"11. What Is Creation?","leadsTo":{"locale":"en","sectionId":742,"slugs":["workbook","what-is-creation"]}},{"label":"Lesson 330","leadsTo":{"locale":"en","sectionId":752,"slugs":["lesson-330","i-will-not-hurt-myself-again-today"]}}],"mobileBreadcrumbs":[{"label":"Workbook","leadsTo":{"locale":"en","sectionId":401,"slugs":["workbook","introduction"],"forceToc":true}},{"label":"Part II","leadsTo":{"locale":"en","sectionId":631,"slugs":["workbook","part-ii-introduction"],"forceToc":true}},{"label":"11. What Is Creation?","leadsTo":{"locale":"en","sectionId":742,"slugs":["workbook","what-is-creation"]}},{"label":"Lesson 330","leadsTo":{"locale":"en","sectionId":752,"slugs":["lesson-330","i-will-not-hurt-myself-again-today"]}}],"seoBreadcrumbs":[{"label":"A Course in Miracles","leadsTo":"dashboard"},{"label":"Workbook","leadsTo":{"locale":"en","sectionId":401,"slugs":["workbook","introduction"],"forceToc":true}},{"label":"Part II","leadsTo":{"locale":"en","sectionId":631,"slugs":["workbook","part-ii-introduction"],"forceToc":true}},{"label":"11. What Is Creation?","leadsTo":{"locale":"en","sectionId":742,"slugs":["workbook","what-is-creation"]}},{"label":"Lesson 330","leadsTo":{"locale":"en","sectionId":752,"slugs":["lesson-330","i-will-not-hurt-myself-again-today"]}}],"slugs":["lesson-330","i-will-not-hurt-myself-again-today"],"canonicalLink":"https://acim.org/acim/lesson-330/i-will-not-hurt-myself-again-today/en/s/752","link":"https://acim.org/acim/lesson-330/i-will-not-hurt-myself-again-today/en/s/752","shortLink":"https://acim.org/acim/en/s/752","previousSectionId":751,"previousSectionSlugs":["lesson-329","i-have-already-chosen-what-you-will"],"previousSectionLink":"https://acim.org/acim/lesson-329/i-have-already-chosen-what-you-will/en/s/751","nextSectionId":753,"nextSectionSlugs":["workbook","what-is-the-ego"],"nextSectionLink":"https://acim.org/acim/workbook/what-is-the-ego/en/s/753","hreflangLinks":[{"hrefLang":"en","link":"https://acim.org/acim/en/s/752"}]}