{"sectionId":756,"sectionIdLiteral":"756","humanId":"lesson-333","volumeId":"workbook","locale":"en","titleInfo":{"title":"Forgiveness ends the dream of conflict here.","ownlineNumber":"Lesson 333"},"annotation":"W-333","bodyHtml":"<div class=\"acim-text lesson-333\"> <div data-paragraph-id=\"756#1\"><p class=\"p-normal\"><span class=\"pnr\">1.</span> <span data-sentence-id=\"756#1:1\"><span class=\"snr noprint\">1</span>Conflict must be resolved.</span> <span data-sentence-id=\"756#1:2\"><span class=\"snr\">2</span>It cannot be evaded, set aside, denied, disguised, seen somewhere else, called by another name, or hidden by deceit of any kind, if it would be escaped.</span> <span data-sentence-id=\"756#1:3\"><span class=\"snr\">3</span>It must be seen exactly as it is, where it is thought to be, in the reality which has been given it, and with the purpose that the mind accorded it.</span> <span data-sentence-id=\"756#1:4\"><span class=\"snr\">4</span>For only then are its defenses lifted, and the truth can shine upon it as it disappears.</span></p></div> <div data-paragraph-id=\"756#2\"><p class=\"p-italic\"><span class=\"pnr\">2.</span> <span data-sentence-id=\"756#2:1\"><span class=\"snr noprint\">1</span>Father, forgiveness is the light You chose to shine away all conflict and all doubt, and light the way for our return to You.</span> <span data-sentence-id=\"756#2:2\"><span class=\"snr\">2</span>No light but this can end our evil dream.</span> <span data-sentence-id=\"756#2:3\"><span class=\"snr\">3</span>No light but this can save the world.</span> <span data-sentence-id=\"756#2:4\"><span class=\"snr\">4</span>For this alone will never fail in anything, being Your gift to Your beloved Son.</span></p></div> </div>","firstWords":"Conflict must be resolved. It cannot be evaded, set aside, denied, disguised, seen somewhere else, called by another name, or hidden by deceit of any kind, if it would be escaped. It must be seen","contentType":"acim-content","seoTitle":"Lesson 333: Forgiveness ends the dream of… | ACIM","seoDescription":"✨ A Course in Miracles with 🎧 Audio! Read and listen to Lesson 333 “Forgiveness ends the dream of conflict here”: Conflict must be resolved. It cannot be evaded, set aside, denied,…","desktopBreadcrumbs":[{"label":"Workbook","leadsTo":{"locale":"en","sectionId":401,"slugs":["workbook","introduction"],"forceToc":true}},{"label":"Part II","leadsTo":{"locale":"en","sectionId":631,"slugs":["workbook","part-ii-introduction"],"forceToc":true}},{"label":"12. What Is the Ego?","leadsTo":{"locale":"en","sectionId":753,"slugs":["workbook","what-is-the-ego"]}},{"label":"Lesson 333","leadsTo":{"locale":"en","sectionId":756,"slugs":["lesson-333","forgiveness-ends-the-dream-of-conflict-here"]}}],"mobileBreadcrumbs":[{"label":"Workbook","leadsTo":{"locale":"en","sectionId":401,"slugs":["workbook","introduction"],"forceToc":true}},{"label":"Part II","leadsTo":{"locale":"en","sectionId":631,"slugs":["workbook","part-ii-introduction"],"forceToc":true}},{"label":"12. What Is the Ego?","leadsTo":{"locale":"en","sectionId":753,"slugs":["workbook","what-is-the-ego"]}},{"label":"Lesson 333","leadsTo":{"locale":"en","sectionId":756,"slugs":["lesson-333","forgiveness-ends-the-dream-of-conflict-here"]}}],"seoBreadcrumbs":[{"label":"A Course in Miracles","leadsTo":"dashboard"},{"label":"Workbook","leadsTo":{"locale":"en","sectionId":401,"slugs":["workbook","introduction"],"forceToc":true}},{"label":"Part II","leadsTo":{"locale":"en","sectionId":631,"slugs":["workbook","part-ii-introduction"],"forceToc":true}},{"label":"12. What Is the Ego?","leadsTo":{"locale":"en","sectionId":753,"slugs":["workbook","what-is-the-ego"]}},{"label":"Lesson 333","leadsTo":{"locale":"en","sectionId":756,"slugs":["lesson-333","forgiveness-ends-the-dream-of-conflict-here"]}}],"slugs":["lesson-333","forgiveness-ends-the-dream-of-conflict-here"],"canonicalLink":"https://acim.org/acim/lesson-333/forgiveness-ends-the-dream-of-conflict-here/en/s/756","link":"https://acim.org/acim/lesson-333/forgiveness-ends-the-dream-of-conflict-here/en/s/756","shortLink":"https://acim.org/acim/en/s/756","previousSectionId":755,"previousSectionSlugs":["lesson-332","fear-binds-the-world-forgiveness-sets-it-free"],"previousSectionLink":"https://acim.org/acim/lesson-332/fear-binds-the-world-forgiveness-sets-it-free/en/s/755","nextSectionId":757,"nextSectionSlugs":["lesson-334","today-i-claim-the-gifts-forgiveness-gives"],"nextSectionLink":"https://acim.org/acim/lesson-334/today-i-claim-the-gifts-forgiveness-gives/en/s/757","hreflangLinks":[{"hrefLang":"en","link":"https://acim.org/acim/en/s/756"}]}