{"sectionId":759,"sectionIdLiteral":"759","humanId":"lesson-336","volumeId":"workbook","locale":"en","titleInfo":{"title":"Forgiveness lets me know that minds are joined.","ownlineNumber":"Lesson 336"},"annotation":"W-336","bodyHtml":"<div class=\"acim-text lesson-336\"> <div data-paragraph-id=\"759#1\"><p class=\"p-normal\"><span class=\"pnr\">1.</span> <span data-sentence-id=\"759#1:1\"><span class=\"snr noprint\">1</span>Forgiveness is the means appointed for perception’s ending.</span> <span data-sentence-id=\"759#1:2\"><span class=\"snr\">2</span>Knowledge is restored after perception first is changed, and then gives way entirely to what remains forever past its highest reach.</span> <span data-sentence-id=\"759#1:3\"><span class=\"snr\">3</span>For sights and sounds, at best, can serve but to recall the memory that lies beyond them all.</span> <span data-sentence-id=\"759#1:4\"><span class=\"snr\">4</span>Forgiveness sweeps away distortions, and opens the hidden altar to the truth.</span> <span data-sentence-id=\"759#1:5\"><span class=\"snr\">5</span>Its lilies shine into the mind, and call it to return and look within, to find what it has vainly sought without.</span> <span data-sentence-id=\"759#1:6\"><span class=\"snr\">6</span>For here, and only here, is peace of mind restored, for this the dwelling place of God Himself.</span></p></div> <div data-paragraph-id=\"759#2\"><p class=\"p-italic\"><span class=\"pnr\">2.</span> <span data-sentence-id=\"759#2:1\"><span class=\"snr noprint\">1</span>In quiet may forgiveness wipe away my dreams of separation and of sin.</span> <span data-sentence-id=\"759#2:2\"><span class=\"snr\">2</span>Then let me, Father, look within, and find Your promise of my sinlessness is kept; Your Word remains unchanged within my mind, Your Love is still abiding in my heart.</span></p></div> </div>","firstWords":"Forgiveness is the means appointed for perception’s ending. Knowledge is restored after perception first is changed, and then gives way entirely to what remains forever past its highest reach. For","contentType":"acim-content","seoTitle":"Lesson 336: Forgiveness lets me know that… | ACIM","seoDescription":"✨ A Course in Miracles with 🎧 Audio! Read and listen to Lesson 336 “Forgiveness lets me know that minds are joined”: Forgiveness is the means appointed for perception’s ending.…","desktopBreadcrumbs":[{"label":"Workbook","leadsTo":{"locale":"en","sectionId":401,"slugs":["workbook","introduction"],"forceToc":true}},{"label":"Part II","leadsTo":{"locale":"en","sectionId":631,"slugs":["workbook","part-ii-introduction"],"forceToc":true}},{"label":"12. What Is the Ego?","leadsTo":{"locale":"en","sectionId":753,"slugs":["workbook","what-is-the-ego"]}},{"label":"Lesson 336","leadsTo":{"locale":"en","sectionId":759,"slugs":["lesson-336","forgiveness-lets-me-know-that-minds-are-joined"]}}],"mobileBreadcrumbs":[{"label":"Workbook","leadsTo":{"locale":"en","sectionId":401,"slugs":["workbook","introduction"],"forceToc":true}},{"label":"Part II","leadsTo":{"locale":"en","sectionId":631,"slugs":["workbook","part-ii-introduction"],"forceToc":true}},{"label":"12. What Is the Ego?","leadsTo":{"locale":"en","sectionId":753,"slugs":["workbook","what-is-the-ego"]}},{"label":"Lesson 336","leadsTo":{"locale":"en","sectionId":759,"slugs":["lesson-336","forgiveness-lets-me-know-that-minds-are-joined"]}}],"seoBreadcrumbs":[{"label":"A Course in Miracles","leadsTo":"dashboard"},{"label":"Workbook","leadsTo":{"locale":"en","sectionId":401,"slugs":["workbook","introduction"],"forceToc":true}},{"label":"Part II","leadsTo":{"locale":"en","sectionId":631,"slugs":["workbook","part-ii-introduction"],"forceToc":true}},{"label":"12. What Is the Ego?","leadsTo":{"locale":"en","sectionId":753,"slugs":["workbook","what-is-the-ego"]}},{"label":"Lesson 336","leadsTo":{"locale":"en","sectionId":759,"slugs":["lesson-336","forgiveness-lets-me-know-that-minds-are-joined"]}}],"slugs":["lesson-336","forgiveness-lets-me-know-that-minds-are-joined"],"canonicalLink":"https://acim.org/acim/lesson-336/forgiveness-lets-me-know-that-minds-are-joined/en/s/759","link":"https://acim.org/acim/lesson-336/forgiveness-lets-me-know-that-minds-are-joined/en/s/759","shortLink":"https://acim.org/acim/en/s/759","previousSectionId":758,"previousSectionSlugs":["lesson-335","i-choose-to-see-my-brothers-sinlessness"],"previousSectionLink":"https://acim.org/acim/lesson-335/i-choose-to-see-my-brothers-sinlessness/en/s/758","nextSectionId":760,"nextSectionSlugs":["lesson-337","my-sinlessness-protects-me-from-all-harm"],"nextSectionLink":"https://acim.org/acim/lesson-337/my-sinlessness-protects-me-from-all-harm/en/s/760","hreflangLinks":[{"hrefLang":"en","link":"https://acim.org/acim/en/s/759"}]}