{"sectionId":760,"sectionIdLiteral":"760","humanId":"lesson-337","volumeId":"workbook","locale":"en","titleInfo":{"title":"My sinlessness protects me from all harm.","ownlineNumber":"Lesson 337"},"annotation":"W-337","bodyHtml":"<div class=\"acim-text lesson-337\"> <div data-paragraph-id=\"760#1\"><p class=\"p-normal\"><span class=\"pnr\">1.</span> <span data-sentence-id=\"760#1:1\"><span class=\"snr noprint\">1</span>My sinlessness ensures me perfect peace, eternal safety, everlasting love, freedom forever from all thought of loss; complete deliverance from suffering.</span> <span data-sentence-id=\"760#1:2\"><span class=\"snr\">2</span>And only happiness can be my state, for only happiness is given me.</span> <span data-sentence-id=\"760#1:3\"><span class=\"snr\">3</span>What must I do to know all this is mine?</span> <span data-sentence-id=\"760#1:4\"><span class=\"snr\">4</span>I must accept Atonement for myself, and nothing more.</span> <span data-sentence-id=\"760#1:5\"><span class=\"snr\">5</span>God has already done all things that need be done.</span> <span data-sentence-id=\"760#1:6\"><span class=\"snr\">6</span>And I must learn I need do nothing of myself, for I need but accept my Self, my sinlessness, created for me, now already mine, to feel God’s Love protecting me from harm, to understand my Father loves His Son; to know I am the Son my Father loves.</span></p></div> <div data-paragraph-id=\"760#2\"><p class=\"p-italic\"><span class=\"pnr\">2.</span> <span data-sentence-id=\"760#2:1\"><span class=\"snr noprint\">1</span>You Who created me in sinlessness are not mistaken about what I am.</span> <span data-sentence-id=\"760#2:2\"><span class=\"snr\">2</span>I was mistaken when I thought I sinned, but I accept Atonement for myself.</span> <span data-sentence-id=\"760#2:3\"><span class=\"snr\">3</span>Father, my dream is ended now.</span> <span data-sentence-id=\"760#2:4\"><span class=\"snr\">4</span>Amen.</span></p></div> </div>","firstWords":"My sinlessness ensures me perfect peace, eternal safety, everlasting love, freedom forever from all thought of loss; complete deliverance from suffering. And only happiness can be my state, for only","contentType":"acim-content","seoTitle":"Lesson 337: My sinlessness protects me from… | ACIM","seoDescription":"✨ A Course in Miracles with 🎧 Audio! Read and listen to Lesson 337 “My sinlessness protects me from all harm”: My sinlessness ensures me perfect peace, eternal safety, everlasting love,…","desktopBreadcrumbs":[{"label":"Workbook","leadsTo":{"locale":"en","sectionId":401,"slugs":["workbook","introduction"],"forceToc":true}},{"label":"Part II","leadsTo":{"locale":"en","sectionId":631,"slugs":["workbook","part-ii-introduction"],"forceToc":true}},{"label":"12. What Is the Ego?","leadsTo":{"locale":"en","sectionId":753,"slugs":["workbook","what-is-the-ego"]}},{"label":"Lesson 337","leadsTo":{"locale":"en","sectionId":760,"slugs":["lesson-337","my-sinlessness-protects-me-from-all-harm"]}}],"mobileBreadcrumbs":[{"label":"Workbook","leadsTo":{"locale":"en","sectionId":401,"slugs":["workbook","introduction"],"forceToc":true}},{"label":"Part II","leadsTo":{"locale":"en","sectionId":631,"slugs":["workbook","part-ii-introduction"],"forceToc":true}},{"label":"12. What Is the Ego?","leadsTo":{"locale":"en","sectionId":753,"slugs":["workbook","what-is-the-ego"]}},{"label":"Lesson 337","leadsTo":{"locale":"en","sectionId":760,"slugs":["lesson-337","my-sinlessness-protects-me-from-all-harm"]}}],"seoBreadcrumbs":[{"label":"A Course in Miracles","leadsTo":"dashboard"},{"label":"Workbook","leadsTo":{"locale":"en","sectionId":401,"slugs":["workbook","introduction"],"forceToc":true}},{"label":"Part II","leadsTo":{"locale":"en","sectionId":631,"slugs":["workbook","part-ii-introduction"],"forceToc":true}},{"label":"12. What Is the Ego?","leadsTo":{"locale":"en","sectionId":753,"slugs":["workbook","what-is-the-ego"]}},{"label":"Lesson 337","leadsTo":{"locale":"en","sectionId":760,"slugs":["lesson-337","my-sinlessness-protects-me-from-all-harm"]}}],"slugs":["lesson-337","my-sinlessness-protects-me-from-all-harm"],"canonicalLink":"https://acim.org/acim/lesson-337/my-sinlessness-protects-me-from-all-harm/en/s/760","link":"https://acim.org/acim/lesson-337/my-sinlessness-protects-me-from-all-harm/en/s/760","shortLink":"https://acim.org/acim/en/s/760","previousSectionId":759,"previousSectionSlugs":["lesson-336","forgiveness-lets-me-know-that-minds-are-joined"],"previousSectionLink":"https://acim.org/acim/lesson-336/forgiveness-lets-me-know-that-minds-are-joined/en/s/759","nextSectionId":761,"nextSectionSlugs":["lesson-338","i-am-affected-only-by-my-thoughts"],"nextSectionLink":"https://acim.org/acim/lesson-338/i-am-affected-only-by-my-thoughts/en/s/761","hreflangLinks":[{"hrefLang":"en","link":"https://acim.org/acim/en/s/760"}]}