{"sectionId":764,"sectionIdLiteral":"764","humanId":"wb-part2-what-is-13","volumeId":"workbook","locale":"en","titleInfo":{"title":"What Is a Miracle?","inlineNumber":"13."},"annotation":"W-pII.13","bodyHtml":"<div class=\"acim-text wb-part2-what-is-13\"> <div data-paragraph-id=\"764#1\"><p class=\"p-normal\"><span class=\"pnr\">1.</span> <span data-sentence-id=\"764#1:1\"><span class=\"snr noprint\">1</span>A miracle is a correction.</span> <span data-sentence-id=\"764#1:2\"><span class=\"snr\">2</span>It does not create, nor really change at all.</span> <span data-sentence-id=\"764#1:3\"><span class=\"snr\">3</span>It merely looks on devastation, and reminds the mind that what it sees is false.</span> <span data-sentence-id=\"764#1:4\"><span class=\"snr\">4</span>It undoes error, but does not attempt to go beyond perception, nor exceed the function of forgiveness.</span> <span data-sentence-id=\"764#1:5\"><span class=\"snr\">5</span>Thus it stays within time’s limits.</span> <span data-sentence-id=\"764#1:6\"><span class=\"snr\">6</span>Yet it paves the way for the return of timelessness and love’s awakening, for fear must slip away under the gentle remedy it brings.</span></p></div> <div data-paragraph-id=\"764#2\"><p class=\"p-normal\"><span class=\"pnr\">2.</span> <span data-sentence-id=\"764#2:1\"><span class=\"snr noprint\">1</span>A miracle contains the gift of grace, for it is given and received as one.</span> <span data-sentence-id=\"764#2:2\"><span class=\"snr\">2</span>And thus it illustrates the law of truth the world does not obey, because it fails entirely to understand its ways.</span> <span data-sentence-id=\"764#2:3\"><span class=\"snr\">3</span>A miracle inverts perception which was upside down before, and thus it ends the strange distortions that were manifest.</span> <span data-sentence-id=\"764#2:4\"><span class=\"snr\">4</span>Now is perception open to the truth.</span> <span data-sentence-id=\"764#2:5\"><span class=\"snr\">5</span>Now is forgiveness seen as justified.</span></p></div> <div data-paragraph-id=\"764#3\"><p class=\"p-normal\"><span class=\"pnr\">3.</span> <span data-sentence-id=\"764#3:1\"><span class=\"snr noprint\">1</span>Forgiveness is the home of miracles.</span> <span data-sentence-id=\"764#3:2\"><span class=\"snr\">2</span>The eyes of Christ deliver them to all they look upon in mercy and in love.</span> <span data-sentence-id=\"764#3:3\"><span class=\"snr\">3</span>Perception stands corrected in His sight, and what was meant to curse has come to bless.</span> <span data-sentence-id=\"764#3:4\"><span class=\"snr\">4</span>Each lily of forgiveness offers all the world the silent miracle of love.</span> <span data-sentence-id=\"764#3:5\"><span class=\"snr\">5</span>And each is laid before the Word of God, upon the universal altar to Creator and creation in the light of perfect purity and endless joy.</span></p></div> <div data-paragraph-id=\"764#4\"><p class=\"p-normal\"><span class=\"pnr\">4.</span> <span data-sentence-id=\"764#4:1\"><span class=\"snr noprint\">1</span>The miracle is taken first on faith, because to ask for it implies the mind has been made ready to conceive of what it cannot see and does not understand.</span> <span data-sentence-id=\"764#4:2\"><span class=\"snr\">2</span>Yet faith will bring its witnesses to show that what it rested on is really there.</span> <span data-sentence-id=\"764#4:3\"><span class=\"snr\">3</span>And thus the miracle will justify your faith in it, and show it rested on a world more real than what you saw before; a world redeemed from what you thought was there.</span></p></div> <div data-paragraph-id=\"764#5\"><p class=\"p-normal\"><span class=\"pnr\">5.</span> <span data-sentence-id=\"764#5:1\"><span class=\"snr noprint\">1</span>Miracles fall like drops of healing rain from Heaven on a dry and dusty world, where starved and thirsty creatures come to die.</span> <span data-sentence-id=\"764#5:2\"><span class=\"snr\">2</span>Now they have water.</span> <span data-sentence-id=\"764#5:3\"><span class=\"snr\">3</span>Now the world is green.</span> <span data-sentence-id=\"764#5:4\"><span class=\"snr\">4</span>And everywhere the signs of life spring up, to show that what is born can never die, for what has life has immortality.</span></p></div> </div>","firstWords":"A miracle is a correction. It does not create, nor really change at all. It merely looks on devastation, and reminds the mind that what it sees is false. It undoes error, but does not attempt to go","contentType":"acim-content","seoTitle":"What Is a Miracle? | ACIM","seoDescription":"✨ A Course in Miracles with 🎧 Audio! Read and listen to “What Is a Miracle?” from the Workbook. A miracle is a correction. It does not create, nor really change at all. It merely looks…","desktopBreadcrumbs":[{"label":"Workbook","leadsTo":{"locale":"en","sectionId":401,"slugs":["workbook","introduction"],"forceToc":true}},{"label":"Part II","leadsTo":{"locale":"en","sectionId":631,"slugs":["workbook","part-ii-introduction"],"forceToc":true}},{"label":"13. What Is a Miracle?","leadsTo":{"locale":"en","sectionId":764,"slugs":["workbook","what-is-a-miracle"]}}],"mobileBreadcrumbs":[{"label":"Workbook","leadsTo":{"locale":"en","sectionId":401,"slugs":["workbook","introduction"],"forceToc":true}},{"label":"Part II","leadsTo":{"locale":"en","sectionId":631,"slugs":["workbook","part-ii-introduction"],"forceToc":true}},{"label":"13. What Is a Miracle?","leadsTo":{"locale":"en","sectionId":764,"slugs":["workbook","what-is-a-miracle"]}}],"seoBreadcrumbs":[{"label":"A Course in Miracles","leadsTo":"dashboard"},{"label":"Workbook","leadsTo":{"locale":"en","sectionId":401,"slugs":["workbook","introduction"],"forceToc":true}},{"label":"Part II","leadsTo":{"locale":"en","sectionId":631,"slugs":["workbook","part-ii-introduction"],"forceToc":true}},{"label":"13. What Is a Miracle?","leadsTo":{"locale":"en","sectionId":764,"slugs":["workbook","what-is-a-miracle"]}}],"slugs":["workbook","what-is-a-miracle"],"canonicalLink":"https://acim.org/acim/workbook/what-is-a-miracle/en/s/764","link":"https://acim.org/acim/workbook/what-is-a-miracle/en/s/764","shortLink":"https://acim.org/acim/en/s/764","previousSectionId":763,"previousSectionSlugs":["lesson-340","i-can-be-free-of-suffering-today"],"previousSectionLink":"https://acim.org/acim/lesson-340/i-can-be-free-of-suffering-today/en/s/763","nextSectionId":765,"nextSectionSlugs":["lesson-341","i-can-attack-but-my-own-sinlessness-and-it-is-only"],"nextSectionLink":"https://acim.org/acim/lesson-341/i-can-attack-but-my-own-sinlessness-and-it-is-only/en/s/765","hreflangLinks":[{"hrefLang":"en","link":"https://acim.org/acim/en/s/764"}]}