{"sectionId":765,"sectionIdLiteral":"765","humanId":"lesson-341","volumeId":"workbook","locale":"en","titleInfo":{"title":"I can attack but my own sinlessness,  and it is only that which keeps me safe.","ownlineNumber":"Lesson 341"},"annotation":"W-341","bodyHtml":"<div class=\"acim-text lesson-341\"> <div data-paragraph-id=\"765#1\"><p class=\"p-italic\"><span class=\"pnr\">1.</span> <span data-sentence-id=\"765#1:1\"><span class=\"snr noprint\">1</span>Father, Your Son is holy.</span> <span data-sentence-id=\"765#1:2\"><span class=\"snr\">2</span>I am he on whom You smile in love and tenderness so dear and deep and still the universe smiles back on You, and shares Your Holiness.</span> <span data-sentence-id=\"765#1:3\"><span class=\"snr\">3</span>How pure, how safe, how holy, then, are we, abiding in Your Smile, with all Your Love bestowed upon us, living one with You, in brotherhood and Fatherhood complete; in sinlessness so perfect that the Lord of Sinlessness conceives us as His Son, a universe of Thought completing Him.</span></p></div> <div data-paragraph-id=\"765#2\"><p class=\"p-normal\"><span class=\"pnr\">2.</span> <span data-sentence-id=\"765#2:1\"><span class=\"snr noprint\">1</span>Let us not, then, attack our sinlessness, for it contains the Word of God to us.</span> <span data-sentence-id=\"765#2:2\"><span class=\"snr\">2</span>And in its kind reflection we are saved.</span></p></div> </div>","firstWords":"Father, Your Son is holy. I am he on whom You smile in love and tenderness so dear and deep and still the universe smiles back on You, and shares Your Holiness. How pure, how safe, how holy, then,","contentType":"acim-content","seoTitle":"Lesson 341: I can attack but my own… | ACIM","seoDescription":"✨ A Course in Miracles with 🎧 Audio! Read and listen to Lesson 341 “I can attack but my own sinlessness, and it is only that which keeps me safe”: Father, Your Son is holy. I am he on…","desktopBreadcrumbs":[{"label":"Workbook","leadsTo":{"locale":"en","sectionId":401,"slugs":["workbook","introduction"],"forceToc":true}},{"label":"Part II","leadsTo":{"locale":"en","sectionId":631,"slugs":["workbook","part-ii-introduction"],"forceToc":true}},{"label":"13. What Is a Miracle?","leadsTo":{"locale":"en","sectionId":764,"slugs":["workbook","what-is-a-miracle"]}},{"label":"Lesson 341","leadsTo":{"locale":"en","sectionId":765,"slugs":["lesson-341","i-can-attack-but-my-own-sinlessness-and-it-is-only"]}}],"mobileBreadcrumbs":[{"label":"Workbook","leadsTo":{"locale":"en","sectionId":401,"slugs":["workbook","introduction"],"forceToc":true}},{"label":"Part II","leadsTo":{"locale":"en","sectionId":631,"slugs":["workbook","part-ii-introduction"],"forceToc":true}},{"label":"13. What Is a Miracle?","leadsTo":{"locale":"en","sectionId":764,"slugs":["workbook","what-is-a-miracle"]}},{"label":"Lesson 341","leadsTo":{"locale":"en","sectionId":765,"slugs":["lesson-341","i-can-attack-but-my-own-sinlessness-and-it-is-only"]}}],"seoBreadcrumbs":[{"label":"A Course in Miracles","leadsTo":"dashboard"},{"label":"Workbook","leadsTo":{"locale":"en","sectionId":401,"slugs":["workbook","introduction"],"forceToc":true}},{"label":"Part II","leadsTo":{"locale":"en","sectionId":631,"slugs":["workbook","part-ii-introduction"],"forceToc":true}},{"label":"13. What Is a Miracle?","leadsTo":{"locale":"en","sectionId":764,"slugs":["workbook","what-is-a-miracle"]}},{"label":"Lesson 341","leadsTo":{"locale":"en","sectionId":765,"slugs":["lesson-341","i-can-attack-but-my-own-sinlessness-and-it-is-only"]}}],"slugs":["lesson-341","i-can-attack-but-my-own-sinlessness-and-it-is-only"],"canonicalLink":"https://acim.org/acim/lesson-341/i-can-attack-but-my-own-sinlessness-and-it-is-only/en/s/765","link":"https://acim.org/acim/lesson-341/i-can-attack-but-my-own-sinlessness-and-it-is-only/en/s/765","shortLink":"https://acim.org/acim/en/s/765","previousSectionId":764,"previousSectionSlugs":["workbook","what-is-a-miracle"],"previousSectionLink":"https://acim.org/acim/workbook/what-is-a-miracle/en/s/764","nextSectionId":766,"nextSectionSlugs":["lesson-342","i-let-forgiveness-rest-upon-all-things-for-thus"],"nextSectionLink":"https://acim.org/acim/lesson-342/i-let-forgiveness-rest-upon-all-things-for-thus/en/s/766","hreflangLinks":[{"hrefLang":"en","link":"https://acim.org/acim/en/s/765"}]}