{"sectionId":768,"sectionIdLiteral":"768","humanId":"lesson-344","volumeId":"workbook","locale":"en","titleInfo":{"title":"Today I learn the law of love; that what  I give my brother is my gift to me.","ownlineNumber":"Lesson 344"},"annotation":"W-344","bodyHtml":"<div class=\"acim-text lesson-344\"> <div data-paragraph-id=\"768#1\"><p class=\"p-italic\"><span class=\"pnr\">1.</span> <span data-sentence-id=\"768#1:1\"><span class=\"snr noprint\">1</span>This is Your law, my Father, not my own.</span> <span data-sentence-id=\"768#1:2\"><span class=\"snr\">2</span>I have not understood what giving means, and thought to save what I desired for myself alone.</span> <span data-sentence-id=\"768#1:3\"><span class=\"snr\">3</span>And as I looked upon the treasure that I thought I had, I found an empty place where nothing ever was or is or will be.</span> <span data-sentence-id=\"768#1:4\"><span class=\"snr\">4</span>Who can share a dream?</span> <span data-sentence-id=\"768#1:5\"><span class=\"snr\">5</span>And what can an illusion offer me?</span> <span data-sentence-id=\"768#1:6\"><span class=\"snr\">6</span>Yet he whom I forgive will give me gifts beyond the worth of anything on earth.</span> <span data-sentence-id=\"768#1:7\"><span class=\"snr\">7</span>Let my forgiven brothers fill my store with Heaven’s treasures, which alone are real.</span> <span data-sentence-id=\"768#1:8\"><span class=\"snr\">8</span>Thus is the law of love fulfilled.</span> <span data-sentence-id=\"768#1:9\"><span class=\"snr\">9</span>And thus Your Son arises and returns to You.</span></p></div> <div data-paragraph-id=\"768#2\"><p class=\"p-normal\"><span class=\"pnr\">2.</span> <span data-sentence-id=\"768#2:1\"><span class=\"snr noprint\">1</span>How near we are to one another, as we go to God.</span> <span data-sentence-id=\"768#2:2\"><span class=\"snr\">2</span>How near is He to us.</span> <span data-sentence-id=\"768#2:3\"><span class=\"snr\">3</span>How close the ending of the dream of sin, and the redemption of the Son of God.</span></p></div> </div>","firstWords":"This is Your law, my Father, not my own. I have not understood what giving means, and thought to save what I desired for myself alone. And as I looked upon the treasure that I thought I had, I found","contentType":"acim-content","seoTitle":"Lesson 344: Today I learn the law of love;… | ACIM","seoDescription":"✨ A Course in Miracles with 🎧 Audio! Read and listen to Lesson 344 “Today I learn the law of love; that what I give my brother is my gift to me”: This is Your law, my Father, not my…","desktopBreadcrumbs":[{"label":"Workbook","leadsTo":{"locale":"en","sectionId":401,"slugs":["workbook","introduction"],"forceToc":true}},{"label":"Part II","leadsTo":{"locale":"en","sectionId":631,"slugs":["workbook","part-ii-introduction"],"forceToc":true}},{"label":"13. What Is a Miracle?","leadsTo":{"locale":"en","sectionId":764,"slugs":["workbook","what-is-a-miracle"]}},{"label":"Lesson 344","leadsTo":{"locale":"en","sectionId":768,"slugs":["lesson-344","today-i-learn-the-law-of-love-that-what-i-give-my"]}}],"mobileBreadcrumbs":[{"label":"Workbook","leadsTo":{"locale":"en","sectionId":401,"slugs":["workbook","introduction"],"forceToc":true}},{"label":"Part II","leadsTo":{"locale":"en","sectionId":631,"slugs":["workbook","part-ii-introduction"],"forceToc":true}},{"label":"13. What Is a Miracle?","leadsTo":{"locale":"en","sectionId":764,"slugs":["workbook","what-is-a-miracle"]}},{"label":"Lesson 344","leadsTo":{"locale":"en","sectionId":768,"slugs":["lesson-344","today-i-learn-the-law-of-love-that-what-i-give-my"]}}],"seoBreadcrumbs":[{"label":"A Course in Miracles","leadsTo":"dashboard"},{"label":"Workbook","leadsTo":{"locale":"en","sectionId":401,"slugs":["workbook","introduction"],"forceToc":true}},{"label":"Part II","leadsTo":{"locale":"en","sectionId":631,"slugs":["workbook","part-ii-introduction"],"forceToc":true}},{"label":"13. What Is a Miracle?","leadsTo":{"locale":"en","sectionId":764,"slugs":["workbook","what-is-a-miracle"]}},{"label":"Lesson 344","leadsTo":{"locale":"en","sectionId":768,"slugs":["lesson-344","today-i-learn-the-law-of-love-that-what-i-give-my"]}}],"slugs":["lesson-344","today-i-learn-the-law-of-love-that-what-i-give-my"],"canonicalLink":"https://acim.org/acim/lesson-344/today-i-learn-the-law-of-love-that-what-i-give-my/en/s/768","link":"https://acim.org/acim/lesson-344/today-i-learn-the-law-of-love-that-what-i-give-my/en/s/768","shortLink":"https://acim.org/acim/en/s/768","previousSectionId":767,"previousSectionSlugs":["lesson-343","i-am-not-asked-to-make-a-sacrifice-to-find-the"],"previousSectionLink":"https://acim.org/acim/lesson-343/i-am-not-asked-to-make-a-sacrifice-to-find-the/en/s/767","nextSectionId":769,"nextSectionSlugs":["lesson-345","i-offer-only-miracles-today-for-i-would-have-them"],"nextSectionLink":"https://acim.org/acim/lesson-345/i-offer-only-miracles-today-for-i-would-have-them/en/s/769","hreflangLinks":[{"hrefLang":"en","link":"https://acim.org/acim/en/s/768"}]}