{"sectionId":773,"sectionIdLiteral":"773","humanId":"lesson-349","volumeId":"workbook","locale":"en","titleInfo":{"title":"Today I let Christ’s vision look upon  all things for me and judge them not, but give  each one a miracle of love instead.","ownlineNumber":"Lesson 349"},"annotation":"W-349","bodyHtml":"<div class=\"acim-text lesson-349\"> <div data-paragraph-id=\"773#1\"><p class=\"p-italic\"><span class=\"pnr\">1.</span> <span data-sentence-id=\"773#1:1\"><span class=\"snr noprint\">1</span>So would I liberate all things I see, and give to them the freedom that I seek.</span> <span data-sentence-id=\"773#1:2\"><span class=\"snr\">2</span>For thus do I obey the law of love, and give what I would find and make my own.</span> <span data-sentence-id=\"773#1:3\"><span class=\"snr\">3</span>It will be given me, because I have chosen it as the gift I want to give.</span> <span data-sentence-id=\"773#1:4\"><span class=\"snr\">4</span>Father, Your gifts are mine.</span> <span data-sentence-id=\"773#1:5\"><span class=\"snr\">5</span>Each one that I accept gives me a miracle to give.</span> <span data-sentence-id=\"773#1:6\"><span class=\"snr\">6</span>And giving as I would receive, I learn Your healing miracles belong to me.</span></p></div> <div data-paragraph-id=\"773#2\"><p class=\"p-normal\"><span class=\"pnr\">2.</span> <span data-sentence-id=\"773#2:1\"><span class=\"snr noprint\">1</span>Our Father knows our needs.</span> <span data-sentence-id=\"773#2:2\"><span class=\"snr\">2</span>He gives us grace to meet them all.</span> <span data-sentence-id=\"773#2:3\"><span class=\"snr\">3</span>And so we trust in Him to send us miracles to bless the world, and heal our minds as we return to Him.</span></p></div> </div>","firstWords":"So would I liberate all things I see, and give to them the freedom that I seek. For thus do I obey the law of love, and give what I would find and make my own. It will be given me, because I have","contentType":"acim-content","seoTitle":"Lesson 349: Today I let Christ’s vision look… | ACIM","seoDescription":"✨ A Course in Miracles with 🎧 Audio! Read and listen to Lesson 349 “Today I let Christ’s vision look upon all things for me and judge them not, but give each one a miracle of love instead”: …","desktopBreadcrumbs":[{"label":"Workbook","leadsTo":{"locale":"en","sectionId":401,"slugs":["workbook","introduction"],"forceToc":true}},{"label":"Part II","leadsTo":{"locale":"en","sectionId":631,"slugs":["workbook","part-ii-introduction"],"forceToc":true}},{"label":"13. What Is a Miracle?","leadsTo":{"locale":"en","sectionId":764,"slugs":["workbook","what-is-a-miracle"]}},{"label":"Lesson 349","leadsTo":{"locale":"en","sectionId":773,"slugs":["lesson-349","today-i-let-christs-vision-look-upon-all-things"]}}],"mobileBreadcrumbs":[{"label":"Workbook","leadsTo":{"locale":"en","sectionId":401,"slugs":["workbook","introduction"],"forceToc":true}},{"label":"Part II","leadsTo":{"locale":"en","sectionId":631,"slugs":["workbook","part-ii-introduction"],"forceToc":true}},{"label":"13. What Is a Miracle?","leadsTo":{"locale":"en","sectionId":764,"slugs":["workbook","what-is-a-miracle"]}},{"label":"Lesson 349","leadsTo":{"locale":"en","sectionId":773,"slugs":["lesson-349","today-i-let-christs-vision-look-upon-all-things"]}}],"seoBreadcrumbs":[{"label":"A Course in Miracles","leadsTo":"dashboard"},{"label":"Workbook","leadsTo":{"locale":"en","sectionId":401,"slugs":["workbook","introduction"],"forceToc":true}},{"label":"Part II","leadsTo":{"locale":"en","sectionId":631,"slugs":["workbook","part-ii-introduction"],"forceToc":true}},{"label":"13. What Is a Miracle?","leadsTo":{"locale":"en","sectionId":764,"slugs":["workbook","what-is-a-miracle"]}},{"label":"Lesson 349","leadsTo":{"locale":"en","sectionId":773,"slugs":["lesson-349","today-i-let-christs-vision-look-upon-all-things"]}}],"slugs":["lesson-349","today-i-let-christs-vision-look-upon-all-things"],"canonicalLink":"https://acim.org/acim/lesson-349/today-i-let-christs-vision-look-upon-all-things/en/s/773","link":"https://acim.org/acim/lesson-349/today-i-let-christs-vision-look-upon-all-things/en/s/773","shortLink":"https://acim.org/acim/en/s/773","previousSectionId":772,"previousSectionSlugs":["lesson-348","i-have-no-cause-for-anger-or-for-fear-for-you"],"previousSectionLink":"https://acim.org/acim/lesson-348/i-have-no-cause-for-anger-or-for-fear-for-you/en/s/772","nextSectionId":774,"nextSectionSlugs":["lesson-350","miracles-mirror-gods-eternal-love-to-offer-them"],"nextSectionLink":"https://acim.org/acim/lesson-350/miracles-mirror-gods-eternal-love-to-offer-them/en/s/774","hreflangLinks":[{"hrefLang":"en","link":"https://acim.org/acim/en/s/773"}]}