{"sectionId":774,"sectionIdLiteral":"774","humanId":"lesson-350","volumeId":"workbook","locale":"en","titleInfo":{"title":"Miracles mirror God’s eternal Love.  To offer them is to remember Him,  and through His memory to save the world.","ownlineNumber":"Lesson 350"},"annotation":"W-350","bodyHtml":"<div class=\"acim-text lesson-350\"> <div data-paragraph-id=\"774#1\"><p class=\"p-italic\"><span class=\"pnr\">1.</span> <span data-sentence-id=\"774#1:1\"><span class=\"snr noprint\">1</span>What we forgive becomes a part of us, as we perceive ourselves.</span> <span data-sentence-id=\"774#1:2\"><span class=\"snr\">2</span>The Son of God incorporates all things within himself as You created him.</span> <span data-sentence-id=\"774#1:3\"><span class=\"snr\">3</span>Your memory depends on his forgiveness.</span> <span data-sentence-id=\"774#1:4\"><span class=\"snr\">4</span>What he is, is unaffected by his thoughts.</span> <span data-sentence-id=\"774#1:5\"><span class=\"snr\">5</span>But what he looks upon is their direct result.</span> <span data-sentence-id=\"774#1:6\"><span class=\"snr\">6</span>Therefore, my Father, I would turn to You.</span> <span data-sentence-id=\"774#1:7\"><span class=\"snr\">7</span>Only Your memory will set me free.</span> <span data-sentence-id=\"774#1:8\"><span class=\"snr\">8</span>And only my forgiveness teaches me to let Your memory return to me, and give it to the world in thankfulness.</span></p></div> <div data-paragraph-id=\"774#2\"><p class=\"p-normal\"><span class=\"pnr\">2.</span> <span data-sentence-id=\"774#2:1\"><span class=\"snr noprint\">1</span>And as we gather miracles from Him, we will indeed be grateful.</span> <span data-sentence-id=\"774#2:2\"><span class=\"snr\">2</span>For as we remember Him, His Son will be restored to us in the reality of Love.</span></p></div> </div>","firstWords":"What we forgive becomes a part of us, as we perceive ourselves. The Son of God incorporates all things within himself as You created him. Your memory depends on his forgiveness. What he is, is","contentType":"acim-content","seoTitle":"Lesson 350: Miracles mirror God’s eternal… | ACIM","seoDescription":"✨ A Course in Miracles with 🎧 Audio! Read and listen to Lesson 350 “Miracles mirror God’s eternal Love. To offer them is to remember Him, and through His memory to save the world”: What…","desktopBreadcrumbs":[{"label":"Workbook","leadsTo":{"locale":"en","sectionId":401,"slugs":["workbook","introduction"],"forceToc":true}},{"label":"Part II","leadsTo":{"locale":"en","sectionId":631,"slugs":["workbook","part-ii-introduction"],"forceToc":true}},{"label":"13. What Is a Miracle?","leadsTo":{"locale":"en","sectionId":764,"slugs":["workbook","what-is-a-miracle"]}},{"label":"Lesson 350","leadsTo":{"locale":"en","sectionId":774,"slugs":["lesson-350","miracles-mirror-gods-eternal-love-to-offer-them"]}}],"mobileBreadcrumbs":[{"label":"Workbook","leadsTo":{"locale":"en","sectionId":401,"slugs":["workbook","introduction"],"forceToc":true}},{"label":"Part II","leadsTo":{"locale":"en","sectionId":631,"slugs":["workbook","part-ii-introduction"],"forceToc":true}},{"label":"13. What Is a Miracle?","leadsTo":{"locale":"en","sectionId":764,"slugs":["workbook","what-is-a-miracle"]}},{"label":"Lesson 350","leadsTo":{"locale":"en","sectionId":774,"slugs":["lesson-350","miracles-mirror-gods-eternal-love-to-offer-them"]}}],"seoBreadcrumbs":[{"label":"A Course in Miracles","leadsTo":"dashboard"},{"label":"Workbook","leadsTo":{"locale":"en","sectionId":401,"slugs":["workbook","introduction"],"forceToc":true}},{"label":"Part II","leadsTo":{"locale":"en","sectionId":631,"slugs":["workbook","part-ii-introduction"],"forceToc":true}},{"label":"13. What Is a Miracle?","leadsTo":{"locale":"en","sectionId":764,"slugs":["workbook","what-is-a-miracle"]}},{"label":"Lesson 350","leadsTo":{"locale":"en","sectionId":774,"slugs":["lesson-350","miracles-mirror-gods-eternal-love-to-offer-them"]}}],"slugs":["lesson-350","miracles-mirror-gods-eternal-love-to-offer-them"],"canonicalLink":"https://acim.org/acim/lesson-350/miracles-mirror-gods-eternal-love-to-offer-them/en/s/774","link":"https://acim.org/acim/lesson-350/miracles-mirror-gods-eternal-love-to-offer-them/en/s/774","shortLink":"https://acim.org/acim/en/s/774","previousSectionId":773,"previousSectionSlugs":["lesson-349","today-i-let-christs-vision-look-upon-all-things"],"previousSectionLink":"https://acim.org/acim/lesson-349/today-i-let-christs-vision-look-upon-all-things/en/s/773","nextSectionId":775,"nextSectionSlugs":["workbook","what-am-i"],"nextSectionLink":"https://acim.org/acim/workbook/what-am-i/en/s/775","hreflangLinks":[{"hrefLang":"en","link":"https://acim.org/acim/en/s/774"}]}