{"sectionId":775,"sectionIdLiteral":"775","humanId":"wb-part2-what-is-14","volumeId":"workbook","locale":"en","titleInfo":{"title":"What Am I?","inlineNumber":"14."},"annotation":"W-pII.14","bodyHtml":"<div class=\"acim-text wb-part2-what-is-14\"> <div data-paragraph-id=\"775#1\"><p class=\"p-italic\"><span class=\"pnr\">1.</span> <span data-sentence-id=\"775#1:1\"><span class=\"snr noprint\">1</span>I am God’s Son, complete and healed and whole, shining in the reflection of His Love.</span> <span data-sentence-id=\"775#1:2\"><span class=\"snr\">2</span>In me is His creation sanctified and guaranteed eternal life.</span> <span data-sentence-id=\"775#1:3\"><span class=\"snr\">3</span>In me is love perfected, fear impossible, and joy established without opposite.</span> <span data-sentence-id=\"775#1:4\"><span class=\"snr\">4</span>I am the holy home of God Himself.</span> <span data-sentence-id=\"775#1:5\"><span class=\"snr\">5</span>I am the Heaven where His Love resides.</span> <span data-sentence-id=\"775#1:6\"><span class=\"snr\">6</span>I am His holy Sinlessness Itself, for in my purity abides His Own.</span></p></div> <div data-paragraph-id=\"775#2\"><p class=\"p-normal\"><span class=\"pnr\">2.</span> <span data-sentence-id=\"775#2:1\"><span class=\"snr noprint\">1</span>Our use for words is almost over now.</span> <span data-sentence-id=\"775#2:2\"><span class=\"snr\">2</span>Yet in the final days of this one year we gave to God together, you and I, we found a single purpose that we shared.</span> <span data-sentence-id=\"775#2:3\"><span class=\"snr\">3</span>And thus you joined with me, so what I am are you as well.</span> <span data-sentence-id=\"775#2:4\"><span class=\"snr\">4</span>The truth of what we are is not for words to speak of nor describe.</span> <span data-sentence-id=\"775#2:5\"><span class=\"snr\">5</span>Yet we can realize our function here, and words can speak of this and teach it, too, if we exemplify the words in us.</span></p></div> <div data-paragraph-id=\"775#3\"><p class=\"p-normal\"><span class=\"pnr\">3.</span> <span data-sentence-id=\"775#3:1\"><span class=\"snr noprint\">1</span>We are the bringers of salvation.</span> <span data-sentence-id=\"775#3:2\"><span class=\"snr\">2</span>We accept our part as saviors of the world, which through our joint forgiveness is redeemed.</span> <span data-sentence-id=\"775#3:3\"><span class=\"snr\">3</span>And this, our gift, is therefore given us.</span> <span data-sentence-id=\"775#3:4\"><span class=\"snr\">4</span>We look on everyone as brother, and perceive all things as kindly and as good.</span> <span data-sentence-id=\"775#3:5\"><span class=\"snr\">5</span>We do not seek a function that is past the gate of Heaven.</span> <span data-sentence-id=\"775#3:6\"><span class=\"snr\">6</span>Knowledge will return when we have done our part.</span> <span data-sentence-id=\"775#3:7\"><span class=\"snr\">7</span>We are concerned only with giving welcome to the truth.</span></p></div> <div data-paragraph-id=\"775#4\"><p class=\"p-normal\"><span class=\"pnr\">4.</span> <span data-sentence-id=\"775#4:1\"><span class=\"snr noprint\">1</span>Ours are the eyes through which Christ’s vision sees a world redeemed from every thought of sin.</span> <span data-sentence-id=\"775#4:2\"><span class=\"snr\">2</span>Ours are the ears that hear the Voice for God proclaim the world as sinless.</span> <span data-sentence-id=\"775#4:3\"><span class=\"snr\">3</span>Ours the minds that join together as we bless the world.</span> <span data-sentence-id=\"775#4:4\"><span class=\"snr\">4</span>And from the oneness that we have attained we call to all our brothers, asking them to share our peace and consummate our joy.</span></p></div> <div data-paragraph-id=\"775#5\"><p class=\"p-normal\"><span class=\"pnr\">5.</span> <span data-sentence-id=\"775#5:1\"><span class=\"snr noprint\">1</span>We are the holy messengers of God who speak for Him, and carrying His Word to everyone whom He has sent to us, we learn that it is written on our hearts.</span> <span data-sentence-id=\"775#5:2\"><span class=\"snr\">2</span>And thus our minds are changed about the aim for which we came, and which we seek to serve.</span> <span data-sentence-id=\"775#5:3\"><span class=\"snr\">3</span>We bring glad tidings to the Son of God, who thought he suffered.</span> <span data-sentence-id=\"775#5:4\"><span class=\"snr\">4</span>Now is he redeemed.</span> <span data-sentence-id=\"775#5:5\"><span class=\"snr\">5</span>And as he sees the gate of Heaven stand open before him, he will enter in and disappear into the Heart of God.</span></p></div> </div>","firstWords":"I am God’s Son, complete and healed and whole, shining in the reflection of His Love. In me is His creation sanctified and guaranteed eternal life. In me is love perfected, fear impossible, and joy","contentType":"acim-content","seoTitle":"What Am I? | ACIM","seoDescription":"✨ A Course in Miracles with 🎧 Audio! Read and listen to “What Am I?” from the Workbook. I am God’s Son, complete and healed and whole, shining in the reflection of His Love. In me is…","desktopBreadcrumbs":[{"label":"Workbook","leadsTo":{"locale":"en","sectionId":401,"slugs":["workbook","introduction"],"forceToc":true}},{"label":"Part II","leadsTo":{"locale":"en","sectionId":631,"slugs":["workbook","part-ii-introduction"],"forceToc":true}},{"label":"14. What Am I?","leadsTo":{"locale":"en","sectionId":775,"slugs":["workbook","what-am-i"]}}],"mobileBreadcrumbs":[{"label":"Workbook","leadsTo":{"locale":"en","sectionId":401,"slugs":["workbook","introduction"],"forceToc":true}},{"label":"Part II","leadsTo":{"locale":"en","sectionId":631,"slugs":["workbook","part-ii-introduction"],"forceToc":true}},{"label":"14. What Am I?","leadsTo":{"locale":"en","sectionId":775,"slugs":["workbook","what-am-i"]}}],"seoBreadcrumbs":[{"label":"A Course in Miracles","leadsTo":"dashboard"},{"label":"Workbook","leadsTo":{"locale":"en","sectionId":401,"slugs":["workbook","introduction"],"forceToc":true}},{"label":"Part II","leadsTo":{"locale":"en","sectionId":631,"slugs":["workbook","part-ii-introduction"],"forceToc":true}},{"label":"14. What Am I?","leadsTo":{"locale":"en","sectionId":775,"slugs":["workbook","what-am-i"]}}],"slugs":["workbook","what-am-i"],"canonicalLink":"https://acim.org/acim/workbook/what-am-i/en/s/775","link":"https://acim.org/acim/workbook/what-am-i/en/s/775","shortLink":"https://acim.org/acim/en/s/775","previousSectionId":774,"previousSectionSlugs":["lesson-350","miracles-mirror-gods-eternal-love-to-offer-them"],"previousSectionLink":"https://acim.org/acim/lesson-350/miracles-mirror-gods-eternal-love-to-offer-them/en/s/774","nextSectionId":776,"nextSectionSlugs":["lesson-351","my-sinless-brother-is-my-guide-to-peace-my-sinful"],"nextSectionLink":"https://acim.org/acim/lesson-351/my-sinless-brother-is-my-guide-to-peace-my-sinful/en/s/776","hreflangLinks":[{"hrefLang":"en","link":"https://acim.org/acim/en/s/775"}]}