{"sectionId":776,"sectionIdLiteral":"776","humanId":"lesson-351","volumeId":"workbook","locale":"en","titleInfo":{"title":"My sinless brother is my guide to peace.  My sinful brother is my guide to pain.  And which I choose to see I will behold.","ownlineNumber":"Lesson 351"},"annotation":"W-351","bodyHtml":"<div class=\"acim-text lesson-351\"> <div data-paragraph-id=\"776#1\"><p class=\"p-italic\"><span class=\"pnr\">1.</span> <span data-sentence-id=\"776#1:1\"><span class=\"snr noprint\">1</span>Who is my brother but Your holy Son?</span> <span data-sentence-id=\"776#1:2\"><span class=\"snr\">2</span>And if I see him sinful I proclaim myself a sinner, not a Son of God; alone and friendless in a fearful world.</span> <span data-sentence-id=\"776#1:3\"><span class=\"snr\">3</span>Yet this perception is a choice I make, and can relinquish.</span> <span data-sentence-id=\"776#1:4\"><span class=\"snr\">4</span>I can also see my brother sinless, as Your holy Son.</span> <span data-sentence-id=\"776#1:5\"><span class=\"snr\">5</span>And with this choice I see my sinlessness, my everlasting Comforter and Friend beside me, and my way secure and clear.</span> <span data-sentence-id=\"776#1:6\"><span class=\"snr\">6</span>Choose, then, for me, my Father, through Your Voice.</span> <span data-sentence-id=\"776#1:7\"><span class=\"snr\">7</span>For He alone gives judgment in Your Name.</span></p></div> </div>","firstWords":"Who is my brother but Your holy Son? And if I see him sinful I proclaim myself a sinner, not a Son of God; alone and friendless in a fearful world. Yet this perception is a choice I make, and can","contentType":"acim-content","seoTitle":"Lesson 351: My sinless brother is my guide to… | ACIM","seoDescription":"✨ A Course in Miracles with 🎧 Audio! Read and listen to Lesson 351 “My sinless brother is my guide to peace. My sinful brother is my guide to pain. And which I choose to see I will behold”: …","desktopBreadcrumbs":[{"label":"Workbook","leadsTo":{"locale":"en","sectionId":401,"slugs":["workbook","introduction"],"forceToc":true}},{"label":"Part II","leadsTo":{"locale":"en","sectionId":631,"slugs":["workbook","part-ii-introduction"],"forceToc":true}},{"label":"14. What Am I?","leadsTo":{"locale":"en","sectionId":775,"slugs":["workbook","what-am-i"]}},{"label":"Lesson 351","leadsTo":{"locale":"en","sectionId":776,"slugs":["lesson-351","my-sinless-brother-is-my-guide-to-peace-my-sinful"]}}],"mobileBreadcrumbs":[{"label":"Workbook","leadsTo":{"locale":"en","sectionId":401,"slugs":["workbook","introduction"],"forceToc":true}},{"label":"Part II","leadsTo":{"locale":"en","sectionId":631,"slugs":["workbook","part-ii-introduction"],"forceToc":true}},{"label":"14. What Am I?","leadsTo":{"locale":"en","sectionId":775,"slugs":["workbook","what-am-i"]}},{"label":"Lesson 351","leadsTo":{"locale":"en","sectionId":776,"slugs":["lesson-351","my-sinless-brother-is-my-guide-to-peace-my-sinful"]}}],"seoBreadcrumbs":[{"label":"A Course in Miracles","leadsTo":"dashboard"},{"label":"Workbook","leadsTo":{"locale":"en","sectionId":401,"slugs":["workbook","introduction"],"forceToc":true}},{"label":"Part II","leadsTo":{"locale":"en","sectionId":631,"slugs":["workbook","part-ii-introduction"],"forceToc":true}},{"label":"14. What Am I?","leadsTo":{"locale":"en","sectionId":775,"slugs":["workbook","what-am-i"]}},{"label":"Lesson 351","leadsTo":{"locale":"en","sectionId":776,"slugs":["lesson-351","my-sinless-brother-is-my-guide-to-peace-my-sinful"]}}],"slugs":["lesson-351","my-sinless-brother-is-my-guide-to-peace-my-sinful"],"canonicalLink":"https://acim.org/acim/lesson-351/my-sinless-brother-is-my-guide-to-peace-my-sinful/en/s/776","link":"https://acim.org/acim/lesson-351/my-sinless-brother-is-my-guide-to-peace-my-sinful/en/s/776","shortLink":"https://acim.org/acim/en/s/776","previousSectionId":775,"previousSectionSlugs":["workbook","what-am-i"],"previousSectionLink":"https://acim.org/acim/workbook/what-am-i/en/s/775","nextSectionId":777,"nextSectionSlugs":["lesson-352","judgment-and-love-are-opposites-from-one-come"],"nextSectionLink":"https://acim.org/acim/lesson-352/judgment-and-love-are-opposites-from-one-come/en/s/777","hreflangLinks":[{"hrefLang":"en","link":"https://acim.org/acim/en/s/776"}]}