{"sectionId":779,"sectionIdLiteral":"779","humanId":"lesson-354","volumeId":"workbook","locale":"en","titleInfo":{"title":"We stand together, Christ and I, in peace  and certainty of purpose. And in Him  is His Creator, as He is in me.","ownlineNumber":"Lesson 354"},"annotation":"W-354","bodyHtml":"<div class=\"acim-text lesson-354\"> <div data-paragraph-id=\"779#1\"><p class=\"p-italic\"><span class=\"pnr\">1.</span> <span data-sentence-id=\"779#1:1\"><span class=\"snr noprint\">1</span>My oneness with the Christ establishes me as Your Son, beyond the reach of time, and wholly free of every law but Yours.</span> <span data-sentence-id=\"779#1:2\"><span class=\"snr\">2</span>I have no self except the Christ in me.</span> <span data-sentence-id=\"779#1:3\"><span class=\"snr\">3</span>I have no purpose but His Own.</span> <span data-sentence-id=\"779#1:4\"><span class=\"snr\">4</span>And He is like His Father.</span> <span data-sentence-id=\"779#1:5\"><span class=\"snr\">5</span>Thus must I be one with You as well as Him.</span> <span data-sentence-id=\"779#1:6\"><span class=\"snr\">6</span>For who is Christ except Your Son as You created Him?</span> <span data-sentence-id=\"779#1:7\"><span class=\"snr\">7</span>And what am I except the Christ in me?</span></p></div> </div>","firstWords":"My oneness with the Christ establishes me as Your Son, beyond the reach of time, and wholly free of every law but Yours. I have no self except the Christ in me. I have no purpose but His Own. And He","contentType":"acim-content","seoTitle":"Lesson 354: We stand together, Christ and I,… | ACIM","seoDescription":"✨ A Course in Miracles with 🎧 Audio! Read and listen to Lesson 354 “We stand together, Christ and I, in peace and certainty of purpose. And in Him is His Creator, as He is in me”: My…","desktopBreadcrumbs":[{"label":"Workbook","leadsTo":{"locale":"en","sectionId":401,"slugs":["workbook","introduction"],"forceToc":true}},{"label":"Part II","leadsTo":{"locale":"en","sectionId":631,"slugs":["workbook","part-ii-introduction"],"forceToc":true}},{"label":"14. What Am I?","leadsTo":{"locale":"en","sectionId":775,"slugs":["workbook","what-am-i"]}},{"label":"Lesson 354","leadsTo":{"locale":"en","sectionId":779,"slugs":["lesson-354","we-stand-together-christ-and-i-in-peace-and"]}}],"mobileBreadcrumbs":[{"label":"Workbook","leadsTo":{"locale":"en","sectionId":401,"slugs":["workbook","introduction"],"forceToc":true}},{"label":"Part II","leadsTo":{"locale":"en","sectionId":631,"slugs":["workbook","part-ii-introduction"],"forceToc":true}},{"label":"14. What Am I?","leadsTo":{"locale":"en","sectionId":775,"slugs":["workbook","what-am-i"]}},{"label":"Lesson 354","leadsTo":{"locale":"en","sectionId":779,"slugs":["lesson-354","we-stand-together-christ-and-i-in-peace-and"]}}],"seoBreadcrumbs":[{"label":"A Course in Miracles","leadsTo":"dashboard"},{"label":"Workbook","leadsTo":{"locale":"en","sectionId":401,"slugs":["workbook","introduction"],"forceToc":true}},{"label":"Part II","leadsTo":{"locale":"en","sectionId":631,"slugs":["workbook","part-ii-introduction"],"forceToc":true}},{"label":"14. What Am I?","leadsTo":{"locale":"en","sectionId":775,"slugs":["workbook","what-am-i"]}},{"label":"Lesson 354","leadsTo":{"locale":"en","sectionId":779,"slugs":["lesson-354","we-stand-together-christ-and-i-in-peace-and"]}}],"slugs":["lesson-354","we-stand-together-christ-and-i-in-peace-and"],"canonicalLink":"https://acim.org/acim/lesson-354/we-stand-together-christ-and-i-in-peace-and/en/s/779","link":"https://acim.org/acim/lesson-354/we-stand-together-christ-and-i-in-peace-and/en/s/779","shortLink":"https://acim.org/acim/en/s/779","previousSectionId":778,"previousSectionSlugs":["lesson-353","my-eyes-my-tongue-my-hands-my-feet-today-have-but"],"previousSectionLink":"https://acim.org/acim/lesson-353/my-eyes-my-tongue-my-hands-my-feet-today-have-but/en/s/778","nextSectionId":780,"nextSectionSlugs":["lesson-355","there-is-no-end-to-all-the-peace-and-joy-and-all-the"],"nextSectionLink":"https://acim.org/acim/lesson-355/there-is-no-end-to-all-the-peace-and-joy-and-all-the/en/s/780","hreflangLinks":[{"hrefLang":"en","link":"https://acim.org/acim/en/s/779"}]}