{"sectionId":780,"sectionIdLiteral":"780","humanId":"lesson-355","volumeId":"workbook","locale":"en","titleInfo":{"title":"There is no end to all the peace and joy,  and all the miracles that I will give,  when I accept God’s Word. Why not today?","ownlineNumber":"Lesson 355"},"annotation":"W-355","bodyHtml":"<div class=\"acim-text lesson-355\"> <div data-paragraph-id=\"780#1\"><p class=\"p-italic\"><span class=\"pnr\">1.</span> <span data-sentence-id=\"780#1:1\"><span class=\"snr noprint\">1</span>Why should I wait, my Father, for the joy You promised me?</span> <span data-sentence-id=\"780#1:2\"><span class=\"snr\">2</span>For You will keep Your Word You gave Your Son in exile.</span> <span data-sentence-id=\"780#1:3\"><span class=\"snr\">3</span>I am sure my treasure waits for me, and I need but reach out my hand to find it.</span> <span data-sentence-id=\"780#1:4\"><span class=\"snr\">4</span>Even now my fingers touch it.</span> <span data-sentence-id=\"780#1:5\"><span class=\"snr\">5</span>It is very close.</span> <span data-sentence-id=\"780#1:6\"><span class=\"snr\">6</span>I need not wait an instant more to be at peace forever.</span> <span data-sentence-id=\"780#1:7\"><span class=\"snr\">7</span>It is You I choose, and my Identity along with You.</span> <span data-sentence-id=\"780#1:8\"><span class=\"snr\">8</span>Your Son would be Himself, and know You as his Father and Creator, and his Love.</span></p></div> </div>","firstWords":"Why should I wait, my Father, for the joy You promised me? For You will keep Your Word You gave Your Son in exile. I am sure my treasure waits for me, and I need but reach out my hand to find it.","contentType":"acim-content","seoTitle":"Lesson 355: There is no end to all the peace… | ACIM","seoDescription":"✨ A Course in Miracles with 🎧 Audio! Read and listen to Lesson 355 “There is no end to all the peace and joy, and all the miracles that I will give, when I accept God’s Word. Why not today?”: …","desktopBreadcrumbs":[{"label":"Workbook","leadsTo":{"locale":"en","sectionId":401,"slugs":["workbook","introduction"],"forceToc":true}},{"label":"Part II","leadsTo":{"locale":"en","sectionId":631,"slugs":["workbook","part-ii-introduction"],"forceToc":true}},{"label":"14. What Am I?","leadsTo":{"locale":"en","sectionId":775,"slugs":["workbook","what-am-i"]}},{"label":"Lesson 355","leadsTo":{"locale":"en","sectionId":780,"slugs":["lesson-355","there-is-no-end-to-all-the-peace-and-joy-and-all-the"]}}],"mobileBreadcrumbs":[{"label":"Workbook","leadsTo":{"locale":"en","sectionId":401,"slugs":["workbook","introduction"],"forceToc":true}},{"label":"Part II","leadsTo":{"locale":"en","sectionId":631,"slugs":["workbook","part-ii-introduction"],"forceToc":true}},{"label":"14. What Am I?","leadsTo":{"locale":"en","sectionId":775,"slugs":["workbook","what-am-i"]}},{"label":"Lesson 355","leadsTo":{"locale":"en","sectionId":780,"slugs":["lesson-355","there-is-no-end-to-all-the-peace-and-joy-and-all-the"]}}],"seoBreadcrumbs":[{"label":"A Course in Miracles","leadsTo":"dashboard"},{"label":"Workbook","leadsTo":{"locale":"en","sectionId":401,"slugs":["workbook","introduction"],"forceToc":true}},{"label":"Part II","leadsTo":{"locale":"en","sectionId":631,"slugs":["workbook","part-ii-introduction"],"forceToc":true}},{"label":"14. What Am I?","leadsTo":{"locale":"en","sectionId":775,"slugs":["workbook","what-am-i"]}},{"label":"Lesson 355","leadsTo":{"locale":"en","sectionId":780,"slugs":["lesson-355","there-is-no-end-to-all-the-peace-and-joy-and-all-the"]}}],"slugs":["lesson-355","there-is-no-end-to-all-the-peace-and-joy-and-all-the"],"canonicalLink":"https://acim.org/acim/lesson-355/there-is-no-end-to-all-the-peace-and-joy-and-all-the/en/s/780","link":"https://acim.org/acim/lesson-355/there-is-no-end-to-all-the-peace-and-joy-and-all-the/en/s/780","shortLink":"https://acim.org/acim/en/s/780","previousSectionId":779,"previousSectionSlugs":["lesson-354","we-stand-together-christ-and-i-in-peace-and"],"previousSectionLink":"https://acim.org/acim/lesson-354/we-stand-together-christ-and-i-in-peace-and/en/s/779","nextSectionId":781,"nextSectionSlugs":["lesson-356","sickness-is-but-another-name-for-sin-healing-is"],"nextSectionLink":"https://acim.org/acim/lesson-356/sickness-is-but-another-name-for-sin-healing-is/en/s/781","hreflangLinks":[{"hrefLang":"en","link":"https://acim.org/acim/en/s/780"}]}