{"sectionId":781,"sectionIdLiteral":"781","humanId":"lesson-356","volumeId":"workbook","locale":"en","titleInfo":{"title":"Sickness is but another name for sin.  Healing is but another name for God.  The miracle is thus a call to Him.","ownlineNumber":"Lesson 356"},"annotation":"W-356","bodyHtml":"<div class=\"acim-text lesson-356\"> <div data-paragraph-id=\"781#1\"><p class=\"p-italic\"><span class=\"pnr\">1.</span> <span data-sentence-id=\"781#1:1\"><span class=\"snr noprint\">1</span>Father, You promised You would never fail to answer any call Your Son might make to You.</span> <span data-sentence-id=\"781#1:2\"><span class=\"snr\">2</span>It does not matter where he is, what seems to be his problem, nor what he believes he has become.</span> <span data-sentence-id=\"781#1:3\"><span class=\"snr\">3</span>He is Your Son, and You will answer him.</span> <span data-sentence-id=\"781#1:4\"><span class=\"snr\">4</span>The miracle reflects Your Love, and thus it answers him.</span> <span data-sentence-id=\"781#1:5\"><span class=\"snr\">5</span>Your Name replaces every thought of sin, and who is sinless cannot suffer pain.</span> <span data-sentence-id=\"781#1:6\"><span class=\"snr\">6</span>Your Name gives answer to Your Son, because to call Your Name is but to call his own.</span></p></div> </div>","firstWords":"Father, You promised You would never fail to answer any call Your Son might make to You. It does not matter where he is, what seems to be his problem, nor what he believes he has become. He is Your","contentType":"acim-content","seoTitle":"Lesson 356: Sickness is but another name for… | ACIM","seoDescription":"✨ A Course in Miracles with 🎧 Audio! Read and listen to Lesson 356 “Sickness is but another name for sin. Healing is but another name for God. The miracle is thus a call to Him”: …","desktopBreadcrumbs":[{"label":"Workbook","leadsTo":{"locale":"en","sectionId":401,"slugs":["workbook","introduction"],"forceToc":true}},{"label":"Part II","leadsTo":{"locale":"en","sectionId":631,"slugs":["workbook","part-ii-introduction"],"forceToc":true}},{"label":"14. What Am I?","leadsTo":{"locale":"en","sectionId":775,"slugs":["workbook","what-am-i"]}},{"label":"Lesson 356","leadsTo":{"locale":"en","sectionId":781,"slugs":["lesson-356","sickness-is-but-another-name-for-sin-healing-is"]}}],"mobileBreadcrumbs":[{"label":"Workbook","leadsTo":{"locale":"en","sectionId":401,"slugs":["workbook","introduction"],"forceToc":true}},{"label":"Part II","leadsTo":{"locale":"en","sectionId":631,"slugs":["workbook","part-ii-introduction"],"forceToc":true}},{"label":"14. What Am I?","leadsTo":{"locale":"en","sectionId":775,"slugs":["workbook","what-am-i"]}},{"label":"Lesson 356","leadsTo":{"locale":"en","sectionId":781,"slugs":["lesson-356","sickness-is-but-another-name-for-sin-healing-is"]}}],"seoBreadcrumbs":[{"label":"A Course in Miracles","leadsTo":"dashboard"},{"label":"Workbook","leadsTo":{"locale":"en","sectionId":401,"slugs":["workbook","introduction"],"forceToc":true}},{"label":"Part II","leadsTo":{"locale":"en","sectionId":631,"slugs":["workbook","part-ii-introduction"],"forceToc":true}},{"label":"14. What Am I?","leadsTo":{"locale":"en","sectionId":775,"slugs":["workbook","what-am-i"]}},{"label":"Lesson 356","leadsTo":{"locale":"en","sectionId":781,"slugs":["lesson-356","sickness-is-but-another-name-for-sin-healing-is"]}}],"slugs":["lesson-356","sickness-is-but-another-name-for-sin-healing-is"],"canonicalLink":"https://acim.org/acim/lesson-356/sickness-is-but-another-name-for-sin-healing-is/en/s/781","link":"https://acim.org/acim/lesson-356/sickness-is-but-another-name-for-sin-healing-is/en/s/781","shortLink":"https://acim.org/acim/en/s/781","previousSectionId":780,"previousSectionSlugs":["lesson-355","there-is-no-end-to-all-the-peace-and-joy-and-all-the"],"previousSectionLink":"https://acim.org/acim/lesson-355/there-is-no-end-to-all-the-peace-and-joy-and-all-the/en/s/780","nextSectionId":782,"nextSectionSlugs":["lesson-357","truth-answers-every-call-we-make-to-god"],"nextSectionLink":"https://acim.org/acim/lesson-357/truth-answers-every-call-we-make-to-god/en/s/782","hreflangLinks":[{"hrefLang":"en","link":"https://acim.org/acim/en/s/781"}]}