{"sectionId":782,"sectionIdLiteral":"782","humanId":"lesson-357","volumeId":"workbook","locale":"en","titleInfo":{"title":"Truth answers every call we make to God,  responding first with miracles, and then  returning unto us to be itself.","ownlineNumber":"Lesson 357"},"annotation":"W-357","bodyHtml":"<div class=\"acim-text lesson-357\"> <div data-paragraph-id=\"782#1\"><p class=\"p-italic\"><span class=\"pnr\">1.</span> <span data-sentence-id=\"782#1:1\"><span class=\"snr noprint\">1</span>Forgiveness, truth’s reflection, tells me how to offer miracles, and thus escape the prison house in which I think I live.</span> <span data-sentence-id=\"782#1:2\"><span class=\"snr\">2</span>Your holy Son is pointed out to me, first in my brother; then in me.</span> <span data-sentence-id=\"782#1:3\"><span class=\"snr\">3</span>Your Voice instructs me patiently to hear Your Word, and give as I receive.</span> <span data-sentence-id=\"782#1:4\"><span class=\"snr\">4</span>And as I look upon Your Son today, I hear Your Voice instructing me to find the way to You, as You appointed that the way shall be:</span></p> <p class=\"p-prayer\"><span data-sentence-id=\"782#1:5\"><span class=\"snr\">5</span>“Behold his sinlessness, and be you healed.”</span></p></div> </div>","firstWords":"Forgiveness, truth’s reflection, tells me how to offer miracles, and thus escape the prison house in which I think I live. Your holy Son is pointed out to me, first in my brother; then in me. Your","contentType":"acim-content","seoTitle":"Lesson 357: Truth answers every call we make… | ACIM","seoDescription":"✨ A Course in Miracles with 🎧 Audio! Read and listen to Lesson 357 “Truth answers every call we make to God, responding first with miracles, and then returning unto us to be itself”: …","desktopBreadcrumbs":[{"label":"Workbook","leadsTo":{"locale":"en","sectionId":401,"slugs":["workbook","introduction"],"forceToc":true}},{"label":"Part II","leadsTo":{"locale":"en","sectionId":631,"slugs":["workbook","part-ii-introduction"],"forceToc":true}},{"label":"14. What Am I?","leadsTo":{"locale":"en","sectionId":775,"slugs":["workbook","what-am-i"]}},{"label":"Lesson 357","leadsTo":{"locale":"en","sectionId":782,"slugs":["lesson-357","truth-answers-every-call-we-make-to-god"]}}],"mobileBreadcrumbs":[{"label":"Workbook","leadsTo":{"locale":"en","sectionId":401,"slugs":["workbook","introduction"],"forceToc":true}},{"label":"Part II","leadsTo":{"locale":"en","sectionId":631,"slugs":["workbook","part-ii-introduction"],"forceToc":true}},{"label":"14. What Am I?","leadsTo":{"locale":"en","sectionId":775,"slugs":["workbook","what-am-i"]}},{"label":"Lesson 357","leadsTo":{"locale":"en","sectionId":782,"slugs":["lesson-357","truth-answers-every-call-we-make-to-god"]}}],"seoBreadcrumbs":[{"label":"A Course in Miracles","leadsTo":"dashboard"},{"label":"Workbook","leadsTo":{"locale":"en","sectionId":401,"slugs":["workbook","introduction"],"forceToc":true}},{"label":"Part II","leadsTo":{"locale":"en","sectionId":631,"slugs":["workbook","part-ii-introduction"],"forceToc":true}},{"label":"14. What Am I?","leadsTo":{"locale":"en","sectionId":775,"slugs":["workbook","what-am-i"]}},{"label":"Lesson 357","leadsTo":{"locale":"en","sectionId":782,"slugs":["lesson-357","truth-answers-every-call-we-make-to-god"]}}],"slugs":["lesson-357","truth-answers-every-call-we-make-to-god"],"canonicalLink":"https://acim.org/acim/lesson-357/truth-answers-every-call-we-make-to-god/en/s/782","link":"https://acim.org/acim/lesson-357/truth-answers-every-call-we-make-to-god/en/s/782","shortLink":"https://acim.org/acim/en/s/782","previousSectionId":781,"previousSectionSlugs":["lesson-356","sickness-is-but-another-name-for-sin-healing-is"],"previousSectionLink":"https://acim.org/acim/lesson-356/sickness-is-but-another-name-for-sin-healing-is/en/s/781","nextSectionId":783,"nextSectionSlugs":["lesson-358","no-call-to-god-can-be-unheard-nor-left-unanswered"],"nextSectionLink":"https://acim.org/acim/lesson-358/no-call-to-god-can-be-unheard-nor-left-unanswered/en/s/783","hreflangLinks":[{"hrefLang":"en","link":"https://acim.org/acim/en/s/782"}]}