{"sectionId":783,"sectionIdLiteral":"783","humanId":"lesson-358","volumeId":"workbook","locale":"en","titleInfo":{"title":"No call to God can be unheard nor left  unanswered. And of this I can be sure;  His answer is the one I really want.","ownlineNumber":"Lesson 358"},"annotation":"W-358","bodyHtml":"<div class=\"acim-text lesson-358\"> <div data-paragraph-id=\"783#1\"><p class=\"p-italic\"><span class=\"pnr\">1.</span> <span data-sentence-id=\"783#1:1\"><span class=\"snr noprint\">1</span>You Who remember what I really am alone remember what I really want.</span> <span data-sentence-id=\"783#1:2\"><span class=\"snr\">2</span>You speak for God, and so You speak for me.</span> <span data-sentence-id=\"783#1:3\"><span class=\"snr\">3</span>And what You give me comes from God Himself.</span> <span data-sentence-id=\"783#1:4\"><span class=\"snr\">4</span>Your Voice, my Father, then is mine as well, and all I want is what You offer me, in just the form You choose that it be mine.</span> <span data-sentence-id=\"783#1:5\"><span class=\"snr\">5</span>Let me remember all I do not know, and let my voice be still, remembering.</span> <span data-sentence-id=\"783#1:6\"><span class=\"snr\">6</span>But let me not forget Your Love and care, keeping Your promise to Your Son in my awareness always.</span> <span data-sentence-id=\"783#1:7\"><span class=\"snr\">7</span>Let me not forget myself is nothing, but my Self is all.</span></p></div> </div>","firstWords":"You Who remember what I really am alone remember what I really want. You speak for God, and so You speak for me. And what You give me comes from God Himself. Your Voice, my Father, then is mine as","contentType":"acim-content","seoTitle":"Lesson 358: No call to God can be unheard nor… | ACIM","seoDescription":"✨ A Course in Miracles with 🎧 Audio! Read and listen to Lesson 358 “No call to God can be unheard nor left unanswered. And of this I can be sure; His answer is the one I really want”: …","desktopBreadcrumbs":[{"label":"Workbook","leadsTo":{"locale":"en","sectionId":401,"slugs":["workbook","introduction"],"forceToc":true}},{"label":"Part II","leadsTo":{"locale":"en","sectionId":631,"slugs":["workbook","part-ii-introduction"],"forceToc":true}},{"label":"14. What Am I?","leadsTo":{"locale":"en","sectionId":775,"slugs":["workbook","what-am-i"]}},{"label":"Lesson 358","leadsTo":{"locale":"en","sectionId":783,"slugs":["lesson-358","no-call-to-god-can-be-unheard-nor-left-unanswered"]}}],"mobileBreadcrumbs":[{"label":"Workbook","leadsTo":{"locale":"en","sectionId":401,"slugs":["workbook","introduction"],"forceToc":true}},{"label":"Part II","leadsTo":{"locale":"en","sectionId":631,"slugs":["workbook","part-ii-introduction"],"forceToc":true}},{"label":"14. What Am I?","leadsTo":{"locale":"en","sectionId":775,"slugs":["workbook","what-am-i"]}},{"label":"Lesson 358","leadsTo":{"locale":"en","sectionId":783,"slugs":["lesson-358","no-call-to-god-can-be-unheard-nor-left-unanswered"]}}],"seoBreadcrumbs":[{"label":"A Course in Miracles","leadsTo":"dashboard"},{"label":"Workbook","leadsTo":{"locale":"en","sectionId":401,"slugs":["workbook","introduction"],"forceToc":true}},{"label":"Part II","leadsTo":{"locale":"en","sectionId":631,"slugs":["workbook","part-ii-introduction"],"forceToc":true}},{"label":"14. What Am I?","leadsTo":{"locale":"en","sectionId":775,"slugs":["workbook","what-am-i"]}},{"label":"Lesson 358","leadsTo":{"locale":"en","sectionId":783,"slugs":["lesson-358","no-call-to-god-can-be-unheard-nor-left-unanswered"]}}],"slugs":["lesson-358","no-call-to-god-can-be-unheard-nor-left-unanswered"],"canonicalLink":"https://acim.org/acim/lesson-358/no-call-to-god-can-be-unheard-nor-left-unanswered/en/s/783","link":"https://acim.org/acim/lesson-358/no-call-to-god-can-be-unheard-nor-left-unanswered/en/s/783","shortLink":"https://acim.org/acim/en/s/783","previousSectionId":782,"previousSectionSlugs":["lesson-357","truth-answers-every-call-we-make-to-god"],"previousSectionLink":"https://acim.org/acim/lesson-357/truth-answers-every-call-we-make-to-god/en/s/782","nextSectionId":784,"nextSectionSlugs":["lesson-359","gods-answer-is-some-form-of-peace-all-pain-is"],"nextSectionLink":"https://acim.org/acim/lesson-359/gods-answer-is-some-form-of-peace-all-pain-is/en/s/784","hreflangLinks":[{"hrefLang":"en","link":"https://acim.org/acim/en/s/783"}]}