{"sectionId":786,"sectionIdLiteral":"786","humanId":"final-lessons-intro","volumeId":"workbook","locale":"en","titleInfo":{"superTitle":"Final Lessons","title":"Introduction"},"annotation":"W-fl.in","bodyHtml":"<div class=\"acim-text final-lessons-intro\"> <div data-paragraph-id=\"786#1\"><p class=\"p-normal\"><span class=\"pnr\">1.</span> <span data-sentence-id=\"786#1:1\"><span class=\"snr noprint\">1</span>Our final lessons will be left as free of words as possible.</span> <span data-sentence-id=\"786#1:2\"><span class=\"snr\">2</span>We use them but at the beginning of our practicing, and only to remind us that we seek to go beyond them.</span> <span data-sentence-id=\"786#1:3\"><span class=\"snr\">3</span>Let us turn to Him Who leads the way and makes our footsteps sure.</span> <span data-sentence-id=\"786#1:4\"><span class=\"snr\">4</span>To Him we leave these lessons, as to Him we give our lives henceforth.</span> <span data-sentence-id=\"786#1:5\"><span class=\"snr\">5</span>For we would not return again to the belief in sin that made the world seem ugly and unsafe, attacking and destroying, dangerous in all its ways, and treacherous beyond the hope of trust and the escape from pain.</span></p></div> <div data-paragraph-id=\"786#2\"><p class=\"p-normal\"><span class=\"pnr\">2.</span> <span data-sentence-id=\"786#2:1\"><span class=\"snr noprint\">1</span>His is the only way to find the peace that God has given us.</span> <span data-sentence-id=\"786#2:2\"><span class=\"snr\">2</span>It is His way that everyone must travel in the end, because it is this ending God Himself appointed.</span> <span data-sentence-id=\"786#2:3\"><span class=\"snr\">3</span>In the dream of time it seems to be far off.</span> <span data-sentence-id=\"786#2:4\"><span class=\"snr\">4</span>And yet, in truth, it is already here; already serving us as gracious guidance in the way to go.</span> <span data-sentence-id=\"786#2:5\"><span class=\"snr\">5</span>Let us together follow in the way that truth points out to us.</span> <span data-sentence-id=\"786#2:6\"><span class=\"snr\">6</span>And let us be the leaders of our many brothers who are seeking for the way, but find it not.</span></p></div> <div data-paragraph-id=\"786#3\"><p class=\"p-normal\"><span class=\"pnr\">3.</span> <span data-sentence-id=\"786#3:1\"><span class=\"snr noprint\">1</span>And to this purpose let us dedicate our minds, directing all our thoughts to serve the function of salvation.</span> <span data-sentence-id=\"786#3:2\"><span class=\"snr\">2</span>Unto us the aim is given to forgive the world.</span> <span data-sentence-id=\"786#3:3\"><span class=\"snr\">3</span>It is the goal that God has given us.</span> <span data-sentence-id=\"786#3:4\"><span class=\"snr\">4</span>It is His ending to the dream we seek, and not our own.</span> <span data-sentence-id=\"786#3:5\"><span class=\"snr\">5</span>For all that we forgive we will not fail to recognize as part of God Himself.</span> <span data-sentence-id=\"786#3:6\"><span class=\"snr\">6</span>And thus His memory is given back, completely and complete.</span></p></div> <div data-paragraph-id=\"786#4\"><p class=\"p-normal\"><span class=\"pnr\">4.</span> <span data-sentence-id=\"786#4:1\"><span class=\"snr noprint\">1</span>It is our function to remember Him on earth, as it is given us to be His Own completion in reality.</span> <span data-sentence-id=\"786#4:2\"><span class=\"snr\">2</span>So let us not forget our goal is shared, for it is that remembrance which contains the memory of God, and points the way to Him and to the Heaven of His peace.</span> <span data-sentence-id=\"786#4:3\"><span class=\"snr\">3</span>And shall we not forgive our brother, who can offer this to us?</span> <span data-sentence-id=\"786#4:4\"><span class=\"snr\">4</span>He is the way, the truth and life that shows the way to us.</span> <span data-sentence-id=\"786#4:5\"><span class=\"snr\">5</span>In him resides salvation, offered us through our forgiveness, given unto him.</span></p></div> <div data-paragraph-id=\"786#5\"><p class=\"p-normal\"><span class=\"pnr\">5.</span> <span data-sentence-id=\"786#5:1\"><span class=\"snr noprint\">1</span>We will not end this year without the gift our Father promised to His holy Son.</span> <span data-sentence-id=\"786#5:2\"><span class=\"snr\">2</span>We are forgiven now.</span> <span data-sentence-id=\"786#5:3\"><span class=\"snr\">3</span>And we are saved from all the wrath we thought belonged to God, and found it was a dream.</span> <span data-sentence-id=\"786#5:4\"><span class=\"snr\">4</span>We are restored to sanity, in which we understand that anger is insane, attack is mad, and vengeance merely foolish fantasy.</span> <span data-sentence-id=\"786#5:5\"><span class=\"snr\">5</span>We have been saved from wrath because we learned we were mistaken.</span> <span data-sentence-id=\"786#5:6\"><span class=\"snr\">6</span>Nothing more than that.</span> <span data-sentence-id=\"786#5:7\"><span class=\"snr\">7</span>And is a father angry at his son because he failed to understand the truth?</span></p></div> <div data-paragraph-id=\"786#6\"><p class=\"p-normal\"><span class=\"pnr\">6.</span> <span data-sentence-id=\"786#6:1\"><span class=\"snr noprint\">1</span>We come in honesty to God and say we did not understand, and ask Him to help us to learn His lessons, through the Voice of His Own Teacher.</span> <span data-sentence-id=\"786#6:2\"><span class=\"snr\">2</span>Would He hurt His Son?</span> <span data-sentence-id=\"786#6:3\"><span class=\"snr\">3</span>Or would He rush to answer him, and say, “This is My Son, and all I have is his”?</span> <span data-sentence-id=\"786#6:4\"><span class=\"snr\">4</span>Be certain He will answer thus, for these are His Own words to you.</span> <span data-sentence-id=\"786#6:5\"><span class=\"snr\">5</span>And more than that can no one ever have, for in these words is all there is, and all that there will be throughout all time and in eternity.</span></p></div> </div>","firstWords":"Our final lessons will be left as free of words as possible. We use them but at the beginning of our practicing, and only to remind us that we seek to go beyond them. Let us turn to Him Who leads the","contentType":"acim-content","seoTitle":"Final Lessons: Introduction | ACIM","seoDescription":"✨ A Course in Miracles with 🎧 Audio! Read and listen to “Final Lessons: Introduction” from the Workbook. Our final lessons will be left as free of words as possible. We use them but at…","desktopBreadcrumbs":[{"label":"Workbook","leadsTo":{"locale":"en","sectionId":401,"slugs":["workbook","introduction"],"forceToc":true}},{"label":"Part II","leadsTo":{"locale":"en","sectionId":631,"slugs":["workbook","part-ii-introduction"],"forceToc":true}},{"label":"Final Lessons","leadsTo":{"locale":"en","sectionId":786,"slugs":["final-lessons","introduction"]}}],"mobileBreadcrumbs":[{"label":"Workbook","leadsTo":{"locale":"en","sectionId":401,"slugs":["workbook","introduction"],"forceToc":true}},{"label":"Part II","leadsTo":{"locale":"en","sectionId":631,"slugs":["workbook","part-ii-introduction"],"forceToc":true}},{"label":"Final Lessons","leadsTo":{"locale":"en","sectionId":786,"slugs":["final-lessons","introduction"]}}],"seoBreadcrumbs":[{"label":"A Course in Miracles","leadsTo":"dashboard"},{"label":"Workbook","leadsTo":{"locale":"en","sectionId":401,"slugs":["workbook","introduction"],"forceToc":true}},{"label":"Part II","leadsTo":{"locale":"en","sectionId":631,"slugs":["workbook","part-ii-introduction"],"forceToc":true}},{"label":"Final Lessons","leadsTo":{"locale":"en","sectionId":786,"slugs":["final-lessons","introduction"]}}],"slugs":["final-lessons","introduction"],"canonicalLink":"https://acim.org/acim/final-lessons/introduction/en/s/786","link":"https://acim.org/acim/final-lessons/introduction/en/s/786","shortLink":"https://acim.org/acim/en/s/786","previousSectionId":785,"previousSectionSlugs":["lesson-360","peace-be-to-me-the-holy-son-of-god-peace-to-my"],"previousSectionLink":"https://acim.org/acim/lesson-360/peace-be-to-me-the-holy-son-of-god-peace-to-my/en/s/785","nextSectionId":787,"nextSectionSlugs":["final-lessons","lessons-361-to-365"],"nextSectionLink":"https://acim.org/acim/final-lessons/lessons-361-to-365/en/s/787","hreflangLinks":[{"hrefLang":"en","link":"https://acim.org/acim/en/s/786"}]}