{"sectionId":787,"sectionIdLiteral":"787","humanId":"final-lessons","volumeId":"workbook","locale":"en","titleInfo":{"title":"This holy instant would I give to You.  Be You in charge. For I would follow You,  certain that Your direction gives me peace.","ownlineNumber":"Lessons 361 to 365"},"annotation":"W-361-365","bodyHtml":"<div class=\"acim-text final-lessons\"> <div data-paragraph-id=\"787#1\"><p class=\"p-normal\"><span class=\"pnr\">1.</span> <span data-sentence-id=\"787#1:1\"><span class=\"snr noprint\">1</span>And if I need a word to help me, He will give it to me.</span> <span data-sentence-id=\"787#1:2\"><span class=\"snr\">2</span>If I need a thought, that will He also give.</span> <span data-sentence-id=\"787#1:3\"><span class=\"snr\">3</span>And if I need but stillness and a tranquil, open mind, these are the gifts I will receive of Him.</span> <span data-sentence-id=\"787#1:4\"><span class=\"snr\">4</span>He is in charge by my request.</span> <span data-sentence-id=\"787#1:5\"><span class=\"snr\">5</span>And He will hear and answer me, because He speaks for God my Father and His holy Son.</span></p></div> </div>","firstWords":"And if I need a word to help me, He will give it to me. If I need a thought, that will He also give. And if I need but stillness and a tranquil, open mind, these are the gifts I will receive of Him.","contentType":"acim-content","seoTitle":"Lessons 361 to 365: This holy instant would I… | ACIM","seoDescription":"✨ A Course in Miracles with 🎧 Audio! Read and listen to “Lessons 361 to 365: This holy instant would I give to You. Be You in charge. For I would follow You, certain that Your direction gives me peace” from the Workbook. …","desktopBreadcrumbs":[{"label":"Workbook","leadsTo":{"locale":"en","sectionId":401,"slugs":["workbook","introduction"],"forceToc":true}},{"label":"Part II","leadsTo":{"locale":"en","sectionId":631,"slugs":["workbook","part-ii-introduction"],"forceToc":true}},{"label":"Final Lessons","leadsTo":{"locale":"en","sectionId":786,"slugs":["final-lessons","introduction"]}},{"label":"Lessons 361 to 365","leadsTo":{"locale":"en","sectionId":787,"slugs":["final-lessons","lessons-361-to-365"]}}],"mobileBreadcrumbs":[{"label":"Workbook","leadsTo":{"locale":"en","sectionId":401,"slugs":["workbook","introduction"],"forceToc":true}},{"label":"Part II","leadsTo":{"locale":"en","sectionId":631,"slugs":["workbook","part-ii-introduction"],"forceToc":true}},{"label":"Final Lessons","leadsTo":{"locale":"en","sectionId":786,"slugs":["final-lessons","introduction"]}},{"label":"Lessons 361 to 365","leadsTo":{"locale":"en","sectionId":787,"slugs":["final-lessons","lessons-361-to-365"]}}],"seoBreadcrumbs":[{"label":"A Course in Miracles","leadsTo":"dashboard"},{"label":"Workbook","leadsTo":{"locale":"en","sectionId":401,"slugs":["workbook","introduction"],"forceToc":true}},{"label":"Part II","leadsTo":{"locale":"en","sectionId":631,"slugs":["workbook","part-ii-introduction"],"forceToc":true}},{"label":"Final Lessons","leadsTo":{"locale":"en","sectionId":786,"slugs":["final-lessons","introduction"]}},{"label":"Lessons 361 to 365","leadsTo":{"locale":"en","sectionId":787,"slugs":["final-lessons","lessons-361-to-365"]}}],"slugs":["final-lessons","lessons-361-to-365"],"canonicalLink":"https://acim.org/acim/final-lessons/lessons-361-to-365/en/s/787","link":"https://acim.org/acim/final-lessons/lessons-361-to-365/en/s/787","shortLink":"https://acim.org/acim/en/s/787","previousSectionId":786,"previousSectionSlugs":["final-lessons","introduction"],"previousSectionLink":"https://acim.org/acim/final-lessons/introduction/en/s/786","nextSectionId":788,"nextSectionSlugs":["workbook","epilogue"],"nextSectionLink":"https://acim.org/acim/workbook/epilogue/en/s/788","hreflangLinks":[{"hrefLang":"en","link":"https://acim.org/acim/en/s/787"}]}