{"sectionId":805,"sectionIdLiteral":"805","humanId":"manual-4","volumeId":"manual","locale":"en","titleInfo":{"title":"What Are the Characteristics of God’s Teachers?","inlineNumber":"4."},"annotation":"M-4","bodyHtml":"<div class=\"acim-text manual-4\"> <div data-paragraph-id=\"805#1\"><p class=\"p-normal\"><span class=\"pnr\">1.</span> <span data-sentence-id=\"805#1:1\"><span class=\"snr noprint\">1</span>The surface traits of God’s teachers are not at all alike.</span> <span data-sentence-id=\"805#1:2\"><span class=\"snr\">2</span>They do not look alike to the body’s eyes, they come from vastly different backgrounds, their experiences of the world vary greatly, and their superficial “personalities” are quite distinct.</span> <span data-sentence-id=\"805#1:3\"><span class=\"snr\">3</span>Nor, at the beginning stages of their functioning as teachers of God, have they as yet acquired the deeper characteristics that will establish them as what they are.</span> <span data-sentence-id=\"805#1:4\"><span class=\"snr\">4</span>God gives special gifts to His teachers, because they have a special role in His plan for Atonement.</span> <span data-sentence-id=\"805#1:5\"><span class=\"snr\">5</span>Their specialness is, of course, only temporary; set in time as a means of leading out of time.</span> <span data-sentence-id=\"805#1:6\"><span class=\"snr\">6</span>These special gifts, born in the holy relationship toward which the teaching-learning situation is geared, become characteristic of all teachers of God who have advanced in their own learning.</span> <span data-sentence-id=\"805#1:7\"><span class=\"snr\">7</span>In this respect they are all alike.</span></p></div> <div data-paragraph-id=\"805#2\"><p class=\"p-normal\"><span class=\"pnr\">2.</span> <span data-sentence-id=\"805#2:1\"><span class=\"snr noprint\">1</span>All differences among the Sons of God are temporary.</span> <span data-sentence-id=\"805#2:2\"><span class=\"snr\">2</span>Nevertheless, in time it can be said that the advanced teachers of God have the following characteristics:</span></p></div> </div>","firstWords":"The surface traits of God’s teachers are not at all alike. They do not look alike to the body’s eyes, they come from vastly different backgrounds, their experiences of the world vary greatly, and","contentType":"acim-content","seoTitle":"What Are the Characteristics of God’s Teachers? | ACIM","seoDescription":"✨ A Course in Miracles. Read “What Are the Characteristics of God’s Teachers?” from the Manual for Teachers (M-4): The surface traits of God’s teachers are not at all alike. They do not…","desktopBreadcrumbs":[{"label":"Manual","leadsTo":{"locale":"en","sectionId":801,"slugs":["manual","introduction"],"forceToc":true}},{"label":"4. What Are the Characteristics of God’s Teachers?","leadsTo":{"locale":"en","sectionId":805,"slugs":["manual","what-are-the-characteristics-of-gods-teachers"]}}],"mobileBreadcrumbs":[{"label":"Manual for Teachers","leadsTo":{"locale":"en","sectionId":801,"slugs":["manual","introduction"],"forceToc":true}},{"label":"4. What Are the Characteristics of God’s Teachers?","leadsTo":{"locale":"en","sectionId":805,"slugs":["manual","what-are-the-characteristics-of-gods-teachers"]}}],"seoBreadcrumbs":[{"label":"A Course in Miracles","leadsTo":"dashboard"},{"label":"Manual","leadsTo":{"locale":"en","sectionId":801,"slugs":["manual","introduction"],"forceToc":true}},{"label":"4. What Are the Characteristics of God’s Teachers?","leadsTo":{"locale":"en","sectionId":805,"slugs":["manual","what-are-the-characteristics-of-gods-teachers"]}}],"slugs":["manual","what-are-the-characteristics-of-gods-teachers"],"canonicalLink":"https://acim.org/acim/manual/what-are-the-characteristics-of-gods-teachers/en/s/805","link":"https://acim.org/acim/manual/what-are-the-characteristics-of-gods-teachers/en/s/805","shortLink":"https://acim.org/acim/en/s/805","previousSectionId":804,"previousSectionSlugs":["manual","what-are-the-levels-of-teaching"],"previousSectionLink":"https://acim.org/acim/manual/what-are-the-levels-of-teaching/en/s/804","nextSectionId":806,"nextSectionSlugs":["manual","trust"],"nextSectionLink":"https://acim.org/acim/manual/trust/en/s/806","hreflangLinks":[{"hrefLang":"en","link":"https://acim.org/acim/en/s/805"}]}