{"sectionId":806,"sectionIdLiteral":"806","humanId":"manual-4-sect-1","volumeId":"manual","locale":"en","titleInfo":{"title":"Trust","inlineNumber":"I."},"annotation":"M-4.I","bodyHtml":"<div class=\"acim-text manual-4-sect-1\"> <div data-paragraph-id=\"806#1\"><p class=\"p-normal\"><span class=\"pnr\">1.</span> <span data-sentence-id=\"806#1:1\"><span class=\"snr noprint\">1</span>This is the foundation on which their ability to fulfill their function rests.</span> <span data-sentence-id=\"806#1:2\"><span class=\"snr\">2</span>Perception is the result of learning.</span> <span data-sentence-id=\"806#1:3\"><span class=\"snr\">3</span>In fact, perception <i>is</i> learning, because cause and effect are never separated.</span> <span data-sentence-id=\"806#1:4\"><span class=\"snr\">4</span>The teachers of God have trust in the world, because they have learned it is not governed by the laws the world made up.</span> <span data-sentence-id=\"806#1:5\"><span class=\"snr\">5</span>It is governed by a power that is <i>in</i> them but not <i>of</i> them.</span> <span data-sentence-id=\"806#1:6\"><span class=\"snr\">6</span>It is this power that keeps all things safe.</span> <span data-sentence-id=\"806#1:7\"><span class=\"snr\">7</span>It is through this power that the teachers of God look on a forgiven world.</span></p></div> <div data-paragraph-id=\"806#2\"><p class=\"p-normal\"><span class=\"pnr\">2.</span> <span data-sentence-id=\"806#2:1\"><span class=\"snr noprint\">1</span>When this power has once been experienced, it is impossible to trust one’s own petty strength again.</span> <span data-sentence-id=\"806#2:2\"><span class=\"snr\">2</span>Who would attempt to fly with the tiny wings of a sparrow when the mighty power of an eagle has been given him?</span> <span data-sentence-id=\"806#2:3\"><span class=\"snr\">3</span>And who would place his faith in the shabby offerings of the ego when the gifts of God are laid before him?</span> <span data-sentence-id=\"806#2:4\"><span class=\"snr\">4</span>What is it that induces them to make the shift?</span></p></div> </div>","firstWords":"This is the foundation on which their ability to fulfill their function rests. Perception is the result of learning. In fact, perception is learning, because cause and effect are never separated. The","contentType":"acim-content","seoTitle":"Trust | ACIM","seoDescription":"✨ A Course in Miracles. Read “Trust” from the Manual for Teachers (M-4.I): This is the foundation on which their ability to fulfill their function rests. Perception is the result of…","desktopBreadcrumbs":[{"label":"Manual","leadsTo":{"locale":"en","sectionId":801,"slugs":["manual","introduction"],"forceToc":true}},{"label":"4. What Are the Characteristics of God’s Teachers?","leadsTo":{"locale":"en","sectionId":805,"slugs":["manual","what-are-the-characteristics-of-gods-teachers"]}},{"label":"I. Trust","leadsTo":{"locale":"en","sectionId":806,"slugs":["manual","trust"]}}],"mobileBreadcrumbs":[{"label":"Manual for Teachers","leadsTo":{"locale":"en","sectionId":801,"slugs":["manual","introduction"],"forceToc":true}},{"label":"4. What Are the Characteristics of God’s Teachers?","leadsTo":{"locale":"en","sectionId":805,"slugs":["manual","what-are-the-characteristics-of-gods-teachers"]}},{"label":"I. Trust","leadsTo":{"locale":"en","sectionId":806,"slugs":["manual","trust"]}}],"seoBreadcrumbs":[{"label":"A Course in Miracles","leadsTo":"dashboard"},{"label":"Manual","leadsTo":{"locale":"en","sectionId":801,"slugs":["manual","introduction"],"forceToc":true}},{"label":"4. What Are the Characteristics of God’s Teachers?","leadsTo":{"locale":"en","sectionId":805,"slugs":["manual","what-are-the-characteristics-of-gods-teachers"]}},{"label":"I. Trust","leadsTo":{"locale":"en","sectionId":806,"slugs":["manual","trust"]}}],"slugs":["manual","trust"],"canonicalLink":"https://acim.org/acim/manual/trust/en/s/806","link":"https://acim.org/acim/manual/trust/en/s/806","shortLink":"https://acim.org/acim/en/s/806","previousSectionId":805,"previousSectionSlugs":["manual","what-are-the-characteristics-of-gods-teachers"],"previousSectionLink":"https://acim.org/acim/manual/what-are-the-characteristics-of-gods-teachers/en/s/805","nextSectionId":807,"nextSectionSlugs":["manual","development-of-trust"],"nextSectionLink":"https://acim.org/acim/manual/development-of-trust/en/s/807","hreflangLinks":[{"hrefLang":"en","link":"https://acim.org/acim/en/s/806"}]}