{"sectionId":807,"sectionIdLiteral":"807","humanId":"manual-4-sect-1-sub-a","volumeId":"manual","locale":"en","titleInfo":{"title":"Development of Trust","inlineNumber":"A."},"annotation":"M-4.I-A","bodyHtml":"<div class=\"acim-text manual-4-sect-1-sub-a\"> <div data-paragraph-id=\"807#3\"><p class=\"p-normal\"><span class=\"pnr\">3.</span> <span data-sentence-id=\"807#3:1\"><span class=\"snr noprint\">1</span>First, they must go through what might be called “a period of undoing.”</span> <span data-sentence-id=\"807#3:2\"><span class=\"snr\">2</span>This need not be painful, but it usually is so experienced.</span> <span data-sentence-id=\"807#3:3\"><span class=\"snr\">3</span>It seems as if things are being taken away, and it is rarely understood initially that their lack of value is merely being recognized.</span> <span data-sentence-id=\"807#3:4\"><span class=\"snr\">4</span>How can lack of value be perceived unless the perceiver is in a position where he must see things in a different light?</span> <span data-sentence-id=\"807#3:5\"><span class=\"snr\">5</span>He is not yet at a point at which he can make the shift entirely internally.</span> <span data-sentence-id=\"807#3:6\"><span class=\"snr\">6</span>And so the plan will sometimes call for changes in what seem to be external circumstances.</span> <span data-sentence-id=\"807#3:7\"><span class=\"snr\">7</span>These changes are always helpful.</span> <span data-sentence-id=\"807#3:8\"><span class=\"snr\">8</span>When the teacher of God has learned that much, he goes on to the second stage.</span></p></div> <div data-paragraph-id=\"807#4\"><p class=\"p-normal\"><span class=\"pnr\">4.</span> <span data-sentence-id=\"807#4:1\"><span class=\"snr noprint\">1</span>Next, the teacher of God must go through “a period of sorting out.”</span> <span data-sentence-id=\"807#4:2\"><span class=\"snr\">2</span>This is always somewhat difficult because, having learned that the changes in his life are always helpful, he must now decide all things on the basis of whether they increase the helpfulness or hamper it.</span> <span data-sentence-id=\"807#4:3\"><span class=\"snr\">3</span>He will find that many, if not most of the things he valued before will merely hinder his ability to transfer what he has learned to new situations as they arise.</span> <span data-sentence-id=\"807#4:4\"><span class=\"snr\">4</span>Because he has valued what is really valueless, he will not generalize the lesson for fear of loss and sacrifice.</span> <span data-sentence-id=\"807#4:5\"><span class=\"snr\">5</span>It takes great learning to understand that all things, events, encounters and circumstances are helpful.</span> <span data-sentence-id=\"807#4:6\"><span class=\"snr\">6</span>It is only to the extent to which they are helpful that any degree of reality should be accorded them in this world of illusion.</span> <span data-sentence-id=\"807#4:7\"><span class=\"snr\">7</span>The word “value” can apply to nothing else.</span></p></div> <div data-paragraph-id=\"807#5\"><p class=\"p-normal\"><span class=\"pnr\">5.</span> <span data-sentence-id=\"807#5:1\"><span class=\"snr noprint\">1</span>The third stage through which the teacher of God must go can be called “a period of relinquishment.”</span> <span data-sentence-id=\"807#5:2\"><span class=\"snr\">2</span>If this is interpreted as giving up the desirable, it will engender enormous conflict.</span> <span data-sentence-id=\"807#5:3\"><span class=\"snr\">3</span>Few teachers of God escape this distress entirely.</span> <span data-sentence-id=\"807#5:4\"><span class=\"snr\">4</span>There is, however, no point in sorting out the valuable from the valueless unless the next obvious step is taken.</span> <span data-sentence-id=\"807#5:5\"><span class=\"snr\">5</span>Therefore, the period of overlap is apt to be one in which the teacher of God feels called upon to sacrifice his own best interests on behalf of truth.</span> <span data-sentence-id=\"807#5:6\"><span class=\"snr\">6</span>He has not realized as yet how wholly impossible such a demand would be.</span> <span data-sentence-id=\"807#5:7\"><span class=\"snr\">7</span>He can learn this only as he actually does give up the valueless.</span> <span data-sentence-id=\"807#5:8\"><span class=\"snr\">8</span>Through this, he learns that where he anticipated grief, he finds a happy lightheartedness instead; where he thought something was asked of him, he finds a gift bestowed on him.</span></p></div> <div data-paragraph-id=\"807#6\"><p class=\"p-normal\"><span class=\"pnr\">6.</span> <span data-sentence-id=\"807#6:1\"><span class=\"snr noprint\">1</span>Now comes “a period of settling down.”</span> <span data-sentence-id=\"807#6:2\"><span class=\"snr\">2</span>This is a quiet time, in which the teacher of God rests a while in reasonable peace.</span> <span data-sentence-id=\"807#6:3\"><span class=\"snr\">3</span>Now he consolidates his learning.</span> <span data-sentence-id=\"807#6:4\"><span class=\"snr\">4</span>Now he begins to see the transfer value of what he has learned.</span> <span data-sentence-id=\"807#6:5\"><span class=\"snr\">5</span>Its potential is literally staggering, and the teacher of God is now at the point in his progress at which he sees in it his whole way out.</span> <span data-sentence-id=\"807#6:6\"><span class=\"snr\">6</span>“Give up what you do not want, and keep what you do.”</span> <span data-sentence-id=\"807#6:7\"><span class=\"snr\">7</span>How simple is the obvious!</span> <span data-sentence-id=\"807#6:8\"><span class=\"snr\">8</span>And how easy to do!</span> <span data-sentence-id=\"807#6:9\"><span class=\"snr\">9</span>The teacher of God needs this period of respite.</span> <span data-sentence-id=\"807#6:10\"><span class=\"snr\">10</span>He has not yet come as far as he thinks.</span> <span data-sentence-id=\"807#6:11\"><span class=\"snr\">11</span>Yet when he is ready to go on, he goes with mighty companions beside him.</span> <span data-sentence-id=\"807#6:12\"><span class=\"snr\">12</span>Now he rests a while, and gathers them before going on.</span> <span data-sentence-id=\"807#6:13\"><span class=\"snr\">13</span>He will not go on from here alone.</span></p></div> <div data-paragraph-id=\"807#7\"><p class=\"p-normal\"><span class=\"pnr\">7.</span> <span data-sentence-id=\"807#7:1\"><span class=\"snr noprint\">1</span>The next stage is indeed “a period of unsettling.”</span> <span data-sentence-id=\"807#7:2\"><span class=\"snr\">2</span>Now must the teacher of God understand that he did not really know what was valuable and what was valueless.</span> <span data-sentence-id=\"807#7:3\"><span class=\"snr\">3</span>All that he really learned so far was that he did not want the valueless, and that he did want the valuable.</span> <span data-sentence-id=\"807#7:4\"><span class=\"snr\">4</span>Yet his own sorting out was meaningless in teaching him the difference.</span> <span data-sentence-id=\"807#7:5\"><span class=\"snr\">5</span>The idea of sacrifice, so central to his own thought system, had made it impossible for him to judge.</span> <span data-sentence-id=\"807#7:6\"><span class=\"snr\">6</span>He thought he learned willingness, but now he sees that he does not know what the willingness is for.</span> <span data-sentence-id=\"807#7:7\"><span class=\"snr\">7</span>And now he must attain a state that may remain impossible to reach for a long, long time.</span> <span data-sentence-id=\"807#7:8\"><span class=\"snr\">8</span>He must learn to lay all judgment aside, and ask only what he really wants in every circumstance.</span> <span data-sentence-id=\"807#7:9\"><span class=\"snr\">9</span>Were not each step in this direction so heavily reinforced, it would be hard indeed!</span></p></div> <div data-paragraph-id=\"807#8\"><p class=\"p-normal\"><span class=\"pnr\">8.</span> <span data-sentence-id=\"807#8:1\"><span class=\"snr noprint\">1</span>And finally, there is “a period of achievement.”</span> <span data-sentence-id=\"807#8:2\"><span class=\"snr\">2</span>It is here that learning is consolidated.</span> <span data-sentence-id=\"807#8:3\"><span class=\"snr\">3</span>Now what was seen as merely shadows before become solid gains, to be counted on in all “emergencies” as well as tranquil times.</span> <span data-sentence-id=\"807#8:4\"><span class=\"snr\">4</span>Indeed, the tranquility is their result; the outcome of honest learning, consistency of thought and full transfer.</span> <span data-sentence-id=\"807#8:5\"><span class=\"snr\">5</span>This is the stage of real peace, for here is Heaven’s state fully reflected.</span> <span data-sentence-id=\"807#8:6\"><span class=\"snr\">6</span>From here, the way to Heaven is open and easy.</span> <span data-sentence-id=\"807#8:7\"><span class=\"snr\">7</span>In fact, it is here.</span> <span data-sentence-id=\"807#8:8\"><span class=\"snr\">8</span>Who would “go” anywhere, if peace of mind is already complete?</span> <span data-sentence-id=\"807#8:9\"><span class=\"snr\">9</span>And who would seek to change tranquility for something more desirable?</span> <span data-sentence-id=\"807#8:10\"><span class=\"snr\">10</span>What could be more desirable than this?</span></p></div> </div>","firstWords":"First, they must go through what might be called “a period of undoing.” This need not be painful, but it usually is so experienced. It seems as if things are being taken away, and it is rarely","contentType":"acim-content","seoTitle":"Development of Trust | ACIM","seoDescription":"✨ A Course in Miracles. Read “Development of Trust” from the Manual for Teachers (M-4.I-A): First, they must go through what might be called “a period of undoing.” This need not be…","desktopBreadcrumbs":[{"label":"Manual","leadsTo":{"locale":"en","sectionId":801,"slugs":["manual","introduction"],"forceToc":true}},{"label":"4. What Are the Characteristics of God’s Teachers?","leadsTo":{"locale":"en","sectionId":805,"slugs":["manual","what-are-the-characteristics-of-gods-teachers"]}},{"label":"I. Trust","leadsTo":{"locale":"en","sectionId":806,"slugs":["manual","trust"]}},{"label":"A. Development of Trust","leadsTo":{"locale":"en","sectionId":807,"slugs":["manual","development-of-trust"]}}],"mobileBreadcrumbs":[{"label":"Manual for Teachers","leadsTo":{"locale":"en","sectionId":801,"slugs":["manual","introduction"],"forceToc":true}},{"label":"4. What Are the Characteristics of God’s Teachers?","leadsTo":{"locale":"en","sectionId":805,"slugs":["manual","what-are-the-characteristics-of-gods-teachers"]}},{"label":"I. Trust","leadsTo":{"locale":"en","sectionId":806,"slugs":["manual","trust"]}},{"label":"A. Development of Trust","leadsTo":{"locale":"en","sectionId":807,"slugs":["manual","development-of-trust"]}}],"seoBreadcrumbs":[{"label":"A Course in Miracles","leadsTo":"dashboard"},{"label":"Manual","leadsTo":{"locale":"en","sectionId":801,"slugs":["manual","introduction"],"forceToc":true}},{"label":"4. What Are the Characteristics of God’s Teachers?","leadsTo":{"locale":"en","sectionId":805,"slugs":["manual","what-are-the-characteristics-of-gods-teachers"]}},{"label":"I. Trust","leadsTo":{"locale":"en","sectionId":806,"slugs":["manual","trust"]}},{"label":"A. Development of Trust","leadsTo":{"locale":"en","sectionId":807,"slugs":["manual","development-of-trust"]}}],"slugs":["manual","development-of-trust"],"canonicalLink":"https://acim.org/acim/manual/development-of-trust/en/s/807","link":"https://acim.org/acim/manual/development-of-trust/en/s/807","shortLink":"https://acim.org/acim/en/s/807","previousSectionId":806,"previousSectionSlugs":["manual","trust"],"previousSectionLink":"https://acim.org/acim/manual/trust/en/s/806","nextSectionId":808,"nextSectionSlugs":["manual","honesty"],"nextSectionLink":"https://acim.org/acim/manual/honesty/en/s/808","hreflangLinks":[{"hrefLang":"en","link":"https://acim.org/acim/en/s/807"}]}