{"sectionId":808,"sectionIdLiteral":"808","humanId":"manual-4-sect-2","volumeId":"manual","locale":"en","titleInfo":{"title":"Honesty","inlineNumber":"II."},"annotation":"M-4.II","bodyHtml":"<div class=\"acim-text manual-4-sect-2\"> <div data-paragraph-id=\"808#1\"><p class=\"p-normal\"><span class=\"pnr\">1.</span> <span data-sentence-id=\"808#1:1\"><span class=\"snr noprint\">1</span>All other traits of God’s teachers rest on trust.</span> <span data-sentence-id=\"808#1:2\"><span class=\"snr\">2</span>Once that has been achieved, the others cannot fail to follow.</span> <span data-sentence-id=\"808#1:3\"><span class=\"snr\">3</span>Only the trusting can afford honesty, for only they can see its value.</span> <span data-sentence-id=\"808#1:4\"><span class=\"snr\">4</span>Honesty does not apply only to what you say.</span> <span data-sentence-id=\"808#1:5\"><span class=\"snr\">5</span>The term actually means consistency.</span> <span data-sentence-id=\"808#1:6\"><span class=\"snr\">6</span>There is nothing you say that contradicts what you think or do; no thought opposes any other thought; no act belies your word; and no word lacks agreement with another.</span> <span data-sentence-id=\"808#1:7\"><span class=\"snr\">7</span>Such are the truly honest.</span> <span data-sentence-id=\"808#1:8\"><span class=\"snr\">8</span>At no level are they in conflict with themselves.</span> <span data-sentence-id=\"808#1:9\"><span class=\"snr\">9</span>Therefore it is impossible for them to be in conflict with anyone or anything.</span></p></div> <div data-paragraph-id=\"808#2\"><p class=\"p-normal\"><span class=\"pnr\">2.</span> <span data-sentence-id=\"808#2:1\"><span class=\"snr noprint\">1</span>The peace of mind which the advanced teachers of God experience is largely due to their perfect honesty.</span> <span data-sentence-id=\"808#2:2\"><span class=\"snr\">2</span>It is only the wish to deceive that makes for war.</span> <span data-sentence-id=\"808#2:3\"><span class=\"snr\">3</span>No one at one with himself can even conceive of conflict.</span> <span data-sentence-id=\"808#2:4\"><span class=\"snr\">4</span>Conflict is the inevitable result of self-deception, and self-deception is dishonesty.</span> <span data-sentence-id=\"808#2:5\"><span class=\"snr\">5</span>There is no challenge to a teacher of God.</span> <span data-sentence-id=\"808#2:6\"><span class=\"snr\">6</span>Challenge implies doubt, and the trust on which God’s teachers rest secure makes doubt impossible.</span> <span data-sentence-id=\"808#2:7\"><span class=\"snr\">7</span>Therefore they can only succeed.</span> <span data-sentence-id=\"808#2:8\"><span class=\"snr\">8</span>In this, as in all things, they are honest.</span> <span data-sentence-id=\"808#2:9\"><span class=\"snr\">9</span>They can only succeed, because they never do their will alone.</span> <span data-sentence-id=\"808#2:10\"><span class=\"snr\">10</span>They choose for all mankind; for all the world and all things in it; for the unchanging and unchangeable beyond appearances; and for the Son of God and his Creator.</span> <span data-sentence-id=\"808#2:11\"><span class=\"snr\">11</span>How could they not succeed?</span> <span data-sentence-id=\"808#2:12\"><span class=\"snr\">12</span>They choose in perfect honesty, sure of their choice as of themselves.</span></p></div> </div>","firstWords":"All other traits of God’s teachers rest on trust. Once that has been achieved, the others cannot fail to follow. Only the trusting can afford honesty, for only they can see its value. Honesty does","contentType":"acim-content","seoTitle":"Honesty | ACIM","seoDescription":"✨ A Course in Miracles. Read “Honesty” from the Manual for Teachers (M-4.II): All other traits of God’s teachers rest on trust. Once that has been achieved, the others cannot fail to…","desktopBreadcrumbs":[{"label":"Manual","leadsTo":{"locale":"en","sectionId":801,"slugs":["manual","introduction"],"forceToc":true}},{"label":"4. What Are the Characteristics of God’s Teachers?","leadsTo":{"locale":"en","sectionId":805,"slugs":["manual","what-are-the-characteristics-of-gods-teachers"]}},{"label":"II. Honesty","leadsTo":{"locale":"en","sectionId":808,"slugs":["manual","honesty"]}}],"mobileBreadcrumbs":[{"label":"Manual for Teachers","leadsTo":{"locale":"en","sectionId":801,"slugs":["manual","introduction"],"forceToc":true}},{"label":"4. What Are the Characteristics of God’s Teachers?","leadsTo":{"locale":"en","sectionId":805,"slugs":["manual","what-are-the-characteristics-of-gods-teachers"]}},{"label":"II. Honesty","leadsTo":{"locale":"en","sectionId":808,"slugs":["manual","honesty"]}}],"seoBreadcrumbs":[{"label":"A Course in Miracles","leadsTo":"dashboard"},{"label":"Manual","leadsTo":{"locale":"en","sectionId":801,"slugs":["manual","introduction"],"forceToc":true}},{"label":"4. What Are the Characteristics of God’s Teachers?","leadsTo":{"locale":"en","sectionId":805,"slugs":["manual","what-are-the-characteristics-of-gods-teachers"]}},{"label":"II. Honesty","leadsTo":{"locale":"en","sectionId":808,"slugs":["manual","honesty"]}}],"slugs":["manual","honesty"],"canonicalLink":"https://acim.org/acim/manual/honesty/en/s/808","link":"https://acim.org/acim/manual/honesty/en/s/808","shortLink":"https://acim.org/acim/en/s/808","previousSectionId":807,"previousSectionSlugs":["manual","development-of-trust"],"previousSectionLink":"https://acim.org/acim/manual/development-of-trust/en/s/807","nextSectionId":809,"nextSectionSlugs":["manual","tolerance"],"nextSectionLink":"https://acim.org/acim/manual/tolerance/en/s/809","hreflangLinks":[{"hrefLang":"en","link":"https://acim.org/acim/en/s/808"}]}