{"sectionId":810,"sectionIdLiteral":"810","humanId":"manual-4-sect-4","volumeId":"manual","locale":"en","titleInfo":{"title":"Gentleness","inlineNumber":"IV."},"annotation":"M-4.IV","bodyHtml":"<div class=\"acim-text manual-4-sect-4\"> <div data-paragraph-id=\"810#1\"><p class=\"p-normal\"><span class=\"pnr\">1.</span> <span data-sentence-id=\"810#1:1\"><span class=\"snr noprint\">1</span>Harm is impossible for God’s teachers.</span> <span data-sentence-id=\"810#1:2\"><span class=\"snr\">2</span>They can neither harm nor be harmed.</span> <span data-sentence-id=\"810#1:3\"><span class=\"snr\">3</span>Harm is the outcome of judgment.</span> <span data-sentence-id=\"810#1:4\"><span class=\"snr\">4</span>It is the dishonest act that follows a dishonest thought.</span> <span data-sentence-id=\"810#1:5\"><span class=\"snr\">5</span>It is a verdict of guilt upon a brother, and therefore on oneself.</span> <span data-sentence-id=\"810#1:6\"><span class=\"snr\">6</span>It is the end of peace and the denial of learning.</span> <span data-sentence-id=\"810#1:7\"><span class=\"snr\">7</span>It demonstrates the absence of God’s curriculum, and its replacement by insanity.</span> <span data-sentence-id=\"810#1:8\"><span class=\"snr\">8</span>No teacher of God but must learn,—and fairly early in his training,—that harmfulness completely obliterates his function from his awareness.</span> <span data-sentence-id=\"810#1:9\"><span class=\"snr\">9</span>It will make him confused, fearful, angry and suspicious.</span> <span data-sentence-id=\"810#1:10\"><span class=\"snr\">10</span>It will make the Holy Spirit’s lessons impossible to learn.</span> <span data-sentence-id=\"810#1:11\"><span class=\"snr\">11</span>Nor can God’s Teacher be heard at all, except by those who realize that harm can actually achieve nothing.</span> <span data-sentence-id=\"810#1:12\"><span class=\"snr\">12</span>No gain can come of it.</span></p></div> <div data-paragraph-id=\"810#2\"><p class=\"p-normal\"><span class=\"pnr\">2.</span> <span data-sentence-id=\"810#2:1\"><span class=\"snr noprint\">1</span>Therefore, God’s teachers are wholly gentle.</span> <span data-sentence-id=\"810#2:2\"><span class=\"snr\">2</span>They need the strength of gentleness, for it is in this that the function of salvation becomes easy.</span> <span data-sentence-id=\"810#2:3\"><span class=\"snr\">3</span>To those who would do harm, it is impossible.</span> <span data-sentence-id=\"810#2:4\"><span class=\"snr\">4</span>To those to whom harm has no meaning, it is merely natural.</span> <span data-sentence-id=\"810#2:5\"><span class=\"snr\">5</span>What choice but this has meaning to the sane?</span> <span data-sentence-id=\"810#2:6\"><span class=\"snr\">6</span>Who chooses hell when he perceives a way to Heaven?</span> <span data-sentence-id=\"810#2:7\"><span class=\"snr\">7</span>And who would choose the weakness that must come from harm in place of the unfailing, all-encompassing and limitless strength of gentleness?</span> <span data-sentence-id=\"810#2:8\"><span class=\"snr\">8</span>The might of God’s teachers lies in their gentleness, for they have understood their evil thoughts came neither from God’s Son nor his Creator.</span> <span data-sentence-id=\"810#2:9\"><span class=\"snr\">9</span>Thus did they join their thoughts with Him Who is their Source.</span> <span data-sentence-id=\"810#2:10\"><span class=\"snr\">10</span>And so their will, which always was His Own, is free to be itself.</span></p></div> </div>","firstWords":"Harm is impossible for God’s teachers. They can neither harm nor be harmed. Harm is the outcome of judgment. It is the dishonest act that follows a dishonest thought. It is a verdict of guilt upon a","contentType":"acim-content","seoTitle":"Gentleness | ACIM","seoDescription":"✨ A Course in Miracles. Read “Gentleness” from the Manual for Teachers (M-4.IV): Harm is impossible for God’s teachers. They can neither harm nor be harmed. Harm is the outcome of…","desktopBreadcrumbs":[{"label":"Manual","leadsTo":{"locale":"en","sectionId":801,"slugs":["manual","introduction"],"forceToc":true}},{"label":"4. What Are the Characteristics of God’s Teachers?","leadsTo":{"locale":"en","sectionId":805,"slugs":["manual","what-are-the-characteristics-of-gods-teachers"]}},{"label":"IV. Gentleness","leadsTo":{"locale":"en","sectionId":810,"slugs":["manual","gentleness"]}}],"mobileBreadcrumbs":[{"label":"Manual for Teachers","leadsTo":{"locale":"en","sectionId":801,"slugs":["manual","introduction"],"forceToc":true}},{"label":"4. What Are the Characteristics of God’s Teachers?","leadsTo":{"locale":"en","sectionId":805,"slugs":["manual","what-are-the-characteristics-of-gods-teachers"]}},{"label":"IV. Gentleness","leadsTo":{"locale":"en","sectionId":810,"slugs":["manual","gentleness"]}}],"seoBreadcrumbs":[{"label":"A Course in Miracles","leadsTo":"dashboard"},{"label":"Manual","leadsTo":{"locale":"en","sectionId":801,"slugs":["manual","introduction"],"forceToc":true}},{"label":"4. What Are the Characteristics of God’s Teachers?","leadsTo":{"locale":"en","sectionId":805,"slugs":["manual","what-are-the-characteristics-of-gods-teachers"]}},{"label":"IV. Gentleness","leadsTo":{"locale":"en","sectionId":810,"slugs":["manual","gentleness"]}}],"slugs":["manual","gentleness"],"canonicalLink":"https://acim.org/acim/manual/gentleness/en/s/810","link":"https://acim.org/acim/manual/gentleness/en/s/810","shortLink":"https://acim.org/acim/en/s/810","previousSectionId":809,"previousSectionSlugs":["manual","tolerance"],"previousSectionLink":"https://acim.org/acim/manual/tolerance/en/s/809","nextSectionId":811,"nextSectionSlugs":["manual","joy"],"nextSectionLink":"https://acim.org/acim/manual/joy/en/s/811","hreflangLinks":[{"hrefLang":"en","link":"https://acim.org/acim/en/s/810"}]}