{"sectionId":811,"sectionIdLiteral":"811","humanId":"manual-4-sect-5","volumeId":"manual","locale":"en","titleInfo":{"title":"Joy","inlineNumber":"V."},"annotation":"M-4.V","bodyHtml":"<div class=\"acim-text manual-4-sect-5\"> <div data-paragraph-id=\"811#1\"><p class=\"p-normal\"><span class=\"pnr\">1.</span> <span data-sentence-id=\"811#1:1\"><span class=\"snr noprint\">1</span>Joy is the inevitable result of gentleness.</span> <span data-sentence-id=\"811#1:2\"><span class=\"snr\">2</span>Gentleness means that fear is now impossible, and what could come to interfere with joy?</span> <span data-sentence-id=\"811#1:3\"><span class=\"snr\">3</span>The open hands of gentleness are always filled.</span> <span data-sentence-id=\"811#1:4\"><span class=\"snr\">4</span>The gentle have no pain.</span> <span data-sentence-id=\"811#1:5\"><span class=\"snr\">5</span>They cannot suffer.</span> <span data-sentence-id=\"811#1:6\"><span class=\"snr\">6</span>Why would they not be joyous?</span> <span data-sentence-id=\"811#1:7\"><span class=\"snr\">7</span>They are sure they are beloved and must be safe.</span> <span data-sentence-id=\"811#1:8\"><span class=\"snr\">8</span>Joy goes with gentleness as surely as grief attends attack.</span> <span data-sentence-id=\"811#1:9\"><span class=\"snr\">9</span>God’s teachers trust in Him.</span> <span data-sentence-id=\"811#1:10\"><span class=\"snr\">10</span>And they are sure His Teacher goes before them, making sure no harm can come to them.</span> <span data-sentence-id=\"811#1:11\"><span class=\"snr\">11</span>They hold His gifts and follow in His way, because God’s Voice directs them in all things.</span> <span data-sentence-id=\"811#1:12\"><span class=\"snr\">12</span>Joy is their song of thanks.</span> <span data-sentence-id=\"811#1:13\"><span class=\"snr\">13</span>And Christ looks down on them in thanks as well.</span> <span data-sentence-id=\"811#1:14\"><span class=\"snr\">14</span>His need of them is just as great as theirs of Him.</span> <span data-sentence-id=\"811#1:15\"><span class=\"snr\">15</span>How joyous it is to share the purpose of salvation!</span></p></div> </div>","firstWords":"Joy is the inevitable result of gentleness. Gentleness means that fear is now impossible, and what could come to interfere with joy? The open hands of gentleness are always filled. The gentle have no","contentType":"acim-content","seoTitle":"Joy | ACIM","seoDescription":"✨ A Course in Miracles. Read “Joy” from the Manual for Teachers (M-4.V): Joy is the inevitable result of gentleness. Gentleness means that fear is now impossible, and what could come to…","desktopBreadcrumbs":[{"label":"Manual","leadsTo":{"locale":"en","sectionId":801,"slugs":["manual","introduction"],"forceToc":true}},{"label":"4. What Are the Characteristics of God’s Teachers?","leadsTo":{"locale":"en","sectionId":805,"slugs":["manual","what-are-the-characteristics-of-gods-teachers"]}},{"label":"V. Joy","leadsTo":{"locale":"en","sectionId":811,"slugs":["manual","joy"]}}],"mobileBreadcrumbs":[{"label":"Manual for Teachers","leadsTo":{"locale":"en","sectionId":801,"slugs":["manual","introduction"],"forceToc":true}},{"label":"4. What Are the Characteristics of God’s Teachers?","leadsTo":{"locale":"en","sectionId":805,"slugs":["manual","what-are-the-characteristics-of-gods-teachers"]}},{"label":"V. Joy","leadsTo":{"locale":"en","sectionId":811,"slugs":["manual","joy"]}}],"seoBreadcrumbs":[{"label":"A Course in Miracles","leadsTo":"dashboard"},{"label":"Manual","leadsTo":{"locale":"en","sectionId":801,"slugs":["manual","introduction"],"forceToc":true}},{"label":"4. What Are the Characteristics of God’s Teachers?","leadsTo":{"locale":"en","sectionId":805,"slugs":["manual","what-are-the-characteristics-of-gods-teachers"]}},{"label":"V. Joy","leadsTo":{"locale":"en","sectionId":811,"slugs":["manual","joy"]}}],"slugs":["manual","joy"],"canonicalLink":"https://acim.org/acim/manual/joy/en/s/811","link":"https://acim.org/acim/manual/joy/en/s/811","shortLink":"https://acim.org/acim/en/s/811","previousSectionId":810,"previousSectionSlugs":["manual","gentleness"],"previousSectionLink":"https://acim.org/acim/manual/gentleness/en/s/810","nextSectionId":812,"nextSectionSlugs":["manual","defenselessness"],"nextSectionLink":"https://acim.org/acim/manual/defenselessness/en/s/812","hreflangLinks":[{"hrefLang":"en","link":"https://acim.org/acim/en/s/811"}]}