{"sectionId":812,"sectionIdLiteral":"812","humanId":"manual-4-sect-6","volumeId":"manual","locale":"en","titleInfo":{"title":"Defenselessness","inlineNumber":"VI."},"annotation":"M-4.VI","bodyHtml":"<div class=\"acim-text manual-4-sect-6\"> <div data-paragraph-id=\"812#1\"><p class=\"p-normal\"><span class=\"pnr\">1.</span> <span data-sentence-id=\"812#1:1\"><span class=\"snr noprint\">1</span>God’s teachers have learned how to be simple.</span> <span data-sentence-id=\"812#1:2\"><span class=\"snr\">2</span>They have no dreams that need defense against the truth.</span> <span data-sentence-id=\"812#1:3\"><span class=\"snr\">3</span>They do not try to make themselves.</span> <span data-sentence-id=\"812#1:4\"><span class=\"snr\">4</span>Their joy comes from their understanding Who created them.</span> <span data-sentence-id=\"812#1:5\"><span class=\"snr\">5</span>And does what God created need defense?</span> <span data-sentence-id=\"812#1:6\"><span class=\"snr\">6</span>No one can become an advanced teacher of God until he fully understands that defenses are but foolish guardians of mad illusions.</span> <span data-sentence-id=\"812#1:7\"><span class=\"snr\">7</span>The more grotesque the dream, the fiercer and more powerful its defenses seem to be.</span> <span data-sentence-id=\"812#1:8\"><span class=\"snr\">8</span>Yet when the teacher of God finally agrees to look past them, he finds that nothing was there.</span> <span data-sentence-id=\"812#1:9\"><span class=\"snr\">9</span>Slowly at first he lets himself be undeceived.</span> <span data-sentence-id=\"812#1:10\"><span class=\"snr\">10</span>But he learns faster as his trust increases.</span> <span data-sentence-id=\"812#1:11\"><span class=\"snr\">11</span>It is not danger that comes when defenses are laid down.</span> <span data-sentence-id=\"812#1:12\"><span class=\"snr\">12</span>It is safety.</span> <span data-sentence-id=\"812#1:13\"><span class=\"snr\">13</span>It is peace.</span> <span data-sentence-id=\"812#1:14\"><span class=\"snr\">14</span>It is joy.</span> <span data-sentence-id=\"812#1:15\"><span class=\"snr\">15</span>And it is God.</span></p></div> </div>","firstWords":"God’s teachers have learned how to be simple. They have no dreams that need defense against the truth. They do not try to make themselves. Their joy comes from their understanding Who created them.","contentType":"acim-content","seoTitle":"Defenselessness | ACIM","seoDescription":"✨ A Course in Miracles. Read “Defenselessness” from the Manual for Teachers (M-4.VI): God’s teachers have learned how to be simple. They have no dreams that need defense against the…","desktopBreadcrumbs":[{"label":"Manual","leadsTo":{"locale":"en","sectionId":801,"slugs":["manual","introduction"],"forceToc":true}},{"label":"4. What Are the Characteristics of God’s Teachers?","leadsTo":{"locale":"en","sectionId":805,"slugs":["manual","what-are-the-characteristics-of-gods-teachers"]}},{"label":"VI. Defenselessness","leadsTo":{"locale":"en","sectionId":812,"slugs":["manual","defenselessness"]}}],"mobileBreadcrumbs":[{"label":"Manual for Teachers","leadsTo":{"locale":"en","sectionId":801,"slugs":["manual","introduction"],"forceToc":true}},{"label":"4. What Are the Characteristics of God’s Teachers?","leadsTo":{"locale":"en","sectionId":805,"slugs":["manual","what-are-the-characteristics-of-gods-teachers"]}},{"label":"VI. Defenselessness","leadsTo":{"locale":"en","sectionId":812,"slugs":["manual","defenselessness"]}}],"seoBreadcrumbs":[{"label":"A Course in Miracles","leadsTo":"dashboard"},{"label":"Manual","leadsTo":{"locale":"en","sectionId":801,"slugs":["manual","introduction"],"forceToc":true}},{"label":"4. What Are the Characteristics of God’s Teachers?","leadsTo":{"locale":"en","sectionId":805,"slugs":["manual","what-are-the-characteristics-of-gods-teachers"]}},{"label":"VI. Defenselessness","leadsTo":{"locale":"en","sectionId":812,"slugs":["manual","defenselessness"]}}],"slugs":["manual","defenselessness"],"canonicalLink":"https://acim.org/acim/manual/defenselessness/en/s/812","link":"https://acim.org/acim/manual/defenselessness/en/s/812","shortLink":"https://acim.org/acim/en/s/812","previousSectionId":811,"previousSectionSlugs":["manual","joy"],"previousSectionLink":"https://acim.org/acim/manual/joy/en/s/811","nextSectionId":813,"nextSectionSlugs":["manual","generosity"],"nextSectionLink":"https://acim.org/acim/manual/generosity/en/s/813","hreflangLinks":[{"hrefLang":"en","link":"https://acim.org/acim/en/s/812"}]}