{"sectionId":813,"sectionIdLiteral":"813","humanId":"manual-4-sect-7","volumeId":"manual","locale":"en","titleInfo":{"title":"Generosity","inlineNumber":"VII."},"annotation":"M-4.VII","bodyHtml":"<div class=\"acim-text manual-4-sect-7\"> <div data-paragraph-id=\"813#1\"><p class=\"p-normal\"><span class=\"pnr\">1.</span> <span data-sentence-id=\"813#1:1\"><span class=\"snr noprint\">1</span>The term generosity has special meaning to the teacher of God.</span> <span data-sentence-id=\"813#1:2\"><span class=\"snr\">2</span>It is not the usual meaning of the word; in fact, it is a meaning that must be learned and learned very carefully.</span> <span data-sentence-id=\"813#1:3\"><span class=\"snr\">3</span>Like all the other attributes of God’s teachers this one rests ultimately on trust, for without trust no one can be generous in the true sense.</span> <span data-sentence-id=\"813#1:4\"><span class=\"snr\">4</span>To the world, generosity means “giving away” in the sense of “giving up.”</span> <span data-sentence-id=\"813#1:5\"><span class=\"snr\">5</span>To the teachers of God, it means giving away in order to keep.</span> <span data-sentence-id=\"813#1:6\"><span class=\"snr\">6</span>This has been emphasized throughout the text and the workbook, but it is perhaps more alien to the thinking of the world than many other ideas in our curriculum.</span> <span data-sentence-id=\"813#1:7\"><span class=\"snr\">7</span>Its greater strangeness lies merely in the obviousness of its reversal of the world’s thinking.</span> <span data-sentence-id=\"813#1:8\"><span class=\"snr\">8</span>In the clearest way possible, and at the simplest of levels, the word means the exact opposite to the teachers of God and to the world.</span></p></div> <div data-paragraph-id=\"813#2\"><p class=\"p-normal\"><span class=\"pnr\">2.</span> <span data-sentence-id=\"813#2:1\"><span class=\"snr noprint\">1</span>The teacher of God is generous out of Self interest.</span> <span data-sentence-id=\"813#2:2\"><span class=\"snr\">2</span>This does not refer, however, to the self of which the world speaks.</span> <span data-sentence-id=\"813#2:3\"><span class=\"snr\">3</span>The teacher of God does not want anything he cannot give away, because he realizes it would be valueless to him by definition.</span> <span data-sentence-id=\"813#2:4\"><span class=\"snr\">4</span>What would he want it <i>for</i>?</span> <span data-sentence-id=\"813#2:5\"><span class=\"snr\">5</span>He could only lose because of it.</span> <span data-sentence-id=\"813#2:6\"><span class=\"snr\">6</span>He could not gain.</span> <span data-sentence-id=\"813#2:7\"><span class=\"snr\">7</span>Therefore he does not seek what only he could keep, because that is a guarantee of loss.</span> <span data-sentence-id=\"813#2:8\"><span class=\"snr\">8</span>He does not want to suffer.</span> <span data-sentence-id=\"813#2:9\"><span class=\"snr\">9</span>Why should he ensure himself pain?</span> <span data-sentence-id=\"813#2:10\"><span class=\"snr\">10</span>But he does want to keep for himself all things that are of God, and therefore for His Son.</span> <span data-sentence-id=\"813#2:11\"><span class=\"snr\">11</span>These are the things that belong to him.</span> <span data-sentence-id=\"813#2:12\"><span class=\"snr\">12</span>These he can give away in true generosity, protecting them forever for himself.</span></p></div> </div>","firstWords":"The term generosity has special meaning to the teacher of God. It is not the usual meaning of the word; in fact, it is a meaning that must be learned and learned very carefully. Like all the other","contentType":"acim-content","seoTitle":"Generosity | ACIM","seoDescription":"✨ A Course in Miracles. Read “Generosity” from the Manual for Teachers (M-4.VII): The term generosity has special meaning to the teacher of God. It is not the usual meaning of the word;…","desktopBreadcrumbs":[{"label":"Manual","leadsTo":{"locale":"en","sectionId":801,"slugs":["manual","introduction"],"forceToc":true}},{"label":"4. What Are the Characteristics of God’s Teachers?","leadsTo":{"locale":"en","sectionId":805,"slugs":["manual","what-are-the-characteristics-of-gods-teachers"]}},{"label":"VII. Generosity","leadsTo":{"locale":"en","sectionId":813,"slugs":["manual","generosity"]}}],"mobileBreadcrumbs":[{"label":"Manual for Teachers","leadsTo":{"locale":"en","sectionId":801,"slugs":["manual","introduction"],"forceToc":true}},{"label":"4. What Are the Characteristics of God’s Teachers?","leadsTo":{"locale":"en","sectionId":805,"slugs":["manual","what-are-the-characteristics-of-gods-teachers"]}},{"label":"VII. Generosity","leadsTo":{"locale":"en","sectionId":813,"slugs":["manual","generosity"]}}],"seoBreadcrumbs":[{"label":"A Course in Miracles","leadsTo":"dashboard"},{"label":"Manual","leadsTo":{"locale":"en","sectionId":801,"slugs":["manual","introduction"],"forceToc":true}},{"label":"4. What Are the Characteristics of God’s Teachers?","leadsTo":{"locale":"en","sectionId":805,"slugs":["manual","what-are-the-characteristics-of-gods-teachers"]}},{"label":"VII. Generosity","leadsTo":{"locale":"en","sectionId":813,"slugs":["manual","generosity"]}}],"slugs":["manual","generosity"],"canonicalLink":"https://acim.org/acim/manual/generosity/en/s/813","link":"https://acim.org/acim/manual/generosity/en/s/813","shortLink":"https://acim.org/acim/en/s/813","previousSectionId":812,"previousSectionSlugs":["manual","defenselessness"],"previousSectionLink":"https://acim.org/acim/manual/defenselessness/en/s/812","nextSectionId":814,"nextSectionSlugs":["manual","patience"],"nextSectionLink":"https://acim.org/acim/manual/patience/en/s/814","hreflangLinks":[{"hrefLang":"en","link":"https://acim.org/acim/en/s/813"}]}