{"sectionId":816,"sectionIdLiteral":"816","humanId":"manual-4-sect-10","volumeId":"manual","locale":"en","titleInfo":{"title":"Open-Mindedness","inlineNumber":"X."},"annotation":"M-4.X","bodyHtml":"<div class=\"acim-text manual-4-sect-10\"> <div data-paragraph-id=\"816#1\"><p class=\"p-normal\"><span class=\"pnr\">1.</span> <span data-sentence-id=\"816#1:1\"><span class=\"snr noprint\">1</span>The centrality of open-mindedness, perhaps the last of the attributes the teacher of God acquires, is easily understood when its relation to forgiveness is recognized.</span> <span data-sentence-id=\"816#1:2\"><span class=\"snr\">2</span>Open-mindedness comes with lack of judgment.</span> <span data-sentence-id=\"816#1:3\"><span class=\"snr\">3</span>As judgment shuts the mind against God’s Teacher, so open-mindedness invites Him to come in.</span> <span data-sentence-id=\"816#1:4\"><span class=\"snr\">4</span>As condemnation judges the Son of God as evil, so open-mindedness permits him to be judged by the Voice for God on His behalf.</span> <span data-sentence-id=\"816#1:5\"><span class=\"snr\">5</span>As the projection of guilt upon him would send him to hell, so open-mindedness lets Christ’s image be extended to him.</span> <span data-sentence-id=\"816#1:6\"><span class=\"snr\">6</span>Only the open-minded can be at peace, for they alone see reason for it.</span></p></div> <div data-paragraph-id=\"816#2\"><p class=\"p-normal\"><span class=\"pnr\">2.</span> <span data-sentence-id=\"816#2:1\"><span class=\"snr noprint\">1</span>How do the open-minded forgive?</span> <span data-sentence-id=\"816#2:2\"><span class=\"snr\">2</span>They have let go all things that would prevent forgiveness.</span> <span data-sentence-id=\"816#2:3\"><span class=\"snr\">3</span>They have in truth abandoned the world, and let it be restored to them in newness and in joy so glorious they could never have conceived of such a change.</span> <span data-sentence-id=\"816#2:4\"><span class=\"snr\">4</span>Nothing is now as it was formerly.</span> <span data-sentence-id=\"816#2:5\"><span class=\"snr\">5</span>Nothing but sparkles now which seemed so dull and lifeless before.</span> <span data-sentence-id=\"816#2:6\"><span class=\"snr\">6</span>And above all are all things welcoming, for threat is gone.</span> <span data-sentence-id=\"816#2:7\"><span class=\"snr\">7</span>No clouds remain to hide the face of Christ.</span> <span data-sentence-id=\"816#2:8\"><span class=\"snr\">8</span>Now is the goal achieved.</span> <span data-sentence-id=\"816#2:9\"><span class=\"snr\">9</span>Forgiveness is the final goal of the curriculum.</span> <span data-sentence-id=\"816#2:10\"><span class=\"snr\">10</span>It paves the way for what goes far beyond all learning.</span> <span data-sentence-id=\"816#2:11\"><span class=\"snr\">11</span>The curriculum makes no effort to exceed its legitimate goal.</span> <span data-sentence-id=\"816#2:12\"><span class=\"snr\">12</span>Forgiveness is its single aim, at which all learning ultimately converges.</span> <span data-sentence-id=\"816#2:13\"><span class=\"snr\">13</span>It is indeed enough.</span></p></div> <div data-paragraph-id=\"816#3\"><p class=\"p-normal\"><span class=\"pnr\">3.</span> <span data-sentence-id=\"816#3:1\"><span class=\"snr noprint\">1</span>You may have noticed that the list of attributes of God’s teachers does not include things that are the Son of God’s inheritance.</span> <span data-sentence-id=\"816#3:2\"><span class=\"snr\">2</span>Terms like love, sinlessness, perfection, knowledge and eternal truth do not appear in this context.</span> <span data-sentence-id=\"816#3:3\"><span class=\"snr\">3</span>They would be most inappropriate here.</span> <span data-sentence-id=\"816#3:4\"><span class=\"snr\">4</span>What God has given is so far beyond our curriculum that learning but disappears in its presence.</span> <span data-sentence-id=\"816#3:5\"><span class=\"snr\">5</span>Yet while its presence is obscured, the focus properly belongs on the curriculum.</span> <span data-sentence-id=\"816#3:6\"><span class=\"snr\">6</span>It is the function of God’s teachers to bring true learning to the world.</span> <span data-sentence-id=\"816#3:7\"><span class=\"snr\">7</span>Properly speaking it is unlearning that they bring, for that is “true learning” in the world.</span> <span data-sentence-id=\"816#3:8\"><span class=\"snr\">8</span>It is given to the teachers of God to bring the glad tidings of complete forgiveness to the world.</span> <span data-sentence-id=\"816#3:9\"><span class=\"snr\">9</span>Blessed indeed are they, for they are the bringers of salvation.</span></p></div> </div>","firstWords":"The centrality of open-mindedness, perhaps the last of the attributes the teacher of God acquires, is easily understood when its relation to forgiveness is recognized. Open-mindedness comes with lack","contentType":"acim-content","seoTitle":"Open-Mindedness | ACIM","seoDescription":"✨ A Course in Miracles. Read “Open-Mindedness” from the Manual for Teachers (M-4.X): The centrality of open-mindedness, perhaps the last of the attributes the teacher of God acquires, is…","desktopBreadcrumbs":[{"label":"Manual","leadsTo":{"locale":"en","sectionId":801,"slugs":["manual","introduction"],"forceToc":true}},{"label":"4. What Are the Characteristics of God’s Teachers?","leadsTo":{"locale":"en","sectionId":805,"slugs":["manual","what-are-the-characteristics-of-gods-teachers"]}},{"label":"X. Open-Mindedness","leadsTo":{"locale":"en","sectionId":816,"slugs":["manual","open-mindedness"]}}],"mobileBreadcrumbs":[{"label":"Manual for Teachers","leadsTo":{"locale":"en","sectionId":801,"slugs":["manual","introduction"],"forceToc":true}},{"label":"4. What Are the Characteristics of God’s Teachers?","leadsTo":{"locale":"en","sectionId":805,"slugs":["manual","what-are-the-characteristics-of-gods-teachers"]}},{"label":"X. Open-Mindedness","leadsTo":{"locale":"en","sectionId":816,"slugs":["manual","open-mindedness"]}}],"seoBreadcrumbs":[{"label":"A Course in Miracles","leadsTo":"dashboard"},{"label":"Manual","leadsTo":{"locale":"en","sectionId":801,"slugs":["manual","introduction"],"forceToc":true}},{"label":"4. What Are the Characteristics of God’s Teachers?","leadsTo":{"locale":"en","sectionId":805,"slugs":["manual","what-are-the-characteristics-of-gods-teachers"]}},{"label":"X. Open-Mindedness","leadsTo":{"locale":"en","sectionId":816,"slugs":["manual","open-mindedness"]}}],"slugs":["manual","open-mindedness"],"canonicalLink":"https://acim.org/acim/manual/open-mindedness/en/s/816","link":"https://acim.org/acim/manual/open-mindedness/en/s/816","shortLink":"https://acim.org/acim/en/s/816","previousSectionId":815,"previousSectionSlugs":["manual","faithfulness"],"previousSectionLink":"https://acim.org/acim/manual/faithfulness/en/s/815","nextSectionId":817,"nextSectionSlugs":["manual","how-is-healing-accomplished"],"nextSectionLink":"https://acim.org/acim/manual/how-is-healing-accomplished/en/s/817","hreflangLinks":[{"hrefLang":"en","link":"https://acim.org/acim/en/s/816"}]}