{"sectionId":820,"sectionIdLiteral":"820","humanId":"manual-5-sect-3","volumeId":"manual","locale":"en","titleInfo":{"title":"The Function of the Teacher of God","inlineNumber":"III."},"annotation":"M-5.III","bodyHtml":"<div class=\"acim-text manual-5-sect-3\"> <div data-paragraph-id=\"820#1\"><p class=\"p-normal\"><span class=\"pnr\">1.</span> <span data-sentence-id=\"820#1:1\"><span class=\"snr noprint\">1</span>If the patient must change his mind in order to be healed, what does the teacher of God do?</span> <span data-sentence-id=\"820#1:2\"><span class=\"snr\">2</span>Can he change the patient’s mind for him?</span> <span data-sentence-id=\"820#1:3\"><span class=\"snr\">3</span>Certainly not.</span> <span data-sentence-id=\"820#1:4\"><span class=\"snr\">4</span>For those already willing to change their minds he has no function except to rejoice with them, for they have become teachers of God with him.</span> <span data-sentence-id=\"820#1:5\"><span class=\"snr\">5</span>He has, however, a more specific function for those who do not understand what healing is.</span> <span data-sentence-id=\"820#1:6\"><span class=\"snr\">6</span>These patients do not realize they have chosen sickness.</span> <span data-sentence-id=\"820#1:7\"><span class=\"snr\">7</span>On the contrary, they believe that sickness has chosen them.</span> <span data-sentence-id=\"820#1:8\"><span class=\"snr\">8</span>Nor are they open-minded on this point.</span> <span data-sentence-id=\"820#1:9\"><span class=\"snr\">9</span>The body tells them what to do and they obey.</span> <span data-sentence-id=\"820#1:10\"><span class=\"snr\">10</span>They have no idea how insane this concept is.</span> <span data-sentence-id=\"820#1:11\"><span class=\"snr\">11</span>If they even suspected it, they would be healed.</span> <span data-sentence-id=\"820#1:12\"><span class=\"snr\">12</span>Yet they suspect nothing.</span> <span data-sentence-id=\"820#1:13\"><span class=\"snr\">13</span>To them the separation is quite real.</span></p></div> <div data-paragraph-id=\"820#2\"><p class=\"p-normal\"><span class=\"pnr\">2.</span> <span data-sentence-id=\"820#2:1\"><span class=\"snr noprint\">1</span>To them God’s teachers come, to represent another choice which they had forgotten.</span> <span data-sentence-id=\"820#2:2\"><span class=\"snr\">2</span>The simple presence of a teacher of God is a reminder.</span> <span data-sentence-id=\"820#2:3\"><span class=\"snr\">3</span>His thoughts ask for the right to question what the patient has accepted as true.</span> <span data-sentence-id=\"820#2:4\"><span class=\"snr\">4</span>As God’s messengers, His teachers are the symbols of salvation.</span> <span data-sentence-id=\"820#2:5\"><span class=\"snr\">5</span>They ask the patient for forgiveness for God’s Son in his own Name.</span> <span data-sentence-id=\"820#2:6\"><span class=\"snr\">6</span>They stand for the Alternative.</span> <span data-sentence-id=\"820#2:7\"><span class=\"snr\">7</span>With God’s Word in their minds they come in benediction, not to heal the sick but to remind them of the remedy God has already given them.</span> <span data-sentence-id=\"820#2:8\"><span class=\"snr\">8</span>It is not their hands that heal.</span> <span data-sentence-id=\"820#2:9\"><span class=\"snr\">9</span>It is not their voice that speaks the Word of God.</span> <span data-sentence-id=\"820#2:10\"><span class=\"snr\">10</span>They merely give what has been given them.</span> <span data-sentence-id=\"820#2:11\"><span class=\"snr\">11</span>Very gently they call to their brothers to turn away from death: “Behold, you Son of God, what life can offer you.</span> <span data-sentence-id=\"820#2:12\"><span class=\"snr\">12</span>Would you choose sickness in place of this?”</span></p></div> <div data-paragraph-id=\"820#3\"><p class=\"p-normal\"><span class=\"pnr\">3.</span> <span data-sentence-id=\"820#3:1\"><span class=\"snr noprint\">1</span>Not once do the advanced teachers of God consider the forms of sickness in which their brother believes.</span> <span data-sentence-id=\"820#3:2\"><span class=\"snr\">2</span>To do this is to forget that all of them have the same purpose, and therefore are not really different.</span> <span data-sentence-id=\"820#3:3\"><span class=\"snr\">3</span>They seek for God’s Voice in this brother who would so deceive himself as to believe God’s Son can suffer.</span> <span data-sentence-id=\"820#3:4\"><span class=\"snr\">4</span>And they remind him that he did not make himself, and must remain as God created him.</span> <span data-sentence-id=\"820#3:5\"><span class=\"snr\">5</span>They recognize illusions can have no effect.</span> <span data-sentence-id=\"820#3:6\"><span class=\"snr\">6</span>The truth in their minds reaches out to the truth in the minds of their brothers, so that illusions are not reinforced.</span> <span data-sentence-id=\"820#3:7\"><span class=\"snr\">7</span>They are thus brought to truth; truth is not brought to them.</span> <span data-sentence-id=\"820#3:8\"><span class=\"snr\">8</span>So are they dispelled, not by the will of another, but by the union of the one Will with itself.</span> <span data-sentence-id=\"820#3:9\"><span class=\"snr\">9</span>And this is the function of God’s teachers; to see no will as separate from their own, nor theirs as separate from God’s.</span></p></div> </div>","firstWords":"If the patient must change his mind in order to be healed, what does the teacher of God do? Can he change the patient’s mind for him? Certainly not. For those already willing to change their minds he","contentType":"acim-content","seoTitle":"The Function of the Teacher of God | ACIM","seoDescription":"✨ A Course in Miracles. Read “The Function of the Teacher of God” from the Manual for Teachers (M-5.III): If the patient must change his mind in order to be healed, what does the teacher…","desktopBreadcrumbs":[{"label":"Manual","leadsTo":{"locale":"en","sectionId":801,"slugs":["manual","introduction"],"forceToc":true}},{"label":"5. How Is Healing Accomplished?","leadsTo":{"locale":"en","sectionId":817,"slugs":["manual","how-is-healing-accomplished"]}},{"label":"III. The Function of the Teacher of God","leadsTo":{"locale":"en","sectionId":820,"slugs":["manual","the-function-of-the-teacher-of-god"]}}],"mobileBreadcrumbs":[{"label":"Manual for Teachers","leadsTo":{"locale":"en","sectionId":801,"slugs":["manual","introduction"],"forceToc":true}},{"label":"5. How Is Healing Accomplished?","leadsTo":{"locale":"en","sectionId":817,"slugs":["manual","how-is-healing-accomplished"]}},{"label":"III. The Function of the Teacher of God","leadsTo":{"locale":"en","sectionId":820,"slugs":["manual","the-function-of-the-teacher-of-god"]}}],"seoBreadcrumbs":[{"label":"A Course in Miracles","leadsTo":"dashboard"},{"label":"Manual","leadsTo":{"locale":"en","sectionId":801,"slugs":["manual","introduction"],"forceToc":true}},{"label":"5. How Is Healing Accomplished?","leadsTo":{"locale":"en","sectionId":817,"slugs":["manual","how-is-healing-accomplished"]}},{"label":"III. The Function of the Teacher of God","leadsTo":{"locale":"en","sectionId":820,"slugs":["manual","the-function-of-the-teacher-of-god"]}}],"slugs":["manual","the-function-of-the-teacher-of-god"],"canonicalLink":"https://acim.org/acim/manual/the-function-of-the-teacher-of-god/en/s/820","link":"https://acim.org/acim/manual/the-function-of-the-teacher-of-god/en/s/820","shortLink":"https://acim.org/acim/en/s/820","previousSectionId":819,"previousSectionSlugs":["manual","the-shift-in-perception"],"previousSectionLink":"https://acim.org/acim/manual/the-shift-in-perception/en/s/819","nextSectionId":821,"nextSectionSlugs":["manual","is-healing-certain"],"nextSectionLink":"https://acim.org/acim/manual/is-healing-certain/en/s/821","hreflangLinks":[{"hrefLang":"en","link":"https://acim.org/acim/en/s/820"}]}