{"sectionId":821,"sectionIdLiteral":"821","humanId":"manual-6","volumeId":"manual","locale":"en","titleInfo":{"title":"Is Healing Certain?","inlineNumber":"6."},"annotation":"M-6","bodyHtml":"<div class=\"acim-text manual-6\"> <div data-paragraph-id=\"821#1\"><p class=\"p-normal\"><span class=\"pnr\">1.</span> <span data-sentence-id=\"821#1:1\"><span class=\"snr noprint\">1</span>Healing is always certain.</span> <span data-sentence-id=\"821#1:2\"><span class=\"snr\">2</span>It is impossible to let illusions be brought to truth and keep the illusions.</span> <span data-sentence-id=\"821#1:3\"><span class=\"snr\">3</span>Truth demonstrates illusions have no value.</span> <span data-sentence-id=\"821#1:4\"><span class=\"snr\">4</span>The teacher of God has seen the correction of his errors in the mind of the patient, recognizing it for what it is.</span> <span data-sentence-id=\"821#1:5\"><span class=\"snr\">5</span>Having accepted the Atonement for himself, he has also accepted it for the patient.</span> <span data-sentence-id=\"821#1:6\"><span class=\"snr\">6</span>Yet what if the patient uses sickness as a way of life, believing healing is the way to death?</span> <span data-sentence-id=\"821#1:7\"><span class=\"snr\">7</span>When this is so, a sudden healing might precipitate intense depression, and a sense of loss so deep that the patient might even try to destroy himself.</span> <span data-sentence-id=\"821#1:8\"><span class=\"snr\">8</span>Having nothing to live for, he may ask for death.</span> <span data-sentence-id=\"821#1:9\"><span class=\"snr\">9</span>Healing must wait, for his protection.</span></p></div> <div data-paragraph-id=\"821#2\"><p class=\"p-normal\"><span class=\"pnr\">2.</span> <span data-sentence-id=\"821#2:1\"><span class=\"snr noprint\">1</span>Healing will always stand aside when it would be seen as threat.</span> <span data-sentence-id=\"821#2:2\"><span class=\"snr\">2</span>The instant it is welcome it is there.</span> <span data-sentence-id=\"821#2:3\"><span class=\"snr\">3</span>Where healing has been given it will be received.</span> <span data-sentence-id=\"821#2:4\"><span class=\"snr\">4</span>And what is time before the gifts of God?</span> <span data-sentence-id=\"821#2:5\"><span class=\"snr\">5</span>We have referred many times in the text to the storehouse of treasures laid up equally for the giver and the receiver of God’s gifts.</span> <span data-sentence-id=\"821#2:6\"><span class=\"snr\">6</span>Not one is lost, for they can but increase.</span> <span data-sentence-id=\"821#2:7\"><span class=\"snr\">7</span>No teacher of God should feel disappointed if he has offered healing and it does not appear to have been received.</span> <span data-sentence-id=\"821#2:8\"><span class=\"snr\">8</span>It is not up to him to judge when his gift should be accepted.</span> <span data-sentence-id=\"821#2:9\"><span class=\"snr\">9</span>Let him be certain it has been received, and trust that it will be accepted when it is recognized as a blessing and not a curse.</span></p></div> <div data-paragraph-id=\"821#3\"><p class=\"p-normal\"><span class=\"pnr\">3.</span> <span data-sentence-id=\"821#3:1\"><span class=\"snr noprint\">1</span>It is not the function of God’s teachers to evaluate the outcome of their gifts.</span> <span data-sentence-id=\"821#3:2\"><span class=\"snr\">2</span>It is merely their function to give them.</span> <span data-sentence-id=\"821#3:3\"><span class=\"snr\">3</span>Once they have done that they have also given the outcome, for that is part of the gift.</span> <span data-sentence-id=\"821#3:4\"><span class=\"snr\">4</span>No one can give if he is concerned with the result of giving.</span> <span data-sentence-id=\"821#3:5\"><span class=\"snr\">5</span>That is a limitation on the giving itself, and neither the giver nor the receiver would have the gift.</span> <span data-sentence-id=\"821#3:6\"><span class=\"snr\">6</span>Trust is an essential part of giving; in fact, it is the part that makes sharing possible, the part that guarantees the giver will not lose, but only gain.</span> <span data-sentence-id=\"821#3:7\"><span class=\"snr\">7</span>Who gives a gift and then remains with it, to be sure it is used as the giver deems appropriate?</span> <span data-sentence-id=\"821#3:8\"><span class=\"snr\">8</span>Such is not giving but imprisoning.</span></p></div> <div data-paragraph-id=\"821#4\"><p class=\"p-normal\"><span class=\"pnr\">4.</span> <span data-sentence-id=\"821#4:1\"><span class=\"snr noprint\">1</span>It is the relinquishing of all concern about the gift that makes it truly given.</span> <span data-sentence-id=\"821#4:2\"><span class=\"snr\">2</span>And it is trust that makes true giving possible.</span> <span data-sentence-id=\"821#4:3\"><span class=\"snr\">3</span>Healing is the change of mind that the Holy Spirit in the patient’s mind is seeking for him.</span> <span data-sentence-id=\"821#4:4\"><span class=\"snr\">4</span>And it is the Holy Spirit in the mind of the giver Who gives the gift to him.</span> <span data-sentence-id=\"821#4:5\"><span class=\"snr\">5</span>How can it be lost?</span> <span data-sentence-id=\"821#4:6\"><span class=\"snr\">6</span>How can it be ineffectual?</span> <span data-sentence-id=\"821#4:7\"><span class=\"snr\">7</span>How can it be wasted?</span> <span data-sentence-id=\"821#4:8\"><span class=\"snr\">8</span>God’s treasure house can never be empty.</span> <span data-sentence-id=\"821#4:9\"><span class=\"snr\">9</span>And if one gift is missing, it would not be full.</span> <span data-sentence-id=\"821#4:10\"><span class=\"snr\">10</span>Yet is its fullness guaranteed by God.</span> <span data-sentence-id=\"821#4:11\"><span class=\"snr\">11</span>What concern, then, can a teacher of God have about what becomes of his gifts?</span> <span data-sentence-id=\"821#4:12\"><span class=\"snr\">12</span>Given by God to God, who in this holy exchange can receive less than everything?</span></p></div> </div>","firstWords":"Healing is always certain. It is impossible to let illusions be brought to truth and keep the illusions. Truth demonstrates illusions have no value. The teacher of God has seen the correction of his","contentType":"acim-content","seoTitle":"Is Healing Certain? | ACIM","seoDescription":"✨ A Course in Miracles. Read “Is Healing Certain?” from the Manual for Teachers (M-6): Healing is always certain. It is impossible to let illusions be brought to truth and keep the…","desktopBreadcrumbs":[{"label":"Manual","leadsTo":{"locale":"en","sectionId":801,"slugs":["manual","introduction"],"forceToc":true}},{"label":"6. Is Healing Certain?","leadsTo":{"locale":"en","sectionId":821,"slugs":["manual","is-healing-certain"]}}],"mobileBreadcrumbs":[{"label":"Manual for Teachers","leadsTo":{"locale":"en","sectionId":801,"slugs":["manual","introduction"],"forceToc":true}},{"label":"6. Is Healing Certain?","leadsTo":{"locale":"en","sectionId":821,"slugs":["manual","is-healing-certain"]}}],"seoBreadcrumbs":[{"label":"A Course in Miracles","leadsTo":"dashboard"},{"label":"Manual","leadsTo":{"locale":"en","sectionId":801,"slugs":["manual","introduction"],"forceToc":true}},{"label":"6. Is Healing Certain?","leadsTo":{"locale":"en","sectionId":821,"slugs":["manual","is-healing-certain"]}}],"slugs":["manual","is-healing-certain"],"canonicalLink":"https://acim.org/acim/manual/is-healing-certain/en/s/821","link":"https://acim.org/acim/manual/is-healing-certain/en/s/821","shortLink":"https://acim.org/acim/en/s/821","previousSectionId":820,"previousSectionSlugs":["manual","the-function-of-the-teacher-of-god"],"previousSectionLink":"https://acim.org/acim/manual/the-function-of-the-teacher-of-god/en/s/820","nextSectionId":822,"nextSectionSlugs":["manual","should-healing-be-repeated"],"nextSectionLink":"https://acim.org/acim/manual/should-healing-be-repeated/en/s/822","hreflangLinks":[{"hrefLang":"en","link":"https://acim.org/acim/en/s/821"}]}