{"sectionId":824,"sectionIdLiteral":"824","humanId":"manual-9","volumeId":"manual","locale":"en","titleInfo":{"title":"Are Changes Required in the Life Situation of God’s Teachers?","inlineNumber":"9."},"annotation":"M-9","bodyHtml":"<div class=\"acim-text manual-9\"> <div data-paragraph-id=\"824#1\"><p class=\"p-normal\"><span class=\"pnr\">1.</span> <span data-sentence-id=\"824#1:1\"><span class=\"snr noprint\">1</span>Changes are required in the <i>minds</i> of God’s teachers.</span> <span data-sentence-id=\"824#1:2\"><span class=\"snr\">2</span>This may or may not involve changes in the external situation.</span> <span data-sentence-id=\"824#1:3\"><span class=\"snr\">3</span>Remember that no one is where he is by accident, and chance plays no part in God’s plan.</span> <span data-sentence-id=\"824#1:4\"><span class=\"snr\">4</span>It is most unlikely that changes in attitudes would not be the first step in the newly made teacher of God’s training.</span> <span data-sentence-id=\"824#1:5\"><span class=\"snr\">5</span>There is, however, no set pattern, since training is always highly individualized.</span> <span data-sentence-id=\"824#1:6\"><span class=\"snr\">6</span>There are those who are called upon to change their life situation almost immediately, but these are generally special cases.</span> <span data-sentence-id=\"824#1:7\"><span class=\"snr\">7</span>By far the majority are given a slowly evolving training program, in which as many previous mistakes as possible are corrected.</span> <span data-sentence-id=\"824#1:8\"><span class=\"snr\">8</span>Relationships in particular must be properly perceived, and all dark cornerstones of unforgiveness removed.</span> <span data-sentence-id=\"824#1:9\"><span class=\"snr\">9</span>Otherwise the old thought system still has a basis for return.</span></p></div> <div data-paragraph-id=\"824#2\"><p class=\"p-normal\"><span class=\"pnr\">2.</span> <span data-sentence-id=\"824#2:1\"><span class=\"snr noprint\">1</span>As the teacher of God advances in his training, he learns one lesson with increasing thoroughness.</span> <span data-sentence-id=\"824#2:2\"><span class=\"snr\">2</span>He does not make his own decisions; he asks his Teacher for His answer, and it is this he follows as his guide for action.</span> <span data-sentence-id=\"824#2:3\"><span class=\"snr\">3</span>This becomes easier and easier, as the teacher of God learns to give up his own judgment.</span> <span data-sentence-id=\"824#2:4\"><span class=\"snr\">4</span>The giving up of judgment, the obvious prerequisite for hearing God’s Voice, is usually a fairly slow process, not because it is difficult, but because it is apt to be perceived as personally insulting.</span> <span data-sentence-id=\"824#2:5\"><span class=\"snr\">5</span>The world’s training is directed toward achieving a goal in direct opposition to that of our curriculum.</span> <span data-sentence-id=\"824#2:6\"><span class=\"snr\">6</span>The world trains for reliance on one’s judgment as the criterion for maturity and strength.</span> <span data-sentence-id=\"824#2:7\"><span class=\"snr\">7</span>Our curriculum trains for the relinquishment of judgment as the necessary condition of salvation.</span></p></div> </div>","firstWords":"Changes are required in the minds of God’s teachers. This may or may not involve changes in the external situation. Remember that no one is where he is by accident, and chance plays no part in God’s","contentType":"acim-content","seoTitle":"Are Changes Required in the Life Situation of… | ACIM","seoDescription":"✨ A Course in Miracles. Read “Are Changes Required in the Life Situation of God’s Teachers?” from the Manual for Teachers (M-9): Changes are required in the minds of God’s teachers. This…","desktopBreadcrumbs":[{"label":"Manual","leadsTo":{"locale":"en","sectionId":801,"slugs":["manual","introduction"],"forceToc":true}},{"label":"9. Are Changes Required in the Life Situation of God’s Teachers?","leadsTo":{"locale":"en","sectionId":824,"slugs":["manual","are-changes-required-in-the-life-situation-of-gods"]}}],"mobileBreadcrumbs":[{"label":"Manual for Teachers","leadsTo":{"locale":"en","sectionId":801,"slugs":["manual","introduction"],"forceToc":true}},{"label":"9. Are Changes Required in the Life Situation of God’s Teachers?","leadsTo":{"locale":"en","sectionId":824,"slugs":["manual","are-changes-required-in-the-life-situation-of-gods"]}}],"seoBreadcrumbs":[{"label":"A Course in Miracles","leadsTo":"dashboard"},{"label":"Manual","leadsTo":{"locale":"en","sectionId":801,"slugs":["manual","introduction"],"forceToc":true}},{"label":"9. Are Changes Required in the Life Situation of God’s Teachers?","leadsTo":{"locale":"en","sectionId":824,"slugs":["manual","are-changes-required-in-the-life-situation-of-gods"]}}],"slugs":["manual","are-changes-required-in-the-life-situation-of-gods"],"canonicalLink":"https://acim.org/acim/manual/are-changes-required-in-the-life-situation-of-gods/en/s/824","link":"https://acim.org/acim/manual/are-changes-required-in-the-life-situation-of-gods/en/s/824","shortLink":"https://acim.org/acim/en/s/824","previousSectionId":823,"previousSectionSlugs":["manual","how-can-perception-of-order-of-difficulties-be"],"previousSectionLink":"https://acim.org/acim/manual/how-can-perception-of-order-of-difficulties-be/en/s/823","nextSectionId":825,"nextSectionSlugs":["manual","how-is-judgment-relinquished"],"nextSectionLink":"https://acim.org/acim/manual/how-is-judgment-relinquished/en/s/825","hreflangLinks":[{"hrefLang":"en","link":"https://acim.org/acim/en/s/824"}]}