{"sectionId":826,"sectionIdLiteral":"826","humanId":"manual-11","volumeId":"manual","locale":"en","titleInfo":{"title":"How Is Peace Possible in This World?","inlineNumber":"11."},"annotation":"M-11","bodyHtml":"<div class=\"acim-text manual-11\"> <div data-paragraph-id=\"826#1\"><p class=\"p-normal\"><span class=\"pnr\">1.</span> <span data-sentence-id=\"826#1:1\"><span class=\"snr noprint\">1</span>This is a question everyone must ask.</span> <span data-sentence-id=\"826#1:2\"><span class=\"snr\">2</span>Certainly peace seems to be impossible here.</span> <span data-sentence-id=\"826#1:3\"><span class=\"snr\">3</span>Yet the Word of God promises other things that seem impossible, as well as this.</span> <span data-sentence-id=\"826#1:4\"><span class=\"snr\">4</span>His Word has promised peace.</span> <span data-sentence-id=\"826#1:5\"><span class=\"snr\">5</span>It has also promised that there is no death, that resurrection must occur, and that rebirth is man’s inheritance.</span> <span data-sentence-id=\"826#1:6\"><span class=\"snr\">6</span>The world you see cannot be the world God loves, and yet His Word assures us that He loves the world.</span> <span data-sentence-id=\"826#1:7\"><span class=\"snr\">7</span>God’s Word has promised that peace is possible here, and what He promises can hardly be impossible.</span> <span data-sentence-id=\"826#1:8\"><span class=\"snr\">8</span>But it is true that the world must be looked at differently, if His promises are to be accepted.</span> <span data-sentence-id=\"826#1:9\"><span class=\"snr\">9</span>What the world is, is but a fact.</span> <span data-sentence-id=\"826#1:10\"><span class=\"snr\">10</span>You cannot choose what this should be.</span> <span data-sentence-id=\"826#1:11\"><span class=\"snr\">11</span>But you can choose how you would see it.</span> <span data-sentence-id=\"826#1:12\"><span class=\"snr\">12</span>Indeed, you <i>must</i> choose this.</span></p></div> <div data-paragraph-id=\"826#2\"><p class=\"p-normal\"><span class=\"pnr\">2.</span> <span data-sentence-id=\"826#2:1\"><span class=\"snr noprint\">1</span>Again we come to the question of judgment.</span> <span data-sentence-id=\"826#2:2\"><span class=\"snr\">2</span>This time ask yourself whether your judgment or the Word of God is more likely to be true.</span> <span data-sentence-id=\"826#2:3\"><span class=\"snr\">3</span>For they say different things about the world, and things so opposite that it is pointless to try to reconcile them.</span> <span data-sentence-id=\"826#2:4\"><span class=\"snr\">4</span>God offers the world salvation; your judgment would condemn it.</span> <span data-sentence-id=\"826#2:5\"><span class=\"snr\">5</span>God says there is no death; your judgment sees but death as the inevitable end of life.</span> <span data-sentence-id=\"826#2:6\"><span class=\"snr\">6</span>God’s Word assures you that He loves the world; your judgment says it is unlovable.</span> <span data-sentence-id=\"826#2:7\"><span class=\"snr\">7</span>Who is right?</span> <span data-sentence-id=\"826#2:8\"><span class=\"snr\">8</span>For one of you is wrong.</span> <span data-sentence-id=\"826#2:9\"><span class=\"snr\">9</span>It must be so.</span></p></div> <div data-paragraph-id=\"826#3\"><p class=\"p-normal\"><span class=\"pnr\">3.</span> <span data-sentence-id=\"826#3:1\"><span class=\"snr noprint\">1</span>The text explains that the Holy Spirit is the Answer to all problems you have made.</span> <span data-sentence-id=\"826#3:2\"><span class=\"snr\">2</span>These problems are not real, but that is meaningless to those who believe in them.</span> <span data-sentence-id=\"826#3:3\"><span class=\"snr\">3</span>And everyone believes in what he made, for it was made by his believing it.</span> <span data-sentence-id=\"826#3:4\"><span class=\"snr\">4</span>Into this strange and paradoxical situation,—one without meaning and devoid of sense, yet out of which no way seems possible,—God has sent His Judgment to answer yours.</span> <span data-sentence-id=\"826#3:5\"><span class=\"snr\">5</span>Gently His Judgment substitutes for yours.</span> <span data-sentence-id=\"826#3:6\"><span class=\"snr\">6</span>And through this substitution is the un-understandable made understandable.</span> <span data-sentence-id=\"826#3:7\"><span class=\"snr\">7</span>How is peace possible in this world?</span> <span data-sentence-id=\"826#3:8\"><span class=\"snr\">8</span>In your judgment it is not possible, and can never be possible.</span> <span data-sentence-id=\"826#3:9\"><span class=\"snr\">9</span>But in the Judgment of God what is reflected here is only peace.</span></p></div> <div data-paragraph-id=\"826#4\"><p class=\"p-normal\"><span class=\"pnr\">4.</span> <span data-sentence-id=\"826#4:1\"><span class=\"snr noprint\">1</span>Peace is impossible to those who look on war.</span> <span data-sentence-id=\"826#4:2\"><span class=\"snr\">2</span>Peace is inevitable to those who offer peace.</span> <span data-sentence-id=\"826#4:3\"><span class=\"snr\">3</span>How easily, then, is your judgment of the world escaped!</span> <span data-sentence-id=\"826#4:4\"><span class=\"snr\">4</span>It is not the world that makes peace seem impossible.</span> <span data-sentence-id=\"826#4:5\"><span class=\"snr\">5</span>It is the world you see that is impossible.</span> <span data-sentence-id=\"826#4:6\"><span class=\"snr\">6</span>Yet has God’s Judgment on this distorted world redeemed it and made it fit to welcome peace.</span> <span data-sentence-id=\"826#4:7\"><span class=\"snr\">7</span>And peace descends on it in joyous answer.</span> <span data-sentence-id=\"826#4:8\"><span class=\"snr\">8</span>Peace now belongs here, because a Thought of God has entered.</span> <span data-sentence-id=\"826#4:9\"><span class=\"snr\">9</span>What else but a Thought of God turns hell to Heaven merely by being what it is?</span> <span data-sentence-id=\"826#4:10\"><span class=\"snr\">10</span>The earth bows down before its gracious Presence, and it leans down in answer, to raise it up again.</span> <span data-sentence-id=\"826#4:11\"><span class=\"snr\">11</span>Now is the question different.</span> <span data-sentence-id=\"826#4:12\"><span class=\"snr\">12</span>It is no longer, “Can peace be possible in this world?” but instead, “Is it not impossible that peace be absent here?”</span></p></div> </div>","firstWords":"This is a question everyone must ask. Certainly peace seems to be impossible here. Yet the Word of God promises other things that seem impossible, as well as this. His Word has promised peace. It has","contentType":"acim-content","seoTitle":"How Is Peace Possible in This World? | ACIM","seoDescription":"✨ A Course in Miracles. Read “How Is Peace Possible in This World?” from the Manual for Teachers (M-11): This is a question everyone must ask. Certainly peace seems to be impossible…","desktopBreadcrumbs":[{"label":"Manual","leadsTo":{"locale":"en","sectionId":801,"slugs":["manual","introduction"],"forceToc":true}},{"label":"11. How Is Peace Possible in This World?","leadsTo":{"locale":"en","sectionId":826,"slugs":["manual","how-is-peace-possible-in-this-world"]}}],"mobileBreadcrumbs":[{"label":"Manual for Teachers","leadsTo":{"locale":"en","sectionId":801,"slugs":["manual","introduction"],"forceToc":true}},{"label":"11. How Is Peace Possible in This World?","leadsTo":{"locale":"en","sectionId":826,"slugs":["manual","how-is-peace-possible-in-this-world"]}}],"seoBreadcrumbs":[{"label":"A Course in Miracles","leadsTo":"dashboard"},{"label":"Manual","leadsTo":{"locale":"en","sectionId":801,"slugs":["manual","introduction"],"forceToc":true}},{"label":"11. How Is Peace Possible in This World?","leadsTo":{"locale":"en","sectionId":826,"slugs":["manual","how-is-peace-possible-in-this-world"]}}],"slugs":["manual","how-is-peace-possible-in-this-world"],"canonicalLink":"https://acim.org/acim/manual/how-is-peace-possible-in-this-world/en/s/826","link":"https://acim.org/acim/manual/how-is-peace-possible-in-this-world/en/s/826","shortLink":"https://acim.org/acim/en/s/826","previousSectionId":825,"previousSectionSlugs":["manual","how-is-judgment-relinquished"],"previousSectionLink":"https://acim.org/acim/manual/how-is-judgment-relinquished/en/s/825","nextSectionId":827,"nextSectionSlugs":["manual","how-many-teachers-of-god-are-needed-to-save-the-world"],"nextSectionLink":"https://acim.org/acim/manual/how-many-teachers-of-god-are-needed-to-save-the-world/en/s/827","hreflangLinks":[{"hrefLang":"en","link":"https://acim.org/acim/en/s/826"}]}