{"sectionId":830,"sectionIdLiteral":"830","humanId":"manual-15","volumeId":"manual","locale":"en","titleInfo":{"title":"Is Each One to Be Judged in the End?","inlineNumber":"15."},"annotation":"M-15","bodyHtml":"<div class=\"acim-text manual-15\"> <div data-paragraph-id=\"830#1\"><p class=\"p-normal\"><span class=\"pnr\">1.</span> <span data-sentence-id=\"830#1:1\"><span class=\"snr noprint\">1</span>Indeed, yes!</span> <span data-sentence-id=\"830#1:2\"><span class=\"snr\">2</span>No one can escape God’s Final Judgment.</span> <span data-sentence-id=\"830#1:3\"><span class=\"snr\">3</span>Who could flee forever from the truth?</span> <span data-sentence-id=\"830#1:4\"><span class=\"snr\">4</span>But the Final Judgment will not come until it is no longer associated with fear.</span> <span data-sentence-id=\"830#1:5\"><span class=\"snr\">5</span>One day each one will welcome it, and on that very day it will be given him.</span> <span data-sentence-id=\"830#1:6\"><span class=\"snr\">6</span>He will hear his sinlessness proclaimed around and around the world, setting it free as God’s Final Judgment on him is received.</span> <span data-sentence-id=\"830#1:7\"><span class=\"snr\">7</span>This is the Judgment in which salvation lies.</span> <span data-sentence-id=\"830#1:8\"><span class=\"snr\">8</span>This is the Judgment that will set him free.</span> <span data-sentence-id=\"830#1:9\"><span class=\"snr\">9</span>This is the Judgment in which all things are freed with him.</span> <span data-sentence-id=\"830#1:10\"><span class=\"snr\">10</span>Time pauses as eternity comes near, and silence lies across the world that everyone may hear this Judgment of the Son of God:</span></p> <p class=\"p-prayer\"><span data-sentence-id=\"830#1:11\"><span class=\"snr\">11</span>Holy are you, eternal, free and whole, at peace forever in the Heart of God.</span> <span data-sentence-id=\"830#1:12\"><span class=\"snr\">12</span>Where is the world, and where is sorrow now?</span></p></div> <div data-paragraph-id=\"830#2\"><p class=\"p-normal\"><span class=\"pnr\">2.</span> <span data-sentence-id=\"830#2:1\"><span class=\"snr noprint\">1</span>Is this your judgment on yourself, teacher of God?</span> <span data-sentence-id=\"830#2:2\"><span class=\"snr\">2</span>Do you believe that this is wholly true?</span> <span data-sentence-id=\"830#2:3\"><span class=\"snr\">3</span>No; not yet, not yet.</span> <span data-sentence-id=\"830#2:4\"><span class=\"snr\">4</span>But this is still your goal; why you are here.</span> <span data-sentence-id=\"830#2:5\"><span class=\"snr\">5</span>It is your function to prepare yourself to hear this Judgment and to recognize that it is true.</span> <span data-sentence-id=\"830#2:6\"><span class=\"snr\">6</span>One instant of complete belief in this, and you will go beyond belief to Certainty.</span> <span data-sentence-id=\"830#2:7\"><span class=\"snr\">7</span>One instant out of time can bring time’s end.</span> <span data-sentence-id=\"830#2:8\"><span class=\"snr\">8</span>Judge not, for you but judge yourself, and thus delay this Final Judgment.</span> <span data-sentence-id=\"830#2:9\"><span class=\"snr\">9</span>What is your judgment of the world, teacher of God?</span> <span data-sentence-id=\"830#2:10\"><span class=\"snr\">10</span>Have you yet learned to stand aside and hear the Voice of Judgment in yourself?</span> <span data-sentence-id=\"830#2:11\"><span class=\"snr\">11</span>Or do you still attempt to take His role from Him?</span> <span data-sentence-id=\"830#2:12\"><span class=\"snr\">12</span>Learn to be quiet, for His Voice is heard in stillness.</span> <span data-sentence-id=\"830#2:13\"><span class=\"snr\">13</span>And His Judgment comes to all who stand aside in quiet listening, and wait for Him.</span></p></div> <div data-paragraph-id=\"830#3\"><p class=\"p-normal\"><span class=\"pnr\">3.</span> <span data-sentence-id=\"830#3:1\"><span class=\"snr noprint\">1</span>You who are sometimes sad and sometimes angry; who sometimes feel your just due is not given you, and your best efforts meet with lack of appreciation and even contempt; give up these foolish thoughts!</span> <span data-sentence-id=\"830#3:2\"><span class=\"snr\">2</span>They are too small and meaningless to occupy your holy mind an instant longer.</span> <span data-sentence-id=\"830#3:3\"><span class=\"snr\">3</span>God’s Judgment waits for you to set you free.</span> <span data-sentence-id=\"830#3:4\"><span class=\"snr\">4</span>What can the world hold out to you, regardless of your judgments on its gifts, that you would rather have?</span> <span data-sentence-id=\"830#3:5\"><span class=\"snr\">5</span>You will be judged, and judged in fairness and in honesty.</span> <span data-sentence-id=\"830#3:6\"><span class=\"snr\">6</span>There is no deceit in God.</span> <span data-sentence-id=\"830#3:7\"><span class=\"snr\">7</span>His promises are sure.</span> <span data-sentence-id=\"830#3:8\"><span class=\"snr\">8</span>Only remember that.</span> <span data-sentence-id=\"830#3:9\"><span class=\"snr\">9</span>His promises have guaranteed His Judgment, and His alone, will be accepted in the end.</span> <span data-sentence-id=\"830#3:10\"><span class=\"snr\">10</span>It is your function to make that end be soon.</span> <span data-sentence-id=\"830#3:11\"><span class=\"snr\">11</span>It is your function to hold it to your heart, and offer it to all the world to keep it safe.</span></p></div> </div>","firstWords":"Indeed, yes! No one can escape God’s Final Judgment. Who could flee forever from the truth? But the Final Judgment will not come until it is no longer associated with fear. One day each one will","contentType":"acim-content","seoTitle":"Is Each One to Be Judged in the End? | ACIM","seoDescription":"✨ A Course in Miracles. Read “Is Each One to Be Judged in the End?” from the Manual for Teachers (M-15): Indeed, yes! No one can escape God’s Final Judgment. Who could flee forever from…","desktopBreadcrumbs":[{"label":"Manual","leadsTo":{"locale":"en","sectionId":801,"slugs":["manual","introduction"],"forceToc":true}},{"label":"15. Is Each One to Be Judged in the End?","leadsTo":{"locale":"en","sectionId":830,"slugs":["manual","is-each-one-to-be-judged-in-the-end"]}}],"mobileBreadcrumbs":[{"label":"Manual for Teachers","leadsTo":{"locale":"en","sectionId":801,"slugs":["manual","introduction"],"forceToc":true}},{"label":"15. Is Each One to Be Judged in the End?","leadsTo":{"locale":"en","sectionId":830,"slugs":["manual","is-each-one-to-be-judged-in-the-end"]}}],"seoBreadcrumbs":[{"label":"A Course in Miracles","leadsTo":"dashboard"},{"label":"Manual","leadsTo":{"locale":"en","sectionId":801,"slugs":["manual","introduction"],"forceToc":true}},{"label":"15. Is Each One to Be Judged in the End?","leadsTo":{"locale":"en","sectionId":830,"slugs":["manual","is-each-one-to-be-judged-in-the-end"]}}],"slugs":["manual","is-each-one-to-be-judged-in-the-end"],"canonicalLink":"https://acim.org/acim/manual/is-each-one-to-be-judged-in-the-end/en/s/830","link":"https://acim.org/acim/manual/is-each-one-to-be-judged-in-the-end/en/s/830","shortLink":"https://acim.org/acim/en/s/830","previousSectionId":829,"previousSectionSlugs":["manual","how-will-the-world-end"],"previousSectionLink":"https://acim.org/acim/manual/how-will-the-world-end/en/s/829","nextSectionId":831,"nextSectionSlugs":["manual","how-should-the-teacher-of-god-spend-his-day"],"nextSectionLink":"https://acim.org/acim/manual/how-should-the-teacher-of-god-spend-his-day/en/s/831","hreflangLinks":[{"hrefLang":"en","link":"https://acim.org/acim/en/s/830"}]}