{"sectionId":840,"sectionIdLiteral":"840","humanId":"manual-25","volumeId":"manual","locale":"en","titleInfo":{"title":"Are “Psychic” Powers Desirable?","inlineNumber":"25."},"annotation":"M-25","bodyHtml":"<div class=\"acim-text manual-25\"> <div data-paragraph-id=\"840#1\"><p class=\"p-normal\"><span class=\"pnr\">1.</span> <span data-sentence-id=\"840#1:1\"><span class=\"snr noprint\">1</span>The answer to this question is much like the preceding one.</span> <span data-sentence-id=\"840#1:2\"><span class=\"snr\">2</span>There are, of course, no “unnatural” powers, and it is obviously merely an appeal to magic to make up a power that does not exist.</span> <span data-sentence-id=\"840#1:3\"><span class=\"snr\">3</span>It is equally obvious, however, that each individual has many abilities of which he is unaware.</span> <span data-sentence-id=\"840#1:4\"><span class=\"snr\">4</span>As his awareness increases, he may well develop abilities that seem quite startling to him.</span> <span data-sentence-id=\"840#1:5\"><span class=\"snr\">5</span>Yet nothing he can do can compare even in the slightest with the glorious surprise of remembering Who he is.</span> <span data-sentence-id=\"840#1:6\"><span class=\"snr\">6</span>Let all his learning and all his efforts be directed toward this one great final surprise, and he will not be content to be delayed by the little ones that may come to him on the way.</span></p></div> <div data-paragraph-id=\"840#2\"><p class=\"p-normal\"><span class=\"pnr\">2.</span> <span data-sentence-id=\"840#2:1\"><span class=\"snr noprint\">1</span>Certainly there are many “psychic” powers that are clearly in line with this course.</span> <span data-sentence-id=\"840#2:2\"><span class=\"snr\">2</span>Communication is not limited to the small range of channels the world recognizes.</span> <span data-sentence-id=\"840#2:3\"><span class=\"snr\">3</span>If it were, there would be little point in trying to teach salvation.</span> <span data-sentence-id=\"840#2:4\"><span class=\"snr\">4</span>It would be impossible to do so.</span> <span data-sentence-id=\"840#2:5\"><span class=\"snr\">5</span>The limits the world places on communication are the chief barriers to direct experience of the Holy Spirit, Whose Presence is always there and Whose Voice is available but for the hearing.</span> <span data-sentence-id=\"840#2:6\"><span class=\"snr\">6</span>These limits are placed out of fear, for without them the walls that surround all the separate places of the world would fall at the holy sound of His Voice.</span> <span data-sentence-id=\"840#2:7\"><span class=\"snr\">7</span>Who transcends these limits in any way is merely becoming more natural.</span> <span data-sentence-id=\"840#2:8\"><span class=\"snr\">8</span>He is doing nothing special, and there is no magic in his accomplishments.</span></p></div> <div data-paragraph-id=\"840#3\"><p class=\"p-normal\"><span class=\"pnr\">3.</span> <span data-sentence-id=\"840#3:1\"><span class=\"snr noprint\">1</span>The seemingly new abilities that may be gathered on the way can be very helpful.</span> <span data-sentence-id=\"840#3:2\"><span class=\"snr\">2</span>Given to the Holy Spirit, and used under His direction, they are valuable teaching aids.</span> <span data-sentence-id=\"840#3:3\"><span class=\"snr\">3</span>To this, the question of how they arise is irrelevant.</span> <span data-sentence-id=\"840#3:4\"><span class=\"snr\">4</span>The only important consideration is how they are used.</span> <span data-sentence-id=\"840#3:5\"><span class=\"snr\">5</span>Taking them as ends in themselves, no matter how this is done, will delay progress.</span> <span data-sentence-id=\"840#3:6\"><span class=\"snr\">6</span>Nor does their value lie in proving anything; achievements from the past, unusual attunement with the “unseen,” or “special” favors from God.</span> <span data-sentence-id=\"840#3:7\"><span class=\"snr\">7</span>God gives no special favors, and no one has any powers that are not available to everyone.</span> <span data-sentence-id=\"840#3:8\"><span class=\"snr\">8</span>Only by tricks of magic are special powers “demonstrated.”</span></p></div> <div data-paragraph-id=\"840#4\"><p class=\"p-normal\"><span class=\"pnr\">4.</span> <span data-sentence-id=\"840#4:1\"><span class=\"snr noprint\">1</span>Nothing that is genuine is used to deceive.</span> <span data-sentence-id=\"840#4:2\"><span class=\"snr\">2</span>The Holy Spirit is incapable of deception, and He can use only genuine abilities.</span> <span data-sentence-id=\"840#4:3\"><span class=\"snr\">3</span>What is used for magic is useless to Him.</span> <span data-sentence-id=\"840#4:4\"><span class=\"snr\">4</span>But what He uses cannot be used for magic.</span> <span data-sentence-id=\"840#4:5\"><span class=\"snr\">5</span>There is, however, a particular appeal in unusual abilities that can be curiously tempting.</span> <span data-sentence-id=\"840#4:6\"><span class=\"snr\">6</span>Here are strengths which the Holy Spirit wants and needs.</span> <span data-sentence-id=\"840#4:7\"><span class=\"snr\">7</span>Yet the ego sees in these same strengths an opportunity to glorify itself.</span> <span data-sentence-id=\"840#4:8\"><span class=\"snr\">8</span>Strengths turned to weakness are tragedy indeed.</span> <span data-sentence-id=\"840#4:9\"><span class=\"snr\">9</span>Yet what is not given to the Holy Spirit must be given to weakness, for what is withheld from love is given to fear, and will be fearful in consequence.</span></p></div> <div data-paragraph-id=\"840#5\"><p class=\"p-normal\"><span class=\"pnr\">5.</span> <span data-sentence-id=\"840#5:1\"><span class=\"snr noprint\">1</span>Even those who no longer value the material things of the world may still be deceived by “psychic” powers.</span> <span data-sentence-id=\"840#5:2\"><span class=\"snr\">2</span>As investment has been withdrawn from the world’s material gifts, the ego has been seriously threatened.</span> <span data-sentence-id=\"840#5:3\"><span class=\"snr\">3</span>It may still be strong enough to rally under this new temptation to win back strength by guile.</span> <span data-sentence-id=\"840#5:4\"><span class=\"snr\">4</span>Many have not seen through the ego’s defenses here, although they are not particularly subtle.</span> <span data-sentence-id=\"840#5:5\"><span class=\"snr\">5</span>Yet, given a remaining wish to be deceived, deception is made easy.</span> <span data-sentence-id=\"840#5:6\"><span class=\"snr\">6</span>Now the “power” is no longer a genuine ability, and cannot be used dependably.</span> <span data-sentence-id=\"840#5:7\"><span class=\"snr\">7</span>It is almost inevitable that, unless the individual changes his mind about its purpose, he will bolster his “power’s” uncertainties with increasing deception.</span></p></div> <div data-paragraph-id=\"840#6\"><p class=\"p-normal\"><span class=\"pnr\">6.</span> <span data-sentence-id=\"840#6:1\"><span class=\"snr noprint\">1</span>Any ability that anyone develops has the potentiality for good.</span> <span data-sentence-id=\"840#6:2\"><span class=\"snr\">2</span>To this there is no exception.</span> <span data-sentence-id=\"840#6:3\"><span class=\"snr\">3</span>And the more unusual and unexpected the power, the greater its potential usefulness.</span> <span data-sentence-id=\"840#6:4\"><span class=\"snr\">4</span>Salvation has need of all abilities, for what the world would destroy the Holy Spirit would restore.</span> <span data-sentence-id=\"840#6:5\"><span class=\"snr\">5</span>“Psychic” abilities have been used to call upon the devil, which merely means to strengthen the ego.</span> <span data-sentence-id=\"840#6:6\"><span class=\"snr\">6</span>Yet here is also a great channel of hope and healing in the Holy Spirit’s service.</span> <span data-sentence-id=\"840#6:7\"><span class=\"snr\">7</span>Those who have developed “psychic” powers have simply let some of the limitations they laid upon their minds be lifted.</span> <span data-sentence-id=\"840#6:8\"><span class=\"snr\">8</span>It can be but further limitations they lay upon themselves if they utilize their increased freedom for greater imprisonment.</span> <span data-sentence-id=\"840#6:9\"><span class=\"snr\">9</span>The Holy Spirit needs these gifts, and those who offer them to Him and Him alone go with Christ’s gratitude upon their hearts, and His holy sight not far behind.</span></p></div> </div>","firstWords":"The answer to this question is much like the preceding one. There are, of course, no “unnatural” powers, and it is obviously merely an appeal to magic to make up a power that does not exist. It is","contentType":"acim-content","seoTitle":"Are “Psychic” Powers Desirable? | ACIM","seoDescription":"✨ A Course in Miracles. Read “Are “Psychic” Powers Desirable?” from the Manual for Teachers (M-25): The answer to this question is much like the preceding one. There are, of course, no…","desktopBreadcrumbs":[{"label":"Manual","leadsTo":{"locale":"en","sectionId":801,"slugs":["manual","introduction"],"forceToc":true}},{"label":"25. Are “Psychic” Powers Desirable?","leadsTo":{"locale":"en","sectionId":840,"slugs":["manual","are-psychic-powers-desirable"]}}],"mobileBreadcrumbs":[{"label":"Manual for Teachers","leadsTo":{"locale":"en","sectionId":801,"slugs":["manual","introduction"],"forceToc":true}},{"label":"25. Are “Psychic” Powers Desirable?","leadsTo":{"locale":"en","sectionId":840,"slugs":["manual","are-psychic-powers-desirable"]}}],"seoBreadcrumbs":[{"label":"A Course in Miracles","leadsTo":"dashboard"},{"label":"Manual","leadsTo":{"locale":"en","sectionId":801,"slugs":["manual","introduction"],"forceToc":true}},{"label":"25. Are “Psychic” Powers Desirable?","leadsTo":{"locale":"en","sectionId":840,"slugs":["manual","are-psychic-powers-desirable"]}}],"slugs":["manual","are-psychic-powers-desirable"],"canonicalLink":"https://acim.org/acim/manual/are-psychic-powers-desirable/en/s/840","link":"https://acim.org/acim/manual/are-psychic-powers-desirable/en/s/840","shortLink":"https://acim.org/acim/en/s/840","previousSectionId":839,"previousSectionSlugs":["manual","is-reincarnation-so"],"previousSectionLink":"https://acim.org/acim/manual/is-reincarnation-so/en/s/839","nextSectionId":841,"nextSectionSlugs":["manual","can-god-be-reached-directly"],"nextSectionLink":"https://acim.org/acim/manual/can-god-be-reached-directly/en/s/841","hreflangLinks":[{"hrefLang":"en","link":"https://acim.org/acim/en/s/840"}]}