{"sectionId":851,"sectionIdLiteral":"851","humanId":"clarification-intro","volumeId":"manual","locale":"en","titleInfo":{"superTitle":"Clarification of Terms","title":"Introduction"},"annotation":"C-in","bodyHtml":"<div class=\"acim-text clarification-intro\"> <div data-paragraph-id=\"851#1\"><p class=\"p-normal\"><span class=\"pnr\">1.</span> <span data-sentence-id=\"851#1:1\"><span class=\"snr noprint\">1</span>This is not a course in philosophical speculation, nor is it concerned with precise terminology.</span> <span data-sentence-id=\"851#1:2\"><span class=\"snr\">2</span>It is concerned only with Atonement, or the correction of perception.</span> <span data-sentence-id=\"851#1:3\"><span class=\"snr\">3</span>The means of the Atonement is forgiveness.</span> <span data-sentence-id=\"851#1:4\"><span class=\"snr\">4</span>The structure of “individual consciousness” is essentially irrelevant because it is a concept representing the “original error” or the “original sin.”</span> <span data-sentence-id=\"851#1:5\"><span class=\"snr\">5</span>To study the error itself does not lead to correction, if you are indeed to succeed in overlooking the error.</span> <span data-sentence-id=\"851#1:6\"><span class=\"snr\">6</span>And it is just this process of overlooking at which the course aims.</span></p></div> <div data-paragraph-id=\"851#2\"><p class=\"p-normal\"><span class=\"pnr\">2.</span> <span data-sentence-id=\"851#2:1\"><span class=\"snr noprint\">1</span>All terms are potentially controversial, and those who seek controversy will find it.</span> <span data-sentence-id=\"851#2:2\"><span class=\"snr\">2</span>Yet those who seek clarification will find it as well.</span> <span data-sentence-id=\"851#2:3\"><span class=\"snr\">3</span>They must, however, be willing to overlook controversy, recognizing that it is a defense against truth in the form of a delaying maneuver.</span> <span data-sentence-id=\"851#2:4\"><span class=\"snr\">4</span>Theological considerations as such are necessarily controversial, since they depend on belief and can therefore be accepted or rejected.</span> <span data-sentence-id=\"851#2:5\"><span class=\"snr\">5</span>A universal theology is impossible, but a universal experience is not only possible but necessary.</span> <span data-sentence-id=\"851#2:6\"><span class=\"snr\">6</span>It is this experience toward which the course is directed.</span> <span data-sentence-id=\"851#2:7\"><span class=\"snr\">7</span>Here alone consistency becomes possible because here alone uncertainty ends.</span></p></div> <div data-paragraph-id=\"851#3\"><p class=\"p-normal\"><span class=\"pnr\">3.</span> <span data-sentence-id=\"851#3:1\"><span class=\"snr noprint\">1</span>This course remains within the ego framework, where it is needed.</span> <span data-sentence-id=\"851#3:2\"><span class=\"snr\">2</span>It is not concerned with what is beyond all error because it is planned only to set the direction towards it.</span> <span data-sentence-id=\"851#3:3\"><span class=\"snr\">3</span>Therefore it uses words, which are symbolic, and cannot express what lies beyond symbols.</span> <span data-sentence-id=\"851#3:4\"><span class=\"snr\">4</span>It is merely the ego that questions because it is only the ego that doubts.</span> <span data-sentence-id=\"851#3:5\"><span class=\"snr\">5</span>The course merely gives another answer, once a question has been raised.</span> <span data-sentence-id=\"851#3:6\"><span class=\"snr\">6</span>However, this answer does not attempt to resort to inventiveness or ingenuity.</span> <span data-sentence-id=\"851#3:7\"><span class=\"snr\">7</span>These are attributes of the ego.</span> <span data-sentence-id=\"851#3:8\"><span class=\"snr\">8</span><i>The course is simple</i>.</span> <span data-sentence-id=\"851#3:9\"><span class=\"snr\">9</span>It has one function and one goal.</span> <span data-sentence-id=\"851#3:10\"><span class=\"snr\">10</span>Only in that does it remain wholly consistent because only that can <i>be</i> consistent.</span></p></div> <div data-paragraph-id=\"851#4\"><p class=\"p-normal\"><span class=\"pnr\">4.</span> <span data-sentence-id=\"851#4:1\"><span class=\"snr noprint\">1</span>The ego will demand many answers that this course does not give.</span> <span data-sentence-id=\"851#4:2\"><span class=\"snr\">2</span>It does not recognize as questions the mere form of a question to which an answer is impossible.</span> <span data-sentence-id=\"851#4:3\"><span class=\"snr\">3</span>The ego may ask, “How did the impossible occur?”, “To what did the impossible happen?”, and may ask this in many forms.</span> <span data-sentence-id=\"851#4:4\"><span class=\"snr\">4</span>Yet there is no answer; only an experience.</span> <span data-sentence-id=\"851#4:5\"><span class=\"snr\">5</span>Seek only this, and do not let theology delay you.</span></p></div> <div data-paragraph-id=\"851#5\"><p class=\"p-normal\"><span class=\"pnr\">5.</span> <span data-sentence-id=\"851#5:1\"><span class=\"snr noprint\">1</span>You will notice that the emphasis on structural issues in the course is brief and early.</span> <span data-sentence-id=\"851#5:2\"><span class=\"snr\">2</span>Afterwards and soon, it drops away to make way for the central teaching.</span> <span data-sentence-id=\"851#5:3\"><span class=\"snr\">3</span>Since you have asked for clarification, however, these are some of the terms that are used.</span></p></div> </div>","firstWords":"This is not a course in philosophical speculation, nor is it concerned with precise terminology. It is concerned only with Atonement, or the correction of perception. The means of the Atonement is","contentType":"acim-content","seoTitle":"Clarification of Terms: Introduction | ACIM","seoDescription":"✨ A Course in Miracles. Read “Clarification of Terms: Introduction” from the Manual for Teachers (C-in): This is not a course in philosophical speculation, nor is it concerned with…","desktopBreadcrumbs":[{"label":"Manual","leadsTo":{"locale":"en","sectionId":801,"slugs":["manual","introduction"],"forceToc":true}},{"label":"Clarification of Terms","leadsTo":{"locale":"en","sectionId":851,"slugs":["clarification","introduction"],"forceToc":true}},{"label":"Introduction","leadsTo":{"locale":"en","sectionId":851,"slugs":["clarification","introduction"]}}],"mobileBreadcrumbs":[{"label":"Manual","leadsTo":{"locale":"en","sectionId":801,"slugs":["manual","introduction"],"forceToc":true}},{"label":"Clarification","leadsTo":{"locale":"en","sectionId":851,"slugs":["clarification","introduction"],"forceToc":true}},{"label":"Introduction","leadsTo":{"locale":"en","sectionId":851,"slugs":["clarification","introduction"]}}],"seoBreadcrumbs":[{"label":"A Course in Miracles","leadsTo":"dashboard"},{"label":"Manual","leadsTo":{"locale":"en","sectionId":801,"slugs":["manual","introduction"],"forceToc":true}},{"label":"Clarification of Terms","leadsTo":{"locale":"en","sectionId":851,"slugs":["clarification","introduction"],"forceToc":true}},{"label":"Introduction","leadsTo":{"locale":"en","sectionId":851,"slugs":["clarification","introduction"]}}],"slugs":["clarification","introduction"],"canonicalLink":"https://acim.org/acim/clarification/introduction/en/s/851","link":"https://acim.org/acim/clarification/introduction/en/s/851","shortLink":"https://acim.org/acim/en/s/851","previousSectionId":844,"previousSectionSlugs":["manual","as-for-the-rest"],"previousSectionLink":"https://acim.org/acim/manual/as-for-the-rest/en/s/844","nextSectionId":852,"nextSectionSlugs":["clarification","mind--spirit"],"nextSectionLink":"https://acim.org/acim/clarification/mind--spirit/en/s/852","hreflangLinks":[{"hrefLang":"en","link":"https://acim.org/acim/en/s/851"}]}