{"sectionId":857,"sectionIdLiteral":"857","humanId":"clarification-06","volumeId":"manual","locale":"en","titleInfo":{"title":"The Holy Spirit","inlineNumber":"6."},"annotation":"C-6","bodyHtml":"<div class=\"acim-text clarification-06\"> <div data-paragraph-id=\"857#1\"><p class=\"p-normal\"><span class=\"pnr\">1.</span> <span data-sentence-id=\"857#1:1\"><span class=\"snr noprint\">1</span>Jesus is the manifestation of the <i>Holy Spirit</i>, Whom he called down upon the earth after he ascended into Heaven, or became completely identified with the Christ, the Son of God as He created Him.</span> <span data-sentence-id=\"857#1:2\"><span class=\"snr\">2</span>The Holy Spirit, being a creation of the one Creator, creating with Him and in His likeness or spirit, is eternal and has never changed.</span> <span data-sentence-id=\"857#1:3\"><span class=\"snr\">3</span>He was “called down upon the earth” in the sense that it was now possible to accept Him and to hear His Voice.</span> <span data-sentence-id=\"857#1:4\"><span class=\"snr\">4</span>His is the Voice for God, and has therefore taken form.</span> <span data-sentence-id=\"857#1:5\"><span class=\"snr\">5</span>This form is not His reality, which God alone knows along with Christ, His real Son, Who is part of Him.</span></p></div> <div data-paragraph-id=\"857#2\"><p class=\"p-normal\"><span class=\"pnr\">2.</span> <span data-sentence-id=\"857#2:1\"><span class=\"snr noprint\">1</span>The Holy Spirit is described throughout the course as giving us the answer to the separation and bringing the plan of the Atonement to us, establishing our particular part in it and showing us exactly what it is.</span> <span data-sentence-id=\"857#2:2\"><span class=\"snr\">2</span>He has established Jesus as the leader in carrying out His plan since he was the first to complete his own part perfectly.</span> <span data-sentence-id=\"857#2:3\"><span class=\"snr\">3</span>All power in Heaven and earth is therefore given him and he will share it with you when you have completed yours.</span> <span data-sentence-id=\"857#2:4\"><span class=\"snr\">4</span>The Atonement principle was given to the Holy Spirit long before Jesus set it in motion.</span></p></div> <div data-paragraph-id=\"857#3\"><p class=\"p-normal\"><span class=\"pnr\">3.</span> <span data-sentence-id=\"857#3:1\"><span class=\"snr noprint\">1</span>The Holy Spirit is described as the remaining Communication Link between God and His separated Sons.</span> <span data-sentence-id=\"857#3:2\"><span class=\"snr\">2</span>In order to fulfill this special function the Holy Spirit has assumed a dual function.</span> <span data-sentence-id=\"857#3:3\"><span class=\"snr\">3</span>He knows because He is part of God; He perceives because He was sent to save humanity.</span> <span data-sentence-id=\"857#3:4\"><span class=\"snr\">4</span>He is the great correction principle; the bringer of true perception, the inherent power of the vision of Christ.</span> <span data-sentence-id=\"857#3:5\"><span class=\"snr\">5</span>He is the light in which the forgiven world is perceived; in which the face of Christ alone is seen.</span> <span data-sentence-id=\"857#3:6\"><span class=\"snr\">6</span>He never forgets the Creator or His creation.</span> <span data-sentence-id=\"857#3:7\"><span class=\"snr\">7</span>He never forgets the Son of God.</span> <span data-sentence-id=\"857#3:8\"><span class=\"snr\">8</span>He never forgets you.</span> <span data-sentence-id=\"857#3:9\"><span class=\"snr\">9</span>And He brings the Love of your Father to you in an eternal shining that will never be obliterated because God has put it there.</span></p></div> <div data-paragraph-id=\"857#4\"><p class=\"p-normal\"><span class=\"pnr\">4.</span> <span data-sentence-id=\"857#4:1\"><span class=\"snr noprint\">1</span>The Holy Spirit abides in the part of your mind that is part of the Christ Mind.</span> <span data-sentence-id=\"857#4:2\"><span class=\"snr\">2</span>He represents your Self and your Creator, Who are One.</span> <span data-sentence-id=\"857#4:3\"><span class=\"snr\">3</span>He speaks for God and also for you, being joined with Both.</span> <span data-sentence-id=\"857#4:4\"><span class=\"snr\">4</span>And therefore it is He Who proves Them One.</span> <span data-sentence-id=\"857#4:5\"><span class=\"snr\">5</span>He seems to be a Voice, for in that form He speaks God’s Word to you.</span> <span data-sentence-id=\"857#4:6\"><span class=\"snr\">6</span>He seems to be a Guide through a far country, for you need that form of help.</span> <span data-sentence-id=\"857#4:7\"><span class=\"snr\">7</span>He seems to be whatever meets the needs you think you have.</span> <span data-sentence-id=\"857#4:8\"><span class=\"snr\">8</span>But He is not deceived when you perceive your self entrapped in needs you do not have.</span> <span data-sentence-id=\"857#4:9\"><span class=\"snr\">9</span>It is from these He would deliver you.</span> <span data-sentence-id=\"857#4:10\"><span class=\"snr\">10</span>It is from these that He would make you safe.</span></p></div> <div data-paragraph-id=\"857#5\"><p class=\"p-normal\"><span class=\"pnr\">5.</span> <span data-sentence-id=\"857#5:1\"><span class=\"snr noprint\">1</span>You are His manifestation in this world.</span> <span data-sentence-id=\"857#5:2\"><span class=\"snr\">2</span>Your brother calls to you to be His Voice along with him.</span> <span data-sentence-id=\"857#5:3\"><span class=\"snr\">3</span>Alone he cannot be the Helper of God’s Son for he alone is functionless.</span> <span data-sentence-id=\"857#5:4\"><span class=\"snr\">4</span>But joined with you he is the shining Savior of the world, Whose part in its redemption you have made complete.</span> <span data-sentence-id=\"857#5:5\"><span class=\"snr\">5</span>He offers thanks to you as well as him for you arose with him when he began to save the world.</span> <span data-sentence-id=\"857#5:6\"><span class=\"snr\">6</span>And you will be with him when time is over and no trace remains of dreams of spite in which you dance to death’s thin melody.</span> <span data-sentence-id=\"857#5:7\"><span class=\"snr\">7</span>For in its place the hymn to God is heard a little while.</span> <span data-sentence-id=\"857#5:8\"><span class=\"snr\">8</span>And then the Voice is gone, no longer to take form but to return to the eternal formlessness of God.</span></p></div> </div>","firstWords":"Jesus is the manifestation of the Holy Spirit, Whom he called down upon the earth after he ascended into Heaven, or became completely identified with the Christ, the Son of God as He created Him. The","contentType":"acim-content","seoTitle":"The Holy Spirit | ACIM","seoDescription":"✨ A Course in Miracles. Read “The Holy Spirit” from the Manual for Teachers (C-6): Jesus is the manifestation of the Holy Spirit, Whom he called down upon the earth after he ascended…","desktopBreadcrumbs":[{"label":"Manual","leadsTo":{"locale":"en","sectionId":801,"slugs":["manual","introduction"],"forceToc":true}},{"label":"Clarification of Terms","leadsTo":{"locale":"en","sectionId":851,"slugs":["clarification","introduction"],"forceToc":true}},{"label":"6. The Holy Spirit","leadsTo":{"locale":"en","sectionId":857,"slugs":["clarification","the-holy-spirit"]}}],"mobileBreadcrumbs":[{"label":"Manual","leadsTo":{"locale":"en","sectionId":801,"slugs":["manual","introduction"],"forceToc":true}},{"label":"Clarification","leadsTo":{"locale":"en","sectionId":851,"slugs":["clarification","introduction"],"forceToc":true}},{"label":"6. The Holy Spirit","leadsTo":{"locale":"en","sectionId":857,"slugs":["clarification","the-holy-spirit"]}}],"seoBreadcrumbs":[{"label":"A Course in Miracles","leadsTo":"dashboard"},{"label":"Manual","leadsTo":{"locale":"en","sectionId":801,"slugs":["manual","introduction"],"forceToc":true}},{"label":"Clarification of Terms","leadsTo":{"locale":"en","sectionId":851,"slugs":["clarification","introduction"],"forceToc":true}},{"label":"6. The Holy Spirit","leadsTo":{"locale":"en","sectionId":857,"slugs":["clarification","the-holy-spirit"]}}],"slugs":["clarification","the-holy-spirit"],"canonicalLink":"https://acim.org/acim/clarification/the-holy-spirit/en/s/857","link":"https://acim.org/acim/clarification/the-holy-spirit/en/s/857","shortLink":"https://acim.org/acim/en/s/857","previousSectionId":856,"previousSectionSlugs":["clarification","jesus--christ"],"previousSectionLink":"https://acim.org/acim/clarification/jesus--christ/en/s/856","nextSectionId":858,"nextSectionSlugs":["clarification","epilogue"],"nextSectionLink":"https://acim.org/acim/clarification/epilogue/en/s/858","hreflangLinks":[{"hrefLang":"en","link":"https://acim.org/acim/en/s/857"}]}