{"sectionId":88,"sectionIdLiteral":"088","humanId":"chap-5-intro","volumeId":"text","locale":"en","titleInfo":{"chapterTitle":{"ownlineNumber":"Chapter 5","title":"Healing and Wholeness"},"title":"Introduction"},"annotation":"T-5.in","bodyHtml":"<div class=\"acim-text chap-5-intro\"> <div data-paragraph-id=\"088#1\"><p class=\"p-normal\"><span class=\"pnr\">1.</span> <span data-sentence-id=\"088#1:1\"><span class=\"snr noprint\">1</span>To heal is to make happy.</span> <span data-sentence-id=\"088#1:2\"><span class=\"snr\">2</span>I have told you to think how many opportunities you have had to gladden yourself, and how many you have refused.</span> <span data-sentence-id=\"088#1:3\"><span class=\"snr\">3</span>This is the same as telling you that you have refused to heal yourself.</span> <span data-sentence-id=\"088#1:4\"><span class=\"snr\">4</span>The light that belongs to you is the light of joy.</span> <span data-sentence-id=\"088#1:5\"><span class=\"snr\">5</span>Radiance is not associated with sorrow.</span> <span data-sentence-id=\"088#1:6\"><span class=\"snr\">6</span>Joy calls forth an integrated willingness to share it, and promotes the mind’s natural impulse to respond as one.</span> <span data-sentence-id=\"088#1:7\"><span class=\"snr\">7</span>Those who attempt to heal without being wholly joyous themselves call forth different kinds of responses at the same time, and thus deprive others of the joy of responding wholeheartedly.</span></p></div> <div data-paragraph-id=\"088#2\"><p class=\"p-normal\"><span class=\"pnr\">2.</span> <span data-sentence-id=\"088#2:1\"><span class=\"snr noprint\">1</span>To be wholehearted you must be happy.</span> <span data-sentence-id=\"088#2:2\"><span class=\"snr\">2</span>If fear and love cannot coexist, and if it is impossible to be wholly fearful and remain alive, the only possible whole state is that of love.</span> <span data-sentence-id=\"088#2:3\"><span class=\"snr\">3</span>There is no difference between love and joy.</span> <span data-sentence-id=\"088#2:4\"><span class=\"snr\">4</span>Therefore, the only possible whole state is the wholly joyous.</span> <span data-sentence-id=\"088#2:5\"><span class=\"snr\">5</span>To heal or to make joyous is therefore the same as to integrate and to make one.</span> <span data-sentence-id=\"088#2:6\"><span class=\"snr\">6</span>That is why it makes no difference to what part or by what part of the Sonship the healing is offered.</span> <span data-sentence-id=\"088#2:7\"><span class=\"snr\">7</span>Every part benefits, and benefits equally.</span></p></div> <div data-paragraph-id=\"088#3\"><p class=\"p-normal\"><span class=\"pnr\">3.</span> <span data-sentence-id=\"088#3:1\"><span class=\"snr noprint\">1</span>You are being blessed by every beneficent thought of any of your brothers anywhere.</span> <span data-sentence-id=\"088#3:2\"><span class=\"snr\">2</span>You should want to bless them in return, out of gratitude.</span> <span data-sentence-id=\"088#3:3\"><span class=\"snr\">3</span>You need not know them individually, or they you.</span> <span data-sentence-id=\"088#3:4\"><span class=\"snr\">4</span>The light is so strong that it radiates throughout the Sonship and returns thanks to the Father for radiating His joy upon it.</span> <span data-sentence-id=\"088#3:5\"><span class=\"snr\">5</span>Only God’s holy children are worthy channels of His beautiful joy, because only they are beautiful enough to hold it by sharing it.</span> <span data-sentence-id=\"088#3:6\"><span class=\"snr\">6</span>It is impossible for a child of God to love his neighbor except as himself.</span> <span data-sentence-id=\"088#3:7\"><span class=\"snr\">7</span>That is why the healer’s prayer is:</span></p> <p class=\"p-prayer\"><span data-sentence-id=\"088#3:8\"><span class=\"snr\">8</span>Let me know this brother as I know myself.</span></p></div> </div>","firstWords":"To heal is to make happy. I have told you to think how many opportunities you have had to gladden yourself, and how many you have refused. This is the same as telling you that you have refused to","contentType":"acim-content","seoTitle":"Chapter 5.in: Healing and Wholeness:… | ACIM","seoDescription":"✨ A Course in Miracles, read the complete Chapter 5.in “Healing and Wholeness: Introduction”: To heal is to make happy. I have told you to think how many opportunities you have had to…","desktopBreadcrumbs":[{"label":"Text","leadsTo":{"locale":"en","sectionId":51,"slugs":["text","introduction"],"forceToc":true}},{"label":"Chapter 5: Healing and Wholeness","leadsTo":{"locale":"en","sectionId":88,"slugs":["chapter-5","introduction"],"forceToc":true}},{"label":"Introduction","leadsTo":{"locale":"en","sectionId":88,"slugs":["chapter-5","introduction"]}}],"mobileBreadcrumbs":[{"label":"Text","leadsTo":{"locale":"en","sectionId":51,"slugs":["text","introduction"],"forceToc":true}},{"label":"Chapter 5: Healing and Wholeness","leadsTo":{"locale":"en","sectionId":88,"slugs":["chapter-5","introduction"],"forceToc":true}},{"label":"Introduction","leadsTo":{"locale":"en","sectionId":88,"slugs":["chapter-5","introduction"]}}],"seoBreadcrumbs":[{"label":"A Course in Miracles","leadsTo":"dashboard"},{"label":"Text","leadsTo":{"locale":"en","sectionId":51,"slugs":["text","introduction"],"forceToc":true}},{"label":"Chapter 5","leadsTo":{"locale":"en","sectionId":88,"slugs":["chapter-5","introduction"],"forceToc":true}},{"label":"Introduction","leadsTo":{"locale":"en","sectionId":88,"slugs":["chapter-5","introduction"]}}],"slugs":["chapter-5","introduction"],"canonicalLink":"https://acim.org/acim/chapter-5/introduction/en/s/88","link":"https://acim.org/acim/chapter-5/introduction/en/s/88","shortLink":"https://acim.org/acim/en/s/88","previousSectionId":86,"previousSectionSlugs":["chapter-4","creation-and-communication"],"previousSectionLink":"https://acim.org/acim/chapter-4/creation-and-communication/en/s/86","nextSectionId":89,"nextSectionSlugs":["chapter-5","the-invitation-to-the-holy-spirit"],"nextSectionLink":"https://acim.org/acim/chapter-5/the-invitation-to-the-holy-spirit/en/s/89","hreflangLinks":[{"hrefLang":"en","link":"https://acim.org/acim/en/s/88"}]}