{"sectionId":899,"sectionIdLiteral":"899","humanId":"supplements-intro","volumeId":"extra","locale":"en","titleInfo":{"title":"Supplements to A Course in Miracles"},"annotation":"Suppl.Preface","bodyHtml":"<div class=\"acim-text supplements-intro\"> <div data-paragraph-id=\"899#0\"></div><div data-paragraph-id=\"899#1\"><p class=\"p-normal\"><span class=\"pnr noprint\">1</span><span data-sentence-id=\"899#1:1\"><span class=\"snr noprint\">1</span>The two supplements <i>Psychotherapy: Purpose, Process, Practice</i> and <i>The Song of Prayer</i> were scribed by Dr. Helen Schucman, as was <i>A Course in Miracles,</i> and are extensions of its principles.</span></p></div> <div data-paragraph-id=\"899#2\"><p class=\"p-normal\"><span class=\"pnr noprint\">2</span><span data-sentence-id=\"899#2:1\"><span class=\"snr noprint\">1</span><i>Psychotherapy,</i> begun in 1973 and completed in 1975, offers a summary of the Course’s principles of healing: two people joined in sharing a common interest or goal.</span> <span data-sentence-id=\"899#2:2\"><span class=\"snr noprint\">2</span>While ostensibly written for psychotherapists, all readers can benefit from its teachings.</span></p></div> <div data-paragraph-id=\"899#3\"><p class=\"p-normal\"><span class=\"pnr noprint\">3</span><span data-sentence-id=\"899#3:1\"><span class=\"snr noprint\">1</span><i>The Song of Prayer</i> was scribed in 1977, and its three chapters summarize the Course’s teachings on <i>prayer, forgiveness,</i> and <i>healing.</i></span> <span data-sentence-id=\"899#3:2\"><span class=\"snr noprint\">2</span>It first presents the ego’s wrong-minded understanding of these terms, which is then contrasted with the Holy Spirit’s right-minded view.</span></p></div> <div data-paragraph-id=\"899#4\"><p class=\"p-normal\"><span class=\"pnr noprint\">4</span><span data-sentence-id=\"899#4:1\"><span class=\"snr noprint\">1</span>These supplements presuppose a basic understanding of the Course’s teachings, and are helpful adjuncts to a student’s study and practice of <i>A Course in Miracles.</i></span></p></div> </div>","firstWords":"1The two supplements Psychotherapy: Purpose, Process, Practice and The Song of Prayer were scribed by Dr. Helen Schucman, as was A Course in Miracles, and are extensions of its principles.","contentType":"acim-content","seoTitle":"Supplements to A Course in Miracles | ACIM","seoDescription":"✨ A Course in Miracles: “Supplements to A Course in Miracles”: 1The two supplements Psychotherapy: Purpose, Process, Practice and The Song of Prayer were scribed by Dr. Helen Schucman,…","desktopBreadcrumbs":[{"label":"Supplements to A Course in Miracles","leadsTo":{"locale":"en","sectionId":899,"slugs":["supplements","preface"]}}],"mobileBreadcrumbs":[{"label":"Supplements to A Course in Miracles","leadsTo":{"locale":"en","sectionId":899,"slugs":["supplements","preface"]}}],"seoBreadcrumbs":[{"label":"A Course in Miracles","leadsTo":"dashboard"},{"label":"Supplements to A Course in Miracles","leadsTo":{"locale":"en","sectionId":899,"slugs":["supplements","preface"]}}],"slugs":["supplements","preface"],"canonicalLink":"https://acim.org/acim/supplements/preface/en/s/899","link":"https://acim.org/acim/supplements/preface/en/s/899","shortLink":"https://acim.org/acim/en/s/899","previousSectionId":858,"previousSectionSlugs":["clarification","epilogue"],"previousSectionLink":"https://acim.org/acim/clarification/epilogue/en/s/858","nextSectionId":901,"nextSectionSlugs":["psychotherapy","introduction"],"nextSectionLink":"https://acim.org/acim/psychotherapy/introduction/en/s/901","hreflangLinks":[{"hrefLang":"en","link":"https://acim.org/acim/en/s/899"}]}