{"sectionId":90,"sectionIdLiteral":"090","humanId":"chap-5-sect-2","volumeId":"text","locale":"en","titleInfo":{"title":"The Voice for God","inlineNumber":"II."},"annotation":"T-5.II","bodyHtml":"<div class=\"acim-text chap-5-sect-2\"> <div data-paragraph-id=\"090#1\"><p class=\"p-normal\"><span class=\"pnr\">1.</span> <span data-sentence-id=\"090#1:1\"><span class=\"snr noprint\">1</span>Healing is not creating; it is reparation.</span> <span data-sentence-id=\"090#1:2\"><span class=\"snr\">2</span>The Holy Spirit promotes healing by looking beyond it to what the children of God were before healing was needed, and will be when they have been healed.</span> <span data-sentence-id=\"090#1:3\"><span class=\"snr\">3</span>This alteration of the time sequence should be quite familiar, because it is very similar to the shift in the perception of time that the miracle introduces.</span> <span data-sentence-id=\"090#1:4\"><span class=\"snr\">4</span>The Holy Spirit is the motivation for miracle-mindedness; the decision to heal the separation by letting it go.</span> <span data-sentence-id=\"090#1:5\"><span class=\"snr\">5</span>Your will is still in you because God placed it in your mind, and although you can keep it asleep you cannot obliterate it.</span> <span data-sentence-id=\"090#1:6\"><span class=\"snr\">6</span>God Himself keeps your will alive by transmitting it from His Mind to yours as long as there is time.</span> <span data-sentence-id=\"090#1:7\"><span class=\"snr\">7</span>The miracle itself is a reflection of this union of Will between Father and Son.</span></p></div> <div data-paragraph-id=\"090#2\"><p class=\"p-normal\"><span class=\"pnr\">2.</span> <span data-sentence-id=\"090#2:1\"><span class=\"snr noprint\">1</span>The Holy Spirit is the spirit of joy.</span> <span data-sentence-id=\"090#2:2\"><span class=\"snr\">2</span>He is the Call to return with which God blessed the minds of His separated Sons.</span> <span data-sentence-id=\"090#2:3\"><span class=\"snr\">3</span>This is the vocation of the mind.</span> <span data-sentence-id=\"090#2:4\"><span class=\"snr\">4</span>The mind had no calling until the separation, because before that it had only being, and would not have understood the Call to right thinking.</span> <span data-sentence-id=\"090#2:5\"><span class=\"snr\">5</span>The Holy Spirit is God’s Answer to the separation; the means by which the Atonement heals until the whole mind returns to creating.</span></p></div> <div data-paragraph-id=\"090#3\"><p class=\"p-normal\"><span class=\"pnr\">3.</span> <span data-sentence-id=\"090#3:1\"><span class=\"snr noprint\">1</span>The principle of Atonement and the separation began at the same time.</span> <span data-sentence-id=\"090#3:2\"><span class=\"snr\">2</span>When the ego was made, God placed in the mind the Call to joy.</span> <span data-sentence-id=\"090#3:3\"><span class=\"snr\">3</span>This Call is so strong that the ego always dissolves at Its sound.</span> <span data-sentence-id=\"090#3:4\"><span class=\"snr\">4</span>That is why you must choose to hear one of two voices within you.</span> <span data-sentence-id=\"090#3:5\"><span class=\"snr\">5</span>One you made yourself, and that one is not of God.</span> <span data-sentence-id=\"090#3:6\"><span class=\"snr\">6</span>But the other is given you by God, Who asks you only to listen to it.</span> <span data-sentence-id=\"090#3:7\"><span class=\"snr\">7</span>The Holy Spirit is in you in a very literal sense.</span> <span data-sentence-id=\"090#3:8\"><span class=\"snr\">8</span>His is the Voice that calls you back to where you were before and will be again.</span> <span data-sentence-id=\"090#3:9\"><span class=\"snr\">9</span>It is possible even in this world to hear only that Voice and no other.</span> <span data-sentence-id=\"090#3:10\"><span class=\"snr\">10</span>It takes effort and great willingness to learn.</span> <span data-sentence-id=\"090#3:11\"><span class=\"snr\">11</span>It is the final lesson that I learned, and God’s Sons are as equal as learners as they are as Sons.</span></p></div> <div data-paragraph-id=\"090#4\"><p class=\"p-normal\"><span class=\"pnr\">4.</span> <span data-sentence-id=\"090#4:1\"><span class=\"snr noprint\">1</span>You <i>are</i> the Kingdom of Heaven, but you have let the belief in darkness enter your mind and so you need a new light.</span> <span data-sentence-id=\"090#4:2\"><span class=\"snr\">2</span>The Holy Spirit is the radiance that you must let banish the idea of darkness.</span> <span data-sentence-id=\"090#4:3\"><span class=\"snr\">3</span>His is the glory before which dissociation falls away, and the Kingdom of Heaven breaks through into its own.</span> <span data-sentence-id=\"090#4:4\"><span class=\"snr\">4</span>Before the separation you did not need guidance.</span> <span data-sentence-id=\"090#4:5\"><span class=\"snr\">5</span>You knew as you will know again, but as you do not know now.</span></p></div> <div data-paragraph-id=\"090#5\"><p class=\"p-normal\"><span class=\"pnr\">5.</span> <span data-sentence-id=\"090#5:1\"><span class=\"snr noprint\">1</span>God does not guide, because He can share only perfect knowledge.</span> <span data-sentence-id=\"090#5:2\"><span class=\"snr\">2</span>Guidance is evaluative, because it implies there is a right way and also a wrong way, one to be chosen and the other to be avoided.</span> <span data-sentence-id=\"090#5:3\"><span class=\"snr\">3</span>By choosing one you give up the other.</span> <span data-sentence-id=\"090#5:4\"><span class=\"snr\">4</span>The choice for the Holy Spirit is the choice for God.</span> <span data-sentence-id=\"090#5:5\"><span class=\"snr\">5</span>God is not in you in a literal sense; you are part of Him.</span> <span data-sentence-id=\"090#5:6\"><span class=\"snr\">6</span>When you chose to leave Him He gave you a Voice to speak for Him because He could no longer share His knowledge with you without hindrance.</span> <span data-sentence-id=\"090#5:7\"><span class=\"snr\">7</span>Direct communication was broken because you had made another voice.</span></p></div> <div data-paragraph-id=\"090#6\"><p class=\"p-normal\"><span class=\"pnr\">6.</span> <span data-sentence-id=\"090#6:1\"><span class=\"snr noprint\">1</span>The Holy Spirit calls you both to remember and to forget.</span> <span data-sentence-id=\"090#6:2\"><span class=\"snr\">2</span>You have chosen to be in a state of opposition in which opposites are possible.</span> <span data-sentence-id=\"090#6:3\"><span class=\"snr\">3</span>As a result, there are choices you must make.</span> <span data-sentence-id=\"090#6:4\"><span class=\"snr\">4</span>In the holy state the will is free, so that its creative power is unlimited and choice is meaningless.</span> <span data-sentence-id=\"090#6:5\"><span class=\"snr\">5</span>Freedom to choose is the same power as freedom to create, but its application is different.</span> <span data-sentence-id=\"090#6:6\"><span class=\"snr\">6</span>Choosing depends on a split mind.</span> <span data-sentence-id=\"090#6:7\"><span class=\"snr\">7</span>The Holy Spirit is one way of choosing.</span> <span data-sentence-id=\"090#6:8\"><span class=\"snr\">8</span>God did not leave His children comfortless, even though they chose to leave Him.</span> <span data-sentence-id=\"090#6:9\"><span class=\"snr\">9</span>The voice they put in their minds was not the Voice for His Will, for which the Holy Spirit speaks.</span></p></div> <div data-paragraph-id=\"090#7\"><p class=\"p-normal\"><span class=\"pnr\">7.</span> <span data-sentence-id=\"090#7:1\"><span class=\"snr noprint\">1</span>The Voice of the Holy Spirit does not command, because It is incapable of arrogance.</span> <span data-sentence-id=\"090#7:2\"><span class=\"snr\">2</span>It does not demand, because It does not seek control.</span> <span data-sentence-id=\"090#7:3\"><span class=\"snr\">3</span>It does not overcome, because It does not attack.</span> <span data-sentence-id=\"090#7:4\"><span class=\"snr\">4</span>It merely reminds.</span> <span data-sentence-id=\"090#7:5\"><span class=\"snr\">5</span>It is compelling only because of what It reminds you <i>of.</i></span> <span data-sentence-id=\"090#7:6\"><span class=\"snr\">6</span>It brings to your mind the other way, remaining quiet even in the midst of the turmoil you may make.</span> <span data-sentence-id=\"090#7:7\"><span class=\"snr\">7</span>The Voice for God is always quiet, because It speaks of peace.</span> <span data-sentence-id=\"090#7:8\"><span class=\"snr\">8</span>Peace is stronger than war because it heals.</span> <span data-sentence-id=\"090#7:9\"><span class=\"snr\">9</span>War is division, not increase.</span> <span data-sentence-id=\"090#7:10\"><span class=\"snr\">10</span>No one gains from strife.</span> <span data-sentence-id=\"090#7:11\"><span class=\"snr\">11</span>What profiteth it a man if he gain the whole world and lose his own soul?</span> <span data-sentence-id=\"090#7:12\"><span class=\"snr\">12</span>If you listen to the wrong voice you <i>have</i> lost sight of your soul.</span> <span data-sentence-id=\"090#7:13\"><span class=\"snr\">13</span>You cannot lose it, but you can not know it.</span> <span data-sentence-id=\"090#7:14\"><span class=\"snr\">14</span>It is therefore “lost” to you until you choose right.</span></p></div> <div data-paragraph-id=\"090#8\"><p class=\"p-normal\"><span class=\"pnr\">8.</span> <span data-sentence-id=\"090#8:1\"><span class=\"snr noprint\">1</span>The Holy Spirit is your Guide in choosing.</span> <span data-sentence-id=\"090#8:2\"><span class=\"snr\">2</span>He is in the part of your mind that always speaks for the right choice, because He speaks for God.</span> <span data-sentence-id=\"090#8:3\"><span class=\"snr\">3</span>He is your remaining communication with God, which you can interrupt but cannot destroy.</span> <span data-sentence-id=\"090#8:4\"><span class=\"snr\">4</span>The Holy Spirit is the way in which God’s Will is done on earth as it is in Heaven.</span> <span data-sentence-id=\"090#8:5\"><span class=\"snr\">5</span>Both Heaven and earth are in you, because the call of both is in your mind.</span> <span data-sentence-id=\"090#8:6\"><span class=\"snr\">6</span>The Voice for God comes from your own altars to Him.</span> <span data-sentence-id=\"090#8:7\"><span class=\"snr\">7</span>These altars are not things; they are devotions.</span> <span data-sentence-id=\"090#8:8\"><span class=\"snr\">8</span>Yet you have other devotions now.</span> <span data-sentence-id=\"090#8:9\"><span class=\"snr\">9</span>Your divided devotion has given you the two voices, and you must choose at which altar you want to serve.</span> <span data-sentence-id=\"090#8:10\"><span class=\"snr\">10</span>The call you answer now is an evaluation because it is a decision.</span> <span data-sentence-id=\"090#8:11\"><span class=\"snr\">11</span>The decision is very simple.</span> <span data-sentence-id=\"090#8:12\"><span class=\"snr\">12</span>It is made on the basis of which call is worth more to you.</span></p></div> <div data-paragraph-id=\"090#9\"><p class=\"p-normal\"><span class=\"pnr\">9.</span> <span data-sentence-id=\"090#9:1\"><span class=\"snr noprint\">1</span>My mind will always be like yours, because we were created as equals.</span> <span data-sentence-id=\"090#9:2\"><span class=\"snr\">2</span>It was only my decision that gave me all power in Heaven and earth.</span> <span data-sentence-id=\"090#9:3\"><span class=\"snr\">3</span>My only gift to you is to help you make the same decision.</span> <span data-sentence-id=\"090#9:4\"><span class=\"snr\">4</span>This decision is the choice to share it, because the decision itself <i>is</i> the decision to share.</span> <span data-sentence-id=\"090#9:5\"><span class=\"snr\">5</span>It is made by giving, and is therefore the one choice that resembles true creation.</span> <span data-sentence-id=\"090#9:6\"><span class=\"snr\">6</span>I am your model for decision.</span> <span data-sentence-id=\"090#9:7\"><span class=\"snr\">7</span>By deciding for God I showed you that this decision can be made, and that you can make it.</span></p></div> <div data-paragraph-id=\"090#10\"><p class=\"p-normal\"><span class=\"pnr\">10.</span> <span data-sentence-id=\"090#10:1\"><span class=\"snr noprint\">1</span>I have assured you that the Mind that decided for me is also in you, and that you can let it change you just as it changed me.</span> <span data-sentence-id=\"090#10:2\"><span class=\"snr\">2</span>This Mind is unequivocal, because it hears only one Voice and answers in only one way.</span> <span data-sentence-id=\"090#10:3\"><span class=\"snr\">3</span>You are the light of the world with me.</span> <span data-sentence-id=\"090#10:4\"><span class=\"snr\">4</span>Rest does not come from sleeping but from waking.</span> <span data-sentence-id=\"090#10:5\"><span class=\"snr\">5</span>The Holy Spirit is the Call to awaken and be glad.</span> <span data-sentence-id=\"090#10:6\"><span class=\"snr\">6</span>The world is very tired, because it is the idea of weariness.</span> <span data-sentence-id=\"090#10:7\"><span class=\"snr\">7</span>Our task is the joyous one of waking it to the Call for God.</span> <span data-sentence-id=\"090#10:8\"><span class=\"snr\">8</span>Everyone will answer the Call of the Holy Spirit, or the Sonship cannot be as one.</span> <span data-sentence-id=\"090#10:9\"><span class=\"snr\">9</span>What better vocation could there be for any part of the Kingdom than to restore it to the perfect integration that can make it whole?</span> <span data-sentence-id=\"090#10:10\"><span class=\"snr\">10</span>Hear only this through the Holy Spirit within you, and teach your brothers to listen as I am teaching you.</span></p></div> <div data-paragraph-id=\"090#11\"><p class=\"p-normal\"><span class=\"pnr\">11.</span> <span data-sentence-id=\"090#11:1\"><span class=\"snr noprint\">1</span>When you are tempted by the wrong voice, call on me to remind you how to heal by sharing my decision and making it stronger.</span> <span data-sentence-id=\"090#11:2\"><span class=\"snr\">2</span>As we share this goal, we increase its power to attract the whole Sonship, and to bring it back into the oneness in which it was created.</span> <span data-sentence-id=\"090#11:3\"><span class=\"snr\">3</span>Remember that “yoke” means “join together,” and “burden” means “message.”</span> <span data-sentence-id=\"090#11:4\"><span class=\"snr\">4</span>Let us restate “My yoke is easy and my burden light” in this way; “Let us join together, for my message is light.”</span></p></div> <div data-paragraph-id=\"090#12\"><p class=\"p-normal\"><span class=\"pnr\">12.</span> <span data-sentence-id=\"090#12:1\"><span class=\"snr noprint\">1</span>I have enjoined you to behave as I behaved, but we must respond to the same Mind to do this.</span> <span data-sentence-id=\"090#12:2\"><span class=\"snr\">2</span>This Mind is the Holy Spirit, Whose Will is for God always.</span> <span data-sentence-id=\"090#12:3\"><span class=\"snr\">3</span>He teaches you how to keep me as the model for your thought, and to behave like me as a result.</span> <span data-sentence-id=\"090#12:4\"><span class=\"snr\">4</span>The power of our joint motivation is beyond belief, but not beyond accomplishment.</span> <span data-sentence-id=\"090#12:5\"><span class=\"snr\">5</span>What we can accomplish together has no limits, because the Call for God is the Call to the unlimited.</span> <span data-sentence-id=\"090#12:6\"><span class=\"snr\">6</span>Child of God, my message is for you, to hear and give away as you answer the Holy Spirit within you.</span></p></div> </div>","firstWords":"Healing is not creating; it is reparation. The Holy Spirit promotes healing by looking beyond it to what the children of God were before healing was needed, and will be when they have been healed.","contentType":"acim-content","seoTitle":"Chapter 5.II: The Voice for God | ACIM","seoDescription":"✨ A Course in Miracles, read the complete Chapter 5.II “The Voice for God”: Healing is not creating; it is reparation. The Holy Spirit promotes healing by looking beyond it to what the…","desktopBreadcrumbs":[{"label":"Text","leadsTo":{"locale":"en","sectionId":51,"slugs":["text","introduction"],"forceToc":true}},{"label":"Chapter 5: Healing and Wholeness","leadsTo":{"locale":"en","sectionId":88,"slugs":["chapter-5","introduction"],"forceToc":true}},{"label":"II. The Voice for God","leadsTo":{"locale":"en","sectionId":90,"slugs":["chapter-5","the-voice-for-god"]}}],"mobileBreadcrumbs":[{"label":"Text","leadsTo":{"locale":"en","sectionId":51,"slugs":["text","introduction"],"forceToc":true}},{"label":"Chapter 5: Healing and Wholeness","leadsTo":{"locale":"en","sectionId":88,"slugs":["chapter-5","introduction"],"forceToc":true}},{"label":"II. The Voice for God","leadsTo":{"locale":"en","sectionId":90,"slugs":["chapter-5","the-voice-for-god"]}}],"seoBreadcrumbs":[{"label":"A Course in Miracles","leadsTo":"dashboard"},{"label":"Text","leadsTo":{"locale":"en","sectionId":51,"slugs":["text","introduction"],"forceToc":true}},{"label":"Chapter 5","leadsTo":{"locale":"en","sectionId":88,"slugs":["chapter-5","introduction"],"forceToc":true}},{"label":"II. The Voice for God","leadsTo":{"locale":"en","sectionId":90,"slugs":["chapter-5","the-voice-for-god"]}}],"slugs":["chapter-5","the-voice-for-god"],"canonicalLink":"https://acim.org/acim/chapter-5/the-voice-for-god/en/s/90","link":"https://acim.org/acim/chapter-5/the-voice-for-god/en/s/90","shortLink":"https://acim.org/acim/en/s/90","previousSectionId":89,"previousSectionSlugs":["chapter-5","the-invitation-to-the-holy-spirit"],"previousSectionLink":"https://acim.org/acim/chapter-5/the-invitation-to-the-holy-spirit/en/s/89","nextSectionId":91,"nextSectionSlugs":["chapter-5","the-guide-to-salvation"],"nextSectionLink":"https://acim.org/acim/chapter-5/the-guide-to-salvation/en/s/91","hreflangLinks":[{"hrefLang":"en","link":"https://acim.org/acim/en/s/90"}]}