{"sectionId":901,"sectionIdLiteral":"901","humanId":"psycho-intro","volumeId":"psychotherapy","locale":"en","titleInfo":{"superTitle":"Psychotherapy","title":"Introduction"},"annotation":"P-in","bodyHtml":"<div class=\"acim-text psycho-intro\"> <div data-paragraph-id=\"901#1\"><p class=\"p-normal\"><span class=\"pnr\">1.</span> <span data-sentence-id=\"901#1:1\"><span class=\"snr noprint\">1</span>Psychotherapy is the only form of therapy there is.</span> <span data-sentence-id=\"901#1:2\"><span class=\"snr\">2</span>Since only the mind can be sick, only the mind can be healed.</span> <span data-sentence-id=\"901#1:3\"><span class=\"snr\">3</span>Only the mind is in need of healing.</span> <span data-sentence-id=\"901#1:4\"><span class=\"snr\">4</span>This does not appear to be the case, for the manifestations of this world seem real indeed.</span> <span data-sentence-id=\"901#1:5\"><span class=\"snr\">5</span>Psychotherapy is necessary so that an individual can begin to question their reality.</span> <span data-sentence-id=\"901#1:6\"><span class=\"snr\">6</span>Sometimes he is able to start to open his mind without formal help, but even then it is always some change in his perception of interpersonal relationships that enables him to do so.</span> <span data-sentence-id=\"901#1:7\"><span class=\"snr\">7</span>Sometimes he needs a more structured, extended relationship with an “official” therapist.</span> <span data-sentence-id=\"901#1:8\"><span class=\"snr\">8</span>Either way, the task is the same; the patient must be helped to change his mind about the “reality” of illusions.</span></p></div> </div>","firstWords":"Psychotherapy is the only form of therapy there is. Since only the mind can be sick, only the mind can be healed. Only the mind is in need of healing. This does not appear to be the case, for the","contentType":"acim-content","seoTitle":"Psychotherapy: Introduction | ACIM","seoDescription":"✨ A Course in Miracles. Read “Psychotherapy: Introduction” from Psychotherapy: Purpose, Process and Practice (P-in): Psychotherapy is the only form of therapy there is. Since only the…","desktopBreadcrumbs":[{"label":"Psychotherapy","leadsTo":{"locale":"en","sectionId":901,"slugs":["psychotherapy","introduction"],"forceToc":true}},{"label":"Introduction","leadsTo":{"locale":"en","sectionId":901,"slugs":["psychotherapy","introduction"]}}],"mobileBreadcrumbs":[{"label":"Psychotherapy","leadsTo":{"locale":"en","sectionId":901,"slugs":["psychotherapy","introduction"],"forceToc":true}},{"label":"Introduction","leadsTo":{"locale":"en","sectionId":901,"slugs":["psychotherapy","introduction"]}}],"seoBreadcrumbs":[{"label":"A Course in Miracles","leadsTo":"dashboard"},{"label":"Psychotherapy","leadsTo":{"locale":"en","sectionId":901,"slugs":["psychotherapy","introduction"],"forceToc":true}},{"label":"Introduction","leadsTo":{"locale":"en","sectionId":901,"slugs":["psychotherapy","introduction"]}}],"slugs":["psychotherapy","introduction"],"canonicalLink":"https://acim.org/acim/psychotherapy/introduction/en/s/901","link":"https://acim.org/acim/psychotherapy/introduction/en/s/901","shortLink":"https://acim.org/acim/en/s/901","previousSectionId":899,"previousSectionSlugs":["supplements","preface"],"previousSectionLink":"https://acim.org/acim/supplements/preface/en/s/899","nextSectionId":902,"nextSectionSlugs":["psychotherapy","the-purpose-of-psychotherapy"],"nextSectionLink":"https://acim.org/acim/psychotherapy/the-purpose-of-psychotherapy/en/s/902","hreflangLinks":[{"hrefLang":"en","link":"https://acim.org/acim/en/s/901"}]}