{"sectionId":909,"sectionIdLiteral":"909","humanId":"psycho-2-sect-5","volumeId":"psychotherapy","locale":"en","titleInfo":{"title":"The Process of Healing","inlineNumber":"V."},"annotation":"P-2.V","bodyHtml":"<div class=\"acim-text psycho-2-sect-5\"> <div data-paragraph-id=\"909#1\"><p class=\"p-normal\"><span class=\"pnr\">1.</span> <span data-sentence-id=\"909#1:1\"><span class=\"snr noprint\">1</span>While truth is simple, it must still be taught to those who have already lost their way in endless mazes of complexity.</span> <span data-sentence-id=\"909#1:2\"><span class=\"snr\">2</span>This is the great illusion.</span> <span data-sentence-id=\"909#1:3\"><span class=\"snr\">3</span>In its wake comes the inevitable belief that, to be safe, one must control the unknown.</span> <span data-sentence-id=\"909#1:4\"><span class=\"snr\">4</span>This strange belief relies on certain steps which never reach to consciousness.</span> <span data-sentence-id=\"909#1:5\"><span class=\"snr\">5</span>First, it is ushered in by the belief that there are forces to be overcome to be alive at all.</span> <span data-sentence-id=\"909#1:6\"><span class=\"snr\">6</span>And next, it seems as if these forces can be held at bay only by an inflated sense of self that holds in darkness what is truly felt, and seeks to raise illusions to the light.</span></p></div> <div data-paragraph-id=\"909#2\"><p class=\"p-normal\"><span class=\"pnr\">2.</span> <span data-sentence-id=\"909#2:1\"><span class=\"snr noprint\">1</span>Let us remember that the ones who come to us for help are bitterly afraid.</span> <span data-sentence-id=\"909#2:2\"><span class=\"snr\">2</span>What they believe will help can only harm; what they believe will harm alone can help.</span> <span data-sentence-id=\"909#2:3\"><span class=\"snr\">3</span>Progress becomes impossible until the patient is persuaded to reverse his twisted way of looking at the world; his twisted way of looking at himself.</span> <span data-sentence-id=\"909#2:4\"><span class=\"snr\">4</span>The truth is simple.</span> <span data-sentence-id=\"909#2:5\"><span class=\"snr\">5</span>Yet it must be taught to those who think it will endanger them.</span> <span data-sentence-id=\"909#2:6\"><span class=\"snr\">6</span>It must be taught to those who will attack because they feel endangered, and to those who need the lesson of defenselessness above all else, to show them what is strength.</span></p></div> <div data-paragraph-id=\"909#3\"><p class=\"p-normal\"><span class=\"pnr\">3.</span> <span data-sentence-id=\"909#3:1\"><span class=\"snr noprint\">1</span>If this world were ideal, there could perhaps be ideal therapy.</span> <span data-sentence-id=\"909#3:2\"><span class=\"snr\">2</span>And yet it would be useless in an ideal state.</span> <span data-sentence-id=\"909#3:3\"><span class=\"snr\">3</span>We speak of ideal teaching in a world in which the perfect teacher could not long remain; the perfect psychotherapist is but a glimmer of a thought not yet conceived.</span> <span data-sentence-id=\"909#3:4\"><span class=\"snr\">4</span>But still we speak of what can yet be done in helping the insane within the bounds of the attainable.</span> <span data-sentence-id=\"909#3:5\"><span class=\"snr\">5</span>While they are sick, they can and must be helped.</span> <span data-sentence-id=\"909#3:6\"><span class=\"snr\">6</span>No more than that is asked of psychotherapy; no less than all he has to give is worthy of the therapist.</span> <span data-sentence-id=\"909#3:7\"><span class=\"snr\">7</span>For God Himself holds out his brother as his savior from the world.</span></p></div> <div data-paragraph-id=\"909#4\"><p class=\"p-normal\"><span class=\"pnr\">4.</span> <span data-sentence-id=\"909#4:1\"><span class=\"snr noprint\">1</span>Healing is holy.</span> <span data-sentence-id=\"909#4:2\"><span class=\"snr\">2</span>Nothing in the world is holier than helping one who asks for help.</span> <span data-sentence-id=\"909#4:3\"><span class=\"snr\">3</span>And two come very close to God in this attempt, however limited, however lacking in sincerity.</span> <span data-sentence-id=\"909#4:4\"><span class=\"snr\">4</span>Where two have joined for healing, God is there.</span> <span data-sentence-id=\"909#4:5\"><span class=\"snr\">5</span>And He has guaranteed that He will hear and answer them in truth.</span> <span data-sentence-id=\"909#4:6\"><span class=\"snr\">6</span>They can be sure that healing is a process He directs, because it is according to His Will.</span> <span data-sentence-id=\"909#4:7\"><span class=\"snr\">7</span>We have His Word to guide us, as we try to help our brothers.</span> <span data-sentence-id=\"909#4:8\"><span class=\"snr\">8</span>Let us not forget that we are helpless of ourselves, and lean upon a strength beyond our little scope for what to teach as well as what to learn.</span></p></div> <div data-paragraph-id=\"909#5\"><p class=\"p-normal\"><span class=\"pnr\">5.</span> <span data-sentence-id=\"909#5:1\"><span class=\"snr noprint\">1</span>A brother seeking aid can bring us gifts beyond the heights perceived in any dream.</span> <span data-sentence-id=\"909#5:2\"><span class=\"snr\">2</span>He offers us salvation, for he comes to us as Christ and Savior.</span> <span data-sentence-id=\"909#5:3\"><span class=\"snr\">3</span>What he asks is asked by God through him.</span> <span data-sentence-id=\"909#5:4\"><span class=\"snr\">4</span>And what we do for him becomes the gift we give to God.</span> <span data-sentence-id=\"909#5:5\"><span class=\"snr\">5</span>The sacred calling of God’s holy Son for help in his perceived distress can be but answered by his Father.</span> <span data-sentence-id=\"909#5:6\"><span class=\"snr\">6</span>Yet He needs a voice through which to speak His holy Word; a hand to reach His Son and touch his heart.</span> <span data-sentence-id=\"909#5:7\"><span class=\"snr\">7</span>In such a process, who could not be healed?</span> <span data-sentence-id=\"909#5:8\"><span class=\"snr\">8</span>This holy interaction is the plan of God Himself, by which His Son is saved.</span></p></div> <div data-paragraph-id=\"909#6\"><p class=\"p-normal\"><span class=\"pnr\">6.</span> <span data-sentence-id=\"909#6:1\"><span class=\"snr noprint\">1</span>For two have joined.</span> <span data-sentence-id=\"909#6:2\"><span class=\"snr\">2</span>And now God’s promises are kept by Him.</span> <span data-sentence-id=\"909#6:3\"><span class=\"snr\">3</span>The limits laid on both the patient and the therapist will count as nothing, for the healing has begun.</span> <span data-sentence-id=\"909#6:4\"><span class=\"snr\">4</span>What they must start their Father will complete.</span> <span data-sentence-id=\"909#6:5\"><span class=\"snr\">5</span>For He has never asked for more than just the smallest willingness, the least advance, the tiniest of whispers of His Name.</span> <span data-sentence-id=\"909#6:6\"><span class=\"snr\">6</span>To ask for help, whatever form it takes, is but to call on Him.</span> <span data-sentence-id=\"909#6:7\"><span class=\"snr\">7</span>And He will send His Answer through the therapist who best can serve His Son in all his present needs.</span> <span data-sentence-id=\"909#6:8\"><span class=\"snr\">8</span>Perhaps the answer does not seem to be a gift from Heaven.</span> <span data-sentence-id=\"909#6:9\"><span class=\"snr\">9</span>It may even seem to be a worsening and not a help.</span> <span data-sentence-id=\"909#6:10\"><span class=\"snr\">10</span>Yet let the outcome not be judged by us.</span></p></div> <div data-paragraph-id=\"909#7\"><p class=\"p-normal\"><span class=\"pnr\">7.</span> <span data-sentence-id=\"909#7:1\"><span class=\"snr noprint\">1</span>Somewhere all gifts of God must be received.</span> <span data-sentence-id=\"909#7:2\"><span class=\"snr\">2</span>In time no effort can be made in vain.</span> <span data-sentence-id=\"909#7:3\"><span class=\"snr\">3</span>It is not our perfection that is asked in our attempts to heal.</span> <span data-sentence-id=\"909#7:4\"><span class=\"snr\">4</span>We are deceived already, if we think there is a need of healing.</span> <span data-sentence-id=\"909#7:5\"><span class=\"snr\">5</span>And the truth will come to us only through one who seems to share our dream of sickness.</span> <span data-sentence-id=\"909#7:6\"><span class=\"snr\">6</span>Let us help him to forgive himself for all the trespasses with which he would condemn himself without a cause.</span> <span data-sentence-id=\"909#7:7\"><span class=\"snr\">7</span>His healing is our own.</span> <span data-sentence-id=\"909#7:8\"><span class=\"snr\">8</span>And as we see the sinlessness in him come shining through the veil of guilt that shrouds the Son of God, we will behold in him the face of Christ, and understand that it is but our own.</span></p></div> <div data-paragraph-id=\"909#8\"><p class=\"p-normal\"><span class=\"pnr\">8.</span> <span data-sentence-id=\"909#8:1\"><span class=\"snr noprint\">1</span>Let us stand silently before God’s Will, and do what it has chosen that we do.</span> <span data-sentence-id=\"909#8:2\"><span class=\"snr\">2</span>There is one way alone by which we come to where all dreams began.</span> <span data-sentence-id=\"909#8:3\"><span class=\"snr\">3</span>And it is there that we will lay them down, to come away in peace forever.</span> <span data-sentence-id=\"909#8:4\"><span class=\"snr\">4</span>Hear a brother call for help and answer him.</span> <span data-sentence-id=\"909#8:5\"><span class=\"snr\">5</span>It will be God to Whom you answer, for you called on Him.</span> <span data-sentence-id=\"909#8:6\"><span class=\"snr\">6</span>There is no other way to hear His Voice.</span> <span data-sentence-id=\"909#8:7\"><span class=\"snr\">7</span>There is no other way to seek His Son.</span> <span data-sentence-id=\"909#8:8\"><span class=\"snr\">8</span>There is no other way to find your Self.</span> <span data-sentence-id=\"909#8:9\"><span class=\"snr\">9</span>Holy is healing, for the Son of God returns to Heaven through its kind embrace.</span> <span data-sentence-id=\"909#8:10\"><span class=\"snr\">10</span>For healing tells him, in the Voice for God, that all his sins have been forgiven him.</span></p></div> </div>","firstWords":"While truth is simple, it must still be taught to those who have already lost their way in endless mazes of complexity. This is the great illusion. In its wake comes the inevitable belief that, to be","contentType":"acim-content","seoTitle":"The Process of Healing | ACIM","seoDescription":"✨ A Course in Miracles. Read “The Process of Healing” from Psychotherapy: Purpose, Process and Practice (P-2.V): While truth is simple, it must still be taught to those who have already…","desktopBreadcrumbs":[{"label":"Psychotherapy","leadsTo":{"locale":"en","sectionId":901,"slugs":["psychotherapy","introduction"],"forceToc":true}},{"label":"2. The Process of Psychotherapy","leadsTo":{"locale":"en","sectionId":904,"slugs":["psychotherapy","the-process-of-psychotherapy-introduction"],"forceToc":true}},{"label":"V. The Process of Healing","leadsTo":{"locale":"en","sectionId":909,"slugs":["psychotherapy","the-process-of-healing"]}}],"mobileBreadcrumbs":[{"label":"Psychotherapy","leadsTo":{"locale":"en","sectionId":901,"slugs":["psychotherapy","introduction"],"forceToc":true}},{"label":"2. The Process of Psychotherapy","leadsTo":{"locale":"en","sectionId":904,"slugs":["psychotherapy","the-process-of-psychotherapy-introduction"],"forceToc":true}},{"label":"V. The Process of Healing","leadsTo":{"locale":"en","sectionId":909,"slugs":["psychotherapy","the-process-of-healing"]}}],"seoBreadcrumbs":[{"label":"A Course in Miracles","leadsTo":"dashboard"},{"label":"Psychotherapy","leadsTo":{"locale":"en","sectionId":901,"slugs":["psychotherapy","introduction"],"forceToc":true}},{"label":"2. The Process of Psychotherapy","leadsTo":{"locale":"en","sectionId":904,"slugs":["psychotherapy","the-process-of-psychotherapy-introduction"],"forceToc":true}},{"label":"V. The Process of Healing","leadsTo":{"locale":"en","sectionId":909,"slugs":["psychotherapy","the-process-of-healing"]}}],"slugs":["psychotherapy","the-process-of-healing"],"canonicalLink":"https://acim.org/acim/psychotherapy/the-process-of-healing/en/s/909","link":"https://acim.org/acim/psychotherapy/the-process-of-healing/en/s/909","shortLink":"https://acim.org/acim/en/s/909","previousSectionId":908,"previousSectionSlugs":["psychotherapy","the-process-of-illness"],"previousSectionLink":"https://acim.org/acim/psychotherapy/the-process-of-illness/en/s/908","nextSectionId":910,"nextSectionSlugs":["psychotherapy","the-definition-of-healing"],"nextSectionLink":"https://acim.org/acim/psychotherapy/the-definition-of-healing/en/s/910","hreflangLinks":[{"hrefLang":"en","link":"https://acim.org/acim/en/s/909"}]}