{"sectionId":913,"sectionIdLiteral":"913","humanId":"psycho-3-sect-1","volumeId":"psychotherapy","locale":"en","titleInfo":{"chapterTitle":{"inlineNumber":"3.","title":"The Practice of Psychotherapy"},"title":"The Selection of Patients","inlineNumber":"I."},"annotation":"P-3.I","bodyHtml":"<div class=\"acim-text psycho-3-sect-1\"> <div data-paragraph-id=\"913#1\"><p class=\"p-normal\"><span class=\"pnr\">1.</span> <span data-sentence-id=\"913#1:1\"><span class=\"snr noprint\">1</span>Everyone who is sent to you is a patient of yours.</span> <span data-sentence-id=\"913#1:2\"><span class=\"snr\">2</span>This does not mean that you select him, nor that you choose the kind of treatment that is suitable.</span> <span data-sentence-id=\"913#1:3\"><span class=\"snr\">3</span>But it does mean that no one comes to you by mistake.</span> <span data-sentence-id=\"913#1:4\"><span class=\"snr\">4</span>There are no errors in God’s plan.</span> <span data-sentence-id=\"913#1:5\"><span class=\"snr\">5</span>It would be an error, however, to assume that you know what to offer everyone who comes.</span> <span data-sentence-id=\"913#1:6\"><span class=\"snr\">6</span>This is not up to you to decide.</span> <span data-sentence-id=\"913#1:7\"><span class=\"snr\">7</span>There is a tendency to assume that you are being called on constantly to make sacrifices of yourself for those who come.</span> <span data-sentence-id=\"913#1:8\"><span class=\"snr\">8</span>This could hardly be true.</span> <span data-sentence-id=\"913#1:9\"><span class=\"snr\">9</span>To demand sacrifice of yourself is to demand a sacrifice of God, and He knows nothing of sacrifice.</span> <span data-sentence-id=\"913#1:10\"><span class=\"snr\">10</span>Who could ask of Perfection that He be imperfect?</span></p></div> <div data-paragraph-id=\"913#2\"><p class=\"p-normal\"><span class=\"pnr\">2.</span> <span data-sentence-id=\"913#2:1\"><span class=\"snr noprint\">1</span>Who, then, decides what each brother needs?</span> <span data-sentence-id=\"913#2:2\"><span class=\"snr\">2</span>Surely not you, who do not yet recognize who he is who asks.</span> <span data-sentence-id=\"913#2:3\"><span class=\"snr\">3</span>There is Something in him that will tell you, if you listen.</span> <span data-sentence-id=\"913#2:4\"><span class=\"snr\">4</span>And that is the answer; listen.</span> <span data-sentence-id=\"913#2:5\"><span class=\"snr\">5</span>Do not demand, do not decide, do not sacrifice.</span> <span data-sentence-id=\"913#2:6\"><span class=\"snr\">6</span>Listen.</span> <span data-sentence-id=\"913#2:7\"><span class=\"snr\">7</span>What you hear is true.</span> <span data-sentence-id=\"913#2:8\"><span class=\"snr\">8</span>Would God send His Son to you and not be sure you recognize his needs?</span> <span data-sentence-id=\"913#2:9\"><span class=\"snr\">9</span>Think what God is telling you; He needs your voice to speak for Him.</span> <span data-sentence-id=\"913#2:10\"><span class=\"snr\">10</span>Could anything be holier?</span> <span data-sentence-id=\"913#2:11\"><span class=\"snr\">11</span>Or a greater gift to you?</span> <span data-sentence-id=\"913#2:12\"><span class=\"snr\">12</span>Would you rather choose who would be god, or hear the Voice of Him Who is God in you?</span></p></div> <div data-paragraph-id=\"913#3\"><p class=\"p-normal\"><span class=\"pnr\">3.</span> <span data-sentence-id=\"913#3:1\"><span class=\"snr noprint\">1</span>Your patients need not be physically present for you to serve them in the Name of God.</span> <span data-sentence-id=\"913#3:2\"><span class=\"snr\">2</span>This may be hard to remember, but God will not have His gifts to you limited to the few you actually see.</span> <span data-sentence-id=\"913#3:3\"><span class=\"snr\">3</span>You can see others as well, for seeing is not limited to the body’s eyes.</span> <span data-sentence-id=\"913#3:4\"><span class=\"snr\">4</span>Some do not need your physical presence.</span> <span data-sentence-id=\"913#3:5\"><span class=\"snr\">5</span>They need you as much, and perhaps even more, at the instant they are sent.</span> <span data-sentence-id=\"913#3:6\"><span class=\"snr\">6</span>You will recognize them in whatever way can be most helpful to both of you.</span> <span data-sentence-id=\"913#3:7\"><span class=\"snr\">7</span>It does not matter how they come.</span> <span data-sentence-id=\"913#3:8\"><span class=\"snr\">8</span>They will be sent in whatever form is most helpful; a name, a thought, a picture, an idea, or perhaps just a feeling of reaching out to someone somewhere.</span> <span data-sentence-id=\"913#3:9\"><span class=\"snr\">9</span>The joining is in the hands of the Holy Spirit.</span> <span data-sentence-id=\"913#3:10\"><span class=\"snr\">10</span>It cannot fail to be accomplished.</span></p></div> <div data-paragraph-id=\"913#4\"><p class=\"p-normal\"><span class=\"pnr\">4.</span> <span data-sentence-id=\"913#4:1\"><span class=\"snr noprint\">1</span>A holy therapist, an advanced teacher of God, never forgets one thing; he did not make the curriculum of salvation, nor did he establish his part in it.</span> <span data-sentence-id=\"913#4:2\"><span class=\"snr\">2</span>He understands that his part is necessary to the whole, and that through it he will recognize the whole when his part is complete.</span> <span data-sentence-id=\"913#4:3\"><span class=\"snr\">3</span>Meanwhile he must learn, and his patients are the means sent to him for his learning.</span> <span data-sentence-id=\"913#4:4\"><span class=\"snr\">4</span>What could he be but grateful for them and to them?</span> <span data-sentence-id=\"913#4:5\"><span class=\"snr\">5</span>They come bearing God.</span> <span data-sentence-id=\"913#4:6\"><span class=\"snr\">6</span>Would he refuse this Gift for a pebble, or would he close the door on the savior of the world to let in a ghost?</span> <span data-sentence-id=\"913#4:7\"><span class=\"snr\">7</span>Let him not betray the Son of God.</span> <span data-sentence-id=\"913#4:8\"><span class=\"snr\">8</span>Who calls on him is far beyond his understanding.</span> <span data-sentence-id=\"913#4:9\"><span class=\"snr\">9</span>Yet would he not rejoice that he can answer, when only thus will he be able to hear the call and understand that it is his?</span></p></div> </div>","firstWords":"Everyone who is sent to you is a patient of yours. This does not mean that you select him, nor that you choose the kind of treatment that is suitable. But it does mean that no one comes to you by","contentType":"acim-content","seoTitle":"The Practice of Psychotherapy: The Selection… | ACIM","seoDescription":"✨ A Course in Miracles. Read “The Practice of Psychotherapy: The Selection of Patients” from Psychotherapy: Purpose, Process and Practice (P-3.I): Everyone who is sent to you is a…","desktopBreadcrumbs":[{"label":"Psychotherapy","leadsTo":{"locale":"en","sectionId":901,"slugs":["psychotherapy","introduction"],"forceToc":true}},{"label":"3. The Practice of Psychotherapy","leadsTo":{"locale":"en","sectionId":913,"slugs":["psychotherapy","the-selection-of-patients"],"forceToc":true}},{"label":"I. The Selection of Patients","leadsTo":{"locale":"en","sectionId":913,"slugs":["psychotherapy","the-selection-of-patients"]}}],"mobileBreadcrumbs":[{"label":"Psychotherapy","leadsTo":{"locale":"en","sectionId":901,"slugs":["psychotherapy","introduction"],"forceToc":true}},{"label":"3. The Practice of Psychotherapy","leadsTo":{"locale":"en","sectionId":913,"slugs":["psychotherapy","the-selection-of-patients"],"forceToc":true}},{"label":"I. The Selection of Patients","leadsTo":{"locale":"en","sectionId":913,"slugs":["psychotherapy","the-selection-of-patients"]}}],"seoBreadcrumbs":[{"label":"A Course in Miracles","leadsTo":"dashboard"},{"label":"Psychotherapy","leadsTo":{"locale":"en","sectionId":901,"slugs":["psychotherapy","introduction"],"forceToc":true}},{"label":"3. The Practice of Psychotherapy","leadsTo":{"locale":"en","sectionId":913,"slugs":["psychotherapy","the-selection-of-patients"],"forceToc":true}},{"label":"I. The Selection of Patients","leadsTo":{"locale":"en","sectionId":913,"slugs":["psychotherapy","the-selection-of-patients"]}}],"slugs":["psychotherapy","the-selection-of-patients"],"canonicalLink":"https://acim.org/acim/psychotherapy/the-selection-of-patients/en/s/913","link":"https://acim.org/acim/psychotherapy/the-selection-of-patients/en/s/913","shortLink":"https://acim.org/acim/en/s/913","previousSectionId":911,"previousSectionSlugs":["psychotherapy","the-ideal-patient-therapist-relationship"],"previousSectionLink":"https://acim.org/acim/psychotherapy/the-ideal-patient-therapist-relationship/en/s/911","nextSectionId":914,"nextSectionSlugs":["psychotherapy","is-psychotherapy-a-profession"],"nextSectionLink":"https://acim.org/acim/psychotherapy/is-psychotherapy-a-profession/en/s/914","hreflangLinks":[{"hrefLang":"en","link":"https://acim.org/acim/en/s/913"}]}