{"sectionId":922,"sectionIdLiteral":"922","humanId":"song-1-intro","volumeId":"song","locale":"en","titleInfo":{"superTitle":"Song of Prayer","chapterTitle":{"inlineNumber":"1.","title":"Prayer"},"title":"Introduction"},"annotation":"S-1.in","bodyHtml":"<div class=\"acim-text song-1-intro\"> <div data-paragraph-id=\"922#1\"><p class=\"p-normal\"><span class=\"pnr\">1.</span> <span data-sentence-id=\"922#1:1\"><span class=\"snr noprint\">1</span>Prayer is the greatest gift with which God blessed His Son at his creation.</span> <span data-sentence-id=\"922#1:2\"><span class=\"snr\">2</span>It was then what it is to become; the single voice Creator and creation share; the song the Son sings to the Father, Who returns the thanks it offers Him unto the Son.</span> <span data-sentence-id=\"922#1:3\"><span class=\"snr\">3</span>Endless the harmony, and endless, too, the joyous concord of the Love They give forever to Each Other.</span> <span data-sentence-id=\"922#1:4\"><span class=\"snr\">4</span>And in this, creation is extended.</span> <span data-sentence-id=\"922#1:5\"><span class=\"snr\">5</span>God gives thanks to His extension in His Son.</span> <span data-sentence-id=\"922#1:6\"><span class=\"snr\">6</span>His Son gives thanks for his creation, in the song of his creating in his Father’s Name.</span> <span data-sentence-id=\"922#1:7\"><span class=\"snr\">7</span>The Love They share is what all prayer will be throughout eternity, when time is done.</span> <span data-sentence-id=\"922#1:8\"><span class=\"snr\">8</span>For such it was before time seemed to be.</span></p></div> <div data-paragraph-id=\"922#2\"><p class=\"p-normal\"><span class=\"pnr\">2.</span> <span data-sentence-id=\"922#2:1\"><span class=\"snr noprint\">1</span>To you who are in time a little while, prayer takes the form that best will suit your need.</span> <span data-sentence-id=\"922#2:2\"><span class=\"snr\">2</span>You have but one.</span> <span data-sentence-id=\"922#2:3\"><span class=\"snr\">3</span>What God created one must recognize its oneness, and rejoice that what illusions seemed to separate is one forever in the Mind of God.</span> <span data-sentence-id=\"922#2:4\"><span class=\"snr\">4</span>Prayer now must be the means by which God’s Son leaves separate goals and separate interests by, and turns in holy gladness to the truth of union in his Father and himself.</span></p></div> <div data-paragraph-id=\"922#3\"><p class=\"p-normal\"><span class=\"pnr\">3.</span> <span data-sentence-id=\"922#3:1\"><span class=\"snr noprint\">1</span>Lay down your dreams, you holy Son of God, and rising up as God created you, dispense with idols and remember Him.</span> <span data-sentence-id=\"922#3:2\"><span class=\"snr\">2</span>Prayer will sustain you now, and bless you as you lift your heart to Him in rising song that reaches higher and then higher still, until both high and low have disappeared.</span> <span data-sentence-id=\"922#3:3\"><span class=\"snr\">3</span>Faith in your goal will grow and hold you up as you ascend the shining stairway to the lawns of Heaven and the gate of peace.</span> <span data-sentence-id=\"922#3:4\"><span class=\"snr\">4</span>For this is prayer, and here salvation is.</span> <span data-sentence-id=\"922#3:5\"><span class=\"snr\">5</span>This is the way.</span> <span data-sentence-id=\"922#3:6\"><span class=\"snr\">6</span>It is God’s gift to you.</span></p></div> </div>","firstWords":"Prayer is the greatest gift with which God blessed His Son at his creation. It was then what it is to become; the single voice Creator and creation share; the song the Son sings to the Father, Who","contentType":"acim-content","seoTitle":"Song of Prayer: Prayer: Introduction | ACIM","seoDescription":"✨ A Course in Miracles. Read “Song of Prayer: Prayer: Introduction” from the Song of Prayer (S-1.in): Prayer is the greatest gift with which God blessed His Son at his creation. It was…","desktopBreadcrumbs":[{"label":"Song of Prayer","leadsTo":{"locale":"en","sectionId":922,"slugs":["song-of-prayer","prayer-introduction"],"forceToc":true}},{"label":"1. Prayer","leadsTo":{"locale":"en","sectionId":922,"slugs":["song-of-prayer","prayer-introduction"],"forceToc":true}},{"label":"Introduction","leadsTo":{"locale":"en","sectionId":922,"slugs":["song-of-prayer","prayer-introduction"]}}],"mobileBreadcrumbs":[{"label":"Song of Prayer","leadsTo":{"locale":"en","sectionId":922,"slugs":["song-of-prayer","prayer-introduction"],"forceToc":true}},{"label":"1. Prayer","leadsTo":{"locale":"en","sectionId":922,"slugs":["song-of-prayer","prayer-introduction"],"forceToc":true}},{"label":"Introduction","leadsTo":{"locale":"en","sectionId":922,"slugs":["song-of-prayer","prayer-introduction"]}}],"seoBreadcrumbs":[{"label":"A Course in Miracles","leadsTo":"dashboard"},{"label":"Song of Prayer","leadsTo":{"locale":"en","sectionId":922,"slugs":["song-of-prayer","prayer-introduction"],"forceToc":true}},{"label":"1. Prayer","leadsTo":{"locale":"en","sectionId":922,"slugs":["song-of-prayer","prayer-introduction"],"forceToc":true}},{"label":"Introduction","leadsTo":{"locale":"en","sectionId":922,"slugs":["song-of-prayer","prayer-introduction"]}}],"slugs":["song-of-prayer","prayer-introduction"],"canonicalLink":"https://acim.org/acim/song-of-prayer/prayer-introduction/en/s/922","link":"https://acim.org/acim/song-of-prayer/prayer-introduction/en/s/922","shortLink":"https://acim.org/acim/en/s/922","previousSectionId":915,"previousSectionSlugs":["psychotherapy","the-question-of-payment"],"previousSectionLink":"https://acim.org/acim/psychotherapy/the-question-of-payment/en/s/915","nextSectionId":923,"nextSectionSlugs":["song-of-prayer","true-prayer"],"nextSectionLink":"https://acim.org/acim/song-of-prayer/true-prayer/en/s/923","hreflangLinks":[{"hrefLang":"en","link":"https://acim.org/acim/en/s/922"}]}