{"sectionId":923,"sectionIdLiteral":"923","humanId":"song-1-sect-1","volumeId":"song","locale":"en","titleInfo":{"title":"True Prayer","inlineNumber":"I."},"annotation":"S-1.I","bodyHtml":"<div class=\"acim-text song-1-sect-1\"> <div data-paragraph-id=\"923#1\"><p class=\"p-normal\"><span class=\"pnr\">1.</span> <span data-sentence-id=\"923#1:1\"><span class=\"snr noprint\">1</span>Prayer is a way offered by the Holy Spirit to reach God.</span> <span data-sentence-id=\"923#1:2\"><span class=\"snr\">2</span>It is not merely a question or an entreaty.</span> <span data-sentence-id=\"923#1:3\"><span class=\"snr\">3</span>It cannot succeed until you realize that it asks for nothing.</span> <span data-sentence-id=\"923#1:4\"><span class=\"snr\">4</span>How else could it serve its purpose?</span> <span data-sentence-id=\"923#1:5\"><span class=\"snr\">5</span>It is impossible to pray for idols and hope to reach God.</span> <span data-sentence-id=\"923#1:6\"><span class=\"snr\">6</span>True prayer must avoid the pitfall of asking to entreat.</span> <span data-sentence-id=\"923#1:7\"><span class=\"snr\">7</span>Ask, rather, to receive what is already given; to accept what is already there.</span></p></div> <div data-paragraph-id=\"923#2\"><p class=\"p-normal\"><span class=\"pnr\">2.</span> <span data-sentence-id=\"923#2:1\"><span class=\"snr noprint\">1</span>You have been told to ask the Holy Spirit for the answer to any specific problem, and that you will receive a specific answer if such is your need.</span> <span data-sentence-id=\"923#2:2\"><span class=\"snr\">2</span>You have also been told that there is only one problem and one answer.</span> <span data-sentence-id=\"923#2:3\"><span class=\"snr\">3</span>In prayer this is not contradictory.</span> <span data-sentence-id=\"923#2:4\"><span class=\"snr\">4</span>There are decisions to make here, and they must be made whether they be illusions or not.</span> <span data-sentence-id=\"923#2:5\"><span class=\"snr\">5</span>You cannot be asked to accept answers which are beyond the level of need that you can recognize.</span> <span data-sentence-id=\"923#2:6\"><span class=\"snr\">6</span>Therefore, it is not the form of the question that matters, nor how it is asked.</span> <span data-sentence-id=\"923#2:7\"><span class=\"snr\">7</span>The form of the answer, if given by God, will suit your need as you see it.</span> <span data-sentence-id=\"923#2:8\"><span class=\"snr\">8</span>This is merely an echo of the reply of His Voice.</span> <span data-sentence-id=\"923#2:9\"><span class=\"snr\">9</span>The real sound is always a song of thanksgiving and of Love.</span></p></div> <div data-paragraph-id=\"923#3\"><p class=\"p-normal\"><span class=\"pnr\">3.</span> <span data-sentence-id=\"923#3:1\"><span class=\"snr noprint\">1</span>You cannot, then, ask for the echo.</span> <span data-sentence-id=\"923#3:2\"><span class=\"snr\">2</span>It is the song that is the gift.</span> <span data-sentence-id=\"923#3:3\"><span class=\"snr\">3</span>Along with it come the overtones, the harmonics, the echoes, but these are secondary.</span> <span data-sentence-id=\"923#3:4\"><span class=\"snr\">4</span>In true prayer you hear only the song.</span> <span data-sentence-id=\"923#3:5\"><span class=\"snr\">5</span>All the rest is merely added.</span> <span data-sentence-id=\"923#3:6\"><span class=\"snr\">6</span>You have sought first the Kingdom of Heaven, and all else has indeed been given you.</span></p></div> <div data-paragraph-id=\"923#4\"><p class=\"p-normal\"><span class=\"pnr\">4.</span> <span data-sentence-id=\"923#4:1\"><span class=\"snr noprint\">1</span>The secret of true prayer is to forget the things you think you need.</span> <span data-sentence-id=\"923#4:2\"><span class=\"snr\">2</span>To ask for the specific is much the same as to look on sin and then forgive it.</span> <span data-sentence-id=\"923#4:3\"><span class=\"snr\">3</span>Also in the same way, in prayer you overlook your specific needs as you see them, and let them go into God’s Hands.</span> <span data-sentence-id=\"923#4:4\"><span class=\"snr\">4</span>There they become your gifts to Him, for they tell Him that you would have no gods before Him; no love but His.</span> <span data-sentence-id=\"923#4:5\"><span class=\"snr\">5</span>What could His answer be but your remembrance of Him?</span> <span data-sentence-id=\"923#4:6\"><span class=\"snr\">6</span>Can this be traded for a bit of trifling advice about a problem of an instant’s duration?</span> <span data-sentence-id=\"923#4:7\"><span class=\"snr\">7</span>God answers only for eternity.</span> <span data-sentence-id=\"923#4:8\"><span class=\"snr\">8</span>But still all little answers are contained in this.</span></p></div> <div data-paragraph-id=\"923#5\"><p class=\"p-normal\"><span class=\"pnr\">5.</span> <span data-sentence-id=\"923#5:1\"><span class=\"snr noprint\">1</span>Prayer is a stepping aside; a letting go, a quiet time of listening and loving.</span> <span data-sentence-id=\"923#5:2\"><span class=\"snr\">2</span>It should not be confused with supplication of any kind, because it is a way of remembering your holiness.</span> <span data-sentence-id=\"923#5:3\"><span class=\"snr\">3</span>Why should holiness entreat, being fully entitled to everything Love has to offer?</span> <span data-sentence-id=\"923#5:4\"><span class=\"snr\">4</span>And it is to Love you go in prayer.</span> <span data-sentence-id=\"923#5:5\"><span class=\"snr\">5</span>Prayer is an offering; a giving up of yourself to be at one with Love.</span> <span data-sentence-id=\"923#5:6\"><span class=\"snr\">6</span>There is nothing to ask because there is nothing left to want.</span> <span data-sentence-id=\"923#5:7\"><span class=\"snr\">7</span>That nothingness becomes the altar of God.</span> <span data-sentence-id=\"923#5:8\"><span class=\"snr\">8</span>It disappears in Him.</span></p></div> <div data-paragraph-id=\"923#6\"><p class=\"p-normal\"><span class=\"pnr\">6.</span> <span data-sentence-id=\"923#6:1\"><span class=\"snr noprint\">1</span>This is not a level of prayer that everyone can attain as yet.</span> <span data-sentence-id=\"923#6:2\"><span class=\"snr\">2</span>Those who have not reached it still need your help in prayer because their asking is not yet based upon acceptance.</span> <span data-sentence-id=\"923#6:3\"><span class=\"snr\">3</span>Help in prayer does not mean that another mediates between you and God.</span> <span data-sentence-id=\"923#6:4\"><span class=\"snr\">4</span>But it does mean that another stands beside you and helps to raise you up to Him.</span> <span data-sentence-id=\"923#6:5\"><span class=\"snr\">5</span>One who has realized the goodness of God prays without fear.</span> <span data-sentence-id=\"923#6:6\"><span class=\"snr\">6</span>And one who prays without fear cannot but reach Him.</span> <span data-sentence-id=\"923#6:7\"><span class=\"snr\">7</span>He can therefore also reach His Son, wherever he may be and whatever form he may seem to take.</span></p></div> <div data-paragraph-id=\"923#7\"><p class=\"p-normal\"><span class=\"pnr\">7.</span> <span data-sentence-id=\"923#7:1\"><span class=\"snr noprint\">1</span>Praying to Christ in anyone is true prayer because it is a gift of thanks to His Father.</span> <span data-sentence-id=\"923#7:2\"><span class=\"snr\">2</span>To ask that Christ be but Himself is not an entreaty.</span> <span data-sentence-id=\"923#7:3\"><span class=\"snr\">3</span>It is a song of thanksgiving for what you are.</span> <span data-sentence-id=\"923#7:4\"><span class=\"snr\">4</span>Herein lies the power of prayer.</span> <span data-sentence-id=\"923#7:5\"><span class=\"snr\">5</span>It asks nothing and receives everything.</span> <span data-sentence-id=\"923#7:6\"><span class=\"snr\">6</span>This prayer can be shared because it receives for everyone.</span> <span data-sentence-id=\"923#7:7\"><span class=\"snr\">7</span>To pray with one who knows that this is true is to be answered.</span> <span data-sentence-id=\"923#7:8\"><span class=\"snr\">8</span>Perhaps the specific form of resolution for a specific problem will occur to either of you; it does not matter which.</span> <span data-sentence-id=\"923#7:9\"><span class=\"snr\">9</span>Perhaps it will reach both, if you are genuinely attuned to one another.</span> <span data-sentence-id=\"923#7:10\"><span class=\"snr\">10</span>It will come because you have realized that Christ is in both of you.</span> <span data-sentence-id=\"923#7:11\"><span class=\"snr\">11</span>That is its only truth.</span></p></div> </div>","firstWords":"Prayer is a way offered by the Holy Spirit to reach God. It is not merely a question or an entreaty. It cannot succeed until you realize that it asks for nothing. How else could it serve its purpose?","contentType":"acim-content","seoTitle":"True Prayer | ACIM","seoDescription":"✨ A Course in Miracles. Read “True Prayer” from the Song of Prayer (S-1.I): Prayer is a way offered by the Holy Spirit to reach God. It is not merely a question or an entreaty. It cannot…","desktopBreadcrumbs":[{"label":"Song of Prayer","leadsTo":{"locale":"en","sectionId":922,"slugs":["song-of-prayer","prayer-introduction"],"forceToc":true}},{"label":"1. Prayer","leadsTo":{"locale":"en","sectionId":922,"slugs":["song-of-prayer","prayer-introduction"],"forceToc":true}},{"label":"I. True Prayer","leadsTo":{"locale":"en","sectionId":923,"slugs":["song-of-prayer","true-prayer"]}}],"mobileBreadcrumbs":[{"label":"Song of Prayer","leadsTo":{"locale":"en","sectionId":922,"slugs":["song-of-prayer","prayer-introduction"],"forceToc":true}},{"label":"1. Prayer","leadsTo":{"locale":"en","sectionId":922,"slugs":["song-of-prayer","prayer-introduction"],"forceToc":true}},{"label":"I. True Prayer","leadsTo":{"locale":"en","sectionId":923,"slugs":["song-of-prayer","true-prayer"]}}],"seoBreadcrumbs":[{"label":"A Course in Miracles","leadsTo":"dashboard"},{"label":"Song of Prayer","leadsTo":{"locale":"en","sectionId":922,"slugs":["song-of-prayer","prayer-introduction"],"forceToc":true}},{"label":"1. Prayer","leadsTo":{"locale":"en","sectionId":922,"slugs":["song-of-prayer","prayer-introduction"],"forceToc":true}},{"label":"I. True Prayer","leadsTo":{"locale":"en","sectionId":923,"slugs":["song-of-prayer","true-prayer"]}}],"slugs":["song-of-prayer","true-prayer"],"canonicalLink":"https://acim.org/acim/song-of-prayer/true-prayer/en/s/923","link":"https://acim.org/acim/song-of-prayer/true-prayer/en/s/923","shortLink":"https://acim.org/acim/en/s/923","previousSectionId":922,"previousSectionSlugs":["song-of-prayer","prayer-introduction"],"previousSectionLink":"https://acim.org/acim/song-of-prayer/prayer-introduction/en/s/922","nextSectionId":924,"nextSectionSlugs":["song-of-prayer","the-ladder-of-prayer"],"nextSectionLink":"https://acim.org/acim/song-of-prayer/the-ladder-of-prayer/en/s/924","hreflangLinks":[{"hrefLang":"en","link":"https://acim.org/acim/en/s/923"}]}