{"sectionId":934,"sectionIdLiteral":"934","humanId":"song-3-intro","volumeId":"song","locale":"en","titleInfo":{"chapterTitle":{"inlineNumber":"3.","title":"Healing"},"title":"Introduction"},"annotation":"S-3.in","bodyHtml":"<div class=\"acim-text song-3-intro\"> <div data-paragraph-id=\"934#1\"><p class=\"p-normal\"><span class=\"pnr\">1.</span> <span data-sentence-id=\"934#1:1\"><span class=\"snr noprint\">1</span>Prayer has both aids and witnesses which make the steep ascent more gentle and more sure, easing the pain of fear and offering the comfort and the promises of hope.</span> <span data-sentence-id=\"934#1:2\"><span class=\"snr\">2</span>Forgiveness’ witness and an aid to prayer, a giver of assurance of success in ultimate attainment of the goal, is healing.</span> <span data-sentence-id=\"934#1:3\"><span class=\"snr\">3</span>Its importance should not be too strongly emphasized, for healing is a sign or symbol of forgiveness’ strength, and only an effect or shadow of a change of mind about the goal of prayer.</span></p></div> </div>","firstWords":"Prayer has both aids and witnesses which make the steep ascent more gentle and more sure, easing the pain of fear and offering the comfort and the promises of hope. Forgiveness’ witness and an aid to","contentType":"acim-content","seoTitle":"Healing: Introduction | ACIM","seoDescription":"✨ A Course in Miracles. Read “Healing: Introduction” from the Song of Prayer (S-3.in): Prayer has both aids and witnesses which make the steep ascent more gentle and more sure, easing…","desktopBreadcrumbs":[{"label":"Song of Prayer","leadsTo":{"locale":"en","sectionId":922,"slugs":["song-of-prayer","prayer-introduction"],"forceToc":true}},{"label":"3. Healing","leadsTo":{"locale":"en","sectionId":934,"slugs":["song-of-prayer","healing-introduction"],"forceToc":true}},{"label":"Introduction","leadsTo":{"locale":"en","sectionId":934,"slugs":["song-of-prayer","healing-introduction"]}}],"mobileBreadcrumbs":[{"label":"Song of Prayer","leadsTo":{"locale":"en","sectionId":922,"slugs":["song-of-prayer","prayer-introduction"],"forceToc":true}},{"label":"3. Healing","leadsTo":{"locale":"en","sectionId":934,"slugs":["song-of-prayer","healing-introduction"],"forceToc":true}},{"label":"Introduction","leadsTo":{"locale":"en","sectionId":934,"slugs":["song-of-prayer","healing-introduction"]}}],"seoBreadcrumbs":[{"label":"A Course in Miracles","leadsTo":"dashboard"},{"label":"Song of Prayer","leadsTo":{"locale":"en","sectionId":922,"slugs":["song-of-prayer","prayer-introduction"],"forceToc":true}},{"label":"3. Healing","leadsTo":{"locale":"en","sectionId":934,"slugs":["song-of-prayer","healing-introduction"],"forceToc":true}},{"label":"Introduction","leadsTo":{"locale":"en","sectionId":934,"slugs":["song-of-prayer","healing-introduction"]}}],"slugs":["song-of-prayer","healing-introduction"],"canonicalLink":"https://acim.org/acim/song-of-prayer/healing-introduction/en/s/934","link":"https://acim.org/acim/song-of-prayer/healing-introduction/en/s/934","shortLink":"https://acim.org/acim/en/s/934","previousSectionId":932,"previousSectionSlugs":["song-of-prayer","forgiveness-for-salvation"],"previousSectionLink":"https://acim.org/acim/song-of-prayer/forgiveness-for-salvation/en/s/932","nextSectionId":935,"nextSectionSlugs":["song-of-prayer","the-cause-of-sickness"],"nextSectionLink":"https://acim.org/acim/song-of-prayer/the-cause-of-sickness/en/s/935","hreflangLinks":[{"hrefLang":"en","link":"https://acim.org/acim/en/s/934"}]}