{"sectionId":935,"sectionIdLiteral":"935","humanId":"song-3-sect-1","volumeId":"song","locale":"en","titleInfo":{"title":"The Cause of Sickness","inlineNumber":"I."},"annotation":"S-3.I","bodyHtml":"<div class=\"acim-text song-3-sect-1\"> <div data-paragraph-id=\"935#1\"><p class=\"p-normal\"><span class=\"pnr\">1.</span> <span data-sentence-id=\"935#1:1\"><span class=\"snr noprint\">1</span>Do not mistake effect for cause, nor think that sickness is apart and separate from what its cause must be.</span> <span data-sentence-id=\"935#1:2\"><span class=\"snr\">2</span>It is a sign, a shadow of an evil thought that seems to have reality and to be just, according to the usage of the world.</span> <span data-sentence-id=\"935#1:3\"><span class=\"snr\">3</span>It is external proof of inner “sins,” and witnesses to unforgiving thoughts that injure and would hurt the Son of God.</span> <span data-sentence-id=\"935#1:4\"><span class=\"snr\">4</span>Healing the body is impossible, and this is shown by the brief nature of the “cure.”</span> <span data-sentence-id=\"935#1:5\"><span class=\"snr\">5</span>The body yet must die, and so its healing but delays its turning back to dust, where it was born and will return.</span></p></div> <div data-paragraph-id=\"935#2\"><p class=\"p-normal\"><span class=\"pnr\">2.</span> <span data-sentence-id=\"935#2:1\"><span class=\"snr noprint\">1</span>The body’s cause is unforgiveness of the Son of God.</span> <span data-sentence-id=\"935#2:2\"><span class=\"snr\">2</span>It has not left its source, and in its pain and aging and the mark of death upon it this is clearly shown.</span> <span data-sentence-id=\"935#2:3\"><span class=\"snr\">3</span>Fearful and frail it seems to be to those who think their life is tied to its command and linked to its unstable, tiny breath.</span> <span data-sentence-id=\"935#2:4\"><span class=\"snr\">4</span>Death stares at them as every moment goes irrevocably past their grasping hands, which cannot hold them back.</span> <span data-sentence-id=\"935#2:5\"><span class=\"snr\">5</span>And they feel fear as bodies change and sicken.</span> <span data-sentence-id=\"935#2:6\"><span class=\"snr\">6</span>For they sense the heavy scent of death upon their hearts.</span></p></div> <div data-paragraph-id=\"935#3\"><p class=\"p-normal\"><span class=\"pnr\">3.</span> <span data-sentence-id=\"935#3:1\"><span class=\"snr noprint\">1</span>The body can be healed as an effect of true forgiveness.</span> <span data-sentence-id=\"935#3:2\"><span class=\"snr\">2</span>Only that can give rememberance of immortality, which is the gift of holiness and love.</span> <span data-sentence-id=\"935#3:3\"><span class=\"snr\">3</span>Forgiveness must be given by a mind which understands that it must overlook all shadows on the holy face of Christ, among which sickness should be seen as one.</span> <span data-sentence-id=\"935#3:4\"><span class=\"snr\">4</span>Nothing but that; the sign of judgment made by brother upon brother, and the Son of God upon himself.</span> <span data-sentence-id=\"935#3:5\"><span class=\"snr\">5</span>For he has damned his body as his prison, and forgot that it is he who gave this role to it.</span></p></div> <div data-paragraph-id=\"935#4\"><p class=\"p-normal\"><span class=\"pnr\">4.</span> <span data-sentence-id=\"935#4:1\"><span class=\"snr noprint\">1</span>What he has done now must God’s Son undo.</span> <span data-sentence-id=\"935#4:2\"><span class=\"snr\">2</span>But not alone.</span> <span data-sentence-id=\"935#4:3\"><span class=\"snr\">3</span>For he has thrown away the prison’s key; his holy sinlessness and the remembrance of his Father’s Love.</span> <span data-sentence-id=\"935#4:4\"><span class=\"snr\">4</span>Yet help is given to him in the Voice his Father placed in him.</span> <span data-sentence-id=\"935#4:5\"><span class=\"snr\">5</span>The power to heal is now his Father’s gift, for through His Voice He still can reach His Son, reminding him the body may become his chosen home, but it will never be his home in truth.</span></p></div> <div data-paragraph-id=\"935#5\"><p class=\"p-normal\"><span class=\"pnr\">5.</span> <span data-sentence-id=\"935#5:1\"><span class=\"snr noprint\">1</span>Distinctions therefore must be made between true healing and its faulty counterpart.</span> <span data-sentence-id=\"935#5:2\"><span class=\"snr\">2</span>The world of opposites is healing’s place, for what in Heaven could there be to heal?</span> <span data-sentence-id=\"935#5:3\"><span class=\"snr\">3</span>As prayer within the world can ask amiss and seeming charity forgive to kill, so healing can be false as well as true; a witness to the power of the world or to the everlasting Love of God.</span></p></div> </div>","firstWords":"Do not mistake effect for cause, nor think that sickness is apart and separate from what its cause must be. It is a sign, a shadow of an evil thought that seems to have reality and to be just,","contentType":"acim-content","seoTitle":"The Cause of Sickness | ACIM","seoDescription":"✨ A Course in Miracles. Read “The Cause of Sickness” from the Song of Prayer (S-3.I): Do not mistake effect for cause, nor think that sickness is apart and separate from what its cause…","desktopBreadcrumbs":[{"label":"Song of Prayer","leadsTo":{"locale":"en","sectionId":922,"slugs":["song-of-prayer","prayer-introduction"],"forceToc":true}},{"label":"3. Healing","leadsTo":{"locale":"en","sectionId":934,"slugs":["song-of-prayer","healing-introduction"],"forceToc":true}},{"label":"I. The Cause of Sickness","leadsTo":{"locale":"en","sectionId":935,"slugs":["song-of-prayer","the-cause-of-sickness"]}}],"mobileBreadcrumbs":[{"label":"Song of Prayer","leadsTo":{"locale":"en","sectionId":922,"slugs":["song-of-prayer","prayer-introduction"],"forceToc":true}},{"label":"3. Healing","leadsTo":{"locale":"en","sectionId":934,"slugs":["song-of-prayer","healing-introduction"],"forceToc":true}},{"label":"I. The Cause of Sickness","leadsTo":{"locale":"en","sectionId":935,"slugs":["song-of-prayer","the-cause-of-sickness"]}}],"seoBreadcrumbs":[{"label":"A Course in Miracles","leadsTo":"dashboard"},{"label":"Song of Prayer","leadsTo":{"locale":"en","sectionId":922,"slugs":["song-of-prayer","prayer-introduction"],"forceToc":true}},{"label":"3. Healing","leadsTo":{"locale":"en","sectionId":934,"slugs":["song-of-prayer","healing-introduction"],"forceToc":true}},{"label":"I. The Cause of Sickness","leadsTo":{"locale":"en","sectionId":935,"slugs":["song-of-prayer","the-cause-of-sickness"]}}],"slugs":["song-of-prayer","the-cause-of-sickness"],"canonicalLink":"https://acim.org/acim/song-of-prayer/the-cause-of-sickness/en/s/935","link":"https://acim.org/acim/song-of-prayer/the-cause-of-sickness/en/s/935","shortLink":"https://acim.org/acim/en/s/935","previousSectionId":934,"previousSectionSlugs":["song-of-prayer","healing-introduction"],"previousSectionLink":"https://acim.org/acim/song-of-prayer/healing-introduction/en/s/934","nextSectionId":936,"nextSectionSlugs":["song-of-prayer","false-versus-true-healing"],"nextSectionLink":"https://acim.org/acim/song-of-prayer/false-versus-true-healing/en/s/936","hreflangLinks":[{"hrefLang":"en","link":"https://acim.org/acim/en/s/935"}]}